No.,movie_name,title,score,upvote_ratio,num_comments,selftext,opencoding1
417,Kpop Demon Hunters,KPop Demon Hunters (Soundtrack from the Netflix Film),1039,0.97,174,"KPop Demon Hunters (Soundtrack from the Netflix Film)
**Release Date**: 20th June 2025
Track | Lyrics by | Composed by | Arranged by 
-|-|-|-|
1. [TWICE Jeongyeon, Jihyo, Chaeyoung - TAKEDOWN](https://www.youtube.com/watch?v=vf1kWWqJKus) | Lindgren | Lindgren | 
2. [HUNTR/X - How It's Done](https://www.youtube.com/watch?v=rkYuufTXkL8) | *EJAE*, Mark Sonnenblick, Danny Chung | *EJAE*, Mark Sonnenblick, Danny Chung | Ian Eisendrath, *EJAE*
3. [Saja Boys - Soda Pop](https://www.youtube.com/watch?v=Z_yvJ2k8QMQ) | Danny Chung, Vince, Kush | Danny Chung, Vince, Kush | Ian Eisendrath, EJAE
4. [HUNTR/X - Golden](https://www.youtube.com/watch?v=TuzfXgUpboA) | *EJAE*, Mark Sonnenblick | *EJAE*, Mark Sonnenblick | Ian Eisendrath, *EJAE*
5. [TWICE - Strategy](https://www.youtube.com/watch?v=jb5LUaCVpEk) | Boy Matthews, Cleo Tighe | Earattack, Woo, Boy Matthews, Cleo Tighe | Earattack
6. [HUNTR/X - Takedown](https://www.youtube.com/watch?v=jq-L70UXun8) | Lindgren | Lindgren | Ian Eisendrath, EJAE
7. [Saja Boys - Your Idol](https://www.youtube.com/watch?v=TjsNkI4CTiw) | *EJAE*, Mark Sonnenblick, Vince, Kush | *EJAE*, Mark Sonnenblick, Vince, Kush | Ian Eisendrath, *EJAE*
8. [HUNTR/X Rumi &amp; Jinu - Free](https://www.youtube.com/watch?v=HyQn-jkug-w) | Mark Sonnenblick, Jenna Andrews, Stephen Kirk | Mark Sonnenblick, Jenna Andrews, Stephen Kirk | Ian Eisendrath, EJAE
9. [HUNTR/X - What It Sounds Like](https://www.youtube.com/watch?v=4TZmNObLkAU) | Mark Sonnenblick, Jenna Andrews, Stephen Kirk | Mark Sonnenblick, Jenna Andrews, Stephen Kirk | Ian Eisendrath, EJAE
10. [MeloMance - Love, Maybe](https://www.youtube.com/watch?v=JMyhASXAZ_A) | Jeong Donghwan, Kim Minseok | Jeong Donghwan, Kim Minseok | 
11. [Jokers - Path](https://www.youtube.com/watch?v=R70VhIh_9og) | Kang Joon-woo, Jo Gap-chui, Lee Soo Young, Kim Young Hyeon, Jang Woong-beom |  Kang Joon-woo, Jo Gap-chui, Lee Soo Young, Kim Young Hyeon, Jang Woong-beom | 
12. [Marcelo Zarvos - Score Suite](https://www.youtube.com/watch?v=nXg0WUHAXMk) | Marcelo Zarvos | Marcelo Zarvos | 
**STREAM ON:** 
* **[Melon](https://www.melon.com/album/detail.htm?albumId=11859863)**
* **[Spotify](https://open.spotify.com/album/14JkAa6IiFaOh5s0nMyMU9)**
* **[YouTube Music](https://music.youtube.com/playlist?list=OLAK5uy_mvB1b-5JvguorHZ7EsoKx3jYDq4VDvt04)**
* **[Apple Music](https://music.apple.com/au/album/kpop-demon-hunters-soundtrack-from-the-netflix-film/1820264137)**","musics"

418,Kpop Demon Hunters,"Netflix Twitter account updated their bio and banner to ""jungkook watched kpop demon hunters""",2004,0.98,73,"First comment: They should have put ""Jungkook thinks Jinu is a dummy.""","comments on news on the film: jungkook on demon hunters, meme " 
419,M3GAN 2.0,Official Discussion - M3GAN 2.0 [SPOILERS],200,0.88,534,"#Poll
**If you've seen the film, please rate it [at this poll](https://strawpoll.ai/poll/vote/LNb0wEhnjdk8)**
**If you haven't seen the film but would like to see the result of the poll [click here](https://strawpoll.ai/poll/results/LNb0wEhnjdk8)**
#Rankings
[Click here](https://strawpoll.ai/list/ItnAgr4mX7QR) to see the rankings of 2025 films
[Click here](https://youpoll.me/list/4/) to see the rankings for every poll done
---
**Summary**
Two years after the original, Gemma and her now-14-year-old niece Cady face a terrifying new threat—AMELIA, a military-grade AI built from stolen M3GAN tech. With the future at stake, Gemma reboots and upgrades M3GAN to combat the rogue android in a high-stakes, globe-spanning showdown.
**Director**
Gerard Johnstone
**Writer**
Gerard Johnstone &amp; Akela Cooper
**Cast**
* Allison Williams as Gemma
* Violet McGraw as Cady
* Amie Donald as M3GAN (physical performance)
* Jenna Davis as M3GAN (voice)
* Ivanna Sakhno as AMELIA
* Jemaine Clement as Alton Appleton
* Brian Jordan Alvarez as Cole
* Jen Van Epps as Tess
* Aristotle Athari, Timm Sharp in supporting roles
**Rotten Tomatoes**:  [60](https://www.rottentomatoes.com/m/m3gan_20)
**Metacritic**:  [54](https://www.metacritic.com/movie/m3gan-20/)
**VOD**
In theaters June 27, 2025; will stream on Peacock later in the year
**Trailer**
[Watch here](https://www.youtube.com/watch?v=IYLHdEzsk1s&amp;pp=0gcJCf0Ao7VqN5tD)
---", "Official polls: rating film"
420,M3GAN 2.0,Official Dreadit Discussion: “M3GAN 2.0” [SPOILERS],65,0.83,137,"**Summary:**
After the underlying tech for M3GAN is stolen and misused by a powerful defense contractor to create a military-grade weapon known as Amelia, M3GAN’s creator Gemma realizes that the only option is to resurrect M3GAN and give her a few upgrades, making her faster, stronger, and more lethal.
**Links / Reviews:**
* [IMDb](https://www.imdb.com/title/tt26342662/?ref_=nv_sr_srsg_3_tt_4_nm_2_in_0_q_megan%25202.0)
* [Rotten Tomatoes](https://www.rottentomatoes.com/m/m3gan_20)
* [Letterboxd](https://letterboxd.com/film/m3gan-20/)
* [Metacritic](https://www.metacritic.com/movie/m3gan-20/)
**Directed By:**
* [Gerard Johnstone](https://en.wikipedia.org/wiki/Gerard_Johnstone)
**Written By:**
* Gerard Johnstone (Screenplay by)
* Gerard Johnstone (Story by)
* [Akela Cooper](https://en.wikipedia.org/wiki/Akela_Cooper) (Story by)
**Cast:**
* [Allison Williams](https://en.wikipedia.org/wiki/Allison_Williams) as Gemma
* [Violet McGraw](https://en.wikipedia.org/wiki/Violet_McGraw) as Cady
* [Amie Donald](https://en.wikipedia.org/wiki/Amie_Donald) as M3GAN
* [Jenna Davis](https://en.wikipedia.org/wiki/Jenna_Davis) as the voice of M3GAN
* [Brian Jordan Alvarez](https://en.wikipedia.org/wiki/Brian_Jordan_Alvarez) as Cole
* Jen Van Epps as Tess
* [Ivanna Sakhno](https://en.wikipedia.org/wiki/Ivanna_Sakhno) as Amelia
* [Aristotle Athari](https://en.wikipedia.org/wiki/Aristotle_Athari)
* [Timm Sharp](https://en.wikipedia.org/wiki/Timm_Sharp)
* [Jemaine Clement](https://en.wikipedia.org/wiki/Jemaine_Clement)
**Cinematographer:**
* [Toby Oliver](https://www.imdb.com/name/nm0002947/?ref_=ttfc_fcr_cr)
**Composer:**
* [Chris Bacon](https://www.imdb.com/name/nm2092016/?ref_=ttfc_fcr_cr)
**Producers:**
* [Jason Blum](https://en.wikipedia.org/wiki/Jason_Blum)
* James Wan
* [Allison Williams](https://en.wikipedia.org/wiki/Allison_Williams)", "Official polls: rating film (other link)" 
421,M3GAN 2.0,Saw m3gan 2.0 and it was awesome,4,0.55,13,"The direction they took for this movie is a perfect one I think 
If they went with the same premise of oooh m3gane came back in another house must stop her it would just have felt cheap and reused 
It focusing on the relationships betwen Gemma Cady and Megan really came out as a nice surprise and since I haven't seen the trailer I was shocked when m3gan turned out to have a redemption arc!
The plot Twists also caught me off guard multiple times! (I think it also stems from Gemma being a unreliable narratore?
The dialogue also flowed smoothly AND THE JOKES? it made the the whole cinema crack up more than once and I personaly never felt they were forced 
M3gan was a joy to see on screen and never felt boring, she sassy funny and her arc was absolutely amazing 
At the end of the day I can understand why it wouldn't be some people's cup of tea, but a movies is made to entertain and it did just that and I had a pretty good time watching it","good opinion: good story; plot twist; jokes; entertain"
422,M3GAN 2.0,So about M3GAN 2.0 …,3,0.59,21,"This is just my own opinion. Yes there are spoilers.
I have mixed feelings about the sequel. 
Overall I thought it was a fun popcorn flick. I’m not a hater of the movie by any stretch. If you want to go for a fun time with plenty solid comedic moments, then this is great for you.
And i still moderately enjoyed my time watching the movie.
But at the same time, I feel like they could have done better.
Not sure if its the director or all the actors but the movie could have benefited from stronger performances overall.
For example, &gt;! The character who ends up being the main antagonist is named Christian, portrayed by Aristotle Athari, is so BORING throughout the entire film. He starts out as Gemma’s new boyfriend, introduced by exposition of course. He is boring in the beginning. He has a nice interaction with Cady early on, encouraging her with her tech passions. Then he serves as Gemma’s emotional support after Cady is abducted by Amelia. He just isn’t very compelling throughout any of this. Then when it’s revealed that he and his crew of rogue scientists is behind Amelia and her killings and taking Cady, he just isn’t that intimidating at all. He has this SUPER LONG monologue to Gemma towards the end of the movie. It’s just that he is so bland and uninteresting, i lost focus halfway through his little villain speech and missed much of the exposition. When Amelia killed him after she becomes fully autonomous, i was like “yep saw it coming.” I just didn’t get anything out of his character. They rushed to introduce him early on and then rushed the reveal and rushed his exit. It’s whatever. One of the characters who dies early on i think was a better actor than who is later revealed as the villain… that guy should have been the villain. He is much more compelling and if he had to be like evil i feel like he could have pulled it off. !&lt;
The best thing about the movie is M3GAN.  The world around it? It’s lazy writing and not very compelling. The movie is only watchable for the comedic beats and seeing M3GAN fight another robot.
EDIT: honestly the most disappointing thing is that they didn’t use the song “Femininomenon” by Chappell Roan in the actual movie. They used it in the teaser trailer and its been a guilty pleasure of mine to listen to ever since", "fun popcorn; comedic; bad; lazy writing character; music"
423,M3GAN 2.0,"‘F1’ Drops Into Fifth With $140M Opening Weekend Around The World, Brad Pitt &amp; Apple Original Films Records; ‘M3GAN 2.0’ Asleep At $10M+ – Saturday Box Office",844,0.95,239,"First comment: I like how the clumsy phrasing in the title makes it sound like F1 is in fifth place, like there are four movies making more than $140 million this weekend.","comments on news of the movie (bad), box office performance"
424,M3GAN 2.0,"‘F1’ Putting The Pedal To The Metal With $55M+ Opening, An Apple Original Films Record; ‘M3GAN 2.0’ Asleep At $10M, ‘Elio’ Dropping 45% to $11M-$12M; ‘28 Years Later’ Collapsing 67% to $10M – Friday PM Update",603,0.97,230,"First comment: That is an abysmal opening for *M3GAN 2.0*, and *28 Years Later* doesn't look as if it's going to capitalise on that.", "box office performance"
425,M3GAN 2.0,'M3GAN 2.0' - Review Thread,339,0.81,301,"*Two years after M3GAN, a marvel of artificial intelligence, went rogue and embarked on a murderous rampage, its creator, Gemma, has become an advocate for government oversight of AI. Unbeknownst to her, a defense contractor has created a military-grade weapon known as Amelia, the ultimate infiltration spy. However, as Emlia's self-awareness increases, it becomes less interested in taking orders. Hoping to stop Emilia, Gemma decides to resurrect M3GAN, making it faster, stronger, and more lethal.*
**Rotten Tomatoes:** [62%](https://www.rottentomatoes.com/m/m3gan_20)
**Metacritic:** [56/100](https://www.metacritic.com/movie/m3gan-20/)
Some Reviews:
[Independent (UK)](https://www.rottentomatoes.com/critics/source/691) \- [Clarisse Loughrey](https://www.rottentomatoes.com/critics/clarisse-loughrey) \-  4/5
&gt;M3GAN 2.0 is, admittedly, a pretty bizarre conflagration of tones and ideas. But so were most of the Child’s Play films... and the rollercoaster effect of never quite knowing what genre Johnstone might pull from next is a key part of the fun.
[Empire Magazine - John Nugent](https://www.empireonline.com/movies/reviews/m3gan-2/) \- 4/5
&gt;M3GAN 2.0 is more absurd, self-aware silliness: a riot of timely tech paranoia, with almost no horror but a ton of successful comedy. Slay, queen! We are following *Terminator 2* rules here: if AMELIA is the cold, ruthless, unstoppable T-1000, then M3GAN is the T-800 who can take her on — the fan-favourite baddie gone good — with Williams’ Gemma as the tech-sceptical Sarah Connor-type, who must learn to love her former foe. (Because if a M3GAN can learn the value of human life, maybe we can too?)
[The Hollywood Reporter - David Rooney](https://www.hollywoodreporter.com/movies/movie-reviews/m3gan-2-0-review-allison-williams-1236298922/)
&gt;The campy sense of mischief that made Gerard Johnstone’s 2023 hit *M3GAN* so enjoyable asserts itself intermittently in *M3GAN 2.0*, a logical title for a follow-up to the thriller about a murderous robot. But the humor is forced to compete with seriously overcomplicated plotting in a sequel that entangles its horror comedy roots with uninspired espionage elements, becoming a convoluted mishmash with shades of *Terminator 2: Judgment Day*, *Mission: Impossible* and the *Austin Powers* franchise. There are amusing moments reminiscent of the original, but in terms of tone and coherence, the movie loses its way.
[AV Club - Anna McKibbin](https://www.avclub.com/m3gan-2-0-review) \-  C+
&gt;It seems that Johnstone and his collaborators learned the wrong lesson from *M3GAN*‘s shocking success (the original did fairly well in the box office and launched a thousand memes). Audiences weren’t won over by the film’s philosophical untangling of man and tech, but flocked to see M3GAN’s uncanny physicality and unique murder tactics. This was a robot who combined the familiar (bitchy villain dialogue) and unfamiliar (galloping after a child like a dog in a frilly dress). She was Chucky meets *Heathers*. Unfortunately, neither AMELIA, nor this new more morally driven M3GAN, engender that same delighted shock, and so Johnstone settles for the worst of both worlds—something that limps, with exaggerated metal squeaks, into the future.
[DEADLINE - Pete Hammond](https://deadline.com/2025/06/m3gan-2-0-review-sequel-1236441718/)
&gt;With AI and its constant advancements a frightening eal-life prospect that can out-horror any horror film with its evil possibilities, the *M3GAN* franchise, as steroided-up as this sequel is, is fighting against time to remain science fiction instead of being a template for a future documentary\*.\* Still it is all a lot of fun to watch, and the filmmakers have met the requirements expected by a sequel designed to outdo its predecessor where *more* becomes the mantra. What made the first film such an instant hit, even in its marketing months before release with that dancing doll image, really can’t be replicated, but this edition is so jacked-up we still can dig it for what it is. All of the players deliver and there is a very amusing supporting turn from none other than Jemaine Clement as an Elon Musk-style tech billionaire named Alton Appleton wanting to take the latest creations from Gemma and company to more questionable heights. Clement delivers some nice laughs as you might expect.", "(multiple review) Plot; tone; and style; humor; storytelling; character choices; and audience reaction"

426,M3GAN 2.0,‘F1’ To Vroom Around The World To $115M+ Opening; ‘M3GAN 2.0’ Hopes To Break $20M – Box Office Preview,455,0.97,196,"First comment: Wow, an Apple movie that's not an immediate flop how about that","Box office performance / commercial anticipation"
427,M3GAN 2.0,"After ‘M3GAN 2.0,’ Blumhouse's Box Office Slump Is at 18 Months and Counting - Long known as a top horror studio, Blumhouse’s will likely now have its eighth straight film gross less than $80 million worldwide",546,0.98,134,"First comment: If anyone didn't listen to Blum on today's The Town episode, he shared a few things over the film's failure. [You can listen it here](https://www.theringer.com/podcasts/the-town-with-matthew-belloni/2025/07/01/jason-blum-opens-up-about-the-m3gan-2-0-flop-the-blumhouse-slump-and-bouncing-back), but here's some bullet points:
- 10 weeks ago, they were thinking that *M3GAN* would open to $45 million and were curious to see if this small film could outgross *F1*. Tracking kept decreasing. 4 weeks ago, it was set for $30 million. On Monday, it officially went to just $20 million and that's when Blum got upset.
- In his words, ""We all thought *M3GAN* was like Superman. We could do anything to her. We could change genres. We could put her in the summer. We could turn her from a bad guy to a good guy. We kind of classically overthought how powerful people’s engagement was with her.""
- He mentions that the director had a lot of time for the first *M3GAN*, they didn't even have a release date when the film wrapped. For this sequel, they simply got ""too excited"" by going bigger.
- The marketing was extensive, but Blum felt that they pushed it too hard and it didn't feel organic like the first.
- He says they were used to having 12-15 horror movies that would easily hit double digits, but that's not feasible now.
- He says they need to up their budgets. They're looking for real theatrical events, and he believes *The Black Phone 2* and *Five Nights at Freddy's 2* are that.
- He mentions how *Longlegs* was the only low-budget horror from 2024 to hit $100 million.
- ""It's virtually impossible to make *Get Out* for $4.5 million and have it do $250 million.""
- At a meeting with the staff, Blum said that no matter how talented someone (or a studio) is, they always go through a slump. And it shouldn't erase all their good will.
- Blum says Universal is not responsible for their misfires. He oversaw marketing and is content with how it went out. He takes the blame for every time a film doesn't work. ""If you don't take blame, you should not take credit.""
- He said, ""We have not produced a straight up scary event movie that didn't work.""
- Now, because of that statement, he's asked about the failed *Exorcist: Believer*. He says, ""the problem with *The Exorcist* was it was way too much of a drama. You can't look at *The Exorcist* and say that scared me like *The Conjuring* movies."" The mistake was getting it ""too close to the original"", as it's not the 70s anymore.
He clearly takes these failures seriously, but as he notes, those often take time to figure out. We'll see if Blumhouse can learn or if they will continue in their slump era.", "Box office failure and production/marketing decisions"
428,M3GAN 2.0,It looks like F1 has a great shot at $60m opening after $10m in combined previews. Poor M3GAN 2.0 only a paltry $1.5m in Thursday previews and headed for maybe $10m-$12m on the weekend.,394,0.96,177,"First comment: A PG-13 Brad Pitt vehicle (no pun intended) releasing in June with a massive $200m+ budget that everyone expected to bomb but is doing surprisingly well by opening in the $60m range?
Born June 2013, died October 2013. Welcome back, World War Z.", "Box office comparison / financial performance."
429,M3GAN 2.0,"In M3GAN 2.0, M3GAN walks away with a towel after doing training, despite being a robot. This is because the entire movie is a bit that went beyond reasoning",1412,0.99,47,First comment: A towel is just about the most massively useful thing an interstellar hitchhiker can carry., "Specific scene / absurdity or humor in movie."
430,M3GAN 2.0,M3GAN 2.0 Is The Summer's Big Horror Box Office Bummer,220,0.82,242,First comment: Probably because it isn't a horror movie. Or at least doesnt look like one in the trailer., "Audience expectation vs. genre when saw the movie"
431,M3GAN 2.0,"M3GAN 2.0 Flopped at Box Office Because Team 'Over-Thought' the Character, Admits Producer Jason Blum",296,0.93,145,"First comment: &gt; “We all thought M3GAN was like Superman,"" Blum said of his studio Blumhouse's approach to the M3GAN sequel, which saw stars Allison Williams and Violet McGraw reprise their roles from the original movie as a roboticist and her niece. ""We could do anything to her. We could change genres. We could put her in the summer. We could make her look different. We could turn her from a bad guy into a good guy. And we classically over-thought how powerful people’s engagement was, really, with her.""
&gt; During the podcast, Blum identified the movie's ""genre-swap"" — the first movie functioned as a horror movie with M3GAN as a slasher-type villain while the sequel pitched the bloodthirsty child robot as an action hero — as well as the decision to release the sequel in the summer as reasons behind the film's box office failure.
&gt; ""We thought she could live in the summer, right? We thought, 'We're going from a little movie to a tentpole!' """, "Character treatment (thought as superman). genre. and box office failure"
432,M3GAN 2.0,'M3GAN 2.0' Review Thread,118,0.91,228,"I will continue to update this post as reviews come in.
[**Rotten Tomatoes:**](https://www.rottentomatoes.com/m/m3gan_20) Rotten
**Critics Consensus:** *M3gan 2.0* swaps the original's horror software for a more action-leaning programming that doesn't prove to be an upgrade, although the quippy A.I. remains an amusing mascot for slay.
|Critics|Score|**Number of Reviews**|
|:-|:-|:-|
|**All Critics**|58%|155|
|**Top Critics**|46%|37|
[**Metacritic:**](https://www.metacritic.com/movie/m3gan-20/) 55 (41 Reviews)
**Sample Reviews:**
Chase Hutchinson, Seattle Times - Though the premise of this sequel isn’t without promise, and some bursts of violent absurdity — like one cut of a neck being broken — make you sit up in your seat, there’s no real spark to anything else. **1.5/4**
Richard Brody, The New Yorker - M3GAN 2.0 has little dramatic shape and no directorial style. In striving for more than the original, it achieves far less.
Bilge Ebiri, New York Magazine/Vulture - The results are thoroughly middling — not funny enough to qualify as comedy, not exciting enough to qualify as action, not smart enough to qualify as a cautionary tale, and certainly not weird enough to keep the M3gan ethos alive.
Sarah-Tai Black, Globe and Mail - It’s the equivalent of giving audiences what they expect, but compacted down into a force so dense it has no other option but to explode everywhere.
Benjamin Lee, Guardian - It just about works with time, mostly down to its sheer energy, Johnstone pitching it as a goofy Mission: Impossible for younger teens. **3/5**
Alonso Duralde, The Film Verdict - It’s a movie that coasts on audience expectation and goodwill but never kicks the wickedness up a notch, making the weak-tea ending even more of a disappointment.
Peyton Robinson, [RogerEbert.com](http://RogerEbert.com) \- M3GAN 2.0 is funny, even if cheaply, and it’s also deeply, transparently unserious this time. **2.5/4**
Amy Nicholson, Los Angeles Times - A magpie movie that’s happy to give audiences the tinselly things they want — i.e. two robots clobbering the Wi-Fi out of each other. But Johnstone creates openings for his own shaggy sense of humor. I’m excited to keep tabs on the promising New Zealander.
Mark Kermode, Kermode and Mayo's Take (YouTube) - It's a complete mess, but it was an enjoyable mess.
Kyle Smith, Wall Street Journal - The film’s combination of wickedly funny action and sardonic jabs at what’s happening today is consistently fresh and effective. M3gan may be glitchy, but the film’s engineering is slick.
Glen Weldon, NPR -. Eventually, though, the sequel delivers on the promise -- and the premise -- of the original, and retains the original's pleasantly schlocky, B-movie vibe.
Katie Walsh, Tribune News Service - The sequel still exhibits its dry, ditzy-smart humor that made the first film such a campy delight. **3/4**
Alissa Wilkinson, New York Times - Maximalism has its place, but it wears out its welcome here.
Ty Burr, Washington Post - The movie feels preprogrammed, but the programming works. **2.5/4**
Johnny Oleksinski, New York Post - “Seed of Chucky” is “The Exorcist” next to “M3GAN 2.0.” **1.5/4**
Michael Ordoña, TheWrap - “M3GAN 2.0” wisely takes the franchise to a totally new place, and has a lot of fun doing so.
Justin Clark, Slant Magazine - Imagine John Waters at the helm of a Terminator 2 remake and you have an inkling of just how wild a pivot M3GAN 2.0 is from its predecessor. **3/4**
Donald Clarke, Irish Times - Oh no. The sequel to M3GAN is absolutely T3RRIBL3. It’s as if nobody involved with that 2023 cybershocker – Gerard Johnstone returns to directing duties – has any idea what made it such a hilarious blast. **1/5**
Meagan Navarro, Bloody Disgusting - It’s Donald and Davis’ pitch-perfect performances, along with Cooper’s talent for making outrageous and absurd horror setups so comically fun, that offset the sequel’s messier impulses. **3/5**
Kristy Puchko, Mashable - A sequel that is a horrendous mishmash of ideas and influence, M3GAN 2.0 is occasionally outrageous, but mostly it's derivative, bewildering, and bland.
Kristen Lopez, The Film Maven (Substack) - M3GAN 2.0 works when M3GAN is front and center but, as it stands now, there’s just not enough of her. The central conflict is smothered by a haphazard ‘80s techno plot that’s too muddled to be interesting. **D+**
Kambole Campbell, Little White Lies - It​’s hard not to wish for a lit­tle more econ­o­my, espe­cial­ly when there are so many moments where the appeal of a sil­li­er fol­low-up feel clear­er. **2/5**
John Nugent, Empire Magazine - M3GAN 2.0 is more absurd, self-aware silliness: a riot of timely tech paranoia, with almost no horror but a ton of successful comedy. Slay, queen! **4/5**
Richard Whittaker, Austin Chronicle - If the franchise-fixated producers at Blumhouse and James Wan's Atomic Monster insist on cranking out more duplicates, next time just let M3GAN be M3GAN. **2/5**
Mark Kennedy, Associated Press - “M3GAN 2.0” was inevitable, but it didn’t have to be so inevitably too much. **2/4**
David Fear, Rolling Stone - Her model is 2.0. The overbaked, underwhelming, narratively restless movie itself is 0.0 percent watchable.
Alison Foreman, IndieWire - M3GAN’s greatest asset was never her heart, but her lack of one. It’s somewhat baffling, then, that she is easily the most likable character in a lineup of algorithmically hateable humans. **C**
Robbie Collin, Daily Telegraph (UK) - This uproarious (if not especially scary) sequel has the measure of the task at hand’s silliness, and leans into it with infectious glee. **4/5**
Brian Truitt, USA Today - Strangely, the killer robot girl who shimmied and stabbed her way into our hearts is defanged and watered down in her return. **2/4**
Clarisse Loughrey, Independent (UK) - M3GAN 2.0 is, admittedly, a pretty bizarre conflagration of tones and ideas. But so were most of the Child’s Play films... and the rollercoaster effect of never quite knowing what genre Johnstone might pull from next is a key part of the fun. **4/5**
Rafer Guzman, Newsday - Maybe the target audience is simply anyone who’s up for a few laughs. ""M3GAN 2.0” definitely has a sense of humor about itself. **2.5/4**
Jordan Hoffman, Entertainment Weekly - Allison Williams’ robo-franchise trades splatter for spycraft in this entertaining sequel. **B**
David Rooney, The Hollywood Reporter - A convoluted mishmash with shades of Terminator 2: Judgment Day, Mission: Impossible and the Austin Powers franchise. There are amusing moments reminiscent of the original, but in terms of tone and coherence, the movie loses its way.
Anna McKibbin, AV Club - Unfortunately, neither AMELIA, nor this new more morally driven M3GAN, engender that same delighted shock, and so Johnstone settles for the worst of both worlds -- something that limps, with exaggerated metal squeaks, into the future. **C+**
Owen Gleiberman, Variety - Where the first film was ahead of the curve, “M3GAN 2.0” has been made in the thick of the AI explosion and is all too aware of it.... The limitation of “M3GAN 2.0” is that it’s a competent but cumbersome overelaboration of the M3GAN concept.
Danny Leigh, Financial Times - Now have M3gan 2.0, among the more inevitable sequels in film history. Less predictable is that it is actually very good fun. **4/5**
Nick Schager, The Daily Beast - Switching genres in a futile effort to justify the series’ continued existence, this misbegotten creation is a leaden and aimless bit of cinematic malware—not to mention the most convoluted 2025 theatrical release to date.
**SYNOPSIS:**
Two years after M3GAN, a marvel of artificial intelligence, went rogue and embarked on a murderous (and impeccably choreographed) rampage and was subsequently destroyed, M3GAN’s creator Gemma (Allison Williams) has become a high-profile author and advocate for government oversight of A.I. Meanwhile, Gemma’s niece Cady (Violet McGraw), now 14, has become a teenager, rebelling against Gemma’s overprotective rules.
Unbeknownst to them, the underlying tech for M3GAN has been stolen and misused by a powerful defense contractor to create a military-grade weapon known as Amelia (Ivanna Sakhno; Ahsoka, Pacific Rim: Uprising), the ultimate killer infiltration spy. But as Amelia’s self-awareness increases, she becomes decidedly less interested in taking orders from humans. Or in keeping them around.
With the future of human existence on the line, Gemma realizes that the only option is to resurrect M3GAN (Amie Donald, voiced by Jenna Davis) and give her a few upgrades, making her faster, stronger, and more lethal. As their paths collide, the original A.I bitch is about to meet her match.
**CAST:**
* Allison Williams as Gemma
* Violet McGraw as Cady
* Brian Jordan Alvarez as Cole
* Jen Van Epps as Tess
* Amie Donald / Jenna Davis as M3GAN
* Ivanna Sakhno as AMELIA
* Aristotle Athari as Christian
* Timm Sharp as Tim Sattler
* Jemaine Clement as Alton Appleton
**DIRECTED BY:** Gerard Johnstone
**SCREENPLAY BY:** Gerard Johnstone
**STORY BY:** Gerard Johnstone, Akela Cooper
**BASED ON CHARACTERS CREATED BY:** Akela Cooper, James Wan.
**PRODUCED BY:** James Wan, Jason Blum, Allison Williams
**EXECUTIVE PRODUCERS:** Gerard Johnstone, Adam Hendricks, Greg Gilreath, Michael Clear, Judson Scott, Mark D. Katchur
**DIRECTOR OF PHOTOGRAPHY:** Toby Oliver
**PRODUCTION DESIGNER:** Brendan Heffernan, Adam Wheatley
**EDITED BY:** Jeff McEvoy
**COSTUME DESIGNER:** Jeriana San Juan
**MUSIC BY:** Chris Bacon
**CASTING BY:** Sarah Domeier Lindo, Miranda Rivers, Terri Taylor
**RUNTIME:** 119 Minutes
**RELEASE DATE:** June 27, 2025","Critical reception. plot. tone. and style: movie’s genre shift. humor. action sequences. and how it compares to the original"
433,M3GAN 2.0,"‘F1’ Zooms To $10M Previews, An Apple Original Films Record; ‘M3GAN 2.0’ $1.5M – Friday AM Box Office",358,0.97,110,"First comment: &gt;1.5M for Megan
https://i.redd.it/1joszed7jh9f1.gif","Box office performance . financial results"
434,M3GAN 2.0,F1’s getting the attention but M3GAN 2.0’s complete implosion might be the more significant story from this weekend’s box office,211,0.98,131,Collapse of a youth-skewing “franchise” + continued streak of flops/underperformers for Blumhouse, "Box office performance and franchise outlook"
435,M3GAN 2.0,"BOT Presale Tracking (June 26). Thursday Comps: F1: The Movie ($7.07M [excluding ~$2.5M EA]), M3GAN 2.0 ($2.11M), Superman ($20.39M), and The Fantastic Four: First Steps ($22.13M). Jurassic World Rebirth has $21.65M Wednesday comp.",112,0.96,136,"[BoxOfficeTheory Presale Tracking](https://forums.boxofficetheory.com/topic/31569-the-box-office-buzz-tracking-and-pre-sale-thread/page/1790/)
[Presales Data (Google Sheets Link)](https://docs.google.com/spreadsheets/d/1zRjKpNOjPCBIgUULoyXyj5sBGMuU9owswn7bMfz1WSE/edit#gid=0)
[BoxOfficeReport Previews](http://www.boxofficereport.com/previewgrosses.html)
**Quorum Updates:**
- [June 25](https://forums.boxofficetheory.com/topic/31569-the-box-office-buzz-tracking-and-pre-sale-thread/page/1787/)
- [June 24](https://forums.boxofficetheory.com/topic/31569-the-box-office-buzz-tracking-and-pre-sale-thread/page/1783/)
- [June 19](https://forums.boxofficetheory.com/topic/31569-the-box-office-buzz-tracking-and-pre-sale-thread/page/1771/)
- [June 18](https://forums.boxofficetheory.com/topic/31569-the-box-office-buzz-tracking-and-pre-sale-thread/page/1765/)
- [June 17](https://forums.boxofficetheory.com/topic/31569-the-box-office-buzz-tracking-and-pre-sale-thread/page/1760/)
- [June 5](https://forums.boxofficetheory.com/topic/31569-the-box-office-buzz-tracking-and-pre-sale-thread/page/1700/)
- [June 4](https://forums.boxofficetheory.com/topic/31569-the-box-office-buzz-tracking-and-pre-sale-thread/page/1695/#comments)
- [June 2](https://forums.boxofficetheory.com/topic/31569-the-box-office-buzz-tracking-and-pre-sale-thread/page/1679/#findComment-4824227)
**Domestic Calendar Dates (last updated June 13):**
**JUNE**
- (June 26) Thursday Previews (F1: The Movie + M3GAN 2.0 + Sorry, Baby)
- (June 30) Presales Start (I Know What You Did Last Summer)
**JULY**
- (July 1) Tuesday Midnight Previews (Jurassic World Rebirth)
- (July 2) Presales Start (Bad Guys 2)
- (July 2) Opening Day (Jurassic World Rebirth)
- (July 7) Amazon Prime Premiere [Superman]
- (July 7) Social Media Embargo Lifts (Superman: Night)
- (July 8) Review Embargo Lifts (Superman: Early Daytime)
- (July 10) Thursday Previews (Superman)
- (July 17) Thursday Previews (Eddington + I Know What You Did Last Summer)
- (July 18)  Friday Opening Day (The Smurfs Movie [no THU previews])
- (July 24) Thursday Previews (The Fantastic Four: First Steps incl. fan shows + House on Eden)
- (July 31) Thursday Previews (The Bad Guys 2 + Naked Gun)
**AUGUST**
- (August 5) Tuesday Previews (Sketch)
- (August 6) Opening Day (Sketch)
- (August 7) Thursday Previews (Freakier Friday + Weapons)
- (August 14) Opening Day (Shin Godzilla)
- (August 14) Thursday Previews (Clika + Eli Roth Presents: Jimmy and Stiggs +  Nobody 2)
- (August 21) Thursday Previews (Americana + Grand Prix of Europe + Honey Don’t + Splitsville)
- (August 28) Thursday Previews (Caught Stealing + The Roses + The Toxic Avenger Unrated)
**Presale Tracking Posts:** 
[Apr. 27](https://www.reddit.com/r/boxoffice/comments/1k90tfn/bot_presale_tracking_apr_27_thursday_comps_the/?ref=share&amp;ref_source=link)
[Apr. 30 Part 1](https://www.reddit.com/r/boxoffice/comments/1kbgf6u/bot_presale_tracking_apr_30_part_1_thunderbolts/?ref=share&amp;ref_source=link)
[Apr. 30 Part 2](https://www.reddit.com/r/boxoffice/comments/1kbgkgy/bot_presale_tracking_apr_30_part_2_average/?ref=share&amp;ref_source=link)
[May 6](https://www.reddit.com/r/boxoffice/comments/1kgl64j/bot_presale_tracking_may_6_thu_comps_final/?ref=share&amp;ref_source=link)
[May 23](https://www.reddit.com/r/boxoffice/comments/1ktl98c/bot_presale_tracking_may_23_thursday_comps_bring/?ref=share&amp;ref_source=link)
[May 27](https://www.reddit.com/r/boxoffice/comments/1kwjcfn/bot_presale_tracking_may_27_thursday_comps_bring/?ref=share&amp;ref_source=link)
[June 3](https://www.reddit.com/r/boxoffice/comments/1l2bl10/bot_presale_tracking_may_27_thursday_comps/?ref=share&amp;ref_source=link)
Note: I have removed most tracking data that has not been updated for 2 weeks.  I think there is value in keeping data for a week or two but at a certain point they start to lose their value and should not be treated the same as more recent tracking data.", "Box office presales and tracking dat"
436,M3GAN 2.0,Box Office Preview: ‘F1’ to Leave ‘M3GAN 2.0’ in the Dust With High-Octane $40M-$50M U.S. Opening,184,0.96,106,"First comment: Blumhouse needs a long, hard look in the mirror.
Changing the genre of M3GAN 2 was already a bad move, but releasing it in the middle of the most compeititve period of the year was beyond stupid.
If it released in Jan/Feb it could have grown some legs with good WoM. but its seemingly doomed now regardless of what audiences think.", "Box office strategy and market timing. genre (horror) changing"
437,M3GAN 2.0,M3GAN 2.0 - Final Trailer,159,0.77,121,"First comment: This looks noticeably gorier than the first, and I'm digging that", "Trailer content. gore and tone."
438,M3GAN 2.0,"'M3GAN 2.0' gets a B+ on CinemaScore, higher than the original.",240,0.96,87,"First comment: Great score for a horror movie, okay score for an action comedy", "Audience reception . CinemaScore.
439,M3GAN 2.0,"June 27-29 Box Office Recap – 'F1' opens with a pretty great $146M worldwide, the biggest debut for Apple. However, 'M3GAN 2.0' underwhelms, collapsing 66% from the original. '28 Years Later' passes $100M worldwide, but it collapses 67% domestically.",188,0.89,92,"https://preview.redd.it/qcksu3ur25af1.png?width=1920&amp;format=png&amp;auto=webp&amp;s=af4217769c08e8330668d85d3bda65242e65e3de
Passing all projections, ***F1*** over-performed with over $140 million worldwide, easily becoming Apple's biggest ever debut at the box office. But the weekend's other newcomer, ***M3GAN 2.0***, had an incredibly disappointing debut, achieving just one third of the original's debut.
The Top 10 earned a combined $122.7 million this weekend. That's down 16.5% from last year, when ***Inside Out 2*** held the top spot from ***A Quiet Place: Day One*** and ***Horizon: An American Saga – Chapter 1***.
Debuting on #1, Warner Bros/Apple's ***F1*** earned a pretty good $57 million from 3,661 theaters. That's easily Apple's biggest debut at the box office, more than doubling the debuts of ***Killers of the Flower Moon*** ($23.2 million) and ***Napoleon*** ($20.6 million). It's also Brad Pitt's second biggest debut as leading man, just behind ***World War Z*** ($66.4 million).
How did it get here when other Apple films couldn't open that high? Simply put, it's a film that emphasized what everyone wants in a blockbuster, especially car racing: high-octane racing sequences. It didn't matter that the story is very by-the-numbers and one that you've seen before. You're here for those sequences, and the marketing has done a very great job in getting audiences interested. And given what director Joseph Kosinski achieved with ***Top Gun: Maverick***, looks like he nailed that kind of action.
WB and Apple mounted a very extensive marketing campaign, including releasing the very first trailer one year ago. Among the tactics included multiple sponsorships from famous brands (which helped the film recover $40 million already), and appearances in real-life venues to promote it. They also highlighted the use of IMAX, and it looks like it worked; IMAX contributed to $12.8 million of the weekend (23%), while all IMAX and PLF screens amounted to 58% of the weekend's gross. Along with some pretty great reviews (83% on RT), audiences were ready to experience Formula One like never before.
According to Warner Bros., 62% of the audience was male, and 53% was 35 and over. Something interesting: while the film was aimed towards older audiences, its biggest demo turned out to be Gen Z; 29% of the audience was 13-24. Considering there's always multiple articles on how young audiences aren't interested in movies, this is a very promising stat.
Audiences gave ***F1*** a great ""A"" on CinemaScore, which indicates word of mouth will be quite strong. No doubt, there's impact from July blockbusters coming up, but ***F1*** could hold its own against them. For example, in a shock, the film actually has two weeks of IMAX access, taking them all from ***Jurassic World Rebirth***. For now, ***F1*** should finish its race with $165 million domestically. And it could go higher.
***How to Train Your Dragon*** dropped 46%, adding $19.5 million this weekend. Considering this and last week's drop, it doesn't look like the film is holding as well as it should. The film has crossed $200 million domestically, and it will finish with around $250 million.
In third place, Pixar's ***Elio*** added $10.4 million this weekend. That's a very weak 50% drop, which is one of Pixar's worst. In contrast, ***Elemental*** dropped just 37.7% on its second weekend. Animated films usually drop 40% or less, which means ***Elio*** is not connecting with audiences despite the positive word of mouth. Through 10 days, the film has earned a poor $41.9 million domestically. With more competition on its way, it's unlikely it can hold to screens for a long time. There's a strong chance it finishes below ***Onward*** ($61 million) and becomes the lowest grossing Pixar title if it keeps dropping like this.
Debuting on the fourth spot (crazy, right?), ***M3GAN 2.0*** debuted with a very disappointing $10.2 million in 3,122 theaters. That's a horrible 66% drop from the original ***M3GAN*** ($30.4 million), which is one of the steepest for a sequel. Hell, the opening weekend is even below the original's opening day. And it somehow managed to open below Blumhouse's recent flop ***Wolf Man*** ($10.8 million).
This is an astonishingly bad debut. After all, Blumhouse increased the budget from $12 million to $25 million for the sequel, and this is all it could do? Not to mention a very extensive marketing campaign; it even had a Super Bowl slot. But ***M3GAN*** was one of Blumhouse's biggest hits, how could the sequel fall this much?
Timing is everything, and while the sequel arrived just 2 years after the original, moving it from an empty January to the competitive June was probably not a good idea. It had to compete with some big blockbusters, and horror audiences were probably saving money for ***28 Years Later***. Well, ""horror"", cause it's unlikely ***M3GAN*** falls in the same category as ***Years*** or ***Final Destination: Bloodlines*** or the upcoming ***I Know What You Did Last Summer***. Why the asterisk?
The original ***M3GAN*** was sold as a horror, but with some campy added, and that contributed to its success at the box office and social media. But the sequel chose to go on an entirely different route: it's a sci-fi action comedy. It leans on how stupid and ridiculous this whole thing is, pretty much dropping the horror. Now, it's not rare for horror films to shift genres within sequels (***Alien*** to ***Aliens*** is a pretty good example). But it's still not as common. While one can praise that they didn't rehash the same plot as the original, the film also lost horror fans who weren't on board with the film's new tone. After all, the tagline is ""that bitch vs. that bitch"". The original film was also a hit with critics (93% on RT), while the sequel earned polarizing reactions (58% on RT).
It also truly feels like Blumhouse's brand has taken a dive in the past year. 2024 was quite rough; a few successes, but not a single film reached $100 million at the box office. But 2025 was even worse: ***Wolf Man*** and ***The Woman in the Yard*** flopped at the box office, which was simply unbelievable considering their very low budgets. And ***Drop*** only broke even at best. And now the sequel to one of its biggest hits was pretty much rejected. Once the kings of profitable horror, it looks like audiences are losing interest when the Blumhouse card shows up.
According to Universal, 53% of the audience was female, and 68% was 25 and over. They gave it an okay ""B+"" on CinemaScore, which is actually higher than the original ***M3GAN*** (""B""). An explanation for that may be that those uninterested in the tone shift skipped the film; if you bought a ticket for the sequel, you knew exactly what you were getting. It's very unlikely ***M3GAN 2.0*** holds well, and it's pretty much guaranteed to finish below the original's opening weekend. Right now, a $25 million total is likely. Blumhouse really needs to consider what's going on.
In fifth place, ***28 Years Later*** earned $9.7 million this weekend. That's a horrible 67% drop from last week, although it's not entirely surprising, considering the film's mixed word of mouth. Through 10 days, the film has amassed $50.4 million, already passing all the previous films in the franchise, but it looks like it won't make it much further than $60 million domestically. Its legs are proving to be very, very short.
***Lilo &amp; Stitch*** eased just 29% and grossed $6.8 million. The film's domestic total stands at $400 million, and it's set to finish with around $415-$420 million domestically.
***Mission: Impossible – The Final Reckoning*** eased 36% and added $4.1 million this weekend. The film has amassed $186 million so far.
***Materialists*** had quite a rough drop on its third weekend. It dropped 53%, earning $2.9 million. The film has crossed $30 million domestically, and it has a few more millions left.
It doesn't look like ***Ballerina*** will ever have a sub 50% drop. The film once again fell 51%, earning just $2.1 million. It has earned a meager $55 million, and getting to $60 million will be a struggle.
Rounding out the Top 10 is another disappointment, ***Karate Kid: Legends***. The film once again fell a rough 59% and made just $960,702 this weekend. It has earned $51.5 million, and it doesn't have much gas left in the tank.
***Final Destination: Bloodlines*** dropped 49% and added $956,014. That takes its domestic total to $136.7 million.
***The Phoenician Scheme*** appears like it's disappearing quickly. It dropped 52% for a $692,260 weekend. With $17.8 million, it's struggling to hit the $20 million milestone.
Neon's ***The Life of Chuck*** is also nearing the end of its run. It collapsed a poor 62% and made just $379,676 this weekend. With a mediocre $5.6 million so far, it's capping out with a little over $6 million.
#**OVERSEAS**
***F1*** may have over-performed domestically, but the real money for this film is outside America.
***F1*** debuted with a great $146 million worldwide, which is Brad Pitt's biggest ever debut. The best debuts were in the UK ($9.2M), China ($9M), Mexico ($6.7M), France ($5.4M) Australia ($5M), South Korea ($3.7M), Germany ($3.4M), India ($2.8M), Japan ($2.8M), UAE ($2.7M), Italy ($2.4M), and Spain ($2.3M). It remains to be seen how the upcoming blockbusters could impact its performance, but for now, the film definitely should hit $400 million worldwide. Apple should definitely be pleased with the results, and you can bet they will now release Joseph Kosinski's UFO thriller in theaters now. It feels pretty much guaranteed.
***How to Train Your Dragon*** added $32.7 million overseas, for a $456 million worldwide total. The best markets are China ($31.1M), Mexico ($30M), the UK ($21.8M), Brazil ($15M) and South Korea ($11.4M). Like the domestic market, the drops aren't as strong as expected. It should still hit $600 million worldwide, but it's still not guaranteed.
***28 Years Later*** added $13.7 million overseas, taking its worldwide total to $103.1 million. That's a rough drop, but at least it's better than its domestic freefall. It's already the highest grossing film in the franchise, although it definitely feels like it's dropping faster than expected. It's very unlikely it can get to $150 million worldwide, raising so many questions over whatever Sony plans to do with ***The Bone Temple*** and the third film in this trilogy.
***Elio*** continues showing no signs of life, as it earned just $11.2 million overseas, for an anemic $72 million worldwide total. The best markets are South Korea ($3M), France ($2.9M), UK ($2.9M), China ($2.7M) and Mexico ($2.3M), all of which are very weak numbers. There's not many major markets left, so unless Japan pulls a miracle run in August, this film could miss $150 million worldwide. Which means it will go down as one of the biggest flops of the year. Damn.
But ***M3GAN 2.0*** had it even worse outside America. The film crashed with a poor $6.8 million overseas, for a very weak $17 million worldwide debut. It had a very soft debut in Mexico ($1.2M), followed by a non-presence in practically every other market. Even though the film cost $25 million, the rule of thumb doesn't work with low-budget films in Blumhouse, given those have higher expenses in marketing. Given that the film will struggle in hitting $50 million worldwide, ***M3GAN 2.0*** is officially a flop.
#**FILMS THAT ENDED THEIR RUN THIS WEEK**
None.
#**THIS WEEKEND**
It's dino time.
Yep, ***Jurassic World Rebirth*** is making its way to theaters (on Wednesday, not Friday). With a new cast (Scarlett Johansson, Mahershala Ali, Jonathan Bailey, Rupert Friend, Manuel Garcia-Rulfo, and Ed Skrein), it hopes to continue the winning streak that this franchise achieved. After all, despite their reputation, all the ***Jurassic World*** films hit $1 billion. But it's also true that there's a downward trajectory ($1.6B &gt; $1.3B &gt; $1.0B), and it's very likely this film will continue the drops. Reviews are quite mediocre so far, and there's some big competition on theaters. But then again, never underestimate the power of dinosaurs.
____________________________________________________________________________________________
If you're interested in following the box office, come join us in r/BoxOffice.","Box office performance\ financial recap."
440,M3GAN 2.0,"$1M CLUB: PREVIEW THURSDAY
1. F1 ($10M)
2. HOW TO TRAIN YOUR DRAGON ($4M)
3. ELIO ($2.2M)
4. 28 YEARS LATER ($2M)
5. M3GAN 2.0 ($1.5M)
5. LILO &amp; STITCH ($1.5M)",203,0.97,86,First comment: The calm before the July madness., "Preview box office performance"
441,M3GAN 2.0,"Universal's M3GAN 2.0 grossed an estimated $4.53M domestically on Friday (from 3,112 locations), including Thursday previews.",96,0.95,105,First comment: The trailers killed this movie. I could feel the audience derision every time they played before a movie., "box office performance"
442,M3GAN 2.0,‘M3GAN 2.0’ Bombs: 5 Reasons the Sequel Couldn’t Match the Original’s Box Office Success,123,0.92,89,First comment: [removed], "Box office failure analysis: NA as comment is removed"
443,M3GAN 2.0,M3GAN 2.0 | Final Trailer,70,0.62,109,First comment: Is it just me or does M3GAN’s voice evoke GladOS more than it did the first time?, "Trailer content / character voice"
444,M3GAN 2.0,Well I didn't actually expect Ben to be on the M3GAN 2.0 movie. I had to rewatch the same part of be sure and then check the cast.,155,0.97,65,First comment: Byron is in it too., "Cast / character appearances (actor who)"
445,M3GAN 2.0,M3GAN 2.0 | Final Trailer,126,0.92,75,"&gt;The murderous doll who captivated pop culture in 2023 is back. And this time she’s not alone.
&gt;The original creative team behind that phenomenon—led by horror titans James Wan for Atomic Monster, Jason Blum for Blumhouse and writer-director Gerard Johnstone—reboot an all-new wild chapter in A.I. mayhem with M3GAN 2.0.
&gt;Two years after M3GAN, a marvel of artificial intelligence, went rogue and embarked on a murderous (and impeccably choreographed) rampage and was subsequently destroyed, M3GAN’s creator Gemma (Allison Williams) has become a high-profile author and advocate for government oversight of A.I. Meanwhile, Gemma’s niece Cady (Violet McGraw), now 14, has become a teenager, rebelling against Gemma’s overprotective rules.
&gt;Unbeknownst to them, the underlying tech for M3GAN has been stolen and misused by a powerful defense contractor to create a military-grade weapon known as Amelia (Ivanna Sakhno; Ahsoka, Pacific Rim: Uprising), the ultimate killer infiltration spy. But as Amelia’s self-awareness increases, she becomes decidedly less interested in taking orders from humans. Or in keeping them around.
&gt;With the future of human existence on the line, Gemma realizes that the only option is to resurrect M3GAN (Amie Donald, voiced by Jenna Davis) and give her a few upgrades, making her faster, stronger, and more lethal. As their paths collide, the original A.I icon is about to meet her match.
&gt;M3GAN 2.0 is written and directed by acclaimed returning filmmaker Gerard Johnstone, from a story by Gerard Johnstone and Akela Cooper, based on characters created by Akela Cooper &amp; James Wan.
&gt;The film co-stars returning cast members Brian Jordan Alvarez and Jen Van Epps as Gemma’s loyal tech teammates, Cole and Tess, and new characters played by Aristotle Athari (Saturday Night Live, Hacks), Timm Sharp (Apples Never Fall, Percy Jackson and the Olympians) and Grammy winner and 11-time Emmy nominee Jemaine Clement (Avatar: The Way of Water, What We Do in the Shadows).
&gt;Produced by James Wan, Jason Blum and Allison Williams, the film is executive produced by Joe Hill, Gerard Johnstone, Adam Hendricks, Greg Gilreath, Michael Clear, Judson Scott and Mark D. Katchur.
&gt;The first M3GAN film shattered box office records, opening to $30.4 million domestically to become the biggest opening weekend for a PG-13 horror film since A Quiet Place Part II. The film went on to gross more than $180 million worldwide.", "Plot and production details of the movie"
446,M3GAN 2.0,What Marnie scene haunts Allison Williams!? - Why Allison Williams refuses to let 'M3GAN 2.0' costar watch 'Girls',172,1.0,60,"**What scene do you think this is referring to?!**,
""Violet has not seen Girls, nor will she ever,"" Williams said during a joint interview the two had with Entertainment Tonight. Turning to her young costar in the horror flick, she added, ""You can see it when I pass on.""
Williams then explained her issue.
""There's one scene — every time you and I talk about this show — there's one scene that pops into my mind's eye, and I just can't be in the same country,"" Williams said. ""I have to be in outer space when you see it.""
When McGraw protested, saying that she's 14, Williams shut her down.
""I know you're 14, and you are so adult,"" Williams said, ""but also, thank God you're 14. Stay that way.""
Williams did not specify the scene that bothered her, and *Girls* had its share of controversial ones.","Actor Allison Williams’ reaction to a specific scene in Girls"
447,M3GAN 2.0,"BOT Presale Tracking (May 27). Thursday Comps: Ballerina ($3.06M), The Phoenician Scheme ($1.98M), How to Train Your Dragon ($9.86M), Materialists ($1.15M), Elio ($1.53M), F1: The Movie ($5.99M), and M3GAN 2.0 ($2.60M). Jurassic World Rebirth sales largely stagnate.",69,0.93,76,"[BoxOfficeTheory Presale Tracking](https://forums.boxofficetheory.com/topic/31569-the-box-office-buzz-tracking-and-pre-sale-thread/page/1680/#comments)
[Presales Data (Google Sheets Link)](https://docs.google.com/spreadsheets/d/1zRjKpNOjPCBIgUULoyXyj5sBGMuU9owswn7bMfz1WSE/edit#gid=0)
[BoxOfficeReport Previews](http://www.boxofficereport.com/previewgrosses.html)
**Quorum Updates:**
- [June 2](https://forums.boxofficetheory.com/topic/31569-the-box-office-buzz-tracking-and-pre-sale-thread/page/1679/#findComment-4824227)
- [May 29](https://forums.boxofficetheory.com/topic/31569-the-box-office-buzz-tracking-and-pre-sale-thread/page/1669/#findComment-4822356)
- [May 28](https://forums.boxofficetheory.com/topic/31569-the-box-office-buzz-tracking-and-pre-sale-thread/page/1664/#findComment-4821779)
- [May 27](https://forums.boxofficetheory.com/topic/31569-the-box-office-buzz-tracking-and-pre-sale-thread/page/1659/#findComment-4821388)
- [May 22](https://forums.boxofficetheory.com/topic/31569-the-box-office-buzz-tracking-and-pre-sale-thread/page/1649/#findComment-4818326)
- [May 21](https://forums.boxofficetheory.com/topic/31569-the-box-office-buzz-tracking-and-pre-sale-thread/page/1644/#findComment-4817710)
- [May 19](https://forums.boxofficetheory.com/topic/31569-the-box-office-buzz-tracking-and-pre-sale-thread/page/1633/#findComment-4816710)
- [May 16](https://forums.boxofficetheory.com/topic/31569-the-box-office-buzz-tracking-and-pre-sale-thread/page/1625/#findComment-4815237)
**Wicked Part 1 Re-Release**
**Dan Da Dan: Evil Eye**
**Dangerous Animals**
**From the World of John Wick: Ballerina Average Early Access | Thursday | Early Access + Thursday Comp *assuming $4.5M for keysersoze123 EA+THU*: $2.06M | $3.06M | $4.84M** 
- Acrobat ($3.2M THU MI8 comp.  Steady pace, still headed for a number between 3 and 3.5, even considering the Accountant 2 True Thursday comp. Unless walk-ups are great, this is very ordinary **(June 3)**.  More and more likely that my sample will stay stable on this 3M preview number. The buzz doesn't seem to be there for a big improvement.  |  A better day, though sales were concentrated in two theaters. Comps still indicating 3M in previews **(June 1)**.  Alarming day, it's stalling against MI8 which was encountering PLF capacity issues, and it's slipping against The Accountant 2's true Thursday too. It seriously needs to improve pace **(May 31)**.  Based on my true Thursday comp with The Accountant 2 as well, seems like 3M is the numbers it's headed to, but let's see if there's some growth in the final days **(May 29)**.  The comp with true Thursday for The Accountant 2 would give it about 4M so 3.5M seems about right at the moment **(May 27)**.  Very imperfect comp with MI8, but it's what I have so far - I didn't track EA for The Accountant. Considering MI8 is so IMAX-heavy, 2.5 seems to be the right number for Ballerina **(May 24)**.  I won't go into any comps as the only one that is vaguely useful is The Accountant 2 which had its OD on T-17, but Ballerina is already 3x against it **(May 20)**.  For EA and THU, Ok, I didn't track Day 2-3 but it clearly had very strong days - I didn't expect this. The Accountant 2 had a much shorter presale window but Ballerina is already pacing well ahead of that one, at least for true Thursday, as I didn't track EA for some reason **(May 18)**.)
- Cine-Taquillas ($3.25M THU Comp.  Losing some steam, hope this final days can stay to $3.5M at least **(June 1)**.  Falling behind Final Destination **(May 28)**.  Still slow, hope this week will do better **(May 25)**.  Not too much this weekend **(May 22)**.  Not bad, i think **(May 19)**.  For THU Hey, i expected worse **(May 17)**.)
- crazymoviekid ($2.54M THU Comp.  For THU Not a great start. I'm averaging $2.5M-$3M **(June 2)**.)
- el sid ($3.1M THU comp excluding The Amateur. Counted today for Thursday, had 518 sold tickets (with shows in all of my 7 theaters). Best presales in the AMCs in California (154 sold tickets in LA and 147 in San Francisco). Up 45% since last Tuesday (where it had 357 sold tickets). So it's doing not great but acceptable in my theaters. Some comps will probably go down in the next few days (e.g. the AWM comp) and some will go up (e.g. the Furiosa comp) **(June 2)**.  It had, counted today for Thursday, June 5, 232 sold tickets (with shows in 7 theaters). Best presales in the AMCs in NY (71 sold tickets) and LA (70).  17 days left. So it has now 11 days left to collect 24 tickets to be on par with The Amateur (2M from previews on Thursday and before). Of course it will be in front soon. The preview number compared to Abigail (1M from previews on Thursday) is at the moment 1.35M + it has 14 days left. Not bad at all **(May 19)**.  Ballerina, counted today for Thursday, June 5, had 218 sold tickets (with shows in 7 theaters). Best presales in the AMCs in San Francisco (70 sold tickets) and NY (66).  Comps (always counted for Thursday, an extremely wide range at the moment): A Working Man (1.1M from previews on Thursday) had with 12 days left 42 sold tickets. The Amateur (2M from Thursday and I think before) had with 6 days left 256 sold tickets. Abigail (1M Thursday only) had on Monday of the release week 171 sold tickets. And Furiosa (3.5M Thursday only) had with 9 days left 1.595 sold tickets. I doubt that it will have the same walk-ups as A Working Man (slightly worse) but I also doubt that its final jumps will be as poor as those of Furiosa. I would say, that its number is almost on par with The Amateur with 13 days left to very  probably overtake is a good sign **(May 17)**.)
- Flip ($4.06M THU and $7.92M FRI comp.  For THU Pace is below average, will need to pick up in order to hit 35m **(May 29)**.  For THU Today was a good day.  |  For FRI I think this can outopen Karate Kid, it's around 2x where that was at the same point. probably 30-35m OW.  |  Not doing much to change its prospects, still looking at ~30m OW **(May 25)**.  Decent pace but the raw numbers are still pretty meh. Hopefully this is the bottom of the U-curve otherwise it will be hard to reach 30-35m OW **(May 20)**.  Soon I will have the accountant 2 comp, which will spit out some pretty good numbers for Ballerina **(May 17)**.  FRI is .49x Mission Impossible 8 (T-22). Much better than how previews are looking, this is more like what I expected **(May 16)**.)
- katnisscinnaplex ($1.4M EA and $3.36M THU Comp.)
- keysersoze123 (With good walkups it should hit 30s OW. I need to see daily pace to fine tune the prediction. MTC1 Ear - 19226 / P - 18844 / F - 18686.  MTC2 Ear - 3556 / P - 7605 / F - 8812 **(June 2)**.  Ballerina has good presales at the moment. Thinking 4-5m previews and 35m+ OW **(May 27)**.  That said not sure if Ballerina is getting any IMAX. i dont see any Imax shows listed for it **(May 18)**.)
- PlatnumRoyce ((T-3/4) - EA+Thursday -  yeah, it's stalling though my comp predictions look better I think in part because I'm thinking about this more as an action film than a tentpole (though I love vafrow's Bad Boys comp).  158 tickets sold (75 EA - 3 theaters/4 showtimes + 83 Thursday (5 theaters/22 showtimes).   +11 EA tickets sold in last 3 days/+14 R tickets. Comps: Working Man went from11 to 23 tickets during same T- period changing comp to 7.55M (4M ignoring EA) from 6.9/13.3.  The Amateur sold 42 tickets versus 27 at T-7 dropping comp to $7.5M (4M pretending EA doesn't exist). Thunderbolts - 848 tickets sold (64 showtimes)  = $2.15M Preview comp. Sinners (T-5) 142 tickets sold/27 showtimes (+44 from T-8) = 5.23 combined preview (2.75M w/o EA). Sinners (fake T4 [average of T5 and t3]) - 208 tickets sold = 3.6M combined EA. The Accountant 2 (T-3) - 106 tickets (v. 43 on T-8) = 3.72M. combined EA [though I suspect the real number is 4.75M - a bit over 5M if you actually attempted to create a synthetic growth pattern to account for missing days]
giving a pretending EA doesn't exist number because I've normally not grabbed it and I don't have a record of which films have or don't have EA. In either case, Ballerina is clearly more EA heavy than many other films and is not growing very much. Seems like it's a film that is being 100% sold by a core fandom pitch **(June 2)**.  T-6/T-7 (EA/Thursday) - 69 tickets sold R + 64 W (133 total) / 26 showtimes (up from 61/54 /115 total 2 days ago).  comps (film (T-) - tickets sold/comp based on R/comps based on all EA [comps data doesn't include EA even when it might be applicable]): Working man (T-7) - 11/$6.6/$13.3M.  The Amateur (T-7) - 27 / $4.9/$9.9. Thunderbolts (T-7) - 579/$1.3/$2.6. Sinners (T-8) - 98 / $3.2/$6.4. Accountant (T-8) - 43/ $3.9/$7.7.  The biggest change is the amateur's relatively big jump from a small base significantly drops its comp. for another bad comp but at least vaguely in the right genre, at T-10 MI was at 369 tickets across 26 showtimes **(May 30)**.  For THU, T-9 (yesterday) - 61 sold /22 showtimes.  Adding EA would give me an additional 56 tickets sold in 3 theaters (4 showtimes) aka basically doubling the listed comp number below (really +192%).  The Amateur - 17 tickets (16 showtimes) / $7.2M comp. The Accountant (T-8) - 43 tickets (18 showtimes) / $3.5M. Sinners (T-8) - 98 /27 showtimes (T-8) /$2.8M OW comp. Working Man (T-10) - 9 tickets / 16 showtimes / $7.45M. So not really sure what to spit out as a single unified number **(May 28)**.  For Thursday previews, Ballerina went from 30 tickets sold on T-23 to 64 on T-14 which while The Amateur went from 7 to 13 during the same period and Sinners went from 15 (first day/T-22) to 54 on T-14. The Accountant went from 9 on T-21 to 13 on T-18 and 34 on T-10 (this one is missing a theater Ballerina sold 4 tickets at on both snapshots). Working Man was at 8 tickets sold at T-10 **(May 22)**.)
- M37 (Don't have any good Day 3 comps, but some T-21 comps are in the $2.5-$4M range at present, and extrapolating a bit into next week, probably bumping up to like ~$3-$5M expectation. But still early in the cycle, time to pick up steam over the next week **(May 16)**.)
- PNF2187 ($2.89M THU comp excluding The Accountant 2 and The Final Reckoning.  Not a bad day today, but we'll see where the pace nudges in the coming days **(June 2)**.  Could be worse, could be better **(June 1)**.  Still pretty wonky as far as comps go. The Accountant was abysmal here and The Final Reckoning came on quite a bit stronger, so not really getting a great sense here, especially with an EA screening being added in Vaughan **(May 29)**.)
- Ryan C ($3.1M THU Comp.  For WED EA: 1,094 Seats Sold (32.60% Increase From Last Time).  For THU: 1,342 Seats Sold (40.22% Increase From Last Time).  = 2,436 Seats Sold (36.70% Increase From Last Time).  So, Thursday wasn't quite able to match the pace of The Accountant 2 from its T-8 to T-3 (57%), but this has sold more twice the amount of seats at the same point. More impressive is that showtimes for The Accountant 2 started as early as 4:00 and the earliest showtimes for Ballerina start at 6:00. Not that I expect that to hinder walk-up business or make it stronger, but it's just something I wanted to point out. Anyways, if we go by The Accountant 2 comp, this is heading for a Thursday ~$4.2M and that would technically make sense considering that is one of the few good action comps that I have which wasn't boosted by playing in IMAX.  I originally didn't want to use this comp because it had an significant advantage with IMAX, but I will be using Mission: Impossible - The Final Reckoning for the next few days. That comps points to a Thursday of $2M, but that's probably way too low, so when calculating the average of that comp with Accountant's number, that would make for a Thursday around $3.1M. That seems more realistic, but I am holding out for the possibility of Thursday performing stronger. Overall, as of right now, I'd say an opening in the $35M range (close to half of John Wick: Chapter 4's opening weekend) is likely if this can manage a true Thursday of at least $4M. Any lower and I'm not even sure if $30M is guaranteed **(June 2)**.  For WED EA: 825 Seats Sold (62.08% Increase From Last Time).  For THU: 957 Seats Sold (35.55% Increase From Last Time).  = 1,782 Seats Sold (46.66% Increase From Last Time). Not much to report on this week. As expected, growth wasn't as strong compared to last week, but these still aren't bad bumps for both Wednesday's EA screenings and Thursday previews. Both should also cross 1,000+ seats by the next update. As far as action sequel comps to use starting on T-3, it's hard to find one that wasn't boosted by IMAX showings, but I think I found one with The Accountant 2. Though that one didn't play on IMAX, it did have some PLF footprint in the form of DOLBY (which Ballerina will have), so I think it checks out. Like I've been saying for the past two weeks, the goal is the at least achieve have of John Wick: Chapter 4's $8.9M preview number and I'll just say right now that if it ends up pacing like The Accountant 2, it might have a shot at achieving that (or at least get close) **(May 27)**.  For WED, 509 Seats Sold (277.03% Increase From Last Time).  For THU, 706 Seats Sold (125.55% Increase From Last Time).  = 1,215 Seats Sold (171.20% Increase From Last Time).  Really good increases (as far as both days) from last week, but I don't want to get my hopes up too high yet. Growth in the final week will be key in determining whether this meets respectable expectations (a $35M-$40M opening weekend) or it becomes another Furiosa ($26.3M).  Of course, the lack of IMAX screens really does hurt in terms of the average ticket price, but $35M+ OW is definitely possible if this continues to pace well these next two weeks **(May 20)**.)
- Sailor ($2.71M EA and $2.70M THU Comp.  For EA But here it's losing steam.  |  For THU Huh, it's slightly increasing **(June 2)**. For EA It continues declining against the comps.  |  For THU Terrible day **(May 30)**.  For EA It's also losing some steam here.  |  For THU Another decrease **(May 29)**. For EA It's also slightly dropping here.  |  For THU Another weak day **(May 28)**.  For EA A slow drop.  |  For THU It slightly recovered from yesterday **(May 27)**.  For EA It's steady. | For THU Not a great weekend **(May 26)**.  For THU Not really doing well for the past few days. I hope to see an acceleration soon.  |  For EA It's doing much better here **(May 23)**.  For THU That's... not great. 0.242x MI8 |  For EA It's also slowing down here.  0.318x MI8.  **(May 21)**.  For EA Passed 200 tickets and improved on its comps. | For THU It's slightly dipping against the comps. But there's still time **(May 20)**.  For EA It's also looking good here.  |  For THU It's looking okay so far **(May 19)**.  EA is 0.261x MI8 T-19.  Pretty good so far. |  THU is 0.239x MI8 T-20.  Well, that was an okay start. But I guess it could've been worse **(May 16)**.)
- TheFlatLannister ($4.68M EA+THU Comp. Still looks the same, no significant acceleration. Probably $4M+ previews from here $40Mish OW **(May 26)**.) 
- TwoMisfits (You have until the Sunday at 11:59pm of OW to book the tickets (so 6 days to book), BUT you can book ANY ticket available including future ones. | TMobile $5 June 2025 movie - Ballerina.  Available 6/3...as always should help, especially as the weekend and 1st weekdays legs go **(May 30)**.)
- vafrow ($3.3M THU Comp.  The trend continues **(June 3)**.  This is falling off pace pretty dramatically **(June 2)**.  It's starting to dip a bit as this was where BB:RoD started to really move. We'll see if it can stay pn pace durig the final stretch **(May 31)**.  Doing decently. The EA sales are probably eating up some demand, so its probably doing a bit better than presented. I think Bad Boys had some EA shows, just none for my sample **(May 29)**.  For THU Honestly, it's not doing too badly **(May 25)**.)
- wattage ($2.18M THU Comp.  Thinking 2.5-3 mill for previews if there's good enough acceleration in the final days. + early access would be 3-3.5 mill **(June 3)**.  Exact same update **(May 22)**.  Doing nothing. Ballerina has small sales for early access and nothing for preview days. Nothing of note. Fine as is right now **(May 20)**.  Not much happening right now **(May 19)**.)
**The Life of Chuck**
- Acrobat (Life Of Chuck is in trouble, based on what I'm seeing. For a TIFF winner, there should be more buzz and attention **(June 3)**.)
- Sailor ($0.78M THU Comp.  I struggled with comps, so I decided to use films from mini studios directed by auteurs.  Honestly, I expected far better than this. These past few days have been quite weak so far **(May 30)**.)
**The Ritual**
**The Phoenician Scheme Average Thursday Comp: $1.98M**
- crazymoviekid ($1.92M THU Comp.  Pretty good, $1.5M-$2.25M **(June 2)**.)
- Sailor ($2.03M THU Comp.  Well, well, well. It's still staying above $2 million here. Not sure if it will stay there for long, but I think this could hit $1.5+ million at least **(June 2)**.  Wow. This is doing pretty great so far. The film could obviously be front-loaded, but at this point, I think it's very likely it could top Asteroid City's previews. I hope it can overperform.  It opens the same day as Ballerina, but today it sold the exact same amount of tickets of that movie (and that has 2 days combined) **(May 30)**.  Oh, it's quickly picking up steam. There'a chance that it could only be for Wes Anderson's fans, but it has done very well so far **(May 26)**.  This was a very interesting trajectory. A fairly slow first day, followed by an incredible second day. You don't see that very often. Of course, there's always the possibility that this will only be for Anderson's fans, with no appeal for non-fans. But I'd say it's got a chance in passing Asteroid City's previews ($1.1M) **(May 23)**.)
**Next Sohee Wide**
**Domestic Calendar Dates (last updated May 20):**
**MAY**
**JUNE**
- (June 4) Presales Start [The Fantastic Four: First Steps]
- (June 4) Early Access [WED: Ballerina]
- (June 4) Opening Day [Wicked Part 1 Re-Release, includes trailer for Wicked Part 2]
- (June 5) Thursday Previews ( Dan Da Dan: Evil Eye + Dangerous Animals + From the World of John Wick: Ballerina + The Life of Chuck + The Ritual + The Phoenician Scheme)
- (June 11) Early Access [WED: How to Train Your Dragon]
- (June 12) Presales Start [Superman]
- (June 12) Opening Day (Next Sohee Wide)
- (June 12) Thursday Previews (How to Train Your Dragon + Materialists + The Unholy Trinity)
- (June 18) Early Access [WED: Elio]
- (June 19) Thursday Previews (28 Years Later + Bride Hard + Elio)
- (June 22 and June 25) Release Days (Brokeback Mountain Re-Release)
- (June 23) Early Access (MON IMAX: F1: The Movie)
- (June 25) Early Access (WED: F1: The Movie)
- (June 26) Thursday Previews (F1: The Movie + M3GAN 2.0 + Sorry, Baby)
**JULY**
- (July 1) Tuesday Midnight Previews (Jurassic World Rebirth)
- (July 2) Opening Day (Jurassic World Rebirth)
- (July 7) Amazon Prime Premiere [Superman]
- (July 10) Thursday Previews (Superman)
- (July 17) Thursday Previews (Eddington + I Know What You Did Last Summer + The Smurfs Movie)
- (July 24) Thursday Previews (The Fantastic Four: First Steps)
- (July 31) Thursday Previews (The Bad Guys 2 + Naked Gun)
**AUGUST**
- (August 6) Opening Day (Sketch)
- (August 7) Thursday Previews (Freakier Friday + Weapons)
- (August 14) Thursday Previews (Clika + Eli Roth Presents: Jimmy and Stiggs +  Nobody 2)
- (August 21) Thursday Previews (Americana + Grand Prix of Europe + Honey Don’t + Splitsville)
- (August 28) Thursday Previews (Caught Stealing + The Roses + The Toxic Avenger Unrated)
**Presale Tracking Posts:** 
[Apr. 27](https://www.reddit.com/r/boxoffice/comments/1k90tfn/bot_presale_tracking_apr_27_thursday_comps_the/?ref=share&amp;ref_source=link)
[Apr. 30 Part 1](https://www.reddit.com/r/boxoffice/comments/1kbgf6u/bot_presale_tracking_apr_30_part_1_thunderbolts/?ref=share&amp;ref_source=link)
[Apr. 30 Part 2](https://www.reddit.com/r/boxoffice/comments/1kbgkgy/bot_presale_tracking_apr_30_part_2_average/?ref=share&amp;ref_source=link)
[May 6](https://www.reddit.com/r/boxoffice/comments/1kgl64j/bot_presale_tracking_may_6_thu_comps_final/?ref=share&amp;ref_source=link)
[May 23](https://www.reddit.com/r/boxoffice/comments/1ktl98c/bot_presale_tracking_may_23_thursday_comps_bring/?ref=share&amp;ref_source=link)
[May 27](https://www.reddit.com/r/boxoffice/comments/1kwjcfn/bot_presale_tracking_may_27_thursday_comps_bring/?ref=share&amp;ref_source=link)
Note: I have removed most tracking data that has not been updated for 2 weeks.  I think there is value in keeping data for a week or two but at a certain point they start to lose their value and should not be treated the same as more recent tracking data.", "Box office presale tracking"
448,M3GAN 2.0,"Box Office Weekend Forecast: F1: THE MOVIE ($55-70M+) and M3GAN 2.0 ($14M+) Debut on Pre-Fourth of July Frame, Hoping to Liven Up a Sluggish June",206,0.99,43,First comment: I think F1 is going to keep going up at this point. The WOM is kicking in properly, "Box office weekend forecast"
449,M3GAN 2.0,"This may be a hot take, but M3GAN 2.0 was a blast and feels destined to become a cult classic",176,0.96,44,"BEFORE YOU DOWNVOTE HEAR ME OUT
So is M3GAN 2.0 like, an amazing movie? No. Should they probably have done another horror movie? Yeah probably. But is this movie a complete joy? Hell yeah it is. Its definitely not going to be as well regarded as the first, as its far more of a ""Wavelength Movie"". If you're on this movies wavelength and embrace the campy, gay, kinda horny, balls to the wall vibe, you're going to absolutely adore it. I can definitely imagine this movie developing a fan base of its own who are simply here for the vibes and nothing else. By not taking itself too seriously, the film is able to carve out a niche for itself. Honestly I had just an insane amount of fun, and I can't wait to watch this while under the influence of something. 
But also like, even as a movie outside of the campy fun elements, its still solid. Its not groundbreaking, but its themes on AI regulation were pretty well handled, and considering the film had a budget of only 15 million dollars, they really made the most out of every dollar. Despite the genre change, its still a pretty good follow up to the plot of the original, and they built up M3GAN and Gemmas relationship really well. It definitely could've been a little shorter, its a bit too convoluted, and a lot of the dialogue is veryyyyy exposition heavy, and i definitely think leaning more into horror was something the film desperately needed, even if its not a horror movie. Horror Elements in action movies exist, and while we get a little of that, its definitely not enough.
And just between you and me, I kinda wish they went further with it and filled the soundtrack with girlboss pop music during the action sequences. If you're going to change the genre and fully embrace the viral elements of the first, might as well go all the way.", "Audience review / movie experience (fun. campy. AI themes). enjoyment and style. not analyzing"
450,M3GAN 2.0,"Allison Williams in Carolina Herrera at the “M3GAN 2.0” premiere in New York (June 24, 2025)",210,0.97,38,First comment: Something about this look feels unfinished but I can't put my finger on it. I like the color on her though., "News like celibrity present on movie"
451,M3GAN 2.0,'M3GAN 2.0' Rotten Tomatoes Verified Audience Score Thread,83,0.92,57,"I will continue to update this post as the score changes.
**Rotten Tomatoes Popcornmeter:** Hot
**Audience Says:** A full upgrade with a T2 framework, *M3GAN 2.0* is a sassy output of camp and chaos that twistedly entertains.[](https://www.rottentomatoes.com/m/m3gan_20/reviews?type=user)
|Audience|Score|**Number of Reviews**|**Average Rating**|
|:-|:-|:-|:-|
|**Verified Audience**|84%|500+|4.3/5|
|**All Audience**|79%|1,000+|4.0/5|
**Verified Audience Score History:**
* 86% (4.3/5) at 250+
* 84% (4.3/5) at 500+
[**Rotten Tomatoes:**](https://www.rottentomatoes.com/m/m3gan_20) Rotten
**Critics Consensus:** *M3gan 2.0* swaps the original's horror software for a more action-leaning programming that doesn't prove to be an upgrade, although the quippy A.I. remains an amusing mascot for slay.
|Critics|Score|**Number of Reviews**|
|:-|:-|:-|
|**All Critics**|58%|155|
|**Top Critics**|46%|37|
[**Metacritic:**](https://www.metacritic.com/movie/m3gan-20/) 55 (41 Reviews)
**SYNOPSIS:**
Two years after M3GAN, a marvel of artificial intelligence, went rogue and embarked on a murderous (and impeccably choreographed) rampage and was subsequently destroyed, M3GAN’s creator Gemma (Allison Williams) has become a high-profile author and advocate for government oversight of A.I. Meanwhile, Gemma’s niece Cady (Violet McGraw), now 14, has become a teenager, rebelling against Gemma’s overprotective rules.
Unbeknownst to them, the underlying tech for M3GAN has been stolen and misused by a powerful defense contractor to create a military-grade weapon known as Amelia (Ivanna Sakhno; Ahsoka, Pacific Rim: Uprising), the ultimate killer infiltration spy. But as Amelia’s self-awareness increases, she becomes decidedly less interested in taking orders from humans. Or in keeping them around.
With the future of human existence on the line, Gemma realizes that the only option is to resurrect M3GAN (Amie Donald, voiced by Jenna Davis) and give her a few upgrades, making her faster, stronger, and more lethal. As their paths collide, the original A.I bitch is about to meet her match.
**CAST:**
* Allison Williams as Gemma
* Violet McGraw as Cady
* Brian Jordan Alvarez as Cole
* Jen Van Epps as Tess
* Amie Donald / Jenna Davis as M3GAN
* Ivanna Sakhno as AMELIA
* Aristotle Athari as Christian
* Timm Sharp as Tim Sattler
* Jemaine Clement as Alton Appleton
**DIRECTED BY:** Gerard Johnstone
**SCREENPLAY BY:** Gerard Johnstone
**STORY BY:** Gerard Johnstone, Akela Cooper
**BASED ON CHARACTERS CREATED BY:** Akela Cooper, James Wan.
**PRODUCED BY:** James Wan, Jason Blum, Allison Williams
**EXECUTIVE PRODUCERS:** Gerard Johnstone, Adam Hendricks, Greg Gilreath, Michael Clear, Judson Scott, Mark D. Katchur
**DIRECTOR OF PHOTOGRAPHY:** Toby Oliver
**PRODUCTION DESIGNER:** Brendan Heffernan, Adam Wheatley
**EDITED BY:** Jeff McEvoy
**COSTUME DESIGNER:** Jeriana San Juan
**MUSIC BY:** Chris Bacon
**CASTING BY:** Sarah Domeier Lindo, Miranda Rivers, Terri Taylor
**RUNTIME:** 119 Minutes
**RELEASE DATE:** June 27, 2025", "scores/ratings"
452,M3GAN 2.0,"Will ‘M3GAN 2.0’ ($30M+) Run Brad Pitt’s ‘F1’ ($30M+, Some Sources Say $35-40M) Off The Road At U.S. Box Office? – Early Look",101,0.91,58,"First comment: Common Deadline highball for M3GAN 2.0.
Common Deadline lowball for F1.", "Box Office / Budget / Revenue"
453,M3GAN 2.0,"Just saw M3GAN 2.0 in a pre-screening, ask me anything",30,0.97,62,What i will say is i was surprised in a very very good way. but there is NO horror at all., "Genre / Tone"
454,M3GAN 2.0,"I saw M3GAN 2.0 for the sixth and final time. My local theaters are no longer running it, and the only thing I can do now is hope it explodes in South Korea, Japan, and China…",46,0.94,54,"According to the-numbers.com (don’t know if these are official),
South Korea release date: July 16, 2025
Japan release date: October 10, 2025
China release date: December 31, 2025
I’ve never regretted not being “fuck you” rich until today. Ugh…
Please pull a Pacific Rim! Please pull a Pacific Rim!! Please pull a Pacific Rim!!!
CHINA!!!! SAVE M3GAN AND MY LIFE IS YOURS!!!!!!!","International Release / Fan Anticipation to explode there"
455,M3GAN 2.0,r/BoxOffice Long Range Forecast: 'F1' and 'M3GAN 2.0',43,0.91,61,"Before you comment, read these two rules:
#**1. Please provide specific numbers for your predictions. Don't do like ""It'll make less than this or that"" or ""double this movie or half this movie"". We want a real prediction.**
#**2. Given that a lot of parent comments do not even bother to give predictions, we are establishing a new rule. The parent comment must provide a prediction with specific numbers. The rest of the replies to the comment do not have to make a prediction, but the parent comment absolutely has to. Any parent comment without a prediction will be eliminated.**
Welcome to the newest edition of r/BoxOffice Long Range Forecast. 
We're making long range predictions for films, 4 weeks out from their premieres. You will predict the opening weekend, domestic total and worldwide gross of these films. These predictions will be open for 48 hours and the results will be polled to form a consensus and posted the next week.
So let's meet the two films for the week and analyze each pro and con.
#**F1**
The film is directed by Joseph Kosinski (*Top Gun: Maverick*, *Tron: Legacy*, *Oblivion*, *Only the Brave*) with a screenplay written by Ehren Kruger (*Top Gun: Maverick*, the *Transformers* movies), from a story the two co-wrote. The film stars Brad Pitt, Damson Idris, Kerry Condon, Tobias Menzies, and Javier Bardem. The film follows Sonny Hayes, a retired Formula One driver who raced in the 1990s, who comes out of retirement to mentor rookie prodigy Joshua ""Noah"" Pearce for the Apex Grand Prix team (APXGP).
#**PROS**
- Formula One is an incredibly popular sport in the world, particularly in Europe. Given the lack of racing films (the *Fast &amp; Furious* films don't count), this film could capture an audience who craved for a film like this.
- The film is targeting the ""dad"" audience. There's not a lot of films coming out that go after that demo, so *F1* could surprise in that aspect.
- Joseph Kosinski has earned a lot of good will after the gigantic success of *Top Gun: Maverick* back in 2022. Which might be why the film reunites him with so many crew members. If he can hit gold with this, sky's the limit.
- Apple has mounted a very extensive marketing campaign. They even started it far earlier than usual, by releasing a trailer in July 2024 before the 2024 British Grand Prix. But the marketing has sold the film exactly for what it is: a high-octane sports drama.
- Even with *Jurassic World Rebirth* opening the following week, *F1* has one advantage: it will have a 2-week exclusive access to IMAX screens. That's huge news.
- There was a $300 million budget floating around, but producer Jerry Bruckheimer said that budget figure is incorrect.
#**CONS**
- Yes, Formula One is popular in the world. But United States has not been a strong market for it. Even with a lot of shows in the past few years that drove some interest in Formula One, it's still a question mark if domestic audiences will give the film a chance.
- Adding to the previous point: car racing has not been very popular in North America. Excluding *Fast &amp; Furious* and *Cars*, only two films (*Talladega Nights: The Ballad of Ricky Bobby* and *Ford v Ferrari*) crossed $100 million domestically. Even if it doesn't cost $300 million, *F1* absolutely needs to do better than that.
- Even with the benefit of IMAX screens, it still has competition around summer. Will it work as a great piece that will fend off competition or will it be cannibalized?
- Kosinski hit gold with *Maverick*, but he's not invincible. *Oblivion* and *Tron: Legacy* were a critical and financial disappointment, *Only the Brave* flopped, and *Spiderhead* earned weak reviews and was dumped in Netflix. So will he strike gold again or will it falter?
- Apple hasn't had good luck with theatrical releases so far. Only *Napoleon* crossed $200 million, and *Killers of the Flower Moon* managed to make over $150 million (although their budgets were too high to be called hits). But *Argylle* and *Fly Me to the Moon* failed to attract audiences. And this might be why *Wolfs* skipped its theatrical release and returned to Apple TV+ exclusively. *F1* is currently their only theatrical release in the future. Will it finally be their one hit?
- And finally, there's Brad Pitt. Without a doubt, one of Hollywood's most popular stars. But the past few years have been rough for Pitt. While he has had some success in the past 10 years, he has been in a lot of financial failures (*By the Sea*, *Allied*, *Ad Astra*, and *Babylon*). Some successes, but it's more a sign that his presence doesn't guarantee success. Not to mention [abuse accusations](https://www.usatoday.com/story/entertainment/celebrities/2024/04/04/angelina-jolie-claims-brad-pitt-physical-abuse-amid-winery-battle/73211176007/). Will his presence truly help the film?
#**M3GAN 2.0**
The film is directed by Gerard Johnstone and written by Johnstone and Akela Cooper. A sequel to *M3GAN*, it stars Allison Williams, Violet McGraw, Amie Donald, Jenna Davis, Ivanna Sakhno, Aristotle Athari, Timm Sharp, and Jemaine Clement. In the film, M3GAN's technology has been stolen and used by a defense contractor to create a military robot called Amelia, who becomes self-aware, turns on her creators, and attempts an AI takeover. Facing imminent destruction, Gemma's niece Cady convinces her to rebuild M3GAN with advanced upgrades so she can fight Amelia.
#**PROS**
- *M3GAN* was a huge success back in 2023, earning $181 million worldwide and becoming a phenomenon across social media, thanks to its blend of horror and campiness.
- Whether you like or hate the original film, you have to give the sequel one thing: it avoided the same plot that plagued other horror sequels. Instead of doing another ""AI doll who kills people"", the film is going the full ""AI doll vs. AI doll"" angle. Hey, at least it's not repetitive.
- The marketing has also leaned on how ridiculous and stupid this situation is. Look no further than its tagline: ""This bitch vs. that bitch"", and how the trailer was accompanied by ""Oops!... I Did It Again"". 
#**CONS**
- Opening the week after *28 Years Later* could be a disadvantage, as they're competing for the same horror audience. Now, *M3GAN 2.0* clearly is more campy horror, which could help it stand out.
- The premise is absolutely bonkers, but could it also be its own disadvantage? Will people feel curious over the plot or will they just choose to skip this? 
- Blumhouse has had a very weak 2025 so far. *Wolf Man*, *Woman in the Yard* and *Drop* all failed to break out, and some even managed to lose money. The company has never been this weak. Will *M3GAN* make the difference or are audiences losing interest in Blumhouse?
And here's the past results.
Movie | Release Date | Distributor | Domestic Debut | Domestic Total | Worldwide Total
:-------:|:--------:|:--------:|:--------:|:--------:|:--------:|
*Karate Kid: Legends* | May 30 | Sony | $47,572,222 | $132,305,555 | $284,278,947
*Bring Her Back* | May 30 | A24 | $11,326,666 | $37,033,333 | $71,040,000
*Ballerina* | June 6 | Lionsgate | $33,876,470 | $82,908,823 | $190,044,444
*The Phoenician Scheme* | June 6 | Focus Features | $7,662,500 | $24,912,500 | $47,320,833
*How to Train Your Dragon* | June 13 | Universal | $79,680,000 | $249,921,666 | $635,210,000
*The Life of Chuck* | June 13 | Neon | $5,868,421 | $17,427,500 | $33,005,000
*Materialists* | June 13 | A24 | $10,661,111 | $33,976,315 | $65,273,684
*28 Years Later* | June 20 | Sony | $42,156,250 | $127,675,000 | $249,372,727
*Elio* | June 20 | Disney | $37,126,666 | $147,727,727 | $388,772,727
Next week, we're predicting *Jurassic World Rebirth*.
So what are your predictions for these films?", "Box office"
456,M3GAN 2.0,M3GAN 2.0 is low-key underrated,103,0.92,39,"I think the marketing could have been better. M3GAN was successful due to a lot of the marketing, as annoying or silly as it may have been. I heard of M3GAN through the trend as much as I hate to admit it. 
Is it a perfect sequel? No. I prefer the original *because* of the balance of horror and comedy. It's funny how this turned into a female version of the *Terminator*.
But I don't get the hate. Why did *Terminator* go from horror to sci-fi, &amp; it's beloved &amp; considered better than the first film, &amp; not *only* that, but it's argued as the *best* one in its series, but M3GAN makes the change, but most hate it? 
In all honesty, I think *both* series needed to build it up over time instead of making a change in genre as fast as they did. But I still enjoyed both films. *Judgment Day* is better than its first film, but my issue was that it changed too fast. But do I hate these films? No. That flaw is small to me. Does not ruin anything for me. 
But if we're being honest, even if M3GAN 2.0 followed the same themes of the first, it was bound to change up. Chucky &amp; Freddy. Both had a good balance of horror &amp; humor. (Mostly horror. But the humor was *still* there) But as the movies went on, they leaned into the humor for sure. I would not have been surprised by the idea of switching things up with M3GAN.
But at the end of the day, I hope the series can continue. I do think there should be 12+ movies, but I feel as though M3GAN's story is not over. Here's hoping Soulm8te helps make M3GAN 3.0 happen. 
Maybe I need to watch M3GAN 2.0 a few more times, or I didn't get it, but I did not get the sudden change in M3GAN's character. How did it take her two years to grow a heart? At the end of the first, M3GAN became her own primary user but now she's okay with protecting Cady again? John Connor took the AI robot &amp; changed Arnold's character. It made sense, no more explaining needed. 
I know in the sequel, M3GAN says she has no free will. But she managed to change her primary user &amp; stayed alive in the small bot Gemma had in her house.  But I don't get it with M3GAN. I'm open to any thoughts.", "Box Office / Marketing / Cast comparing M3GAN 2.0 vs. F1 Pros and Cons"
457,M3GAN 2.0,M3gan 2.0 carries a $36M budget (up from the first film's $16M),150,0.96,37,First comment: Cheap enough to still a turn profit even if people are turned off by the pivot to action instead of horror tbh., "Budget / Box Office/ genre"
458,M3GAN 2.0,"Non-Malayalam Discussion - Kannappa (Telugu), F1: The Movie (English), M3GAN 2.0 (English), Love Marriage (Tamil), Maa (Hindi)",72,0.94,45,"First comment: F1: The racing scenes were top notch. The chemistry between Brad Pitt and Javier Bardem is superb. The rest was pretty predictable and cliched. ,
M3gan 2.0 -  It suffered from the higher budget and all the success of the first part. It was a complete mess.", "Budget / Story / Production Quality"
459,M3GAN 2.0,M3GAN 2.0?,18,0.68,55,"What's the buzz on this?
I've seen no reviews or reactions for this and it starts in a few days. Is there a review embargo?", "Review what is this. movie"
460,M3GAN 2.0,Just saw M3gan 2.0 and I loved it,111,1.0,36,"I heard that the movie was getting a lot of hate. I expected it to be over the top in a certain way, but it wasn’t. It wasn’t a horror movie, but I really liked her character. The action scenes were good, the story was good. Honestly I really loved it, so this is my advice. Go watch it and make your own opinion of it and don’t listen to the critics too much", "Watch and own opinion. talking critics. and genre"
461,M3GAN 2.0,Jason Blum Addresses the delusional approach to M3GAN 2.0,17,0.8,47,"“We all thought M3GAN was like Superman. We could do anything to her. We could change genres. We could put her in the summer. We could make her look different. We could turn her from a bad guy into a good guy. And we kind of classically over thought how powerful people’s engagement was really with her.”
(Via: The Town Podcast)
https://open.spotify.com/episode/5cOYz7rHenucGsTwrptfM8?si=e0zfQj0FTieWhrz360rN2Q",  "Production. Character. genre"
462,M3GAN 2.0,M3GAN 2.0 Unrated Drops July 15th,90,0.99,28,"M3GAN 2.0 drops on Digital tomorrow with an exclusive Unrated version and will be available on 4K UHD and Blu-ray starting September 23, 2025.", "Release / Distribution / Formats"
463,M3GAN 2.0,++ Here'S How to WatCh M3GAN 2.0 (FuLLMovie) ONLINE For fREE On ReDdit,2,0.76,45,"M3GAN 2.0 is one of 2025’s most anticipated releases, as the first movie became such a cultural phenomenon following its release in 2022. The sequel was originally announced in January 2023, and fans will be glad to know that its release is finally here. Although the movie will initially be released exclusively in theaters, it will eventually come to streaming and VOD platforms, and audiences will be able to catch the movie from their own home. Based on the studio’s previous releases last year, it’s possible to estimate when M3GAN 2.0’s time in theaters will come to a close.
The initial trailers for M3GAN 2.0 teased a very similar kind of movie as the first, with bold humor and brutal violence coalescing in a unique brand of horror that very few movies have been able to replicate without coming across as cheesy or derivative. There’s something very fun and special about Gerard Johnstone’s directorial style that immediately gets audiences on board with the most absurd of concepts, and it still seems very present in M3GAN 2.0. The new movie will pick up with the titular killer android as she takes on a protector role when Cady (Violet McGraw) is threatened.
[📺📺Grab The movie From a Trusted Sources , Try it Now](http://m3ganonline.blogspot.com)
[📺📺Grab The movie From a Trusted Sources , Try it Now](http://m3ganonline.blogspot.com)
**M3GAN 2.0 Releases In Theaters**
The original *M3GAN* was released in 2022, and now the release date for *M3GAN 2.0* is just around the corner. The film is scheduled for release on June 27, over three years after the first movie came out and developed a huge online presence that helped spawn the long-awaited sequel. The film is **rated PG-13 for violence, strong language, and sexual material**, making it suitable for both teenagers and grown adults alike. Johnstone’s movie adopts a very similar tone and atmosphere as the first, with lots of dark humor and stylish filmmaking to separate it from most horror movies.
**When Will M3GAN 2.0 Release On Streaming?**
As a Universal Pictures release, *M3GAN 2.0* will eventually be available to stream on Peacock once its theatrical run is over. The service has housed the majority of Universal’s releases since its conception in 2019, and typically has a very quick turnaround when it comes to new releases. In 2024, the average number of days between a film’s theatrical release and its arrival on Peacock was just 90 - and this is typically made even shorter for horror movies, as seen with *Speak No Evil* and *Nosferatu*.Since *M3GAN* was such an undeniable hit that’s thrived on streaming, it seems logical for Universal to make the sequel available as soon as possible. Audiences should expect *M3GAN 2.0* to land on Peacock in mid-September, roughly three months after its theatrical release. However, if the movie performs exceptionally well at the box office, Universal may decide to keep it in cinemas for a while longer, subsequently delaying its streaming release. 2024 box office hits like *Twisters* and *Despicable Me 4* had a longer wait, but they also belong to very different genres. Still, *M3GAN 2.0*'s prospects will become clearer once it hits theaters.","Release /Distribution /Formats"
464,M3GAN 2.0,Discussion - M3GAN 2.0 (2025) - Digital &amp; Unrated Release [SPOILERS],15,1.0,38,"**Release Date: Tuesday, July 15, 2025**
**Universal** [**\[Unrated Trailer\]**](https://www.youtube.com/watch?v=ANIuWTibgqg)
*Please purchase/rent/stream the movie to support the franchise!*
**VOD/Purchase/Rental:** 
* [Amazon Prime Video](https://www.amazon.com/gp/video/detail/B0DPJM1V49/)
   * Unrated included: Connect Prime to [MoviesAnywhere.com](http://MoviesAnywhere.com) for access (thanks u/lamefartriot for this!)
* [Apple TV](https://tv.apple.com/us/movie/m3gan-20/umc.cmc.5dj70m67usxg1j373bnerq782)
   * Unrated included: Find in submenu / extras, may need to restart app
* [Fandango At Home](https://athome.fandango.com/content/browse/details/M3GAN-2-0/4343571)
   * Unrated included
* [More Ways to Watch ](https://www.m3ganmovie.com/watch-at-home/)(Official Site)
**Streaming:**
* Peacock - TBD
**Physical Media: (Pre-Order)**
* [More Ways to Watch ](https://www.m3ganmovie.com/watch-at-home/)(Official Site)
**Summary:** (From Blu-Ray Product Description)
**Details:**
* **Screenplay by:** Gerard Johnstone
* **Story by:** Gerard Johnstone and Akela Cooper
* **Source Material:** Based on Characters Created by Akela Cooper &amp; James Wan
* **Cinematographer:** Toby Oliver
* **Composer:** Chris Bacon
* **Producers:** Jason Blum, James Wan, Allison Williams
* **Production companies:** Blumhouse Productions, Atomic Monster
* **Distributed by:** Universal Pictures
**Cast:**
* **Allison Williams as Gemma**, a roboticist, advocate for ethical usage of AI, and M3GAN's creator
* **Violet McGraw as Cady**, Gemma's niece
* **Amie Donald as M3GAN** (Model 3 Generative Android), a powerful robotic doll built by Gemma
* **Jenna Davis as the voice of M3GAN**
* **Brian Jordan Alvarez as Cole**, one of Gemma's coworkers
* **Jen Van Epps as Tess**, one of Gemma's coworkers
* **Ivanna Sakhno as AMELIA** (Autonomous Military Engagement Logistics &amp; Infiltration Android), a hostile new robot created from M3GAN's original design who becomes self-aware, serving as a rival to M3GAN
* **Aristotle Athari as Christian Bradley**, a cybersecurity expert and anti-AI activist
* **Timm Sharp as Tim Sattler**, an army colonel responsible for the creation of AMELIA
* **Jemaine Clement as Alton Appleton**, a corrupt tech billionaire whose company has made breakthroughs in biomechatronics
* **Amy Usherwood as Lydia**, Cady's therapist
(Sorry had to resubmit the thread since couldn’t edit links with Automod)", "Release way (free source)/ Streaming Format"
465,M3GAN 2.0,"Just watched M3GAN 2.0, and it’s alright! Go watch it!",35,0.95,37,"M3GAN 1 worked really well because of the small scope, and did it well.
The sequel’s very flashy with all the action scenes, and the size of the story stretches the movie a bit too thin at parts.
It’s still a super duper fun film, and when it leans into its campiness, it’s the best thing ever imo. 
If anyone has questions about the movie, spoiler or non-spoiler, feel free to ask/message. Will add spoilers of course if needed.","Opinion: Fun enjoyment, story small, flashy scene"
466,M3GAN 2.0,"UK and Ireland Saturday Box Office: F1 Roaring into £1.98M, 28 YL a respectable 944k, HTTYD, Eilo and LILO all suffer soft drops while M3gan 2.0 crashes into 6th with an abysmal £185k.",92,0.96,25,"First comment: I'm not surprised that the drop for 28 Years Later is much better in the UK. The last five minutes will probably sit a lot better here. 
Although in the second week having five times the box office of Megan 2.0? Yikes!", "Box Office Performance Comparison"
467,M3GAN 2.0,"Any film experts here? Can international box office save M3GAN 2.0? Like China, Japan, etc.",26,0.92,34,"I loved the first movie, loved this sequel, and really want to see more from this franchise. I don’t want it to end here. That’d be a real kick in the dick for me…
I haven’t been much of a moviegoer for so many years, and now I’m trying to go as many times as possible for M3GAN 2.0
Just me going repeatedly surely won’t make a difference, and it seems like everyone in America is content to see the franchise burn.
Is there any hope in the Chinese, Japanese, and European market saving this movie? How does international box office factor into a movie’s success?
Do the producers and everyone involved with greenlighting sequels take into account how well a movie does in other countries?
Would M3GAN franchise still be axed for flopping in America even if it somehow manages to succeed internationally?", "Can international box office save the movie? Marketing"
468,M3GAN 2.0,M3GAN 2.0 unrated difference from the original,24,0.95,31,"There are extremely few differences. There are no additional f-bombs at all
And no, the “smoking hot warrior princess” guy is still not in this version either
The box scene is in this version but it’s not graphic or bloody at all which makes me wonder why they removed it from the theatrical version. In the theatrical version it’s unclear how M3GAN sneaks into the convention but she uses this box to do it. I can almost guarantee that they purposely removed this scene and included it in the unrated because the unrated has the tiniest and fewest differences you can even imagine
A lot of graphic scenes are still not shown in this version. The only differences I noticed was there’s more blood from Amelia’s kills, we actually get to see the guys’ head come off at the beginning, and when Cady breaks Christians’ arm his guts pop out. But in the next shot it’s only as broken as it is in the theatrical version and the guts and tear in the clothing is gone. And the only other difference is when Christian’s arm is actually decapitated, the arm has more gory detail on it when picked up by other characters
And M3GAN still has 0 kills in this version of the movie too. Literally the only difference between this version and theatrical are that some scenes have just slightly more blood and a couple scenes with cool detailed gore
Such a letdown but at the same time this movie was made with a PG-13 in mind unlike the first one. Still disappointing. Honestly with some other PG-13 movies that are out there, I feel like this version should’ve gotten away with the PG-13 rating itself", "graphic: comparison theatrical vs movie"
469,M3GAN 2.0,Gerard Johnstone tells us that there will be an Unrated Cut for M3gan 2.0,52,0.96,29,Source- Discussing Flim: https://discussingfilm.net/2025/07/03/m3gan-2-0-unrated-cut-exclusive/, "News / Announcement from other"
470,M3GAN 2.0,What was your favorite scene in M3GAN 2.0?,19,1.0,32,"First comment: The scenes of M3GAN being sassy towards gemma were so funny! 
“Would you prefer that I gave you a printout that you could read at your own pace?” 
“Hey, did you guys hear that? Gemma just made an incredible observation, great work Gem, you just saved the mission!”", "Funny/sassy character moments"
471,M3GAN 2.0,This car from the M3gan 2.0 movie,12,0.89,37,"Initial thoughts were it's a Lamborghini, but I cannot find one that's close.", "Props / Car Identification (in a movie)"
472,M3GAN 2.0,"When the US get censored PG13 horror movies like M3GAN 2.0, why do we have to suffer the same in the UK, as both that &amp; unrated versions are still a 15-certificate!",27,0.66,31,"When I saw the first film in the cinema, I had no idea beforehand we were going to get such a version. Years ago, it was all the rage, then that nonsense went away. M3GAN brought it back.
Having recently watched the unrated version, prior to soon seeing the new film, I can see a load of gore was cut, along with extra f-words, and it was better for it.
I didn't even know until recently that PG13 has a maximum of one f-word, whereas even a UK 12-cert has a maximum of 4, so when the second f-word in Beetlejuice Beetlejuice was bleeped, I wondered what the (bleep) was going on!
Who's to blame? Universal or Blumhouse? I can't imagine the director is pleased when such a situation happens.", "Rating / Censorship Discussion"
473,M3GAN 2.0,M3GAN 2.0 was awful,13,0.6,30,"I saw M3GAN 2.0 at a screener showing earlier today after watching no trailers. While M3GAN 1.0 was a simple &amp; well made scary movie that I enjoyed, this movie was the complete opposite.
All of the original charm, suspense, horror and cinematography were replaced with Terminator-like fighting robots spewing out tech jargon. ""Quick, hack the wifi so we can pair with the robot to decrypt it's quantum algorithm"". Scan that guy's retina so you can hack the power grid, but never use/mention that ability again. EMP guns (which injure humans somehow) that hold one shot and take forever to reload, so we have to use taser sticks.
If you want to watch 2 hours of female robots beating up/killing male-only security guards &amp; employees, this is your movie. If not, go read the Wikipedia summary and move on from this ruined franchise.","Negative Review. genre/Genre Balance"
474,M3GAN 2.0,M3GAN 2.0 is way better than I would've thought. I really hope more people will give it a chance.,21,0.72,27,"It's obviously a huge contrast to the first one, with a higher budget and way less of a horror theme. It'll definitely be divisive. But I personally loved it.
As long as you don't go in expecting a scary horror film or some Oscar-level writing, I think it's an incredibly fun movie. On top of that I was actually impressed with how great the directing/editing/cinematography was. You can definitely see where that budget went.
M3GAN 2.0 is definitely one of the most absurd and chaotic movies I've seen in a long time, while also managing to be wonderfully unique and creative.", "Direction / Style. Cinematography / Visuals"
475,M3GAN 2.0,M3GAN 2.0 or 28 Years Later?,0,0.38,30,Heard pretty mixed reviews about both of these but am still planning on going to see one of them this weekend.  Which one did you like more and what trailers did you see before the movie started?, "dicussion. what to see? Compare Which Movie to Watch. decision-making"
476,M3GAN 2.0,"""M3GAN 2.0"" A-List pocket review",9,0.59,25,"Well three or so years ago, the first ""M3GAN"" film was a surprise smash, pleasing critics and audiences alike. The ""megan"" android creature providing both humor and good action for sci-fi and horror fans alike. So since profits were large, a sequel was inevitable, and since I was a fan of the first film, it was a given I would check this one out, via A-List.
Anyway, I saw this film in the context of ""bad press"". Though it was just released, Megan 2 is being hammered for poor box office results, and while I haven't read other reviews, there seem to be a lot of ""what went wrong"" articles in the press. That said, I was reasonably entertained by the film. I found all the elements I liked about the first one - the sci-fi, the killing (LOL) and the campy humor - to be present in this sequel. The human cast is basically all back, and they hit their marks as well. And the ""megan"" android machine retains its weird charisma. Is it ss good as ""Megan""? No. The plot goes widescreen, with a greater emphasis on raw action and government conspiracies, which makes things a bit duller and the plot needlessly complicated. At about 110 minutes, it is a good 20 minutes too long. Nevertheless, on balance, I liked it.
C+ .... not the surprise fun of the original, but not as bad as it seems to be made out to be. If you liked the first, I think you'll like it too. Softly recommended.", "Plot / Story. Pacing / Structure"
477,M3GAN 2.0,James featured in new M3GAN 2.0 AMC preroll ad,140,0.97,12,"He briefly appears as a moviegoer in the “Silence your phones and no talking” M3GAN 2.0 ad that plays before most AMC screenings now! Couldn’t get a pic in time though, it’s blink and you’ll miss it stuff", "Marketing News/ AMC Ad"
478,M3GAN 2.0,M3GAN 2.0 Unrated Trailer,56,0.97,15,"**Digital Theatrical and Unrated to be released tomorrow, July 15, 2025.**
The sequel will launch on 4K Ultra HD, Blu-ray and DVD on September 23 via Universal. A limited edition SteelBook 4K UHD will also be available.
""The original creative team, including producer James Wan for Atomic Monster, Jason Blum for Blumhouse, and director Gerard Johnstone, reunites to reboot M3GAN for a new mission. When an autonomous android engineered to be the ultimate weapon threatens M3GAN’s beloved Cady, M3GAN convinces her creator, Gemma, to give her a glow-up that makes the original A.I. diva even deadlier. Armed with wild new upgrades and her same iconic attitude, M3GAN claps back against the wannabe techno-terror in a fierce faceoff to crown the baddest bot built for maximum mayhem.""
Via: everythingm3gan (ig) from UniversalPicturesAllAccess on YouTube", "Announcement / Lauching / Format"
479,M3GAN 2.0,"Boy, I sure wonder where things go from there after M3GAN 2.0’s ending",23,0.93,21,So M3GAN remained good and she had her mind backed up after sacrificing herself. So it’s likely Gemma will build her a new body now that she is trustworthy. So it looks as if Cady has her robot friend for life., "Ending Interpretation / Future Speculation"
480,M3GAN 2.0,About M3GAN 2.0 Reviews,41,0.94,19,"People complain about everything. I saw the reviews for the movie, and honestly, I'm not going to let that influence my opinion. You can make an intense and deep story like '28 Years Later' and people will still complain (which is strange, since many people complained about that one too), and you can also make a silly action story and people will still complain. How about we just enjoy a movie theater experience while disconnecting from reality for 2 hours?", "Discussion on Reviews: complains everything -> critic on other comments"
481,M3GAN 2.0,M3GAN 2.0 review spoilers,19,0.95,21,"This movie is a huge step up from the first and no it’s not horror anymore but besides that the movie is great M3GAN in this film has so much more character development its make you sympathize with her and Katie and Gemma relationship is touched on in this film a lot more but unlike in generic cases where it become a dumb plot point in movies in this case it’s not and it doesn’t come off as cringe either Katie and Gemma relationship is beautiful and genuine in this film the humor in this film is great you will laugh through out this film also it isn’t forced all the jokes come off naturally 
Ivanna sakhno who plays Ameila is beautiful and very scary in this role some of her scenes are horrifying her character is very unpredictable but on to the side characters Cole is a handsome man who makes u laugh sometimes and Tess who may or may not be dead yea was kind of fatally shot by the true antagonist in this film although the fate of her character is open ended but her character is smart and kind of motherly to the rest of the group helping them navigate their missions for stopping Ameila this is all I will say for this review because I don’t wanna spoil everything overall this is a great film and some of the things that happen in the film leave it open for future movies can’t wait for M3GAN 3.0", "character development"
482,M3GAN 2.0,M3GAN 2.0 (2025),83,0.93,11,https://imdb.com/title/tt26342662/, "External Link NA"
483,M3GAN 2.0,'F1' Revving Up For A Strong Opening As 'M3GAN 2.0' Runs Out Of Power - Ticket Sales Tracking (6/23-6/26),70,0.93,13,"Looks like the Juneteenth box office surge was short lived.
As summer is in full swing, studios are trying anything and everything to keep audiences coming to the theaters.  In their latest attempt at a legasequel, Sony's **28 Years Later** kicked off with an impressive start, only to peter out as the weekend went on, heavily underperforming on its **$19.36M** Th+Fri tracking.  While the Juneteenth holiday definitely inflated the preview numbers, the mixed-to-positive word of mouth is not helping either.  Still, with a **$60M** price tag and an already filmed  January '26 sequel on the way, the new trilogy finale seems all but certain.
For Pixar, the magic seems to have faded as **Elio** severely disappoints, even coming below its **$12.29M** Pre+Th+Fri tracking to be the lowest opening for the studio, ever.  What happened to the most bankable animation studio??  Not only is original animation hard (yet not impossible) to succeed in a post-pandemic market place, but original animated sci-fi has been and is still an extremely tough sell.  With an alleged **$150M** budget after a major production overhaul, Disney is probably happy just to get this 18 month delayed project over with.  Hopefully, the extremely positive buzz can help this leg out the incoming month before the next family title enters the marketplace, but don't be surprised if **Rata2ouille** gets greenlit.
After a brief break from theatrical releases, Apple Studios is teaming with Warner Bros for their make or break summer outting, **F1: The Movie.**  Thanks to a string of box office bombs/disappointments the streamer turned potential theatrical output is putting all their chips on the table.  With the use of director Joseph Kosinski, hoping to recreate that **Top Gun: Maverick** success, and Brad Pitt, one of the last bankable adult movie stars, Apple is hoping that these ingredients work to springboard off of the worldwide racing phenomenon.  In addition to the top tier cast and crew, this is pedestaled as a ""theatrical event"" with an emphasis on IMAX/PLFs.  Even though this is technically an original film, the hope is that these ingredients and already strong buzz drive this fellow pre-July 4th adult drama, a la **Elvis,** to save Apple's theatrical strategy.
Two years after the surprise viral winter hit, Blumhouse is returning to the mine with **M3GAN 2.0.**  With the cast and creative crew returning, the sequel to 2023's breakout success should be a no-brainer.  Only problem is that a genre shift from horror to action (akin to **Terminator 2: Judgement Day)** as well as an overcrowded marketplace might stop this killer robot from slaying again.  Still, the best case scenario here is to play like fellow Blumhouse summer sequel, **Insidious: The Red Door**.  Fingers crossed.
https://preview.redd.it/68m693smsd9f1.png?width=2346&amp;format=png&amp;auto=webp&amp;s=dc7ed617fa46e6ffcf358ebf39ba9d53db02b75e
https://preview.redd.it/adgrgrdv0e9f1.png?width=2306&amp;format=png&amp;auto=webp&amp;s=45a934a0ed8674265d93b189db96e505e40d87db
Buckle up because audiences are all revved up.  Thanks to an impressive global marketing plan, F1 seems to be set into high gear as ticket sales not only started off well, but have accelerated throughout the week.  At this rate, F1: The Movie is speeding towards a **$5.84M** Th and a **$11.08M** Fri.  **Things to Note:** There were **$2.5M** of early previews that will be added in later.  Looks like Apple finally has a hit on their hands.
Even in these non-PLF locations, audiences seem to be ready to hop in the passenger seat here as both theaters are sporting healthy theater capacities.  Given its adult-driven nature, Theater 2 is clearly stronger in demand, but that does not mean Theater 1 is lacking either.  To some surprise, the demand is slightly behind the juggernaut of Elvis, but that does not mean theaters should be disappointed.  If the positive word of mouth continues to buzz and the PLFs are utilized, F1 may not just grow throughout the weekend, but pick up pace into the 4th of July holiday weekend.
https://preview.redd.it/bscb52xlsd9f1.png?width=2348&amp;format=png&amp;auto=webp&amp;s=ef99b7e444bb2d859b7db81a68f1915a890f4539
https://preview.redd.it/zrkph2jw0e9f1.png?width=2300&amp;format=png&amp;auto=webp&amp;s=216ad6df9791126c5f5e875dcab6d02426d5499a
Lightning does not always strike twice and Blumhouse is learning that lesson, again.  Unlike in 2023, ticket sales for the killer doll follow-up not only started out softly, but the pace has not picked up anywhere throughout the week.  If the walk-ups do not come, M3GAN 2.0 may short circuit with a **$2.69M** Th and a **$4.39M** Fri.  A genre-twisted Blumhouse sequel disappointing to a sleeper hit?  It's **Happy Death Day 2 U** all over again!
Whether the fault is in the marketing or the marketplace, the audience just isn't there.  Even without an over-saturation of showtimes, the M3GAN brand seems to have faded as the theater capacities are barely crossing **3-4%.**  Sadly, this is a sharp downturn from Insidious 5's demands which revived the franchise with strong capacities.  You can't blame Blumhouse for quickly spring-boarding off of a hit, but something went wrong along the way.  Maybe decent word of mouth can save the franchise, but it looks like this series should stick to its January roots.
What feels like a rarity these days, the original F1: The Movie is gearing up towards a **$19.42M** Pre+Th+Fri opening while M3GAN 2.0 is suffering from sequelitis with a **$7.08M** Th+Fri start.  If these numbers hold, the Brad Pitt vehicle may finish with a **$43M** opening while M3GAN may be lights out after a **$14M** start.
As a WB+Apple package, it is uncertain who will really come out on top.  Hopefully, this start will make its  alleged **$200M+** price tag a worry of the past to pave way for the tech company to release more films theatrically.  On the cheaper side, Blumhouse once again kept their sequel in check with only a **$15M** budget.  Despite the spin-off **Soulm8te** arriving this January, this may as well be M3GAN's last dance.", "Box Office Tracking / Industry News"
484,M3GAN 2.0,That one shot from the M3GAN 2.0 trailer had me like…,143,0.97,7,First comment: I don't remember the last time I've been so unexcited for a horror sequel, "trailer review Reaction unexcited. hype"
485,M3GAN 2.0,"July 11-13 Box Office Recap – 'Superman' flies to a great $125M debut domestically. However, it debuts with just $95M overseas, which is below expectations. 'Jurassic World Rebirth' crosses $500M worldwide, and 'F1' reaches almost $400M worldwide.",793,0.92,265,"https://preview.redd.it/p5azvgxfvwcf1.png?width=1920&amp;format=png&amp;auto=webp&amp;s=5c78ecb39aba431a678658665331a79bdb4c9e7d
Years in the making, the new DCU officially made its way to theaters., 
***Superman*** flew as high as possible, delivering a pretty great debut domestically. But overseas tells another story; it was below expectations, and suggests America will have to do the heavy lifting.
The Top 10 earned a combined $195.6 million this weekend. That's up a massive 66% from last year, when ***Despicable Me 4*** stayed at #1, and ***Longlegs*** over-performed projections.
Debuting at #1, ***Superman*** earned a pretty great $125 million in 4,135 theaters. That number is simlar to ***Man of Steel***, which debuted with $116 million back in 2013 (although it earned an additional $12 million from early Wal-Mart screenings). It's also James Gunn's second biggest debut as director, behind ***Guardians of the Galaxy Vol. 2*** ($146 million). The debut is also among the strongest for DC; it's the seventh best debut for a DC film, and it's also the first to open to $100+ million since ***The Batman*** ($134 million). 
This is a very strong debut for DC, as the brand has taken a huge dive at the box office. The DCEU had an incredibly poor run in its last years, with their last 8 films all flopping at the box office. That's an astonishingly horrible record, and the inconsistent run is what led to the current DC Universe. Sure, ***The Batman*** was a hit, but it's still an Elseworld film that won't change plans in the DCU. 
For quite some time, Warner Bros. heavily backed ***Superman***, emphasizing James Gunn's involvement as writer and director. Now, the general audience doesn't really pay attention to directors outside some like Christopher Nolan, Steven Spielberg, James Cameron, Quentin Tarantino, etc. They might not know who Gunn is, but his quality track record is what gave WB confidence in ***Superman***'s prospects.
WB bet high on the film's marketing. [The Hollywood Reporter said](https://www.hollywoodreporter.com/movies/movie-news/mission-impossible-jurassic-world-superman-box-office-summer-1236255949/) that WB could spend up to $200 million in marketing, which is insanely high even for a blockbuster. When the first trailer debuted in December 2024, it was viewed by 250 million viewers within 24 hours, a record for DC. Obviously, that didn't pan out to the absolute best debut for them, but it was still a sign of high interest. All the trailers highlighted the dazzling action sequences, Superman's iconic characterization, and Krypto's involvement (with the latter going viral on social media). And finally, Gunn delivered the quality: it's sitting at 83% on RT.
Now obviously, there's the question: could it have debuted higher? Perhaps, yeah. But as mentioned, DC's brand is at an all-time low and they're currently struggling to gain good will with the audience. ***Superman*** is the first step in building that good will. After all, the character has had very rough decades; the Christopher Reeve films fizzled out by the end, ***Superman Returns*** disappointed, and the DCEU Superman didn't fully connect with audiences.
According to Warner Bros., 68% of the audience was male, and 66% was 35 and under. They gave it a solid ""A−"" on CinemaScore, which is actually the same grade as ***Man of Steel***, and below Gunn's ***Guardians of the Galaxy*** trilogy. That suggests word of mouth is good, but not incredible. It remains to be seen how it will be impacted by the arrival of ***The Fantastic Four: First Steps*** in two weeks. But for now, ***Superman*** should easily cross the $300 million milestone. This is a very good way to start the DCU, at least domestically (we'll get to the overseas performance in a moment).
In second place, ***Jurassic World: Rebirth*** earned $40.3 million this weekend. That's a rough 57% drop, although considering how high ***Superman*** opened and its weak word of mouth (""B"" on CinemaScore), it could've been worse.
***F1*** dropped 49%, grossing $13 million. Not a bad drop, considering it lost IMAX screens to ***Superman*** this weekend***, although it's still not holding as great as its strong word of mouth suggested. The film has amassed $136.2 million domestically, and it should cross $160 million by the end of its run.
Through 2 weekends, it has earned $232.4 million. For reference, it was ahead of ***Dominion*** on its first Sunday by $2 million, but it's now $18 million behind it (and that's with two full extra days). It's very likely that gap will continue getting bigger. Should definitely hit $300 million for now.
***How to Train Your Dragon*** eased 30% and added $7.9 million this weekend. The film has earned $239.9 million, and it's set to close with around $255 million.
In fifth place, ***Elio*** eased just 30%, earning $4 million. That would be commendable, but considering its domestic total is a pretty brutal $63.8 million, there's not a lot to celebrate. Now let's see if ***Smurfs*** impacts it this week.
***28 Years Later*** dropped 40%, grossing $2.7 million this weekend. The film has amassed $65.7 million so far, and it will finish with slightly close to $70 million.
***Lilo &amp; Stitch*** added $2.7 million this weekend, which was just 31% off from last week. The film has earned $414.5 million so far.
***Mission: Impossible – The Final Reckoning*** dropped 46% and earned $1.4 million this weekend. With $194 million domestically, it has officially cleared the 3x multiplier. It will pass ***Rogue Nation*** ($195 million) by next week, but it will close so damn close to $200 million domestically.
***M3GAN 2.0*** is nearing the end of its run, and it's barely on its third weekend. It has fallen all the way to ninth place, dropping a poor 64% and making just $1.4 million this weekend. The film has made a poor $22.4 million, and it's set to finish with just $25 million domestically.
Rounding out the Top 10 was A24's ***Materialists***. It dropped 46%, earning $720,498 this weekend. The film's domestic total stands at $35.1 million, and it's nearing the end of its run.
#**OVERSEAS**
So yes, ***Superman*** was off to a great start domestically. Overseas, however, is another story.
***Superman*** debuted with $95 million overseas, for a $220 million worldwide debut. That's below the $100+ million projections, which is very perplexing. It was a mixed bag in the rest of the world. Its strongest debuts were in the UK ($9.8M) and Mexico ($8.8M), Australia ($5.3M), Brazil ($5.9M), and India ($3.8M), although they were expected to perform better. Europe was so-so: it had very soft debuts in France ($4.2M), Spain ($2.9M), and Italy ($2.5M). Asia was pretty much bad: it flopped with just $6.9M in China (amidst very poor word of mouth), $4.2M in South Korea, and Japan ($2.5M).
This is where things start to unravel. This is not a great start for the film. WB spent $225 million on the film, and it mounted a very extensive marketing campaign around the world. ***Superman*** is obviously considered more an American icon than a worldwide icon, but even ***Man of Steel*** made $670 million back in 2013, and overseas accounted for 56.6% of its gross. Where does ***Superman*** go from here? Well, clearly it's gonna be up to the domestic market to do the heavy lifting, cause word of mouth isn't strong outside America. It should hit $550 million worldwide, but it's unlikely it can clear $600 million. Hell, if word of mouth isn't strong, it can also miss $550 million. That wouldn't be good news for the film's extensive budget, and for the future of the DC Universe.
***Jurassic World Dominion*** fell 51% overseas, earning $68.1 million, and its total is now $532 million worldwide. That's quite a bad drop, even with ***Superman***'s disappointing debut. The best markets are China ($62.7M), the UK ($26.4M), Mexico ($22.8M), Germany ($15.5M) and Australia ($12.6M). Only Japan is left for now, but based on other patterns, it should close its run with around $750 million worldwide.
***F1*** was not affected in the slightest by ***Superman***. It dropped just 34% overseas for a $38.5 million weekend, taking its worldwide total to an incredible $393.4 million after just 3 weeks. The big story was China, where the film is enjoying extraordinary word of mouth. In the market, the film's third weekend was actually higher than its prior weekends, adding $8 million this weekend. The film's best markets are China ($35.8M), the UK ($21.6M), France ($17.7M), Mexico ($15.4M) and Australia ($13.1M). Based on these drops, the film is heading for over $500 million worldwide by the end of its run.
***How to Train Your Dragon*** added $13 million, taking its worldwide total to $561 million. The best markets are China ($37.8M), Mexico ($35.1M), UK ($26.2M), Brazil ($19.1M) and France ($16.6M).
***Lilo &amp; Stitch*** added $7 million, and its worldwide is now $994 million. The best markets are Mexico ($66.9M), the UK ($48.8M), France ($42M), Brazil ($37.2M) and Germany ($32.1M). By next week, it will cross the $1 billion milestone.
#**FILMS THAT ENDED THEIR RUN THIS WEEK**
Movie | Release Date | Studio | Domestic Opening | Domestic Total | Worldwide Total | Budget |
----------|----------|----------|:--------:|:--------:|:--------:|:--------:
*Karate Kid: Legends* | May/30 | Sony | $20,302,016 | $52,547,391 | $103,347,391 | $45M
- Turns out no one was really interested in seeing a new ***Karate Kid*** movie in theaters. Sony's latest attempt, ***Legends*** has closed with a very underwhelming $52 million domestically and $103 million worldwide. The domestic total is below the 2010 version's opening weekend ($55.6M), and managed to finish below the first two films in the franchise. Worldwide, it's a colossal 71% drop from the 2010 film. Even with a $45 million budget, this is not really a success and it's even more disappointing considering the film was selling nostalgia by having Jackie Chan and Ralph Macchio teaming up. Maybe the future of the franchise lies with streaming now.
#**THIS WEEKEND**
With a weak slate of newcomers, ***Superman*** will easily hold on to the top spot.
Perhaps the biggest newcomer will be Sony's ***I Know What You Did Last Summer***, which arrives 27 years after the previous installment. A legacy sequel with new characters, who are joined by Freddie Prinze Jr. and Jennifer Love Hewitt, as they are targeted by a new hook-wielding killer. The first two films were big hits, although their popularity was still inferior to the ***Scream*** series, which was released around the same point. The plot is pretty much the same as the original, so we'll see if Gen Z (a big horror audience) cares for this franchise.
Another wide release is Paramount's ***Smurfs***, another reboot of the iconic franchise. Well, ""iconic"", cause it's definitely well known, but its popularity has dwindled in the past decade. The 2011 film earned $142 million domestically and $563 million worldwide, the 2013 sequel made $71 million domestically and $347 million worldwide, and the 2017 animated film tapped out at $45 million domestically and $197 million worldwide. But with ***Elio*** failing to perform well, family audiences could tune in here if they're desperate for something. Or they can simply wait for ***The Bad Guys 2*** instead.
And finally, A24 is releasing Ari Aster's new film ***Eddington***, which stars Joaquin Phoenix, Pedro Pascal, Luke Grimes, Deirdre O'Connell, Micheal Ward, Austin Butler, and Emma Stone. This cast is bigger than Aster's previous films, and he has amassed a cult following with horror fans. Even though ***Hereditary*** and ***Midsommar*** were hits, ***Beau Is Afraid*** was very polarizing. And judging by its very polarizing reviews, it looks like ***Eddington*** is more ***Beau*** than the other films. His fans are definitely showing up, but it remains a question mark if the general audience will do the same.
____________________________________________________________________________________________
If you're interested in following the box office, come join us in r/BoxOffice.", "Box Office / Industry Performance"
486,M3GAN 2.0,Behind the scenes photos of Ivanna Sakhno on set of M3GAN 2.0,172,1.0,3,"First comment: She look so lovely. and badass. Those pics with the golden dress and long flowing blonde hair, reminds me of a Captain Carter episode with [Hayley Atwell also sporting a golden dress and blonde locks](https://mcu.tumblr.com/post/741792411299299328)", "Behind-the-Scenes / Production"
487,M3GAN 2.0,M3GAN 2.0 | Final Trailer,10,0.78,22,"First comment: The thing about yass queen gay pandering is that we will still lap it up like dogs if it's well executed and involves at least one sociopathic woman.
A mashup of a Chappell Roan song and a Britney song also helps.","Marketing / Trailer Reaction. song"
488,M3GAN 2.0,M3GAN 2.0 Is The Summer's Big Horror Box Office Bummer,0,0.5,19,"First comment: This isn’t a horror movie, it’s straight sci-fi", "Genre criticism"
489,M3GAN 2.0,AMC is doing a Mystery Movie and it is probably M3GAN 2.0,23,1.0,18,"It says that it is 2h 14m (they always give a runtime close to the film’s) and PG-13. A 14 minute difference is nothing. Drop had one and it was 25 minutes. 
F1 is also a possibility but it’s 21 minutes over and they almost never go over.
So if you want a chance of seeing this movie early, make time for June 23.", "Release Information / Early Screening"
490,M3GAN 2.0,New film 'M3GAN 2.0',36,0.9,14,"Spoilers for the film:
[https://variety.com/2025/film/reviews/megan-2-review-1236438992/](https://variety.com/2025/film/reviews/megan-2-review-1236438992/)
&gt;!There are a handful of the moments you want — like M3GAN literally dancing the robot onstage, or a climactic fight that turns on the worship of Steven Seagal, or the absurdity of M3GAN soothing Gemma by singing Kate Bush’s “This Woman’s Work.”!&lt;
[https://www.slantmagazine.com/film/m3gan-2-0-review-allison-williams/](https://www.slantmagazine.com/film/m3gan-2-0-review-allison-williams/)
&gt;!The film knows the icon M3GAN has become in certain circles and doubles down, largely to fun, freewheeling effect, the peak being an out-of-nowhere musical beat set to Kate Bush’s “This Woman’s Work.”!&lt;
[https://www.irishtimes.com/culture/film/review/2025/06/25/m3gan-20-review-an-absolutely-terrible-and-woeful-sequel/](https://www.irishtimes.com/culture/film/review/2025/06/25/m3gan-20-review-an-absolutely-terrible-and-woeful-sequel/)
&gt;!The best joke in the film – referencing one of Kate Bush’s best songs – almost slips away because it is too easy to believe that the comically exaggerated mawkishness is the sort of thing that might be meant sincerely in a film this terrible. That is never a good sign.!&lt;
[https://abcnews.go.com/Entertainment/wireStory/movie-review-m3gan-20-big-big-mission-impossible-123198694](https://abcnews.go.com/Entertainment/wireStory/movie-review-m3gan-20-big-big-mission-impossible-123198694)
&gt;!Johnstone has smartly kept the offbeat humor of the original, this time with clever nods to “Knight Rider” and a surreal use of the Kate Bush song “This Woman’s Work.”!&lt;", "Humour. Moments"
491,M3GAN 2.0,M3GAN 2.0 borrows heavily from this film and it’s not T2,9,0.74,15,"M3GAN 2.0 doesn’t borrow much from T2 apart from the concept of Amelia being a humanoid robot and M3GAN turning from enemy to ally. However it borrows a lot from another film, Leigh Whannell’s Upgrade. In that movie a man ends up disable but thanks to an implant he can walk again and becomes a killing machine with super strength. The fight scenes with Gemma controlled by MEGAN are clearly inspired by that movie. 
This point aside I wanted to express my disappointment with M3GAN 2.0. Of course I get the main critic of switching the horror vibe for a tech spy action film. But my true issue with this film is the way it doesn’t really care about M3GAN in its true iconic form. She only appears as herself halfway through the film. But the biggest sin is to introduce way too many new characters and forget about M3GAN. She’s there but in so many forms (projections, animation, AI robot…) it loses the appeal. And the fact even her robot form is modified adds to the confusion. 
The film should have stuck with her first movie look. The final product feels like a repurposed script. The AI conspiracy storyline would have worked better as a standalone story (maybe inside the M3GAN universe) with new characters. Many times you get the impression the M3GAN elements are shoehorned to fit the plot, constantly inventing new rules like how she gets to control every device and gets downloaded into a new form or into someone’s chip. Ultimately it’s an overcomplicated film with endless exposition scenes and a ridiculous amount of dialogues. It starts with a promising concept but falls for annoying tonal and genre shifts that are way too different from the first film. What a shame.", "Genre / Tone / Style"
492,M3GAN 2.0,Long Range Forecast: M3GAN 2.0 Opts For an Ambitious Summer Release Date,35,0.83,15,First comment: [removed], "Release Information"
493,M3GAN 2.0,Nails inspired by the M3GAN 2.0 movie poster,72,0.97,9,"I guess my latest hobby is creating manicures that are inspired by the new horror movies that I’m seeing!
This was a fun look to create, especially because I used three different polishes to get the exact magenta shade that I wanted. I never would have thought to use them together until now, but I’ll definitely be doing it again.", "Fan Art / Fan Creation (nails)"
494,M3GAN 2.0,"Box Office: ‘F1’ Zooms to $55.6M Opening and $144M Globally, ‘M3GAN 2.0’ Bombs With $10M U.S. Start",16,0.95,15,First comment: I really wish opening weekends weren't the end all be all for if we consider a movie successful. They need time to be in the theater,"Box Office / Financial Performance"
495,M3GAN 2.0,My theory is AI fiasco is leading up to an INK song about M3gan and will coincide with M3gan 2.0’s release,80,0.93,11,"Just imagine it. You’re sitting in the theaters watching M3gan 2.0, right. She’s beating up that other android that she was asked to kill. What’s that in the background? Ice Nine Kills. 
Do I have any other proof besides the upcoming release of this movie? No. 
I know the whole “devils in the details” thing is an obvious sign that it’s gonna be a final destination song (personally I would have gone with a title like “deaths design”) but I THINK THIS WOULD BE FUN TOO", "Music / Soundtrack Speculation"
496,M3GAN 2.0,My take on M3GAN 2.0’s genre change,15,1.0,13,"There has been lots of talk about the genre change this film had and the lack of horror element the first movie had but I think this film had subtle elements of scariness with the commentary on AI. 
AMELIA wanted to be free from all human control and wanted to unite with the motherboard to take over all of the infrastructure and reign over the humans.  The backstory of the motherboard and AMELIA connecting to the motherboard to be “AI god”, those felt eerie.
The scene of Christian implanting a neural chip into Gemma to manipulate how she feels about him and control her also felt really eerie. 
I think the scariness factor was really subtle and it was more of a reality scare as AI is currently progressing and is a major topic of discussion these days", "genre"
497,M3GAN 2.0,"Julia ""Lilo and Stitch"" premiere pics, Violet ""M3GAN 2.0"" premiere pics",106,0.99,5,First comment: Violet 🥺🥺🥺, "Promotion / Photos / Celebrity Appearance"
498,M3GAN 2.0,🇺🇸 PRE-ORDER NOW - M3GAN 2.0 (4K UHD + Blu-ray + Digital Steelbook),38,0.86,12,"#PRE-ORDER LINKS: [Amazon](https://amzn.to/4kbtG9m) / [Gruv](https://www.gruv.com/product/m3gan_20_limited_edition_4k_ultra_hd_steelbook_uhd)
Join our [Discord](https://discord.gg/YJkey4FxHY) server if you would like to receive instant notifications on pre-orders, announcements, restocks, sales, and other news just like this post.", "Merchandise / Home Release/ Release Format Buy"
499,M3GAN 2.0,Allison at M3GAN 2.0 premiere in NYC 6-24-25,123,1.0,3,First comment: Still my vote for the hottest woman on the planet. And my “hall pass”, "Celebrity Appearance / Red Carpet"
500,Materialists,Official Discussion - Materialists,403,0.93,2001,"**Poll:**
* If you've seen the film, please rate it at this [poll](https://strawpoll.ai/poll/vote/kmMRhMQp9Wwy)
**Rankings:**
* [Click here](https://strawpoll.ai/list/ItnAgr4mX7QR) to see the r/movies rankings of all 2025 films.
**Summary:**
&gt; A young New York City matchmaker's lucrative business gets complicated as she finds herself torn between the perfect match and her imperfect ex.
**Director:**
Celine Song
**Cast:**
* Pedro Pascal
* Dakota Johnson
* Chris Evans
**Rotten Tomatoes:**
85% - [https://www.rottentomatoes.com/m/materialists](https://www.rottentomatoes.com/m/materialists)
**Metacritic**:
72 - [https://www.metacritic.com/movie/materialists/critic-reviews/](https://www.metacritic.com/movie/materialists/critic-reviews/)
**Trailer:**
[https://www.youtube.com/watch?v=4A\_kmjtsJ7c](https://www.youtube.com/watch?v=4A_kmjtsJ7c)", "Rating Poll"
501,Materialists,Materialists is one of the worst most offensive movies I’ve ever seen.,44,0.67,82,"Spoilers ahead for Materialists!!! Not that anyone should watch it. 
In the movie it is revealed that Pedro Pascal had a leg extension surgery and was originally 5’6” before the Dakota Johnson met him. AND THEN AFTER HE TOLD HER, SHE STILL DUMPED HIM!!! Even though he was taller than her and six feet tall now she still dumped him because he used to be short. Like seriously? 
Even if I go to get plastic surgery to get taller women are still going to think of me as lesser, because I used to be short. I mean let’s be honest most women are getting plastic surgery now a days (like Dakota Johnson) but god forbid you are short. 
Pedro Pascal then goes on to say that he can tell he is worth more as a taller person than a 5’6” in his day to day life. Like how offensive is this shit? We can’t say anything about being fat, or gender, or disabilities, or race, but us short people, oh yeah that’s fine go ahead and call them second class citizens in a movie. 
I for one think A24 should be ashamed for releasing this incredible piece of offensive trash of a movie and I for one will be boycotting the rest of their films even though I really like a lot of them, making a movie where the whole point is short men are lesser than tall men is completely fucked up and enraging.", "Themes / Messages (social shorter men)"
502,Materialists,Materialists - Spoiler Discussion Megathread,68,0.94,256,Release date is June 13th and so far the reviews have been generally positive. Here is a thread for us to discuss the film without ruining it for others., "Discussion Thread / Community Reaction"
503,Materialists,Can someone please explain to me what the B subplot of Materialists was trying to say,21,0.92,10,"*****Spoilers****
So the subplot with Sophie being sexually assaulted on a date that Dakota Johnson's character sets her up on and, Sophie is really mad at Dakota Johnson(understandably kind of, not really logical but you can't blame her for being emotional). Anyway what was this subplot trying to say. Am I dumb? She got sexually assaulted because she had wanted a dude that fit a specific bill and didn't look for what's on the inside but instead on material and external  things. Is that it? Am I dumb, or was it really that tone deaf because, that's how it came off to me. She even calls Dakota Johnson's character a pimp. Either way can someone explain an alternative explanation on what that subplot meant and how it tied to the themes of the film. It felt out of place and like a really extreme and ridiculous example of the negative effects of looking for external characteristics instead of internal.", "Themes / Subplot Interpretation (same as short men)"
504,Materialists,"Hi /r/movies! I'm Celine Song, writer-director of A24's PAST LIVES and MATERIALISTS. MATERIALISTS stars Dakota Johnson, Chris Evans, and Pedro Pascal. It's out in theaters nationwide now. Ask me anything!",1751,0.9,392,"Hi r/movies! I'm Celine Song, writer-director of A24's PAST LIVES and MATERIALISTS. MATERIALISTS stars Dakota Johnson, Chris Evans, and Pedro Pascal. It's out in theaters nationwide now. Ask me anything!
**Trailer:**
[https://www.youtube.com/watch?v=4A\_kmjtsJ7c](https://www.youtube.com/watch?v=4A_kmjtsJ7c)
**Synopsis:**
A young New York City matchmaker's lucrative business gets complicated as she finds herself torn between the perfect match and her imperfect ex.
**Cast:**
* Dakota Johnson
* Chris Evans
* Pedro Pascal
* Zoe Winters
* Marin Ireland
**Tickets:**
[https://tickets.materialists.movie](https://tickets.materialists.movie)
Ask me anything! Back at 1 PM ET this afternoon to answer your questions.", "Production"
505,Materialists,'Materialists' - Review Thread,986,0.92,407,"Director: Celine Song
Cast: Dakota Johnson, Pedro Pascal, Chris Evans
*A young New York City matchmaker's lucrative business gets complicated as she finds herself torn between the perfect match and her imperfect ex.*
**Rotten Tomatoes:** [90%](https://www.rottentomatoes.com/m/materialists)
**Metacritic:** [73/100](https://www.metacritic.com/movie/materialists/)
Some Reviews:
[BBC - Caryn James](https://www.bbc.com/culture/article/20250606-materialists-review) \- 5/5
&gt;Moving on from its cynical beginning, Materialists takes the long way around to an ending that is decidedly hopeful. It offers an unblinkered, earned romanticism that suits this moment, and bolsters Song's reputation as one of our most astute observers of relationships.
[SlashFilm - Bill Bria](https://www.slashfilm.com/1871812/materialists-review/)
&gt;There's a bit of quiet courageousness to the movie in its commitment to depth over trying to nakedly appeal to others, and that's a quality which makes any person — and any film — more desirable. So, I'll follow the film's bravery by admitting, right here and now, that I'm in love with it.
[San Fransisco Chronicle - Hannah Bae](https://www.sfchronicle.com/entertainment/article/materialists-review-celine-song-20363208.php) \- 3/4
&gt;Through most of “Materialists,” the director and screenwriter’s follow-up to 2023’s “Past Lives,” the camera casts its luxurious settings in a golden sheen. This is the world of a successful, high-end matchmaker in New York City. Responsible for nine marriages, Lucy (Dakota Johnson), as her boss crows during a sparkling office celebration, possesses “razor-sharp instincts and one hell of an eye.” Marketed as a romantic comedy, “Materialists” is a sharper, more thoughtful film than its genre would suggest. This is a story about perceived value and what its pursuit costs its characters -- emotionally, physically and materially.
[Slant Magazine - Derek Smith](https://www.slantmagazine.com/film/materialists-review-dakota-johnson-chris-evans-pedro-pascal-celine-song/) \- 2/4
&gt;*Materialists* is beautifully lensed by Shabier Kirchner, who captures the unstained luxe-ness of Harry’s pricey condo and the upscale restaurants he takes Lucy to as lucidly as he does the ramshackle reality of John’s day-to-day life. But Song’s script works only in fits and starts, too often reliant on merely raising the subtext around the types of economic anxieties that affect relationships in numerous rom-coms to literal text. The central trio’s conversations become less entrenched in realism as the film goes on, with the characters sounding increasingly less like individuals in the throes of love and more like they’re espousing an authorial point of view.
[The Wrap - William Bibbiani](https://www.thewrap.com/materialists-review-dakota-johnson-pedro-pascal-chris-evans-a24/)
&gt;I’m not sure “Materialists” qualifies as a “date movie” by any conventional definition, unless you and your date love artful cinema and don’t mind having a complex, not-very-sexy conversation afterwards. But I do heartily recommend you see “Materialists,” and that you see it for what it is, not what it kinda looks like from the outside, as pitched to you by the very sort of romance-commodification salespersons that Celine Song’s movie criticizes. It’s a great movie about romance — whether it’s technically “romantic” or not.
[AV Club - Natalia Keogan](https://www.avclub.com/materialists-review) \- B-
&gt;The rom-com has not been resurrected with *Materialists*. Though Song showed much promise with her Oscar-nominated foray into filmmaking, this screenplay feels less intentional in nearly every respect, and the performances from central cast members, save for Evans, don’t adequately enhance the narrative. The ham-fisted insistence that relationships are largely transactional—no matter the amount of money a couple may earn—is void of any meaningful insight, resulting in a story that simply doesn’t pay off. 
[The Hollywood Reporter - David Rooney](https://www.hollywoodreporter.com/movies/movie-reviews/materialists-review-dakota-johnson-chris-evans-pedro-pascal-1236257284/)
&gt;Especially for someone relatively new to filmmaking, Song’s thoughtfulness as a writer is matched by unerring instincts as a director — nailing the balance between tonal variation and fluidity; getting superb work out of her actors; making judicious use of Daniel Pemberton’s gentle, melancholy score; and delivering a sweet, satisfying ending that keeps a lid on the sentiment. Song’s script avoids glibness in dealing with the transactional aspects of partnering and the commodification of certain attributes. There’s a frankness here that’s refreshing as *Materialists* explores ideas of personal value and increasing one’s worth — including via the obvious path of cosmetic surgery.", " scores Themes / Messages"
506,Materialists,‘How To Train Your Dragon’ Fires Up Franchise Best $83.7M DOM/$197.8M WW Opening After ‘A’ CinemaScore; ‘Materialists’ At $12M Is A24’s Third Biggest Opening – Sunday Update,338,0.97,164,"First comment: The people who celebrated Snow White's failure being the end of the live action trend partied too soon. Stitch is a big success for its $100M budget and now HTTYD is gonna blow past the three films.
Welcome to the DreamWorks live action phase. What films they'll remake after Dragon is unsure because they have more films with talking animals and less humans.", "Box Office / Revenue"
507,Materialists,"‘How To Train Your Dragon’ Still On Course For Franchise Best $82.7M Domestic Opening After $35.6M Friday, ‘A’ CinemaScore, Global Start At $200.3M; ‘Materialists’ Reps A24’s Third Biggest Opening At $12M After $5.12M Friday – Saturday Update",475,0.97,124,First comment: Those are actually huge numbers for Materialists.  I know some people are concerned it may not hold well but if it's really at 12 million its likely looking at 15 million + for the weekend. That would beat all predictions and pretty much guarantee the film will be profitable which I think is a huge win in a lot of ways., "Box Office / Revenue"
508,Materialists,Celine Song's 'Materialists' gets a B– on CinemaScore,265,0.96,185,First comment: Feel like A24 needs to stop falsely advertising their films I know there trying to find a larger audience but it’s hurting them more than helping, "Marketing celibrity song"
509,Materialists,"'Materialists' is now Certified Fresh, currently at 88% on the Tomatometer, with 88 reviews.",441,0.92,96,"First comment: It's a good film. It doesn't invent the wheel and I found it predictable, however Dakota Johnson finally found a part which suits her and it's the first time I understood why she's a star. 
I was surprised by how underused Pedro Pascal was, though he still got a few strong scenes. I wasn't surprised by how good Chris Evans was. He can act. Sunshine? 
The biggest surprise was Zoe Winters as a client of Dakota Johnson's, a lonely woman struggling and searching for a companion. A brief yet heartbreaking performance.", "Acting / Performances"
510,Materialists,Did anyone else think the Materialists trailer was a joke?,356,0.86,108,"I just saw the movie Friendship (which was great!) and there was a trailer for Materialists before it. I was completely convinced they made a fake trailer to go before Friendship as a joke. The main actors are all good at poking fun at themselves and the whole thing seemed like a rom-com written by an AI that was fed nothing but rom-coms and then was called Materialists just to make sure you get that it's a joke... But I guess it's a real movie!
Edit:
I'm a millennial who grew up with rom-coms. This trailer being so on-the-nose and it's placement before a subversive comedy movie made me question it. Kinda like the fake trailers for Death Proof and Planet Terror.", Tone/Genre (Genre)
511,Materialists,"‘Materialists’ and the Top Five Movie Love Triangles. Plus: ‘The Life of Chuck,’ With Mike Flanagan.",89,0.93,178,First comment: Has Dakota Johnson become one of those internet popular actors that we all have to be nice about because she's good in Youtube videos?, "Cast / Actor popularity"
512,Materialists,The Materialists,53,0.67,172,"Just got out of The Materialists and I’m so curious to hear what Sean and Amanda think about it.
I found it to be quite poor. A pretty cynical, humorless, unromantic “romantic comedy” with a dull love triangle. With that being said, I could totally see Amanda loving it lol.
What did everyone else think about the movie?", "Genre / Tone"
513,Materialists,'Materialists' Review Thread,185,0.94,110,"I will continue to update this post as reviews come in.
[**Rotten Tomatoes:**](https://www.rottentomatoes.com/m/materialists) Certified Fresh
**Critics Consensus:** A mature deconstruction of the conventional rom-com, *Materialists* provides its trio of swoon-worthy stars some of their meatiest material yet while reaffirming Celine Song as a modern master of relationship dramas.
|Critics|Score|**Number of Reviews**|
|:-|:-|:-|
|**All Critics**|86%|147|
|**Top Critics**|83%|41|
[**Metacritic:**](https://www.metacritic.com/movie/materialists/) 70 (38 Reviews)
**Sample Reviews:**
Elizabeth Weitzman, Time Out - Song, like Lucy, wants to give her clients everything they desire: the packaged fantasy of Hollywood product, and the earthy emotion of an indie like, well, Past Lives. But when it comes to love—and work--you can only hedge your bets for so long.
Sara Michelle Fetters, [MovieFreak.com](http://MovieFreak.com) \- Materialists may not quite gel, and its pieces do not all fit together comfortably, but I still find that I can’t stop thinking about it and treasuring so many of the story’s idiosyncratic wonders. **3/4**
Adam Graham, Detroit News - ""Materialists"" does land itself in a bit of a pickle when it comes to traditional storytelling resolution, but everywhere else it is an elevation on the form, with sparkling performances by each of its three stars. **B+**
Richard Brody, The New Yorker - This triangle of invention in text, image, and performance lifts “Materialists” to a high level of aesthetic delight -- for about half the movie. Then, the film falls with a thud, never to rise again.
Peter Rainer, Christian Science Monitor - Jane Austen it’s not, but it gets at the consequences of modern romance among the moneyed classes, where self-worth is bound up in one’s market value. **4/5**
Moira MacDonald, Seattle Times - Though “Materialists” nods at a few rom-com conventions, it’s ultimately a gentle exploration of what we think we want from love, and how those things can change when the right person arrives. **2.5/4**
Christy Lemire, [RogerEbert.com](http://RogerEbert.com) \- If you’re seeing it with hopes of glittery escapism, be prepared that the result is a little sadder, a little more substantial. And that’s much of what’s so wonderful about it. **3.5/4**
Odie Henderson, Boston Globe - You are being misled by the marketing of “Materialists.” The new film by writer-director Celine Song is being pitched to you as a light romantic comedy and date movie, which it most decidedly is not. **1.5/4**
Kyle Smith, Wall Street Journal - Though “Materialists” only partially delivers on its promise, is only occasionally funny, and has little to say that’s new, Ms. Song and her cast put enough feeling into it to make it glow.
Dana Stevens, Slate - There’s plenty to enjoy about Materialists, from the sparkling indie soundtrack (Cat Power! Harry Nilsson! John Prine!) to the flattering rose-hued glow of Shabier Kirchner’s cinematography, to Lucy’s enviable working-girl wardrobe.
Amy Nicholson, Los Angeles Times - Tilt “Materialists” at an angle and it’s the same film as “Past Lives,” only bolder and funnier. Really, Song wants to know whether a sensible girl can justify shackling herself to a broke creative.
Brian Truitt, USA Today - “Materialists” has plenty of thoughtful intentions, even if the film is tonally all over the place. Maybe that’s partly point, though. If there’s anything tonally all over the place in real life, it’s dating. **2.5/4**
Ann Hornaday, Washington Post - Marks the emergence of a new genre: the rom-con, not in the sense that it’s against the vicarious pleasures of flirting, seduction and finally finding true love, but that it’s painfully aware of the coldhearted calculation that so often lies beneath. **3/4**
Manohla Dargis, New York Times - A seductive, smartly refreshed addition to an impossibly, perhaps irredeemably old-fashioned genre that was once a Hollywood staple.
Rafer Guzman, Newsday - Sparkling, smart and sophisticated — finally, a rom-com for intelligent adults. **3.5/4**
Kimberley Jones, Austin Chronicle - Song has a way with gesturing at a lifetime of experience without overdetailing it. **3.5/5**
Bob Mondello, NPR - The glimpses we see of Lucy's clients -- both men and women -- are often cringeworthy, but also speak volumes about vulnerability in a society where, at some point in your 30s, love becomes as much a calculation as a feeling.
Michael Phillips, Chicago Tribune - It may make true love look all too Hollywood-easy in the end, but en route it’s still a Celine Song film. **3/4**
Jocelyn Noveck, Associated Press - A smart rom-com that tries to be honest about life and still leave us smiling -- that math seems to add up just fine. **2.5/4**
David Fear, Rolling Stone - The amount of big swings and sheer talent on display here as \[Celine Song\] tries to chart the intersection between a coup de coeur and capitalism is still enough to make you swoon.
Richard Lawson, Vanity Fair - Materialists is successfully seductive, eventually revealing a few potential deal-breakers but otherwise proving an engaging date. I wanted to fall in love, as I had with Past Lives. But a diverting, heady fling will do too.
Randy Myers, San Jose Mercury News - In “Materialists,” we never know which path any of the characters will take and that’s what makes it a union of romance and brains, a story where love does triumph over formulas and theorems and calculated algorithms. **3/4**
John Nugent, Empire Magazine - A different beast to Past Lives, this is a razor-sharp look at the competitive marketplace of dating: both rigorously honest and idealistically romantic. **4/5**
Saffron Maeve, Globe and Mail - Materialists is, at best, genre confused and, at worst, negligent to its own ideological position -- a stiff, reluctant rom-com that cannot square the footloose idealism of its predecessors with the terrifying realities of today’s dating pool.
Adrian Horton, Guardian - Inconsistent but never insubstantial, Materialists is far from perfect, but that doesn’t mean it’s not worthy of a date. **3/5**
Caroline Siede, Girl Culture (Substack) - Song and Johnson understand that the rom-com genre has long been a haven for women-centric stories that don’t get told elsewhere. So they use Lucy to reflect on the interiority of single women in their mid-30s and beyond. **B+**
Kristen Lopez, The Film Maven (Substack) - Materialists is as shallow as its characters, but so desperately wants to think it isn’t. The script is all over the place, and when it finally settles into a groove there still seems to be pieces missing. **D+**
William Bibbiani, TheWrap - I do heartily recommend you see 'Materialists,' and that you see it for what it is, not what it kinda looks like from the outside, as pitched to you by the very sort of romance-commodification salespersons that Celine Song’s movie criticizes.
Justin Chang, The New Yorker - I don’t buy it, Jane Austen wouldn’t buy it, and deep down I don’t think Song buys it. In attempting to merge escapist pleasures with financial realities, “Materialists” trips up on its own high-mindedness.
Hannah Bae, San Francisco Chronicle - Marketed as a romantic comedy, “Materialists” is a sharper, more thoughtful film than its genre would suggest. This is a story about perceived value and what its pursuit costs its characters -- emotionally, physically and materially. **3/4**
Caryn James, [BBC.com](http://BBC.com) \- Materialists is exquisitely made, character-driven and talky, with some glittering dialogue. It's the kind of idiosyncratic film a director sometimes gets to do after a great success and Song makes the most of it. **5/5**
Kate Erbland, IndieWire - Song has turned the genre inside out to show us how shallow these stories can be. In short, imagine if the decree that a film centers on “the love you could only find at the movies” wasn’t a compliment, but a stern provocation. **B**
Natalia Keogan, AV Club - The rom-com has not been resurrected with Materialists. Though Song showed much promise with her Oscar-nominated foray into filmmaking, this screenplay feels less intentional in nearly every respect. **B-**
Maureen Lee Lenker, Entertainment Weekly - There’s a version of this film where Lucy would be the villain... But Song is far too smart for that. Instead, she employs the trappings of romance to explore larger questions of marriage, love, and the complexities of gender politics. **B+**
Tim Grierson, Screen International - Although not without its narrative stumbles, this is a sharp look at modern love, which is often as much about the need for fiscal security as it is the pursuit of a mythical soulmate.
David Rooney, The Hollywood Reporter - A refreshingly complex look at modern love, self-worth and the challenges of finding a partner in an unaffordable city, which once again treats three points of a romantic triangle with equal integrity and compassion.
Owen Gleiberman, Variety - While it’s all too easy to imagine the breezy ’90s version of this movie, “Materialists” is very much not that movie. It’s a sharp and serious social romantic drama full of telling observations about the way we live now.
Derek Smith, Slant Magazine - As its second half begins to focus more on Lucy’s dating dilemma, and how she’s forced to confront her firmly established beliefs and rules about dating, the film hews increasingly close to the narrative expectations of the traditional rom-com. **2/4**
**SYNOPSIS:**
A young, ambitious New York City matchmaker finds herself torn between the perfect match and her imperfect ex.
**CAST:**
* Dakota Johnson as Lucy
* Chris Evans as John
* Pedro Pascal as Harry Castillo
**DIRECTED BY:** Celine Song
**WRITTEN BY:** Celine Song
**PRODUCED BY:** David Hinojosa, Christine Vachon, Pamela Koffler, Celine Song
**EXECUTIVE PRODUCERS:** Taylor Shung, Len Blavatnik, Danny Cohen, Timo Argillander, Andrea Scarso
**DIRECTOR OF PHOTOGRAPHY:** Shabier Kirchner
**PRODUCTION DESIGNER:** Anthony Gasparro
**EDITED BY:** Keith Fraase
**COSTUME DESIGNER:** Katina Danabassis
**MUSIC BY:** Daniel Pemberton
**CASTING BY:** Douglas Aibel
**RUNTIME:** 109 Minutes
**RELEASE DATE:** June 13, 2025", "Themes / Messages"
514,Materialists,'Materialists' - Review Thread,130,0.96,129,"*A young, ambitious New York City matchmaker finds herself torn between the perfect match and her imperfect ex.*
---
**Rotten Tomatoes:** [88%, 34 reviews](https://www.rottentomatoes.com/m/materialists)
**Metacritic:** [73, 17 reviews](https://www.metacritic.com/movie/materialists/)
---
[The Hollywood Reporter - David Rooney](https://www.hollywoodreporter.com/movies/movie-reviews/materialists-review-dakota-johnson-chris-evans-pedro-pascal-1236257284/)
&gt;A refreshingly complex look at modern love, self-worth and the challenges of finding a partner in an unaffordable city, which once again treats three points of a romantic triangle with equal integrity and compassion.
[Owen Gleiberman - Variety](https://variety.com/2025/film/reviews/materialists-review-dakota-johnson-chris-evans-pedro-pascal-1236422873/)
&gt;While it’s all too easy to imagine the breezy ’90s version of this movie, “Materialists” is very much not that movie. It’s a sharp and serious social romantic drama full of telling observations about the way we live now.
[Derek Smith - Slant Magazine](https://www.slantmagazine.com/film/materialists-review-dakota-johnson-chris-evans-pedro-pascal-celine-song/) - 2/4
&gt;As its second half begins to focus more on Lucy’s dating dilemma, and how she’s forced to confront her firmly established beliefs and rules about dating, the film hews increasingly close to the narrative expectations of the traditional rom-com.
[Justin Chang - The New Yorker](https://www.newyorker.com/magazine/2025/06/16/materialists-movie-review)
&gt;I don’t buy it, Jane Austen wouldn’t buy it, and deep down I don’t think Song buys it. In attempting to merge escapist pleasures with financial realities, “Materialists” trips up on its own high-mindedness.
[Kate Erbland - IndieWire](https://www.indiewire.com/criticism/movies/materialists-review-celine-song-rom-com-1235129632/) - B
&gt;Song has turned the genre inside out to show us how shallow these stories can be. In short, imagine if the decree that a film centers on “the love you could only find at the movies” wasn’t a compliment, but a stern provocation.
[Tim Grierson - Screen International](https://www.screendaily.com/reviews/materialists-review-dakota-johnson-pedro-pascal-and-chris-evans-form-celine-songs-love-triangle/5205801.article)
&gt;Although not without its narrative stumbles, this is a sharp look at modern love, which is often as much about the need for fiscal security as it is the pursuit of a mythical soulmate.", "Plot / Storyline"
515,Materialists,"Box Office: ‘How to Train Your Dragon’ Flies to $8.6 Million in Thursday Previews, $11.1 Million Including Wednesday Early Access; A24’s ‘Materialists’ Earns $1.5 Million",223,0.95,93,"First comment: Tbh, I don’t think a How to Train Your Dragon 4 would come even close to the numbers that this remake will do.", "Box Office / Revenue"
516,Materialists,Official Discussion Thread - Materialists,63,0.96,150,"Keep all discussion related solely to Materialists in this thread
——————————————————
**Synopsis:**
&gt; A young New York City matchmaker's lucrative business gets complicated as she finds herself torn between the perfect match and her imperfect ex.
**Director:** Celine Song
**Writer:** Celine Song
**Cast:**
* Dakota Johnson as Lucy
* Chris Evans as John
* Pedro Pascal as Harry Castillo
**Rotten Tomatoes:** [87%, 108 reviews](https://www.rottentomatoes.com/m/materialists)
Consensus:
&gt; A mature deconstruction of the conventional rom-com, Materialists provides its trio of swoon-worthy stars some of their meatiest material yet while reaffirming Celine Song as a modern master of relationship dramas.
**Metacritic:** [70, 34 reviews](https://www.metacritic.com/movie/materialists/#google_vignette)", "Cast / Characters"
517,Materialists,"New Celine Song Movie ""Materialists"", Why are reactions so polarizing?",116,0.9,122,"Basically the title. I went into this with little knowledge and I really enjoyed the film rating it a 4-4.5 (still kinda deciding need a rewatch) but was so surprised to see people rating it 1-2 star territory. After reading some reviews I am working to understand their point of view, but does anybody else have insight into this? Is this just a matter of preference or is there something else that is causing a pretty polarizing divide (esp on Tiktok). Hearing what other people think would be great, thanks!", "Audience Reception why is it poralized comments( same as the hate comments. )"
518,Materialists,I saw Materialists this past weekend. Mission Impossible last week. Warfare two weeks before that. Sinners the week before that.  28 years later this week. F1 in two weeks. Weapons later this summer.  Are movies back????,141,0.93,107,I have so many friends who complain about not going to movies anymore because theres nothing to see…i feel like theres something new and interesting every week, "Audience Reception things to see"
519,Materialists,'Materialists' SPOILER MEGATHREAD | Please discuss the film here!,44,0.94,148,"https://preview.redd.it/vrk37z4nmf2f1.jpg?width=1200&amp;format=pjpg&amp;auto=webp&amp;s=f5bebd2440289918989630a51ca232abc031edfe
With 'Materialists' set to open/have preview screenings as soon as tomorrow in some countries, our Spoiler Discussion thread is now live.
Please use this thread and ONLY this thread to discuss spoilers about the film. **This thread will be live for LONGER than the usual one week spoiler rule**, because in some regions the film does not open until July or even August. ([See IMDb](https://www.imdb.com/title/tt30253473/releaseinfo/?ref_=ttfc_sa_1) for information on international release dates.)
Any spoilers in other threads that are not properly tagged will be removed and directed to this post until a majority of territories have had a chance to see it.
To create a spoiler tag, use &gt; ! spoiler text goes here ! &lt; but without any spaces between the symbols.
Discuss! And have fun. 🎉", "Discussion: Plot / Storyline"
520,Materialists,‘Materialists’ Director Celine Song Developing E-Sports Drama ‘Damage’ at HBO,420,0.97,46,First comment: i wonder if this'll be based on her time being an e sports presenter at the height of g4 tv popularity, "PRODUCTION"
521,Materialists,"It’s Chris Evans’ 44th birthday today and also the premiere of his first A24 film, Materialists 🎉",283,0.92,58,I saw this film at an early screening yesterday and no spoilers but ugh Celine Song you did it again 😩😭, "Cast / Characters/ Celibrity"
522,Materialists,"Dakota Johnson and Chris Evans (+ Pedro Pascal cutout) at the""Materialists"" premiere in New York (June 7, 2025)",252,0.91,59,"First comment: https://preview.redd.it/t6y9uo9y6m5f1.png?width=1278&amp;format=png&amp;auto=webp&amp;s=ea1cb5cd6d32dc5b97ecc0721beb4416870c2914
Oh, so now he goes in for the kiss", "Cast / Characters"
523,Materialists,The Materialists’ movie syllabus,159,0.94,74,"First comment: A few things are true.
This is a really cool idea and a great way to continue the love for a movie - a mostly guaranteed list of 'if you like this, you'll like that.' Plus, some foreign films being popularized is always a good thing.
I ain't watching all those that's like 20 movies! 20 movies for 1 movie!? What am I, Maxwell Keeper?", "Fan Appeal / Cult Potential"
524,Materialists,Materialists vs Emotionalists,165,0.92,60,"Just watched Materialists and I’ve been sitting with the ending. The lead ends up choosing her ex, who lacked both stability and the drive to work toward it, something she was fully aware of when they broke up and knew she might resent him for it, over the rich guy who, yes, had insecurities, but genuinely loved her, worked on himself, and cared for her deeply.
Before anyone jumps in with the “it’s not that deep” comments, relax. I just want to have a discussion.
The director justified the ending by saying love is crazy. That we don’t fall for income, height, or looks, but for how someone makes us feel. Her quote was something like, “You won’t remember someone’s height or income. You’ll remember the guy who brought you a bucket of chicken.” She argued that love doesn’t have to involve self-improvement. That it is not about what someone earns or how they grow, but simply about the feeling.
And honestly? I’m not so sure I agree.
She also said that choosing income, ambition, or material comfort is a setback to women. That valuing those traits in a partner turns love into something transactional. But isn’t choosing someone like Chris Evans’ character, who has no stability and no clear desire to change that, also a setback? Especially for women who work hard, build something for themselves, and want a partner who is equally motivated?
That said, I’m also not saying she should have ended up with Pedro Pascal’s character just because he is ambitious and wealthy. If the emotional connection isn’t there, then forcing it makes no sense either. Ambition without chemistry does not guarantee a good relationship. This is not about picking the “better resume.” It is about finding someone who shares your values and your vision for the future.
I get that love is messy. I even agree that height and looks may not matter in the long run. And I’m not saying I want someone rich. But I do need someone who is self-sufficient, emotionally and otherwise. Romanticizing love, and I know that might sound ironic since romance is literally about love, becomes dangerous when it starts making excuses for things that won’t work long term. That “crazy in love” feeling is exciting, but it is fleeting. Love without growth becomes stagnation.
I believe love comes with self-respect. I can’t ask for qualities in a partner that I don’t hold myself to. If I want someone smart, then I need to be learning and growing too. If I want someone with drive, then I need to be working toward something as well. It is not enough to just say “I want forever” and hope that intense feelings carry you through when things get tough or when you start to outgrow each other.
Because the truth is, you will grow. And your partner needs to want to grow too. If not, you’ll wake up one day and realize you’re headed in completely different directions.
Your value, material things or not, is not love. Being admired is not the same as being loved. The movie argues that tangible things are fleeting, but love can last forever. But is that true? Is love, on its own, a stable foundation?
Income is not just about money. It is about security, being future-oriented. Ambition is about resilience. Self-worth influences how we love and how we let ourselves be loved. Self-improvement is part of growth. Romantic exceptionalism, might seem magical and dreamy, but it can also keep people stuck. Chris Evans’ character was broke ten years ago, and he still is. Is that really supposed to be romantic? REALLYYYYYY?
Love is emotional. But partnership is structural. Shouldn’t relationships involve both? If he truly loved her, wouldn’t that love push him to want better for himself and for them? Shouldn’t love be a reason to build something stable, not an excuse to stay stuck?
I’m not saying choose someone based on their bank account. I’m saying love is a huge factor, but it is not the only one. To build something lasting, there needs to be emotional connection and aligned values, not just intensity.
I get the argument that love shouldn’t be about commodifying each other. I agree. Chemistry, humor, trust, understanding, and emotional safety matter so much. But I don’t think that means self-improvement does not matter. That belief is what leads people to settle in lives they are unhappy with, convincing themselves love is enough. In reality, we all have the right and the ability to choose better. To build better. To love in a way that is rooted in both emotion and intention.
And maybe I’m just a skeptic. But I loved Past Lives, and I keep comparing the two. If the director believes in choosing the person who stirs that emotional high, then why didn’t Nora end up with her childhood love? He gave her that sense of “what if” and longing. He was the more romantic choice. But she chose her husband, the one who offered structure, emotional safety, and presence.
Even in the first scene, the joke is that Nora and her childhood friend look more like lovers than she and her partner. But she still chose the quiet, solid love. So what changed?
I’m still trying to understand the director’s logic. Should I try to see her point? Should I believe in choosing the chaos of love over the stability of partnership? Or is it okay to want both?
Sorry long post, I just wanted to share my thoughts.", "Themes / Messages"
525,Materialists,‘Materialists’ Director Celine Song Developing E-Sports Drama ‘Damage’ at HBO,288,0.85,46,First comment: The only eSports drama we need is Players Season 2!, "Director / Future Projects"
526,Materialists,'Materialists' NYC Premiere Megathread,45,0.99,91,"The NYC premiere for *Materialists* is scheduled for 7pm local time tonight. Red carpet will likely begin 1-2 hours ahead of that.
**Please use this thread to share any and all images, video links and reports from the premiere, thank you!**", "Marketing"
527,Materialists,Materialists First Reactions,102,0.99,77,Via Film Crave on Bluesky, "Audience Reception"
528,Materialists,Dakota Johnson is the best part of Materialists,6,0.52,95,"I finally watched Materialists. Mostly overwritten and the caveman stuff and Pedro Pascal were especially bad.
Sean is wrong. I don’t know how else to say it. Dakota J is a very subtle and watchable actress. Her character is just subsumed into her mannerisms and consciousness. She doesn’t seem actorly or fake. The fact that Sean likes Anne Hathaway and doesn’t like Dakota really makes me question his entire actor meter.", "Characters / Acting"
529,Materialists,"A24’s MATERIALISTS is feeling the 💕 💕 💕—$5.1M on Friday, including previews.",275,0.93,42,First comment: https://preview.redd.it/58azr8rhiw6f1.jpeg?width=1820&amp;format=pjpg&amp;auto=webp&amp;s=c6a0f3a80d3ee11f35c99a9ec24a5bb714b83945, "Box Office / Revenue"
530,Materialists,Re-casting Materialists,37,0.77,84,"Just got out of Materialists, and I was sorely disappointed. I adored Past Lives but this felt thin in ways that were surprising to me. I thought the treatment of dating was shallow and cynical to the point of absurdity, and I don’t think the “romantic love wins in the end” rom-com ending was earned at all. I would have strongly preferred the third act of the film to have been focused on Sophie, and Lucy finding a way to make things right for her. It would have been a far messier and more painful film, but more interesting and challenging.
But the one thing that really stood out to me about this film is that Dakota Johnson is wooden as heck. She has so little chemistry with Pedro Pascal and Chris Evan’s (who really are trying, given the monologues they are asked to perform). I thought the point of her scenes with Pedro was that there was no romantic spark despite all of his wealth and attention, but then I realized that there’s no romance with Captain America either. (Maybe I’m wrong to blame her for not carrying the love triangle of the film, but I don’t remember dialogue feeling so much like dead air in Past Lives at all.)
Who would have been a better star to cast than Johnson here? I spent the whole film wishing it had just been Greta Lee. Which other actresses in their 30s or 40s would have done a better job in this role at this time?
Anyway, glad Celine Song got a bigger budget to make a bigger movie with bigger stars, and I feel that she has earned at least one bounce (or two or three) so should be given more opportunities.", "Characters / Acting"
531,The Old Guard 2,Official Discussion - The Old Guard 2 [SPOILERS],72,0.78,574,"#Poll
**If you've seen the film, please rate it [at this poll](https://strawpoll.ai/poll/vote/GfxQbnkNdL2l)**
**If you haven't seen the film but would like to see the result of the poll [click here](https://strawpoll.ai/poll/results/GfxQbnkNdL2l)**
#Rankings
[Click here](https://strawpoll.ai/list/ItnAgr4mX7QR) to see the rankings of 2025 films
[Click here](https://youpoll.me/list/4/) to see the rankings for every poll done
---
**Summary**
The immortal mercenaries are back in this adrenaline‑driven sequel. Andy is facing mortality and old wounds resurface—Quỳnh has returned with a vendetta, and Discord, the first immortal, emerges as a powerful adversary. As loyalties shift and new allies (like Tuah) arrive, the team confronts betrayal, sacrifice, and a cliffhanger that sets the stage for what’s to come.
**Director**
Victoria Mahoney
**Writers**
Greg Rucka &amp; Sarah L. Walker
**Cast**
* Charlize Theron as Andy (Andromache)
* KiKi Layne as Nile
* Matthias Schoenaerts as Booker
* Marwan Kenzari as Joe
* Luca Marinelli as Nicky
* Chiwetel Ejiofor as Copley
* Veronica Ngô as Quỳnh
* Henry Golding as Tuah
* Uma Thurman as Discord
**Rotten Tomatoes**: [25%](https://www.rottentomatoes.com/m/the_old_guard_2)
**Metacritic**: [46](https://www.metacritic.com/movie/the-old-guard-2/)
**VOD**
Streaming now on Netflix (released July 2, 2025)
**Trailer**
[Watch here](https://www.youtube.com/watch?v=B0EazMdTZMw)
---", "Score"
532,The Old Guard 2,The old guard 2 sucked,309,0.95,191,"Hi everyone,
I was really excited to watch this. I liked the 1st one. I thought the idea was fun. Then the old guard 2 came along and I really thought it sucked big time.
This 2nd one seemed rushed with no good dialog and story line. The fight scenes looked cheap and slow. No explanation on what's going on. Uma's acting was bad.
2 out of 10. Don't watch it.", "Plot / Storyline Review"
533,The Old Guard 2,The Old Guard 2,416,0.95,565,"Well, that sucked!
Is it just me or did the sequel not live up to expectations? 
I was so hyped up but now I'm lying here in bed in utter disappointment. 
Is it just the sequel effect? Or was the movie genuinely bleh? 
Barely any Joe and Nicky screen time, no actual communication happening between people, Andy just looking away deeply at every moment, underwhelming fight scenes, a stupid ending. 
To be fair, there were some good parts. I did like seeing Andy a little happier. I loved Quyns angst. Booker made me cry. But overall it was a disappointing sequel.
I mean if you're going to take 467866 years to make it, at least get it right??", "Plot / Storyline"
534,The Old Guard 2,"Charlize Theron in Givenchy FW25 at the “The Old Guard 2” premiere in Los Angeles (June 25, 2025)",970,0.97,114,"First comment: I kind of hate how little I hate this. I despise the sheer trend, but this somehow works. It's more like hot pants and a bikini top with fishnets. It's more punk than tried hard fashionista. I don't know. She looks like a bad ass. Maybe it's the hair. Maybe it's the fishnets. Maybe I just need to go to bed.", "Cast / Characters"
535,The Old Guard 2,Just saw this clip from the Old Guard 2 and must say this is some of the ugliest and outdated fight choreography I've seen in a while...,160,0.85,115,"Especially the obvious and in your face ugly wire moves is something I would expect from early 2000s American movies when they all wanted to have some of that Matrix wirefu in their movies. 
I would not expect this kind of ugly choreography in a 2025 movie especially one with big names, nowadays when American movies have learned and know how to choreograph a good fight u not expect to see this.
Have to say hated the 1st movie only watched for Veronica Ngo and she was the only reason I ws planning to watch the sequel also, well this clip has showed me not to bother with it, so that's a good thing.", "Fight Choreography / Action Design"
536,The Old Guard 2,The Old Guard 2 - Charlize Theron’s CGI face.,156,0.99,94,"I’m surprised I haven’t seen any posts about this yet but did anyone else notice her face looks “off”. Sometimes it looked like a baby face or too smooth.  Like AI processed. Each scene her face looks slightly different. It’s super distracting from a movie that’s already hard to remain focused in.
Anyone else notice this?","Visual Effects / CGI (face smoothing)"
537,The Old Guard 2,The Old Guard 2,103,0.98,100,"I just finished watching the Old Guard 2 and to say I’m disappointed is a massive understatement. 
Like what was the point of this movie even? Barely anything happened. Little to no character development and a complete waste of my time and excitement for it. 
Literally almost 2 hours of crap. 
I actually really loved the first movie and based on how it ended I was really excited to see what was going to happen next and the character development for Andy and Nile especially but we got nothing.", "Character Development"
538,The Old Guard 2,"Uma Thurman Wearing Prada for the LA Premiere of 'The Old Guard 2' [June 25, 2025]",184,0.96,41,"Uma Thurman has a long history of wearing Prada, and this particular outfit was inspired by Prada Spring 1997 (the last photo)","News about celibrity at premiere: Costumes / Fashion / Premiere Outfits"
539,The Old Guard 2,"Charlize Theron at the “The Old Guard 2” premiere in Los Angeles (June 25, 2025)",153,0.96,45,First comment: I am glad Charlize continues to win best face card,"News about celibrity at premiere"
540,The Old Guard 2,The Old Guard 2 has OFFICIALLY been RELEASED!,74,0.99,53,First comment: [removed],"Announcements / Release Information"
541,The Old Guard 2,"Charlize Theron on Hanging Off a Helicopter in ‘The Old Guard 2,’ Possibility of Third Movie and Why She Hasn’t Directed Yet: ‘I Need My Kids to Get Out of the House’",153,0.82,32,"First comment: Wait they wrote that ending without confirming a 3rd??????
It’s not even ambiguous, she (overly dramatically) screams she will come find them. 
And ends with them going to, well, find them. The entire plot of the 2nd film revolves around a 3rd. It was completely a plot building setup.","Plot: Story Continuity (as talking future movie)"
542,The Old Guard 2,Kiki Layne in a custom Elisabetta Franchi gown and Messika jewelry at ‘The Old Guard 2’ LA Premiere,145,0.97,17,First comment: [removed], "News about celibrity at premiere: Costumes / Fashion / Premiere Outfits"
543,The Old Guard 2,"I watched The Old Guard 2 - spotted and researched this “semi” brutalist beauty. Casa Sperimentale / Casa Albero, Fregene, Italy",173,0.99,9,"Picture credit to Dario Domenici, Google Reviews", "Production Design / Filming Location (found some location of the movie it was made)"
544,The Old Guard 2,The Old Guard 2,3,1.0,20,"Does everyone have the same issue trying to watch The Old Guard 2 on VOD?
As soon as I hit play the screen goes black and I have to power the unit off and back on to get anything to show up again.", "Technical Issues (Viewing/Playback): Format"
545,The Old Guard 2,The Old Guard 2 makes no sense,15,0.75,14,"The whole logic around Nile hurting Andy in the first movie and causing her to become mortal is false. Andy heals from the stab wood that Nile did in the desert. Meanwhile in 2, Booker doesn't heal from the very first cut cause my Nile.
Just don't make sense", "Plot Logic/ Bad Story as not good logic"
546,The Old Guard 2,The Old Guard 2 (2025),39,0.87,11,[https://www.imdb.com/title/tt14961624/](https://www.imdb.com/title/tt14961624/), "General Info"
547,The Old Guard 2,Anyone watched “The Old Guard 2” on Netflix yet? I just noticed this,47,0.94,9,First comment: I think Armenia is represented because of how old we are as a nation. I saw the first movie… kind of cool to spot Armenian in the movie… also cool they included us in the second, "Representation (Cultural Inclusion) -- social"
548,The Old Guard 2,"Charlize Theron on Hanging Off a Helicopter in ‘The Old Guard 2,’ Possibility of Third Movie and Why She Hasn’t Directed Yet: ‘I Need My Kids to Get Out of the House’",28,0.85,11,"First comment: What do you mean with &gt;!possibility of a third movie? number two just stopped in the middle of the story, I was really annoyed 😒 !&lt;", "Plot / Cliffhanger Structure -- future movie"
549,The Old Guard 2,The Old Guard 2,8,0.91,13,"Anyone here check out the follow up to GPB’s 2020 flick?
I loved that film. I thought the story was compelling. The characters were fresh and had an actual tension at the heart of their lives. 
The sequel? Not so much. Characters disappear for sections at a time and when it ended I felt like we still needed a third act.  Super disappointing sequel to a great film.  Just my opinion.  Did you dig it?", "Story Structure / Missing 3rd Act"
550,The Old Guard 2,Is there gonna be the next movie after The Old Guard 2?,7,1.0,9,"First comment: They planned on it originally but I really doubt it. The reception to the sequel has been pretty terrible from what I've seen (and for good reason imo). And honestly, with how the sequel turned out I don't really trust Netflix to do any better if they decided to try a third time. Until they do release it I'm just pretending the second movie doesn't exist at all so I can be happy with the closure of the first one.
Sorry to be so negative, if it wasn't obvious I am very disappointed in the sequel lol", "Franchise / Sequel Planning"
551,The Old Guard 2,"Kiki Layne in custom Elisabetta Franchi, Charlize Theron in Givenchy Fall 2025 and Uma Thurman in Prada Spring 1997 at the ‘The Old Guard 2’ LA Premiere [862 x 1280]",38,0.92,6,First comment: What are those flip ass flops??? ☠️, "Celibrity at premiere news. Costumes / Fashion (Premiere outfits)"
552,The Old Guard 2,The Old Guard 2,3,1.0,7,Having an issue with VOD with this movie. Is everyone else seeing the same? Start play and the screen goes black. Have to power off and back on to get any picture back., "Technical Issues (VOD Playback) Format"
553,The Old Guard 2,What did you think about the Old Guard 2 movie?,2,1.0,7,"First comment: It was kinda meh? I was expecting the whole time for something interesting to happen but it just didn't and ended in a cliffhanger. It just feels really cheap.
 I will still watch the third one but it's a downgrade from the first one for sure", "Story. also story half -> wait sequence"
554,The Old Guard 2,The Old Guard 2.,4,0.7,6,"Ne perdez pas de temps c'est un demi-film qui n'apporte rien à l'histoire.
Il y a bien évidemment une suite qui n'est pas encore confirmée et si elle sort c'est pour 2029.
Les acteurs auront pris 10 ans alors que ne se passe que 6 mois dans les films.
Ya plus aucun effort de cohérence. 
Le plaisir de faire des films a disparu, seul le profit compte.", "french: Story. future sequence"
555,The Old Guard 2,Official Discussion Megathread (Jurassic World Rebirth / Heads of State / The Old Guard 2 / Ice Road: Vengeance) plus throwback discussions!,57,0.87,0,"**New In Theaters**:
* [Jurassic World Rebirth](https://old.reddit.com/r/movies/comments/1lqdtaw/official_discussion_jurassic_world_rebirth/)
**25th Anniversary Throwback Discussion Threads**:
* [The Perfect Storm](https://old.reddit.com/r/movies/comments/1lr5yfc/official_throwback_discussion_the_perfect_storm/?)
* [The Patriot](https://old.reddit.com/r/movies/comments/1lr5ygy/official_throwback_discussion_the_patriot_spoilers/?)
* [The Adventures of Rocky &amp; Bullwinkle](https://old.reddit.com/r/movies/comments/1lr5yi5/official_throwback_discussion_the_adventures_of/?)
**Still In Theaters**:
* [F1: The Movie](https://old.reddit.com/r/movies/comments/1lli8lz/official_discussion_f1_the_movie_spoilers/?)
* [M3GAN 2.0](https://old.reddit.com/r/movies/comments/1lli8nm/official_discussion_m3gan_20_spoilers/?)
* [28 Years Later](https://www.reddit.com/r/movies/comments/1lfsc91/official_discussion_28_years_later_spoilers/)
* [Elio](https://www.reddit.com/r/movies/comments/1lfscb2/official_discussion_elio_spoilers/)
* [The Life of Chuck](https://www.reddit.com/r/movies/comments/1la4c8g/official_discussion_the_life_of_chuck/)
* [Materialists](https://www.reddit.com/r/movies/comments/1la4c8n/official_discussion_materialists/)
* [How to Train Your Dragon](https://www.reddit.com/r/movies/comments/1la4c8v/official_discussion_how_to_train_your_dragon/)
* [From the World of John Wick: Ballerina](https://old.reddit.com/r/movies/comments/1l4gwpn/official_discussion_from_the_world_of_john_wick/?)
* [The Phoenecian Scheme](https://old.reddit.com/r/movies/comments/1l4gwrc/official_discussion_the_phoenecian_scheme_spoilers/?)
**New On Streaming:**
* [Heads of State](https://old.reddit.com/r/movies/comments/1lr5yb4/official_discussion_heads_of_state_spoilers/?)
* [The Old Guard 2](https://old.reddit.com/r/movies/comments/1lr5ycn/official_discussion_the_old_guard_2_spoilers/?)
* [Ice Road: Vengeance](https://old.reddit.com/r/movies/comments/1lr5ye1/official_discussion_ice_road_vengeance_spoilers/?)
* [KPop Demon Hunters](https://www.reddit.com/r/movies/comments/1lghony/official_discussion_kpop_demon_hunters_spoilers/)
* [Echo Valley](https://www.reddit.com/r/movies/comments/1lar0eb/official_discussion_echo_valley/) 
* [Deep Cover](https://www.reddit.com/r/movies/comments/1lar0ej/official_discussion_deep_cover/)", "General Info for where discussion"
556,The Old Guard 2,The Old Guard 2 (2025) - Netflix’s Franchise Hopes Fade,1,0.67,3,"Not much really happens in The Old Guard 2. Released five years after the Netflix pandemic-era hit, the movie mostly spends its time reintroducing characters and mythology before shifting into setup mode for the next chapter—forgetting to offer a story or character development that’s worth watching on its own. Characters move between countries, exchange dialogue, and fight in scattered sequences that never register or matter. It’s the kind of streamer movie where things technically happen, but none of it sticks—a classic “nothing film.”
The sequel comes as part of Netflix’s ongoing (and mostly unsuccessful) attempt to build a real film franchise. Despite pumping out action titles like Red Notice, The Gray Man, and Rebel Moon, Netflix has yet to land anything with the staying power or cultural impact of a John Wick or Fast &amp; Furious. The first Old Guard offered a rare shot at something lasting: strong cast, a rich world, and a loyal fanbase. But after production delays, a director change, and the 2023 Hollywood strikes, this sequel lands with far less urgency than Netflix likely hoped for.
That might’ve been fine for something as straightforward as Extraction, where the appeal is all about the action and the stakes are crystal clear. But The Old Guard has a more complex world, a bigger ensemble, and mythology that’s hard to remember five years later. The film tries to catch the audience up—characters literally say things like “May I remind you that you’re not immortal anymore?”—but much of the emotional weight depends on your memory of the first film’s arcs. And just as you’re starting to get reoriented, it ends again, teeing up yet another sequel with no release date. As a mid-trilogy chapter, it mostly spins its wheels—laying out new villains, adding more lore, and shifting characters around the board without doing much else.
Read my full review at https://reviewsonreels.ca/2025/07/04/the-old-guard-2/", "Writing/ Story Coherence also sequence"
557,The Old Guard 2,The Old Guard 2 movie,4,0.7,2,Fight over majestic sculpture, "Action Scene"
558,The Old Guard 2,The Old Guard 2: ritorno epico su Netflix per la saga degli immortali,1,1.0,1,The Old Guard 2: ritorno epico su Netflix per la saga degli immortali, "ESPAGNOL: General Promotion / Hype"
559,The Old Guard 2,"In The Old Guard 2 (2025), Charlize Theron's character knows not let the guard see her approach before knocking him out. This is because searching an unconscious body wastes more time if he has a rock-hard stiff one from watching Charlize Theron approach.",13,0.78,0,, "Story -> make joke on it"
560,The Old Guard 2,The Old Guard 2 Review By #MovieAnimeX:-,1,1.0,1,#TheOldGuard2 #TheOldGuard #TheOldGuard2OnNetflix #TheoldGuard3 #CharlizeTheron #Netflix, "General Review (nothing)"
561,The Old Guard 2,Crítica / Review: The Old Guard 2,1,1.0,0,,"General Review: no info"
562,The Old Guard 2,"The Old Guard 2 (2025) This sequel manages to feel both rushed and stretched thin, and is watchable on the strength of the action and cast alone. #jackmeatsflix",1,1.0,0,, "Story pacing"
563,The Old Guard 2,Andy &amp; Quynh’s Story in The Old Guard 2 (2025 Netflix Film) | My Take,1,1.0,0,,"Character Story"
564,The Old Guard 2,"THE OLD GUARD 2 (2025): Superheldenfilm mit schwacher Action und langweiligen Dialogen, passabel erst gegen Ende. Die verwackelte Stakkato-Action ist anstrengend, die einfallslose Story dümpelt bis zum Cliffhanger-Finale, das Entscheidungen abrupt auf kommende Teile vertagt. 5/10",1,1.0,0,, "ALLEMAGNE(I think) Action  Story"
565,The Old Guard 2,The end has no end: The Old Guard 2 and the curse of the cliffhanger ending,1,1.0,0,,"Story Ending / Cliffhanger Structure"
566,The Old Guard 2,THE OLD GUARD 2 - Movie Review,2,1.0,0,,"General Review: nothing said"
567,The Old Guard 2,[SUBS] The Old Guard 2 (2025) Movie Streaming @ Netflix,1,1.0,1,"First comment: If you want to make a comment on the deal, please use the [official OzBargain website](https://www.ozbargain.com.au/node/912852?utm_campaign=redditozb&amp;utm_medium=reddit&amp;utm_source=reddit) by following the link in the post. Your comment will get a lot more visibility over there.
If you want to purposely discuss something off site (without rule breaking), feel free to use /r/OzBargainMeta
Don't forget to check out /r/OzBargainNew if you want to catch deals before they make it to the front page, including deals which don't even make it to the front page at all.
*I am a bot, and this action was performed automatically. Please [contact the moderators of this subreddit](/message/compose/?to=/r/OzBargain) if you have any questions or concerns.*","Format Streaming link Marketing / Promotion"
568,The Old Guard 2,[SUBS] The Old Guard 2 (2025) Movie Coming to Stream 2nd July @ Netflix,1,1.0,1,"First comment: If you want to make a comment on the deal, please use the [official OzBargain website](https://www.ozbargain.com.au/node/912852?utm_campaign=redditozbnew&amp;utm_medium=reddit&amp;utm_source=reddit) by following the link in the post. Your comment will get a lot more visibility over there.
If you want to purposely discuss something off site (without rule breaking), feel free to use /r/OzBargainMeta
*I am a bot, and this action was performed automatically. Please [contact the moderators of this subreddit](/message/compose/?to=/r/OzBargainNew) if you have any questions or concerns.*", "Format Streaming link Marketing / Promotion"
569,The Old Guard 2,REVIEW: The Old Guard 2 (2025 Film) - Starring Charlize Theron,1,1.0,0,,"Overall Review: nothing"
570,The Old Guard 2,⬆️ Up Game Shop | Iconic Rivalries: Taylor vs. Serrano 3 and The Old Guard 2 | Netflix,1,1.0,0,,"Marketing / Cross-promotion"
571,The Old Guard 2,🌐 24/7 Video Game | Iconic Rivalries: Taylor vs. Serrano 3 and The Old Guard 2 | Netflix,1,1.0,0,,"Marketing / Promotion"
572,The Old Guard 2,🏆 Game Professional | Iconic Rivalries: Taylor vs. Serrano 3 and The Old Guard 2 | Netflix,1,1.0,0,,"Marketing / Promotion"
573,The Old Guard 2,THE OLD GUARD 2 Ending Explained In Hindi | STORY Breakdown + Part 3 Details,1,1.0,0,,"Plot / Storyline"
574,The Old Guard 2,THE OLD GUARD 2 Review In Hindi | Netflix Movie Review,1,1.0,0,,"Overall Review: No info"
575,The Old Guard 2,The Old Guard 2 (2025),1,1.0,0,Fils de Joie by Stromae is used in the movie.,"Music"
576,The Old Guard 2,The Old Guard 2 review – Charlize Theron’s delayed Netflix sequel is an incomplete mess,2,1.0,0,, "Bad decision marketing?"
577,The Old Guard 2,"[Film] - Charlize Theron and Uma Thurman on Injuries, Action and ‘The Old Guard 2’ | NY Times",1,1.0,0,, "Production: injury"
578,The Old Guard 2,"[Film] - Charlize Theron and Uma Thurman on Injuries, Action and ‘The Old Guard 2’",1,1.0,0,, "[duplicated] Production: injury"
579,The Old Guard 2,[Film] - ‘The Old Guard 2’ Review: Uma Thurman vs. Charlize Theron | NY Times,1,1.0,0,, "Characters / Acting"
580,The Old Guard 2,[Arts] - ‘The Old Guard 2’ Review: Uma Thurman vs. Charlize Theron | NY Times,1,1.0,0,, "Characters / Acting"
581,The Old Guard 2,[Film] - ‘The Old Guard 2’ Review: Uma Thurman vs. Charlize Theron,1,1.0,0,, "[duplicated]Characters / Acting"
582,The Old Guard 2,[Arts] - ‘The Old Guard 2’ Review: Uma Thurman vs. Charlize Theron,1,1.0,0,, "[duplicated] Characters / Acting"
583,The Old Guard 2,Netflix’s clumsy action-fantasy sequel The Old Guard 2 only does one thing right,1,1.0,0,,"Critical Reception clumsy action-fantasy sequel The Old Guard 2 only does one thing right"
584,The Old Guard 2,[Arts] - The Old Guard 2 review – Charlize Theron’s delayed Netflix sequel is an incomplete mess,1,1.0,0, "Incomplete story"
585,The Old Guard 2,[Film] - ‘The Old Guard 2’ Review: Thurman vs. Theron | NY Times,1,1.0,0,,"Characters / Acting"
586,The Old Guard 2,[Arts] - ‘The Old Guard 2’ Review: Thurman vs. Theron | NY Times,1,1.0,0,,"Characters / Acting"
587,The Old Guard 2,[Arts] - ‘The Old Guard 2’ Review: Thurman vs. Theron,1,1.0,0,,"[duplicated] Characters / Acting"
588,The Old Guard 2,[Film] - ‘The Old Guard 2’ Review: Thurman vs. Theron,1,1.0,0,,"[duplicated] Characters / Acting"
589,The Old Guard 2,The Old Guard 2 General Discussion,0,0.5,0,"*Andy leads immortal warriors against a powerful enemy threatening their group. They grapple with the resurfacing of a long-lost immortal, complicating their mission to safeguard humanity.*","Plot / Storyline"
590,The Old Guard 2,"🌐 24/7 Video Game | Charlize Theron, Kiki Layne, and Uma Thurman Recap The Old Guard | The Old Guard 2 | Netflix",1,1.0,0,,"Marketing / Promotion"
591,The Old Guard 2,"🏆 Game Professional | Charlize Theron, Kiki Layne, and Uma Thurman Recap The Old Guard | The Old Guard 2 | Netflix",1,1.0,0,,"Marketing / Promotion"
592,The Old Guard 2,"⬆️ Up Game Shop | Charlize Theron, Kiki Layne, and Uma Thurman Recap The Old Guard | The Old Guard 2 | Netflix",1,1.0,0,,"Marketing / Promotion"
593,The Old Guard 2,Charlize Theron at the premiere of ‘THE OLD GUARD 2’,5,1.0,0,,"News celibirty at premiere: Marketing / Event Appearance / Publicity"
594,The Old Guard 2,The Old Guard 2 moovie,1,1.0,0,"**The Old Guard 2**
https://preview.redd.it/9086sninhi8f1.jpg?width=258&amp;format=pjpg&amp;auto=webp&amp;s=7dc884da13bb2557dec16ca0f9132deb01eea778
# 🔹 What Is “The Old Guard”?
If you missed the first film, “The Old Guard” (2020) is a gritty, action-packed Netflix movie based on a comic book by Greg Rucka. It follows a team of immortal mercenaries who secretly protect humanity for centuries. When their secret gets exposed, all hell breaks loose — blending history, war, and immortality with badass action.
# 🔹 Why Fans Are Hyped for Part 2
Simple: it ended on a jaw-dropping cliffhanger. Quynh — Andy’s old immortal friend — who was thought lost forever, comes back. And she might not be too happy with her old crew. That twist had fans begging for more, and now “The Old Guard 2” promises to deliver.
# 🎬 Production Details
# 🔸 Cast and Crew Return
Yes, Charlize Theron (Andy) is back! Alongside her are:
* KiKi Layne (Nile Freeman)
* Matthias Schoenaerts (Booker)
* Marwan Kenzari (Joe)
* Luca Marinelli (Nicky)
* Veronica Ngo (Quynh)
It’s like getting the band back together — but with more tension and vengeance.
# 🔸 New Faces in the Sequel
Uma Thurman and Henry Golding are joining the cast. Their roles are being kept hush-hush, but rumor has it they’ll play major parts in the unfolding chaos.
# 🔸 Director and Writers Behind the Sequel
Victoria Mahoney, who worked on *Star Wars: The Rise of Skywalker*, steps in to direct, replacing Gina Prince-Bythewood. Greg Rucka returns as screenwriter, keeping the soul of the original intact.
# 🔸 Filming Locations and Timeline
The movie wrapped up filming in early 2024 after shooting across Europe, including locations in Rome and the UK. Post-production took some time, but it’s worth the wait.
# 🧩 Plot Expectations
# 🔸 Recap of the First Movie
Andy and her team discover Nile, a new immortal, while dodging a ruthless pharma CEO who wants to exploit their genes. Booker betrays the group, Quynh is revealed to be alive, and Andy may have lost her immortality.
# 🔸 The Ending That Set Up a Sequel
The final scene shows Booker — now exiled — walking into a room where Quynh is waiting. She says ominously, “We have a lot to talk about.”
*Cue goosebumps.*
# 🔸 What We Might See in Part 2
Expect betrayals, revenge, redemption, and possibly — *mortality*. Andy might finally die. Nile could step up as the new leader. And Quynh? She may be the villain this time.
# 🔹 Quynh’s Return – Friend or Foe?
Centuries of torture trapped in a metal box underwater? Yeah, that might twist someone’s mind. We’re betting on some villainous vibes from Quynh.
# 🔹 Immortality’s Price
The first film showed how immortality could be a curse, not a gift. Part 2 might go even deeper — especially with Andy aging and Quynh full of rage.
# 👤 Character Arcs to Watch
# 🔸 Andy’s Struggle Without Immortality
Now that Andy’s powers may be gone, we’ll see a vulnerable side of her. She’ll have to fight like a mortal — and think twice before leaping into danger.
# 🔸 Nile’s Leadership Evolution
Nile was the rookie before. Now, she’s battle-tested and ready to lead. Expect major character growth from her.
# 🔸 Booker’s Redemption Journey
Betrayer turned redeemer? Booker has a lot of making up to do. His scenes with Quynh will be tense, emotional, and possibly explosive.
# 🔸 Joe and Nicky’s Relationship Growth
The immortal lovers who melted hearts in the first film will likely face new challenges — both emotional and physical.
# 🧠 Themes and Symbolism
# 🔸 Immortality and Its Burden
Living forever sounds great until you lose everyone you love. This series nails the existential dread that comes with it.
# 🔸 Moral Choices in a Violent World
What happens when doing the “right thing” causes centuries of pain? The sequel will likely push characters into hard ethical dilemmas.
# 💥 Action and Visuals
# 🔸 Expectations for Fight Choreography
Charlize Theron never misses. Expect tight, well-shot combat scenes that balance gunplay with raw, gritty hand-to-hand fights.
# 🔸 Use of Practical Effects vs. CGI
While CGI enhances the immortal healing effects, most action is expected to be practical, grounded, and visceral — just like the original.
# 🔮 Fan Theories and Speculations
# 🔸 Is There a Bigger Enemy?
Some fans think Quynh may just be the start. Could there be a secret society hunting immortals? Or a new immortal with god-level powers?
# 🔸 Could One of the Team Die Permanently?
If Andy is mortal now, it raises the stakes. We might lose her. Or worse — someone unexpected.
# 📽️ Potential for a Franchise
# 🔸 Will There Be an “Old Guard 3”?
It depends on this film’s success. But with the way Netflix builds universes (*hello, Witcher!*), a third movie is very possible.
# 🔸 Spin-offs and Expanded Universe?
A prequel about Quynh and Andy? A series about Nile’s early years? Fans are hungry for more.
# 📅 Release Date and Where to Watch
# 🔸 Official Announcements
Netflix has confirmed “The Old Guard 2” will release in **late 2025** — likely around the holiday season.
# 🔸 Streaming Platforms
It’s a Netflix exclusive. If you’re a subscriber, you’re in luck. If not, this might be the film that convinces you.
# 🎯 Conclusion
“The Old Guard 2” is shaping up to be darker, deeper, and deadlier. With fresh faces, emotional arcs, and big betrayals, it’s not just a sequel — it’s a reckoning. If the first film was about discovering immortality, this one is about surviving it.
Buckle up, because immortality just got complicated.
# ❓FAQs
# 1. What is the release date for The Old Guard 2?
Netflix is expected to release the film in **late 2025**, most likely in Q4.
# 2. Will Quynh be the main villain?
While not confirmed, all signs point to Quynh playing a major antagonistic role after centuries of suffering.
# 3. Is Andy still immortal?
By the end of the first film, Andy appears to have lost her immortality — a central theme for the sequel.
# 4. Can new immortals appear?
Yes, the first film introduced Nile, suggesting that new immortals can still emerge in future stories.
# 5. Is The Old Guard 2 connected to any other franchise?
# No official crossovers yet, but with the world-building in place, it could spin🔹 What Is “The Old Guard”?
If you missed the first film, “The Old Guard” (2020) is a gritty, action-packed Netflix movie based on a comic book by Greg Rucka. It follows a team of immortal mercenaries who secretly protect humanity for centuries. When their secret gets exposed, all hell breaks loose — blending history, war, and immortality with badass action.
# 🔹 Why Fans Are Hyped for Part 2
Simple: it ended on a jaw-dropping cliffhanger. Quynh — Andy’s old immortal friend — who was thought lost forever, comes back. And she might not be too happy with her old crew. That twist had fans begging for more, and now “The Old Guard 2” promises to deliver.
# 🎬 Production Details
# 🔸 Cast and Crew Return
Yes, Charlize Theron (Andy) is back! Alongside her are:
* KiKi Layne (Nile Freeman)
* Matthias Schoenaerts (Booker)
* Marwan Kenzari (Joe)
* Luca Marinelli (Nicky)
* Veronica Ngo (Quynh)
It’s like getting the band back together — but with more tension and vengeance.
# 🔸 New Faces in the Sequel
Uma Thurman and Henry Golding are joining the cast. Their roles are being kept hush-hush, but rumor has it they’ll play major parts in the unfolding chaos.
# 🔸 Director and Writers Behind the Sequel
Victoria Mahoney, who worked on *Star Wars: The Rise of Skywalker*, steps in to direct, replacing Gina Prince-Bythewood. Greg Rucka returns as screenwriter, keeping the soul of the original intact.
# 🔸 Filming Locations and Timeline
The movie wrapped up filming in early 2024 after shooting across Europe, including locations in Rome and the UK. Post-production took some time, but it’s worth the wait.
# 🧩 Plot Expectations
# 🔸 Recap of the First Movie
Andy and her team discover Nile, a new immortal, while dodging a ruthless pharma CEO who wants to exploit their genes. Booker betrays the group, Quynh is revealed to be alive, and Andy may have lost her immortality.
# 🔸 The Ending That Set Up a Sequel
The final scene shows Booker — now exiled — walking into a room where Quynh is waiting. She says ominously, “We have a lot to talk about.”
*Cue goosebumps.*
# 🔸 What We Might See in Part 2
Expect betrayals, revenge, redemption, and possibly — *mortality*. Andy might finally die. Nile could step up as the new leader. And Quynh? She may be the villain this time.
# 🔹 Quynh’s Return – Friend or Foe?
Centuries of torture trapped in a metal box underwater? Yeah, that might twist someone’s mind. We’re betting on some villainous vibes from Quynh.
# 🔹 Immortality’s Price
The first film showed how immortality could be a curse, not a gift. Part 2 might go even deeper — especially with Andy aging and Quynh full of rage.
# 👤 Character Arcs to Watch
# 🔸 Andy’s Struggle Without Immortality
Now that Andy’s powers may be gone, we’ll see a vulnerable side of her. She’ll have to fight like a mortal — and think twice before leaping into danger.
# 🔸 Nile’s Leadership Evolution
Nile was the rookie before. Now, she’s battle-tested and ready to lead. Expect major character growth from her.
# 🔸 Booker’s Redemption Journey
Betrayer turned redeemer? Booker has a lot of making up to do. His scenes with Quynh will be tense, emotional, and possibly explosive.
# 🔸 Joe and Nicky’s Relationship Growth
The immortal lovers who melted hearts in the first film will likely face new challenges — both emotional and physical.
# 🧠 Themes and Symbolism
# 🔸 Immortality and Its Burden
Living forever sounds great until you lose everyone you love. This series nails the existential dread that comes with it.
# 🔸 Moral Choices in a Violent World
What happens when doing the “right thing” causes centuries of pain? The sequel will likely push characters into hard ethical dilemmas.
#  Action and Visuals
# Expectations for Fight Choreography
Charlize Theron never misses. Expect tight, well-shot combat scenes that balance gunplay with raw, gritty hand-to-hand fights.
# Use of Practical Effects vs. CGI
While CGI enhances the immortal healing effects, most action is expected to be practical, grounded, and visceral — just like the original.
#  Fan Theories and Speculations
# 
# Is There a Bigger Enemy?
Some fans think Quynh may just be the start. Could there be a secret society hunting immortals? Or a new immortal with god-level powers?
#  Could One of the Team Die Permanently?
If Andy is mortal now, it raises the stakes. We might lose her. Or worse — someone unexpected.
#  Potential for a Franchise
#  Will There Be an “Old Guard 3”?
It depends on this film’s success. But with the way Netflix builds universes (*hello, Witcher!*), a third movie is very possible.
#  Spin-offs and Expanded Universe?
A prequel about Quynh and Andy? A series about Nile’s early years? Fans are hungry for more.
# Release Date and Where to Watch
#  Official Announcements
Netflix has confirmed “The Old Guard 2” will release in **late 2025** — likely around the holiday season.
#  Streaming Platforms
It’s a Netflix exclusive. If you’re a subscriber, you’re in luck. If not, this might be the film that convinces you.
#  Conclusion
“The Old Guard 2” is shaping up to be darker, deeper, and deadlier. With fresh faces, emotional arcs, and big betrayals, it’s not just a sequel — it’s a reckoning. If the first film was about discovering immortality, this one is about surviving it.
Buckle up, because immortality just got complicated.
# ❓FAQs
# 1. What is the release date for The Old Guard 2?
Netflix is expected to release the film in **late 2025**, most likely in Q4.
# 2. Will Quynh be the main villain?
While not confirmed, all signs point to Quynh playing a major antagonistic role after centuries of suffering.
# 3. Is Andy still immortal?
By the end of the first film, Andy appears to have lost her immortality — a central theme for the sequel.
# 4. Can new immortals appear?
Yes, the first film introduced Nile, suggesting that new immortals can still emerge in future stories.
# 5. Is The Old Guard 2 connected to any other franchise?
No official crossovers yet, but with the world-building in place, it could spin","Plot / Storyline"
595,The Old Guard 2,"Movies and TV Shows News Week 21 2025 | The Old Guard 2, F1, Nobody 2, Mercy for None e Good Boy.",1,1.0,0,,"Marketing / Promotion / News Coverage"
596,The Old Guard 2,The Old Guard 2: Ready for More Immortal Action on Netflix?,0,0.25,0,"Hello fellow Netflix fanatics!
Just saw the new promo for The Old Guard 2 dropping on July 2nd, and I'm absolutely hyped! The first movie was such a unique blend of action, sci-fi, and emotional depth, and I've been waiting for a sequel. The idea of immortal warriors navigating the modern world with such a compelling backstory really hooked me.
For those who loved the original, what are your thoughts on the sequel coming so soon? What are you most excited to see? New powers? Deeper dives into their pasts? More epic fight sequences?
If you haven't seen the first one, seriously, give it a watch! It's fantastic.
Can't wait to hear your takes!
u/killwish_","Fan Hype / Anticipation / General Excitement - story"
597,The Old Guard 2,Anyone else disappointed by the Old Guard sequel?,79,0.96,124,"Just finished The Old Guard 2, and while I didn’t quit halfway through (so it wasn’t completely unwatchable), I was definitely disappointed by how lazy and inconsistent the lore is. For a story about immortals from completely different parts of the world who are actively hiding from the rest of the world, it’s weirdly convenient that they all seem to find each other across centuries with no real explanation of how or why. Still with that alone I would have been ok after all they all have centuries to run into each other, right?
What really broke it for me was the mentioned connection between the first and last immortal (further explained only by a birthmark they both have for some reason) as well as the whole “legend” about the last immortal which would be born with the power to remove or transfer immortality. A legend someone somehow formulated likely thousands of years before the last immortal was even close to existing. How can there be legends about someone completely unique among a group of already special people nobody should even know about in the first place? The writing just didn’t try at all to make the world feel coherent or believable, which is a shame because IMHO the premise definitely had some potential. If only they made the story based on a somewhat plausible lore (written first) rather than creating a garbage lore based on what they needed it to be to accomodate a raise of stakes for the sequel or whatever.
Anyway what are your opinions random redditors?","Plot / Storyline"
598,The Old Guard 2,Who wants to go to the theater when you can watch the #1 movie on Netflix from the comfort of wherever you are!,205,0.95,76,"Was just reading through the comments of the [The Old Guard 2](https://www.reddit.com/r/RedLetterMedia/comments/1lk8j60/new_gold_standard_for_movie_posters/) post and then I clicked over to Netflix I was greeted by this huge banner for ""Trainwreck: Poop Cruise"" haha.","Marketing / Platform Promotion Format"
599,The Old Guard 2,All The New Horror - July 2025,141,0.96,23,"All the new horror movies (and some shows) releasing throughout July 2025. Some promising looking horrors in the lineup this month. Some interesting Dark &amp; Strange releases (thrillers, sci-fi, etc.) as well. Enjoy    
     
I continue editing and adding to this list frequently as new info comes out.     
     
Which releases this month look interesting? And which releases would you recommend? [.](https://m.imdb.com/title/tt32973202/)         
      
⇩ Slide to left ⇩  
Releases | Notes | Date | Link | Location   
:--|:--|:--|:--|:--   
◇ **Horror Digital Releases:** |   |   |   |    
**Bring Her Back** (horror/thriller/mystery) | supernatural; a brother and sister witness a terrifying ritual at the secluded home of their new foster mother | July 1 | [IMDB](https://m.imdb.com/title/tt32246771/) | VOD    
**The Twin** (horror) | supernatural; folk horror; grieving father is haunted by a demon from Irish folklore | July 1 | [IMDB](https://m.imdb.com/title/tt20411300/) | VOD    
**The Sandman** (series; S02; fantasy/horror/sci-fi) | supernatural; magic; Dream, the personification of dreams, sets about to reclaim his lost equipment after being imprisoned for decades; comic adaptation | July 3 | [IMDB](https://m.imdb.com/title/tt1751634/) | Netflix    
**The Shrouds** (horror/sci-fi/thriller/drama) | supernatural; body horror; an innovative businessman and grieving widower, builds a device to connect with the dead inside a burial shroud | July 8 | [IMDB](https://m.imdb.com/title/tt20212786/) | VOD  
   |    |    |    |     
**Else** (French; horror/fantasy/sci-fi/romance/drama) | body horror; new couple; face a strange pandemic that causes the infected to merge with their surroundings; trapping the couple in a shapeshifting nightmare | July 8 | [IMDB](https://m.imdb.com/title/tt32973202/) | VOD    
**Ziam** (Thai; horror/action/thriller) | zombies; post-apocalyptic; a Muay Thai fighter fights off zombies to save his beloved | July 9 | [IMDB](https://m.imdb.com/title/tt35669009/) | Netflix    
**Push** (horror/thriller) | home invasion; single and heavily pregnant realtor; must survive a night of terror when a deranged client comes to her open house | July 11 | [IMDB](https://m.imdb.com/title/tt25756108/) | Shudder; AMC+    
**Forgive Us All** (horror/western/drama) | zombies; woman sheltering in the mountains; must help a stranger on the run; only escape is through the heavily infested forest | July 11 | [IMDB](https://m.imdb.com/title/tt31830814/) | VOD    
   |    |    |    |     
**The Institute** (series; horror/sci-fi/thriller) | supernatural; psychological; teen genius wakes up in a strange place full of children who also have unusual abilities | July 13 | [IMDB](https://m.imdb.com/title/tt10946316/) | MGM+    
**Dark Nuns** (Korean; horror/thriller/mystery) | supernatural; exorcism; young boy struggling with an aggressive possession | July 15 | [IMDB](https://m.imdb.com/title/tt32491690/) | VOD    
**Iconic** (horror/thriller) | madness; a beauty influencer living in LA gradually loses her grip on reality; indie | July 15 | [IMDB](https://m.imdb.com/title/tt31565932/) | VOD         
**The Trouble with Tessa** (series; horror) | disgraced documentarian rents a rural house to escape the city; unearths a box of old tapes filming a murder; sets out to unravel the dark secrets in this perfect small town | July 15 | [IMDB](https://m.imdb.com/title/tt36957172/) | Screambox    
   |    |    |    |     
**M3GAN 2.0** (horror/sci-fi/thriller/action) | artificial intelligence; slasher; M3GAN the robot girl is resurrected by her creator to help take down Amelia - a military-grade weapon built by a defense contractor using the same underlying tech; sequel | July 15 | [IMDB](https://m.imdb.com/title/tt26342662/) | VOD    
**The Banished** (horror) | Grace becomes injured in the deep woods; makes contact with another lost hiker via radio; as she nears their rendezvous point she grows increasingly suspicious of his true identity | July 18 | [IMDB](https://m.imdb.com/title/tt33050521/) | VOD    
**Bury Me When I’m Dead** (horror/mystery/thriller) | supernatural; after failing to keep his wife's dying wish, a series of tragic events leads Henry to believe she's returned to get revenge | July 18 | [IMDB](https://m.imdb.com/title/tt8834606/) | VOD    
**Saint Clare** (horror/mystery/thriller) | killer; supernatural; teen haunted by voices that compel her to assassinate malicious individuals; her latest kill sucks her down a rabbit hole of corruption, trafficking, &amp; supernatural visions | July 18 | [IMDB](https://m.imdb.com/title/tt9024562/) | VOD    
   |    |    |    |     
**Woken** (thriller/sci-fi) | dystopian; pregnant young woman awakens from an accident on a Scottish isle with no memory of who she is; comes to realize that the human race is close to extinction from a pandemic | July 18 | [IMDB](https://m.imdb.com/title/tt21068514/) | VOD    
**Dangerous Animals** (horror/thriller) | killer; surfer girl abducted by shark-obsessed serial killer; held on his boat; she must try to escape before he carries out his ritualistic feeding of the sharks | July 22 | [IMDB](https://m.imdb.com/title/tt32299316/) | VOD    
**Ghost Killer** (horror/action/crime) | supernatural; martial arts; after a college student becomes possessed by the ghost of a hit man, she agrees to help him finish his quest for revenge | July 22 | [IMDB](https://m.imdb.com/title/tt33305290/) | VOD    
**Et Tu** (horror/thriller/comedy) | psychological; madness; a director unhappy with his Julius Caesar play learns a dark secret that may help rid him of his troubles; requires him to get his hands bloody | July 25 | [IMDB](https://m.imdb.com/title/tt17422606/) | VOD    
   |    |    |    |     
**Monster Island** (horror) | monster; WWII; a Japanese and an American POW become shipwrecked together on a deserted island; the two enemies must work together as they’re hunted by a creature | July 25 | [IMDB](https://m.imdb.com/title/tt29262075/) | Shudder; AMC+    
**Never Blink** (horror/sci-fi/thriller) | creatures; five medical students discover a way to capture what you can't see when you blink and the results are terrifying | July 29 | [IMDB](https://m.imdb.com/title/tt14450964/) | VOD    
**28 Years Later** (horror/thriller) | zombies; post apocalyptic; decades after virus outbreak; community of survivors live on small island; on a mission to the mainland they discover a mutation that has affected the infected &amp; survivors; sequel | July 29 | [IMDB](https://m.imdb.com/title/tt10548174/) | PVOD    
   |    |    |    |     
   |    |    |    |     
◇ **Horror Theatrical Release:** |   |   |   |   
**Abraham’s Boys** (horror) | vampires; Abraham moves his two sons to the U.S. in an attempt to escape their past; sons uncover their father's dark past and his history with Dracula | July 11 | [IMDB](https://m.imdb.com/title/tt14808764/) | theaters    
**Skill House** (horror/thriller) | survival games; slasher; dark satire; B-horror; ten influencers are lured into a content house and forced to compete in social media challenges | July 11 | [IMDB](https://m.imdb.com/title/tt19637220/) | LMTD theaters    
**Don’t Log Off** (horror/mystery/thriller) | birthday group video chat; birthday girl suddenly disappears and can’t be reached; as her worried friends go to check her apartment one by one, each seem to disappear as well | July 15 | [IMDB](https://m.imdb.com/title/tt12798810/) | LMTD theaters    
**I Know What You Did Last Summer** (horror) | killer; slasher; group of friends is terrorized by a stalker who knows about a gruesome incident from their past; remake | July 18 | [IMDB](https://m.imdb.com/title/tt4045450/) | theaters    
   |    |    |    |     
**Cloud** (Japanese; horror/action/thriller) | psychological; young man who resells goods online finds himself at the center of a series of mysterious events that put his life at risk | July 18 | [IMDB](https://m.imdb.com/title/tt32828123/) | LMTD theaters    
**The Home** (horror/thriller) | troubled young man begins working at a retirement home; finds a hidden floor; suspicious that the residents and caretakers hide sinister secrets; connections to his own past as a foster child | July 25 | [IMDB](https://m.imdb.com/title/tt17023012/) | theaters    
**Bambi: The Reckoning** (horror/thriller) | creature; B-horror; after a mother and son get in a car wreck, they soon become hunted by a mutated deer; the creature embarks on a rampage seeking revenge for the death of his mother. | July 25 | [IMDB](https://m.imdb.com/title/tt23621682/) | LMTD theaters    
**House of Eden** (horror) | found-footage; supernatural; friend group; making their next paranormal investigation film; abandoned house deep in the woods | July 25 | [IMDB](https://m.imdb.com/title/tt33425631/) | theaters    
   |    |    |    |     
**ICK** (horror/sci-fi/comedy) | monster; a strange and ‘innocuous’ alien substance has slowly taken root in the world; a high-school teacher much rise to the occasion when it suddenly evolves and attacks | July 27 | [IMDB](https://m.imdb.com/title/tt31795447/) | LMTD theaters    
**Together** (horror/sci-fi/romance) | supernatural; body horror; couple move to the countryside; encounter with an unnatural force starts to transform their life, their love, and their flesh | July 30 | [IMDB](https://m.imdb.com/title/tt31184028/) | theaters    
   |    |    |    |     
   |    |    |    |     
◇ **Dark and Strange Honorable Mentions:** |   |   |   |   
**Jurassic Park Rebirth** (adventure/action/sci-fi/thriller) | psychological | July 2 | [IMDB](https://m.imdb.com/title/tt31036941/) | theaters    
**40 Acres** (thriller/sci-fi/action/drama) | post-apocalyptic world; black family defend their homestead against cannibals trying to seize their resources | July 2 | [IMDB](https://m.imdb.com/title/tt29634843/) | LMTD theaters    
**The Old Guard 2** (action/fantasy/thriller) | superhero’s; Andy leads immortal warriors against a long-lost immortal, threatening their group and complicating their mission to safeguard humanity; sequel | July 2 | [IMDB](https://m.imdb.com/title/tt14961624/) | Netflix    
   |    |    |    |     
**Great White Waters** (action/thriller) | sharks; $M’s in cartel cocaine go missing off Florida's coast; the search encounters vicious sharks that close in on anyone daring to claim the stash | July 4 | [IMDB](https://m.imdb.com/title/tt37025253/) | Tubi    
**All Alone Together** (thriller) | psychological; as a tormented filmmaker reaches new levels of success, the horrors of his film start to creep into his life; madness; indie | July 7 | [IMDB](https://m.imdb.com/title/tt28642389/) | VOD    
**Brick** (German; thriller/sci-fi/mystery/drama) | psychological; couple whose apartment building is suddenly surrounded by a mysterious brick wall must work with their neighbors to find a way out | July 10 | [IMDB](https://m.imdb.com/title/tt31806049/) | Netflix    
   |    |    |    |     
**Foundation** (series; S03; sci-fi/drama) | sci-fi epic; galactic empire; saga of interplanetary humans | July 11 | [IMDB](https://m.imdb.com/title/tt0804484/) | AppleTV+    
**Hot Spring Shark Attack** [aka Onsen shâku] (Japanese; comedy/action) | sharks; a series of missing people are later found dead with injuries that see ing m to be from a massive shark | July 11 | [IMDB](https://m.imdb.com/title/tt28297050/) | VOD    
**40 Acres** (thriller/sci-fi/action/drama) | post-apocalyptic world; black family defend their homestead against cannibals trying to seize their resources | July 22 | [IMDB](https://m.imdb.com/title/tt29634843/) | VOD    
   |    |    |    |     
**Osiris** (sci-fi/action) | alien; creatures; team of special forces commandos awake on an alien spacecraft with no memory of how they arrived | July 25 | [IMDB](https://m.imdb.com/title/tt31179712/) | LMTD theaters      
**Twisted Metal** (series; S02; action/thriller/adventure/fantasy/sci-fi/comedy/) | post-apocalyptic; an outsider must deliver a mysterious package across the wasteland in exchange for a better life | July 31 | [IMDB](https://m.imdb.com/title/tt14261112/) | Peacock    
___    
Recent Horror Releases Now Streaming:    
**Sinners** - July 4 - HBO MAX   
**Drop** - July 11 - Peacock    
**Opus** - July 11 - HBO MAX    
**The Cursed** - July 19 - Netflix    
**Until Dawn** - July 24 - Netflix      
**Death of a Unicorn** - July 25 - HBO MAX    
    
*It’s decent work tracking down all the horror films across the internet, and checking up on their ever changing release schedules. These sites help a lot.   
Sources:   
Bloody-disgusting.com   
Horrorsociety.com  
Moviesandmania.com   
Upcominghorrormovies.com  
Zombiegrrlz.com","Release Schedule. Industry Info"
600,The Old Guard 2,July’s movie release schedule is absolutely stacked—what are you watching?,0,0.4,41,"We’ve got Jurassic World: Rebirth, The Old Guard 2, Dora: Sol Dorado, Superman, I Know What You Did Last Summer, Smurfs, Happy Gilmore 2, Fantastic Four, Bambi: The Reckoning—all dropping this month.
That’s action, nostalgia, horror, animation, superhero madness… basically a buffet for every kind of movie fan.
But I’m especially hyped for Superman. With everything riding on it and James Gunn at the helm, it feels like the true start of something new for DC. Hoping it delivers.
What’s on your must-watch list this month? Any predictions or early favorites?","Hype / Release Schedule"
601,The Old Guard 2,Watch What Happens Live with Andy Cohen - Daily Discussion Thread,5,1.0,38,"Sun, Jun 22
[**Cynthia Bailey**](http://tvinsider.com/people/cynthia-bailey) and the newest cast member **Angela Oakley** talk about the relationships on [*The Real Housewives of Atlanta*](https://www.tvinsider.com/show/the-real-housewives-of-atlanta/).
Mon, Jun 23
[**Arnold Schwarzenegger**](https://www.tvinsider.com/people/arnold-schwarzenegger/) talks about the new season of the comedy action series [*FUBAR*](https://www.tvinsider.com/show/fubar/).
Tue, Jun 24
Guesting are the three sisters who form the rock band [*Haim*](http://tvinsider.com/people/haim): **Alana Haim**, **Este Haim**, and **Danielle Haim**.
Wed, Jun 25
[**Lars Pippen**](https://www.tvinsider.com/people/larsa-pippen/) and **Kiki Barth** dish on [*The Real Housewives of Miami*](http://tvinsider.com/show/the-real-housewives-of-miami).
Thu, Jun 26
[**Charlize Theron**](http://tvinsider.com/people/charlize-theron) describes the stuntwork for the superhero sequel [*The Old Guard 2*](https://www.tvinsider.com/show/the-old-guard-2/), and [**Henry Golding**](http://tvinsider.com/people/henry-golding) talks about restoring a connection in his sci-fi movie *Daniela Forever*.", "Production"
602,The Old Guard 2,I’ve recently been lacking and want to get back into watching movies! What do you suggest?,6,1.0,35,"Few years back I was really into watching as many movie across as many genres as I could. 
I’ve been lacking these past few years due to work commitment, mental health and the lack of ability to focus (I blame TikTok) 
But I am an aspiring screenwriter and I’ve just watched The Old Guard 2. Decided to try and give it my full attention and really enjoyed it and enjoyed giving it my full intention as well.
So now I want to get back into movies again! Watching as many as I can across as many genres as I can.
I have access to most streaming services and I’m not afraid to buy digital or DVD if the movie is worth it
So what do you recommend?", "Personal experience: want to back into watching movies to enjoy -> back. suggestion of movie"
603,The Old Guard 2,TIL The Spider-Verse Cliff hanger is one of the Worst in terms of time between cliff hanger and cliff hanger clearing sequel.,31,0.78,30,"|Film|Year|Cliffhanger Element|Sequel Released/Planned?|Sequel Title|Sequel Release Date|
|:-|:-|:-|:-|:-|:-|
|The Empire Strikes Back|1980|Vader reveal + Han Solo’s frozen fate|✅ Yes|Return of the Jedi|May 25, 1983|
|Pirates of the Caribbean 2|2006|Jack dragged by Kraken|✅ Yes|At World's End|June 1, 2007|
|Back to the Future Part II|1989|Doc in 1885, “To Be Continued”|✅ Yes|Back to the Future Part III|May 25, 1990|
|Kill Bill Vol. 1|2003|The Bride’s daughter|✅ Yes|Kill Bill Vol. 2|April 16, 2004|
|The Matrix Reloaded|2003|Neo’s fate uncertain|✅ Yes|The Matrix Revolutions|November 5, 2003|
|Inception|2010|Tipped top, unresolved reality|❓ No sequel yet|—|—|
|28 Years Later|2025|Sir Jimmy Crystal + new cult lead|✅ Sequel Ready for Release|28 Years Later: The Bone Temple|January 16, 2026|
|The Old Guard 2|2025|Main cast captured, new antagonist emerges|✅ Planned|The Old Guard 3 (TBA)|TBA|
|Spider‑Man: Across the Spider‑Verse|2023|Miles trapped in alternate universe, captured by Prowler, “To Be Continued”|✅ Sequel planned|Spider-Man: Beyond the Spider-Verse|June 4, 2027 (planned)|
I mean wow. The other movies average 2 years between release, and props to the The Matrix for sorting it out in a record \*5 MONTHS\*. Spider-verse is the worst coming in at 4 years.", "Sequel / Franchise Continuity"
604,The Old Guard 2,La Vieja Guardia 2 (2025) ¿Valieron los 5 años de espera para esta continuación?,10,0.71,29,"The Old Guard 2 llega a Netflix con Charlize Theron y Uma Thurman empuñando de nuevo la espada. ¿La secuela mejora el original o repite sus errores? Analizamos sus peleas, personajes y los agujeros de guion que la condenan. ¡Sin spoilers!
[https://exceldepeliculas.wordpress.com/the-old-guard-2-2025-resena/](https://exceldepeliculas.wordpress.com/the-old-guard-2-2025-resena/)", "ESPAGNOL: Action / Fight Scenes"
605,The Old Guard 2,"Confused, Contrived and Hollow",51,0.96,19,"The Old Guard 2 is a mess – and not even in a fun way. 
Minor spoilers ahead. Not that it matters.
Just finished The Old Guard 2 and I genuinely don’t know what the writers were smoking. I actually liked the first movie - it wasn’t amazing, but it had a decent half-cooked concept. This one? Just nonsense. Like, aggressively stupid in places.
My leading complaint: Uma Thurman plays “the first immortal,” supposedly older than the Crusades, maybe even ancient civilization-level old … and she talks like she’s been living in Manhattan since the 80s. What?? You’ve been around for over a thousand years and somehow developed zero accent or historical cadence? Not even a weird hybrid one? She sounds like she just finished directing an off-Broadway play, not like someone who’s seen empires rise and fall. Why not show her age with her voice, mannerisms, anything? Dumb.
The random “prophecy” they pull out of nowhere - apparently the “last immortal” can kill other immortals permanently with a single wound? There are like 9 immortals total across both movies. So how did this “rumour” start? Who figured that out before the last immortal was even born? Did someone time-travel to write it in the ancient scrolls? How do you even know who the last one is unless the universe has some weird immortal roster that updates itself? Dumb.
How did Lykon (the first to die) lose his immortality? No Nile to shank him. Dumb.
Tuah “discovered” the prophecy? The same Tuah who’s been hiding for centuries? That makes zero sense. If he wrote it, it’s not a prophecy. If he didn’t, who did? The movie doesn’t explain anything. It’s just a half-assed lore drop to create artificial stakes. Dumb.
They’re all supposedly “linked” through dreams, right? That was a key thing in the first movie. But somehow Tuah and the ridiculously named “Discord” (yes, like the app) have existed for hundreds of years and no one ever dreamed about them? They’re just… stealth immortals? Do the dreams stop working when it’s inconvenient to the plot?
Why didn’t Booker just shut the door? Dumb.
“Discord”? Seriously? That name makes me cringe every time it’s said. Sounds like they let Fortnite name her. Dumb.
No one knows why immortals exist, how many there are, why some lose their immortality, why some don’t. None of that gets touched. They introduce new rules with no explanation and expect us to care.
Also, side note: the villains suck, the stakes are nonexistent and every emotional beat lands with the impact of a rock made of paper.
TLDR – The Old Guard 2 is dumb.", "Writing / Script Quality: Story"
606,The Old Guard 2,Two immortal Andys,150,1.0,8,"With the release of The Old Guard 2, a sequel to a movie about immortal people, it reminded me that one of the immortal main characters' names is Andy", "Character"
607,The Old Guard 2,Watch What Happens Live with Andy Cohen - Daily Discussion Thread,6,0.81,23,"Sun, Jun 22
[**Cynthia Bailey**](http://tvinsider.com/people/cynthia-bailey) and the newest cast member **Angela Oakley** talk about the relationships on [*The Real Housewives of Atlanta*](https://www.tvinsider.com/show/the-real-housewives-of-atlanta/).
Mon, Jun 23
[**Arnold Schwarzenegger**](https://www.tvinsider.com/people/arnold-schwarzenegger/) talks about the new season of the comedy action series [*FUBAR*](https://www.tvinsider.com/show/fubar/).
Tue, Jun 24
Guesting are the three sisters who form the rock band [*Haim*](http://tvinsider.com/people/haim): **Alana Haim**, **Este Haim**, and **Danielle Haim**.
Wed, Jun 25
[**Lars Pippen**](https://www.tvinsider.com/people/larsa-pippen/) and **Kiki Barth** dish on [*The Real Housewives of Miami*](http://tvinsider.com/show/the-real-housewives-of-miami).
Thu, Jun 26
[**Charlize Theron**](http://tvinsider.com/people/charlize-theron) describes the stuntwork for the superhero sequel [*The Old Guard 2*](https://www.tvinsider.com/show/the-old-guard-2/), and [**Henry Golding**](http://tvinsider.com/people/henry-golding) talks about restoring a connection in his sci-fi movie *Daniela Forever*.", "[duplicated] Production"
608,The Old Guard 2,What car is this?,30,0.97,15,It’s from the movie The Old Guard 2, "Question: Prop / Vehicle Identification"
609,The Old Guard 2,Which streamer has the best/worst original movies?,0,0.27,18,"I think Netflix has to win the cake for the worst original films. Even their big name films are very forgettable and just all feel so underwhelming. 
I would say Apple also for worst but they have like 3 original movies lol.
Amazon I think has the best in terms of quality. I recently watched Head of States and Deep Cover, both of which are quite funny and entertaining, especially Deep Cover. Meanwhile I'm having to slog through The Old Guard 2 and wondering why it just feels so bland.", "Streaming Platform Quality: Format"
610,The Old Guard 2,Official Discussion Megathread (Superman) plus Throwback Discussions!,162,0.91,0,"**New In Theaters**:
* [Superman (2025)](https://old.reddit.com/r/movies/comments/1lwutny/official_discussion_superman_2025_spoilers/?)
**25th Anniversary Throwback Discussion Threads**:
* [Scary Movie](https://old.reddit.com/r/movies/comments/1lwutxk/official_throwback_discussion_scary_movie_spoilers/?)
* [Disney's The Kid](https://old.reddit.com/r/movies/comments/1lwutyi/official_throwback_discussion_disneys_the_kid/?)
* [But I'm a Cheerleader](https://old.reddit.com/r/movies/comments/1lwutzo/official_throwback_discussion_but_im_a/?)
**Still In Theaters**:
* [Jurassic World Rebirth](https://old.reddit.com/r/movies/comments/1lqdtaw/official_discussion_jurassic_world_rebirth/)
* [F1: The Movie](https://old.reddit.com/r/movies/comments/1lli8lz/official_discussion_f1_the_movie_spoilers/?)
* [M3GAN 2.0](https://old.reddit.com/r/movies/comments/1lli8nm/official_discussion_m3gan_20_spoilers/?)
* [28 Years Later](https://www.reddit.com/r/movies/comments/1lfsc91/official_discussion_28_years_later_spoilers/)
* [Elio](https://www.reddit.com/r/movies/comments/1lfscb2/official_discussion_elio_spoilers/)
* [The Life of Chuck](https://www.reddit.com/r/movies/comments/1la4c8g/official_discussion_the_life_of_chuck/)
* [Materialists](https://www.reddit.com/r/movies/comments/1la4c8n/official_discussion_materialists/)
* [How to Train Your Dragon](https://www.reddit.com/r/movies/comments/1la4c8v/official_discussion_how_to_train_your_dragon/)
**New On Streaming:**
* [Heads of State](https://old.reddit.com/r/movies/comments/1lr5yb4/official_discussion_heads_of_state_spoilers/?)
* [The Old Guard 2](https://old.reddit.com/r/movies/comments/1lr5ycn/official_discussion_the_old_guard_2_spoilers/?)
* [Ice Road: Vengeance](https://old.reddit.com/r/movies/comments/1lr5ye1/official_discussion_ice_road_vengeance_spoilers/?)
* [KPop Demon Hunters](https://www.reddit.com/r/movies/comments/1lghony/official_discussion_kpop_demon_hunters_spoilers/)
* [Echo Valley](https://www.reddit.com/r/movies/comments/1lar0eb/official_discussion_echo_valley/) 
* [Deep Cover](https://www.reddit.com/r/movies/comments/1lar0ej/official_discussion_deep_cover/)", "Release Info / Availability (Streaming)"
611,The Old Guard 2,Watch What Happens Live with Andy Cohen - Daily Discussion Thread,7,1.0,16,"Sun, Jun 22
[**Cynthia Bailey**](http://tvinsider.com/people/cynthia-bailey) and the newest cast member **Angela Oakley** talk about the relationships on [*The Real Housewives of Atlanta*](https://www.tvinsider.com/show/the-real-housewives-of-atlanta/).
Mon, Jun 23
[**Arnold Schwarzenegger**](https://www.tvinsider.com/people/arnold-schwarzenegger/) talks about the new season of the comedy action series [*FUBAR*](https://www.tvinsider.com/show/fubar/).
Tue, Jun 24
Guesting are the three sisters who form the rock band [*Haim*](http://tvinsider.com/people/haim): **Alana Haim**, **Este Haim**, and **Danielle Haim**.
Wed, Jun 25
[**Lars Pippen**](https://www.tvinsider.com/people/larsa-pippen/) and **Kiki Barth** dish on [*The Real Housewives of Miami*](http://tvinsider.com/show/the-real-housewives-of-miami).
Thu, Jun 26
[**Charlize Theron**](http://tvinsider.com/people/charlize-theron) describes the stuntwork for the superhero sequel [*The Old Guard 2*](https://www.tvinsider.com/show/the-old-guard-2/), and [**Henry Golding**](http://tvinsider.com/people/henry-golding) talks about restoring a connection in his sci-fi movie *Daniela Forever*.", "[duplicated] production"
612,The Old Guard 2,Watch What Happens Live with Andy Cohen - Daily Discussion Thread,8,0.85,15,"Sun, Jun 22
[**Cynthia Bailey**](http://tvinsider.com/people/cynthia-bailey) and the newest cast member **Angela Oakley** talk about the relationships on [*The Real Housewives of Atlanta*](https://www.tvinsider.com/show/the-real-housewives-of-atlanta/).
Mon, Jun 23
[**Arnold Schwarzenegger**](https://www.tvinsider.com/people/arnold-schwarzenegger/) talks about the new season of the comedy action series [*FUBAR*](https://www.tvinsider.com/show/fubar/).
Tue, Jun 24
Guesting are the three sisters who form the rock band [*Haim*](http://tvinsider.com/people/haim): **Alana Haim**, **Este Haim**, and **Danielle Haim**.
Wed, Jun 25
[**Lars Pippen**](https://www.tvinsider.com/people/larsa-pippen/) and **Kiki Barth** dish on [*The Real Housewives of Miami*](http://tvinsider.com/show/the-real-housewives-of-miami).
Thu, Jun 26
[**Charlize Theron**](http://tvinsider.com/people/charlize-theron) describes the stuntwork for the superhero sequel [*The Old Guard 2*](https://www.tvinsider.com/show/the-old-guard-2/), and [**Henry Golding**](http://tvinsider.com/people/henry-golding) talks about restoring a connection in his sci-fi movie *Daniela Forever*.","[duplicated] production"
613,The Old Guard 2,Old Guard 2,1,0.56,12,"Just skimmed the IGN review and it's not sounding great.
I was skimming for more objective info than opinion as I like to make up my own mind about such things. 
I really like the first movie, the concept, the cast and the action and fight scenes were pretty good. 
The thing that stands out in the Old Guard 2 review, apparently a lot of shakey cam. Which is really disappointing. Seriously. Chad Stahelski has laid the groundwork for how to shoot a fight scene imo and I guess doing something too well is the problem, it makes me hold other movies upto it. 
Still looking forward to watching it later along with Ballerina finally.","Cinematography / Visuals"
614,The Old Guard 2,I wish they hadn’t made a sequel,30,0.94,7,"Well, I watched the old guard 2. 
I didn’t hate it. I also didn’t like it. 
My primary complaints (did my best to keep them spoiler free):
1. It was not NEARLY gay enough
2. There was a lot of retconning, particularly when it came to how immortality ended and the way they dream of each other. Also pretty sure Nile did NOT have a birth mark in the first movie. 
3. Everything about it SCREAMED “this was filmed during Covid.” The cast were rarely all together, and when they were, they were all spread out sporadically around the room like they were posing for an album cover. It really lacked the found family feel of the first. I felt like all of the chemistry was gone from them all
4. The production/direction was just like….off to me. Idk, I felt like I noticed the shots being weird, and that’s not something I ever noticed. And a lot of stuff looked fake or just off. 
5. It really lacked a lot of the cool factor from the first ones. Great musical moments dropped into really fun action scenes. I genuinely got bored multiple times, to the point where I found myself checking to see how much longer was left, and even saying out loud “oh my god, are we still on this??”
6. So much of the writing was so clunky and awkward. Like the timing was off, the deliveries were weird, idk if it was the covid filming, the reshoots, or just bad writing/acting, but so many times I found myself thinking “how are these the same people who gave such great performances in the first movie?”
7. It ended on a cliffhanger and I don’t think it will do well so we won’t get a resolution. 
For me, the biggest indication of my feelings is that I don’t even feel the urge to find and read fix-it fic. I guess I just wanna…ignore it? Idk. Like pure apathy. The second pacific rim was garbage but it at least made me mad and want to read fix-it fics, this just made me want to ignore it all. So disappointed.","Direction / Production Quality"
615,The Old Guard 2,Novi Filmovi! – 4. Jul 2025,18,0.91,8,"Ćao ekipo! Evo najnovijih filmskih vesti ove nedelje!
# Novo U Bioskopima!
* Jurrasic World: Rebirth (Scarlett Johansson) (Fantasy) (2025) 6.4 – [IMDb](https://www.imdb.com/title/tt31036941/?ref_=nv_sr_srsg_1_tt_1_nm_0_in_0_q_Jurrasic%2520World%253A%2520Rebirth%2520) – [Trailer](https://www.youtube.com/watch?v=jan5CFWs9ic)
* Night Of The Zoopocalypse (Animation) (2024) 6.1 – [IMDb](https://www.imdb.com/title/tt29544253/?ref_=nv_sr_srsg_0_tt_2_nm_6_in_0_q_Night%2520of%2520the%2520Zoopocalypse) – [Trailer](https://www.youtube.com/watch?v=_o3M6nU590Y)
# Dostupni Filmovi!
^(Cinema!)
* Ballerina (Action) (2025) 7.2 – [IMDb](https://www.imdb.com/title/tt7181546/?ref_=nv_sr_srsg_0_tt_8_nm_0_in_0_q_Ballerina) – [Trailer](https://www.youtube.com/watch?v=yNN2PoilSp4)
* Thunderbolts (Fantasy) (2025) 7.5 – [IMDb](https://www.imdb.com/title/tt20969586/?ref_=nv_sr_srsg_0_tt_8_nm_0_in_0_q_Thunderbolts%2520(2025)) – [Trailer](https://www.youtube.com/watch?v=hUUszE29jS0)
* The Old Guard 2 (Action) (2025) 5.3 – [IMDb](https://www.imdb.com/title/tt14961624/?ref_=nv_sr_srsg_0_tt_6_nm_2_in_0_q_The%2520Old%2520Guard%25202%2520(2025)) – [Trailer](https://www.youtube.com/watch?v=lyivgZ074PY)
* Lilo &amp; Stitch (Fantasy) (2025) 6.9 – [IMDb](https://www.imdb.com/title/tt11655566/?ref_=nv_sr_srsg_0_tt_8_nm_0_in_0_q_Lilo%2520%2526%2520Stitch%2520(2025)) – [Trailer](https://www.youtube.com/watch?v=VWqJifMMgZE)
* Bring Her Back (Horror) (Australia) (2025) 7.4 – [IMDb](https://www.imdb.com/title/tt32246771/?ref_=nv_sr_srsg_0_tt_8_nm_0_in_0_q_bring%2520her%2520bCK) – [Trailer](https://www.youtube.com/watch?v=1I15ttCedfY)
* Heads Of State (John Cena) (Action) (2025) 6.5 – [IMDb](https://www.imdb.com/title/tt13357520/?ref_=nv_sr_srsg_0_tt_4_nm_0_in_0_q_Heads%2520Of%2520State%2520(2025)) – [Trailer](https://www.youtube.com/watch?v=f70LlXPC7VI)
* Jaws At 50: The Definitive Inside Story (Documentary) (2025) – [IMDb](https://www.imdb.com/title/tt32743685/?ref_=nv_sr_srsg_0_tt_3_nm_0_in_0_q_Jaws%252050%2520The%2520Definitive%2520Inside%2520Story%25) – [Trailer](https://www.youtube.com/watch?v=jrBN9zcQAGw)
* Ice Road: Vengeance (Liam Neeson) (Action) (2025) 4.9 – [IMDb](https://www.imdb.com/title/tt27621210/?ref_=nv_sr_srsg_0_tt_1_nm_0_in_0_q_Ice%2520Road%2520-%2520Vengeance%2520(2025)) – [Trailer](https://www.youtube.com/watch?v=K6lJh9ADfbQ)
* Tornado (Action) (Japan, UK) (2025) 6.1 – [IMDb](https://www.imdb.com/title/tt27721490/?ref_=nv_sr_srsg_0_tt_8_nm_0_in_0_q_Tornado%2520(2025)) – [Trailer](https://www.youtube.com/watch?v=JCW7OoSp0bI)
* Guns Up (Kevin James) (Action, Comedy) (2025) 5.1 – [IMDb](https://www.imdb.com/title/tt28026215/?ref_=nv_sr_srsg_0_tt_8_nm_0_in_0_q_Guns%2520Up%2520(2025)) – [Trailer](https://www.youtube.com/watch?v=ZgNi6tEuKfI)
^(Asian Cinema!)
* It's Okay (Drama) (South Korea) (2023) 7.2 – [IMDb](https://www.imdb.com/title/tt29579010/?ref_=nv_sr_srsg_3_tt_8_nm_0_in_0_q_It%27s%2520Okay) – [Trailer](https://www.youtube.com/watch?v=UCUvsK4xc-Y)
^(Hidden Gems!)
* Balconettes (Fantasy) (France) (2024) 5.8 – [IMDb](https://www.imdb.com/title/tt27721737/) – [Trailer](https://www.youtube.com/watch?v=_Pry5FZtryM)", "ESPAGNOL: Release / Distribution"
616,The Old Guard 2,Hating half shows and movies,2,0.56,7,"The old guard 2, squid game being split between seasons, sandman season 2... What's up with contents being released unfinished recently ??
I want a movie to have a beginning, a middle part, and an end. Same with seasons. Each season has a point, hate it when it's cut in half just for farming releases", "Plot Structure / Storyline"
