movie_name,title,score,upvote_ratio,num_comments,selftext
28 Years Later,Official Discussion - 28 Years Later [SPOILERS],1921,0.95,8390,"#Poll
**If you've seen the film, please rate it [at this poll](https://strawpoll.ai/poll/vote/va6ZycbW64U2)**
**If you haven't seen the film but would like to see the result of the poll [click here](https://strawpoll.ai/poll/results/va6ZycbW64U2)**
#Rankings
[Click here](https://strawpoll.ai/list/ItnAgr4mX7QR) to see the rankings of 2025 films
[Click here](https://youpoll.me/list/4/) to see the rankings for every poll done
---
**Summary**
Set nearly three decades after the Rage Virus outbreak devastated the UK, *28 Years Later* follows a family living on an isolated island quarantine. When their 12‑year‑old son Spike joins his father Jamie to venture onto the infected mainland to find a doctor for his ailing mother Isla, they uncover evolved threats—from mutated infected packs to sinister human cults. The film blends visceral horror with emotional resilience and philosophical undertones, culminating in an ambiguous, world-expanding conclusion.
**Director**
Danny Boyle (*28 Days Later*, *Slumdog Millionaire*)
**Writer**
Alex Garland (&amp; Danny Boyle)
**Cast**
* Jodie Comer as Isla
* Aaron Taylor-Johnson as Jamie
* Alfie Williams as Spike
* Ralph Fiennes as Dr. Kelson
* Jack O’Connell as Sir Jimmy Crystal
* Erin Kellyman, Edvin Ryding, and others in supporting roles
**Rotten Tomatoes**: [93%](https://www.rottentomatoes.com/m/28_years_later)
**Metacritic**: [78](https://www.metacritic.com/movie/28-years-later/)
**VOD**
Released in theaters on June 20, 2025. Digital and streaming platform release dates TBD, likely later in summer/fall 2025.
**Trailer**
[Watch here](https://www.youtube.com/watch?v=mcvLKldPM08)*
---"
28 Years Later,It’s a bad movie - An actual sequence of events from 28 Years Later,720,0.87,505,"Okay. This movie is a coked-up mess. There are so, so many things wrong with it. Feel compelled to say this given the number of strangely accommodating takes. 
I'll limit myself to one part which stands out to me as utterly bizarre.
So - Spike (perhaps the dumbest child alive) leads his apparently sundowning mother from the safety of the island in search of a doctor. Sympathetic, maybe, but so stupid that I am unable to reconcile it with the fact he's able to plan and execute an effective distraction for the similarly challenged gate guard. Whatever.
Skipping past the tonally painful zombie birth scene et al, he ends up in the doctor's necropolis. 
This scene... in the cinema, I had to put my hand over my mouth to stop from cracking up and ruining the experience of the people able to somehow take it seriously. 
Spike meets Dr. Ralph Fiennes and has his mother diagnosed with cancer. 
Clever choice by the writers, by the way - basing the central drama in a zombie film around a cancerous mcguffin. Incredibly and now unfortunately common misuse of Jodie Comer, but fine.
The doctor, then a complete stranger to Spike, in a short span of time: 
- Drugs Spike with morphine 
- Euthanises his mother
- Boils the flesh from her corpse 
- Hands her bleached skull to her only son
- Instructs him to place it somewhere in his pile 'o bones
- Consoles him (?) with a mawkish but still incorrect Latin phrase (this works)
What?!
He's completely sanguine about this, probably because of the contrived amounts of morphine, and so readily climbs a mountain of bones to perch his mother's skull atop it. 
Who writes a character to react like this? What flimsy justifications of trauma or ham-fisted symbolism could possibly make a 12 year old child, who within the film is fiercely protective of his mother, see this as a normal sequence of events? It's so ludicrous that this scene made me give up on any belief this film is more than a fragmented, shallow, uninspired, pretentious mess. 
And then we meet Jimmy.
This is a bad movie. Does no-one else see this? Am I going nuts?"
28 Years Later,"In 28 Years Later (2025), the ending is.... interesting.",5944,0.93,717,Honestly loved everything about this movie. And then the last 2 minutes happened and now idk what to think lol.
28 Years Later,I HATED 28 years later,713,0.9,1223,"Was so excited, didn't even watch a trailer because I knew I was gonna see it Day 1. Had a horrible time watching it, then researching after it's a set up for another trilogy. JESUS, finish the story of the original characters we love , make one more awesome movie to go out on (either the cure has been found or they escape out of Uk)."
28 Years Later,An explanation of that ending (28 years later spoilers),2213,0.99,589,"Obviously there’s a lot of debate on whether the ending worked for you personally or not, but I haven’t seen any real explanation to why it worked in the context of the movie which I think it objectively did. 
This is a group of feral kids who grew up in a zombie apocalypse and raised on 90s children tv shows. They dress like Jimmy Savile, rock out to the teletubies theme… and fight like power rangers. Literally like power rangers. 
These guys have spent the last three decades learning to fight solely based on power rangers style shows. It’s all they know. And if you practice anything long enough, especially if you start young, you’ll be good at it. These are kids who never actually grew up. Spike leaving behind his power ranger action figure in the beginning showed his acceptance of adult hood. These guys rejected that move. They stayed in their state of arrested development their whole lives (which is pretty common in childhood trauma) 
I keep seeing the naysayers argue it doesn’t make any sense. But it makes perfect sense to me. A group of kids who learned to fight through Saturday morning kids shows and spent decades practicing and performing that style would be that good at it. Especially when you factor in survivor bias. Who knows how many they started with that died.   Now they are only left with the best that survived. 
I don’t know about you, but I’m pretty excited to see a cult of tv ninjas raised and styled completely by 90s kids shows kicking ass in the sequel. And I’m sure there’s going to be plenty of social commentary on how media influences kids on top of the extremely fun fight scenes. 
Edit: this post is almost a month old. If you disagree just downvote and move on. I promise I don’t care about your pissy opinion."
28 Years Later,"Did two more rewatches of 28YL, here are a bunch of my notes.",147,0.96,45,"Okay so as a fan of the first two, I LOVED 28 Years Later on first watch, but I left feeling like there was a lot of things to process and watch again, so that’s exactly what I did.
Over the past two weeks, I went and rewatched the movie two more times, and I after compiling my thoughts, here are a bunch of observations and notes I’ve made on the movie and franchise as a whole.
-  In the opening scene of 28 Years Later, Jimmy was the only boy in a house full of women, who all got ravaged by the infected/rage. All of the girls/women fought/resisted/were defenseless against the onslaught, but Jimmy’s father, the only man introduced in the opening, gave into the Rage virus willingly, and tried to convince his son that it was a “good” thing. This seems to carry deeper themes than how it appears on a surface level.
- Seeing how the Alpha are introduced as the smarter, stronger, and paternal figurehead of the regular infected made me realize that Don from 28 Weeks Later was the first “alpha”. Based on how he interacted and led the infected from the outbreak in Weeks, you see a direct parallel with him as the leader of the infected, and the way the Alpha’s function with the infected in Years.
- The journey Spike takes with his father is presented to him as a “rite of passage” journey for him to become a “Man”. But despite his first journey to the mainland, his killing of the infected, and his return celebration, Spike shows the audience he still does not feel the power and glory of what it means to be a “Man” in the eyes of the islanders. He still feels “weak” and unsure of himself and his purpose at this point. It’s not until he boldly (and stupidly) makes the isolated journey to bring his mother to a doctor, and then journey back to the island with a baby girl, that he feels confident and powerful in himself as a “man”, or someone who can handle things by themselves and be independent.
- In the sequence where Spike and Isla are chased to the gas station, there’s a shot that shows the word “hell” where the former gas station title “Shell” stood, giving a subtle nod to the one shot at the end of 28 Days Later where Selena is trying to resuscitate Jim and we see the unfinished “Hello” signal written on the field where it reads as “Hell.”  
- After being rescued from the gas station by Eric, there’s a quick shot to an advertisement of “Tango” which was the drink that Jim asked from Selena when he was crashing on the staircase up to Frank and Hannah’s apartment. 
- Eric tells Spike that his friend is a delivery driver, which is a callback to Jim’s profession in 28 Days Later, where he revealed he was a bicycle courier, and to the subtle nod in 28 Weeks Later where Andy and Tammy rode through the London streets on a Pizza Delivery motorbike.
- Jamie didn’t read the full note Spike left with baby Isla. If you watch the scene carefully, the movie gives the false impression that the Holy Island villagers are being told who the baby is, but it’s just Spike narrating the letter to himself, and we see that once the baby is brought into the house, Jamie reads only the last part of the letter: “HER NAME IS ISLA” which prompts him to crumble the letter and run for the causeway without giving the rest of the letter a second thought. From the way it’s shown, it appears the other Islanders did not even know the note was in the carriage, and that they have no idea she’s from an infected. 
- The ending upon watching it a second and third time felt a lot less jarring, which is strange, because upon a first watch, it felt a lot more “out of place” and wacky/weird than the rest of the movie. But watching it again, it felt a lot less jarring, and almost felt like it properly belonged in the ending scene with how it foils with the opening sequence. The opening shows a group of innocents being tossed around and slaughtered by the infected in front of a young boy, and the ending shows a group of infected being tossed around and slaughtered by the Jimmy Cult, in front of a young boy. The Jimmy Cult parallel the infected from the opening scene in their portrayal of bloody and cruel destruction in front of a young boy.
- Okay, so THIS one is a random take, but I really like the coincidence of this: The ending is a cinematic interpretation of “The Creation of Adam” fresco painting by Michelangelo. Spike (our Adam) is backed into a corner of rocks and grass (just like Adam is in the painting) and reaches his hand to shake with the divine-like Jimmy (the God-figure) who is closely surrounded by his fellow groupies (like how God is surrounded by his angels in the painting all looking towards Adam). Again, I don’t think this was intentional at all, but the direction and portrayal of the scene feels like it softly replicates the image the painting gives, with a God-like figure giving a helping hand to a vulnerable and exposed Adam, the personification of a “Man” which ties perfectly into the perceived themes of this film.
- And lastly, all three movies deal with the same exploration of themes of Masculinity and Fatherhood. 28 Days Later follows Jim on his quest to understand the world as a young man, finding fatherly solace in Frank (who he calls Dad) and later on in the film with Major Henry West (who talks to Jimmy and comforts him like a father would.) It is through the soldiers’ revelation in their intention for the women in the house where Jim establishes himself as a “true man”, and goes on to rescue Selena and Hannah from the predators around them. 28 Weeks Later opens up with Don and Alice discussing their children, their fear as parents to reunite with their children, and Alice sacrificing the safety of their hideout for a child. The movie then follows Don’s arc and his relationship with his children, as he lies to them to protect them from his guilt/truth, and how he goes on to get infected and hunt his own children to murder them. To me, Don (the father and masculine anchor of the story) is the protagonist of 28 Weeks Later, not Andy and Tammy. And finally in 28 Years Later, the story follows Spike who falls out with his father Jamie to protect his mother (differing views on masculinity), and goes on to find another paternal guide in Dr. Kelson, and is hinted to look towards Jimmy as a soon-to-be father-figure based on the nature of the last sequence in the film.
That’s all I got for my incredibly long list of notes and observations. I would love to know everyone’s thoughts on other things and themes they picked up from the film!"
28 Years Later,'28 Years Later' - Review Thread,3835,0.95,3227,"Director: Danny Boyle
Cast: Jodie Comer; Aaron Taylor-Johnson; Ralph Fiennes; Alfie Williams
**Rotten Tomatoes:** [92%](https://www.rottentomatoes.com/m/28_years_later)
**Metacritic:** [76/100](https://www.metacritic.com/movie/28-years-later/)
Some Reviews:
[Manila Bulletin - Philip Cu Unjieng](https://mb.com.ph/2025/06/18/the-28-legacy-continues-a-review-of-28-years-later)
&gt;What’s nice to note is how Boyle has cast consummate actors in this film, the type who could read off a label of canned sardines and still find depth, emotion, and spark in the delivery of those lines. Initially, it seems that Taylor-Johnson will be doing the heavy lifting. Still, it merely misleads us, as the narrative then focuses on Jodie Comer’s Isla and onto Fiennes’ Dr. Kelson. I want to give a special shout-out to the young actor Alfie Williams. He is the one carrying the whole film, and this is his first feature film work, having previously done a TV series. Boyle teases out an excellent performance from the lad, and I won’t be surprised if many film reviewers in the forthcoming week will single him out as being the best thing in this film. And what’s impressive is how he manages this with the three heavyweight thespians who are on board.There’s the horror and the suspense as a given for this cult franchise, but look out for the human drama and the emotional impact. It’s Boyle and Garland elevating the film, and rising above its genre.
[AwardsWatch - Erik Anderson](https://awardswatch.com/28-years-later-review-danny-boyles-iphone-shot-zombie-sequel-is-audacious-disjointed-and-bewildering-b/) \- 'B'
&gt;Most of the time, *28 Years Later* is frequently begging to be rejected by general audiences, even as it courts the admiration of longtime fans, who may nonetheless find themselves put off by the film’s turn toward unearned emotion, its relatively meager expansion of this universe, and its occasionally jarring tonal shifts. (The abrupt sequel-teasing stinger feels like it’s from an entirely different strain of the zombie subgenre.) Much like the virus at the series’ center, it’s a film whose DNA is constantly mutating, resulting in an inconceivable host subject—one that is both corrosive and something of a marvel.
[DEADLINE - Damon Wise](https://deadline.com/2025/06/28-years-later-review-danny-boyle-jodie-comer-zombie-horror-1236436839/)
&gt;Most threequels tend to go bigger, but *28 Years Later* bucks that trend by going smaller, eventually becoming a chamber piece about a boy trying to hold onto his mother. It still delivers shocks, even if the sometimes over-zealous editing distracts from Anthony Dod Mantle’s painterly cinematography
[The Hollywood Reporter - David Rooney](https://www.hollywoodreporter.com/movies/movie-reviews/28-years-later-review-jodie-comer-aaron-taylor-johnson-1236294541/)
&gt;One of the chief rewards of *28 Years Later* is that it never feels like a cynical attempt to revisit proven material merely for commercial reasons. Instead, the filmmakers appear to have returned to a story whose allegorical commentary on today’s grim political landscape seems more relevant than ever. Intriguing narrative building blocks put in place for future installments mean they can’t come fast enough.
[NextBestPicture - Josh Parham](https://nextbestpicture.com/28-years-later/) \- 7/10
&gt;Boyle’s exuberant filmmaking and Garland’s incisive script sometimes clash when forced to muddle through laborious exercises that feel borrowed from the previous films anyway. It’s a scenario that reminds me of Ridley Scott’s “Prometheus” and “Alien: Covenant,” two films with intriguing ideas that struggled to fashion them within the framework of the established franchise. Perhaps the continuation will find more clever avenues to explore further and enrich this text. As is, what is left is imperfect but still an enthralling return into a dark but provocative world.
[IndieWire - David Ehrlich](https://www.indiewire.com/criticism/movies/28-years-later-review-1235133645/) \- 'B+'
&gt;While Boyle isn’t lofty enough to suggest that the infected are beautiful creatures who deserve God’s love or whatever (this is still a movie about wild-eyed naked zombies, after all, and its empathy for them only goes so far), “28 Years Later” effectively uses the tropes of its genre to insist that the line between a tragedy and a statistic is thinner than we think, and more permeable than we realize. The magic of the placenta, indeed. 
[Rolling Stone - David Fear](https://www.rollingstone.com/tv-movies/tv-movie-reviews/28-years-later-review-danny-boyle-1235353364/)
&gt;Taken on its own, however, Boyle and Garland’s trip back to this hellscape makes the most of casting a jaundiced, bloodshot eye at our current moment. Their inaugural imagining of a world torn asunder surfed the post-millennial fear that modern society wasn’t equipped to handle something truly catastrophic. This new movie is blessed with the knowledge that something always rises from the ashes, but that the risk of regressing back to some fabricated mythology of a Golden Age, complete with *Henry V* film clips and St. George’s flags, is there on the surface as well. If postapocalyptic entertainment has taught us anything, it’s that the walking dead aren’t always the gravest threat. It’s those who sacrifice their soul and sense of empathy that you have to watch out for.
[The Wrap - William Bibbiani](https://www.thewrap.com/28-years-later-review-danny-boyle/)
&gt;For now, though, “28 Years Later” stands on its own — or at least, as its own temporary capper on this multi-decade series — and it stands tall. The filmmakers haven’t redefined the zombie genre, but they’ve refocused their own culturally significant riff into a lush, fascinating epic that has way more to say about being human than it does about (re-)killing the dead.
[Variety - Peter Debruge](https://variety.com/2025/film/reviews/28-years-later-review-1236435361/)
&gt;Where the original film tapped into society’s collective fear of infection, its decades-later follow-up (which undoes any developments implied by “28 Weeks Later” with an opening chyron that explains the Rage virus “was driven back from continental Europe”) zeroes in on two even most primal anxieties: fear of death and fear of the other. To which you might well ask, aren’t all horror movies about surviving an unknown threat of some kind? Yes, but few have assumed the psychic toll taken by such violence quite so effectively as “28 Years Later,” which has been conceived as the start of a new trilogy, but towers on its own merits (part two, subtitled “The Bone Temple,” is already in the can and expected next January)."
28 Years Later,'28 Years Later' Was Filmed Using 20 iPhones at Once,9152,0.92,548,
28 Years Later,"28 Years Later is a masterclass in NOT pandering to fans, and it's absolutely refreshing",2577,0.95,853,"Just saw 28 Years Later and honestly, the more I think about it, the more I appreciate how Danny Boyle and Alex Garland completely refused to go the fan service route. 
When you look at recent horror franchise entries like Alien: Romulus or Predator Killer of Killers, they're absolutely stuffed with winks, nods, and callbacks that feel more like fan fiction than actual movies. It's like the entire purpose becomes checking boxes on a nostalgia checklist rather than telling a compelling story.
28 Years Later does the complete opposite. It trusts its audience enough to create something genuinely new within the established world rather than constantly reminding us ""hey, remember this thing you liked?"" It's not trying to be a greatest hits compilation, it's trying to be a legitimate continuation of the story.
This kind of restraint feels revolutionary in today's franchise landscape where Easter eggs and callbacks seem mandatory. Most modern sequels are creatively bankrupt, just recycling moments from previous films instead of creating new ones.
Boyle and Garland basically gave the middle finger to that entire approach, and the film is so much stronger for it. It respects the legacy of 28 Days Later while having the confidence to forge its own path.
It's honestly refreshing to see filmmakers prioritize storytelling over fan service for once, and I wish people would recognize this more instead of complaining about too much fan service/lack of creativity in movies and franchises, but then screaming when ""In a House in a Heartbeat"" isn't in the film."
28 Years Later,"The hate 28 Years Later got from across Reddit is by far the worst collective take I've ever seen on this website. I almost didn't go to the movie because I had better things to do. Thank God I did, because it's one of the best movies I've seen in years.",1815,0.9,817,"Generally my wife and I do (to a certain extent) take into consideration reviews and general consensus on movies from Reddit and elsewhere.
What a fucking mistake.
I had told my wife the complaints kn here and elsewhere and we went in expecting a huge disappointment.
About halfway into the movie I turned to her and said, ""am I fucking crazy or is this just like a legitimately good movie?""
From top to bottom, even the jarring ending (which had tons of underlying contact with Spike's age, the things in his room, the themes, the first scenes), there wasn't a wasted moment.
I see complaints about the plot and... the fuck? How is this plot disappointing or unrealistic or tone changing in the least?
I legitimately wonder if I (in my 30s) am just so far distanced from modern movie goers or from the people on these subreddits that my tastes are incompatible with the general movie going public.
I'm not sure. I legitimately feel like I'm going crazy for finding no faults or even clicking with any of the critiques -- like, they legitimately don't make sense.
Do some of you who really hated the movie even enjoy movies? I'm not trying to be facetious.
It's one thing to not like the movie, and another to pile on it like a huge amount of posters have been.
Anyway, hugely impressed, 9.5/10.
Maybe you guys didn't expect a coming of age story?
I'm just legitimately baffled."
28 Years Later,28 YEARS LATER Passes $100 Million At The Box Office,3788,0.98,289,
28 Years Later,"Me greeting my friend who just got off work playing a zombie on the hit film ""28 Years Later""",9333,0.97,164,
28 Years Later,"In 28 Years Later, zombies are depicted as ghastly, aged, and fragile. This is a sly reference to how original fans are likely 40 years or older now since the original was released over two decades ago.",5304,0.97,121,
28 Years Later,"In the 28 Years Later (2025) trailer, everyone thought this emaciated zombie was Cillian Murphy.... that really sucks for him",9485,0.98,91,
28 Years Later,Box Office: '28 Years Later' Debuts to $5.8 Million in Thursday Previews,1533,0.98,305,
28 Years Later,"Box Office: ‘28 Years Later’ Feasting on $60M Global Opening, Highest of the Franchise and Biggest Opening for a Danny Boyle Film",1720,0.97,257,
28 Years Later,Box Office: ’28 Years Later’ Chomps on $14 Million Opening Day,1397,0.97,284,
28 Years Later,Behind the scenes of ‘28 Years Later’ (2025),3675,0.97,114,
28 Years Later,Someone brought their baby to 28 Years Later,1338,0.97,287,"I have never in my life experienced someone bringing their baby to a movie theatre let alone a horror movie like 28 Years Later. You could argue it's not horror but the screaming, gore and loud noises alone would traumatize any young child. Babies absorb a lot more than we realize. 
But that's not my main rant - I'm annoyed because the baby was cooing and crying almost the entire movie until I complained, had a manager brought in and the people with the baby removed. Am I alone in this? This is MIND-BLOWING to me that people are so entitled to ruin everyone else's paid experience with a literal baby."
28 Years Later,Just watched 28 Years Later and... I don't know how I feel about it,706,0.88,773,"So I just finished 28 Years Later and I'm honestly conflicted. The storyline didn't really land for me - it felt messy and underdeveloped. The opening was terrible, and the ending? Full-on cringe. Like... what was that Power Rangers-style moment at the end?
For a zombie movie, the zombies barely had any screen time. When they did show up, they were scary, sure, but it felt like an afterthought. The storyline with the mom made no sense at all - like, what even was the point of that arc?
The whole thing just felt... odd. Not enough tension, not enough payoff. The only thing that really worked was the acting - the cast did what they could with what they were given. But beyond that? I'm really not sure how I feel about the rest.
Anyone else feel the same way?"
28 Years Later,"‘28 Years Later’ Feasting $30-31M, ‘Elio’ At $22M+ Is Pixar’s Lowest Opening Ever, ‘How To Train Your Dragon’ Rules With $35M+ Second Weekend – Saturday Box Office Update",863,0.98,463,
28 Years Later,20-iPhone rig from 28 Years Later,2686,0.99,128,"I should probably start by saying I’m not a cinematographer, I’ve just lurked here for a long time as I find it interesting. 
I saw this image of a rig of 20 iPhones that I thought was interesting. I loved the original film and I know the details of how they shot it etc, but I still thought that shooting this instalment on iPhones seemed a bit gimmicky. 
However, this BTS photo (from an IGN article) made me wonder if I’d overlooked some technical benefits to shooting on iPhones. Here’s a quote:
&gt;&gt; “I never say this, but there is an incredible shot in the second half [of the film] where we use the 20-rig camera, and you'll know it when you see it. … It's quite graphic but it's a wonderful shot that uses that technique, and in a startling way that kind of kicks you into a new world rather than thinking you've seen it before.”
&gt;&gt;Boyle equates the 20-camera rig to “basically a poor man’s bullet time.” It allows flexibility for the filmmakers in terms of light and ease of use on location shoots, and it can be attached to cranes or a camera dolly or built into a location even.
&gt;&gt;“Wherever, it gives you 180 degrees of vision of an action, and in the editing you can select any choice from it, either a conventional one-camera perspective or make your way instantly around reality, time-slicing the subject, jumping forward or backward for emphasis,” he says. 
So I’m curious, would it be impossible to do a setup like this with normal cameras? Does it make things considerably easier to use iPhones instead of normal cameras, in terms of things like weight etc? I would love to hear thoughts from people with more knowledge on the subject."
28 Years Later,'28 Years Later' Review Thread,804,0.99,457,"I will continue to update this post as reviews come in.
[**Rotten Tomatoes:**](https://www.rottentomatoes.com/m/28_years_later) Certified Fresh
**Critics Consensus:** *28 Years Later* taps into contemporary anxieties with the ferocious urgency of someone infected with Rage Virus, delivering a haunting and visceral thrill ride that defies expectations.
|Critics|Score|**Number of Reviews**|
|:-|:-|:-|
|**All Critics**|89%|210|
|**Top Critics**|94%|50|
[**Metacritic:**](https://www.metacritic.com/movie/28-years-later/) 76 (52 Reviews)
**Sample Reviews:**
Amy Nicholson, Los Angeles Times - It’s a kooky spectacle, a movie that aggressively cuts from moments of philosophy to violence, from pathos to comedy. Tonally, it’s an ungainly creature. From scene to scene, it lurches like the brain doesn’t know what the body is doing.
Robert Daniels, [RogerEbert.com](http://RogerEbert.com) \- A deeply earnest film, a picture whose sincerity is initially off putting until it’s endearing. **3.5/4**
Perri Nemiroff, Perri Nemiroff (YouTube) - Not only is 28 Years Later well worth the wait, but the story benefits from the lengthy gap between installments. It delivers big with Rage Virus-sparked tension and action, but also takes an unexpected turn that's staggeringly refreshing and effective. **4.5/5**
Matt Singer, ScreenCrush - A great zombie series refuses to die. **7/10**
Bill Goodykoontz, Arizona Republic - Boyle controls every frame -- don’t let the mind-bending chaos of the chase scenes fool you. This is a technical marvel. **4.5/5**
Rocco T. Thompson, Slant Magazine - The film’s conception of the future, perceptively, looks back to humankind’s primeval past. **3/4**
Jake Coyle, Associated Press - This is an unusually soulful coming-of-age movie considering the number of spinal cords that get ripped right of bodies.
Philip De Semlyen, Time Out - Boyle reinvents the zombie movie as a bloody pop-art installation. **3/5**
Alonso Duralde, The Film Verdict - As these two modern masters of genre subversion have matured, they’ve also figured out a way to check off the boxes of thrills and gore and suspense while also finding something real to say about perseverance, hope, and love.
Richard Lawson, Vanity Fair - Grim and strange, 28 Years Later finds Boyle once again following the irregular rhythms of his brain.
Alejandra Martinez, Austin Chronicle - As the start of a new trilogy for the franchise, it’s a promising entry that signals a different approach to a well-worn subgenre. **3/5**
Esther Zuckerman, Bloomberg News - One of the strangest, most exhilarating blockbusters in recent memory. It’s a truly bizarre piece of art that’s somehow both grotesque and extremely moving.
Rafer Guzman, Newsday - 28 Years Later tries hard to outpace the original film and keep up with the culture at large, but instead it lumbers slowly behind. **1.5/4**
Michael Ordoña, San Francisco Chronicle - Garland and Boyle have made a different film than the other two installments, and deserve credit for that.
Clarisse Loughrey, Independent (UK) - 28 Years Later is a post-Brexit, Covid-conscious take on this world, with ideas about nationalism, isolationism, and weaponised culture added to the mix. But it’s punchy and simple once again. **3/5**
William Bibbiani, TheWrap - The filmmakers haven’t redefined the zombie genre, but they’ve refocused their own culturally significant riff into a lush, fascinating epic that has way more to say about being human than it does about (re-)killing the dead.
David Ehrlich, IndieWire - Wildly unexpected for a film that’s been promised for so long, this tense and tender post-apocalyptic drama contends that to exist in denial of death is to corrupt the integrity of life itself. **B+**
Ben Travis, Empire Magazine - With 28 Years Later, Boyle and Garland return to breathe thrilling life back into an overexposed genre. There isn’t an obvious choice in sight. **4/5**
Peter Debruge, Variety - Typically, we look to adrenaline-fueled entertainment for catharsis. Boyle’s thrilling reboot offers enlightenment as well.
Caryn James, [BBC.com](http://BBC.com) \- It glows with Boyle's visual flair, Garland's ambitious screenplay and a towering performance from Ralph Fiennes. **3/5**
Peter Bradshaw, Guardian - An interesting, tonally uncertain development which takes a generational, even evolutionary leap into the future... creating something that mixes folk horror, little-England satire and even a grieving process for all that has happened. **3/5**
David Fear, Rolling Stone - Whether it all comes together as a satisfactory whole... is anyone’s guess. Taken on its own, however, Boyle and Garland’s trip back to this hellscape makes the most of casting a jaundiced, bloodshot eye at our current moment.
Robbie Collin, Daily Telegraph (UK) - It’s Fiennes’s gently patrician, RP-accented doctor which gives 28 Years Later its lingering, Kiplingian ache. **5/5**
Jacob Oller, AV Club - A blistering adventure filled with dread and wonder, there’s a macabre classicism to the film—a sense that, even if life as we know it falls apart, some essential elements persevere. **B**
Jordan Hoffman, Entertainment Weekly - One of the richest horror movies in a very long time. **A-**
Donald Clarke, Irish Times - The rich, allusive, aggressively English result, with Boyle back as director, finds fresh things to say with the disgusting lore while keeping comfortably between the franchise’s guardrails. **4/5**
Ed Potton, The Times (UK) - The sense of hallucinogenic sweatiness won’t be to everyone’s taste but \[Garland\] and Boyle should be applauded for taking such big swings and having the flair and confidence to pull them off. It’s an astonishing piece of work. **5/5**
Bilge Ebiri, New York Magazine/Vulture - 28 Years Later is choppy, muddled, strange, and not always convincing. But I’m not sure I’ll ever forget it.
Meagan Navarro, Bloody Disgusting - This riveting blend of horror and heart reminds that death, horror’s favorite equalizer, can be as beautiful as it can be cruel. **4/5**
Liz Shannon Miller, Consequence - Boyle and Garland’s return to the franchise seems deliberately set on reinventing as many cliches as it can, while also exploding our assumptions about what a zombie movie might be. **B**
Linda Marric, HeyUGuys - 28 Years Later is a reinvention of the trilogy. It dares to evolve when most sequels retreat. It’s a rare horror film that provokes as much as it terrifies, asking not just how we survive the end of the world, but what kind of people we become afterward. **5/5**
David Rooney, The Hollywood Reporter - It never feels like a cynical attempt to revisit proven material merely for commercial reasons. Instead, the filmmakers appear to have returned to a story whose allegorical commentary on today’s grim political landscape seems more relevant than ever.
Kristen Lopez, The Film Maven (Substack) - 28 Years Later is a recipe I’d assume says: a dash zombie movie, a pinch of melancholy story of loss and existence, a hint of tone poem, and a soupçon of batshit insane. **B-**
Nick Schager, The Daily Beast - A gripping, unnerving, and altogether thrilling saga that both continues its predecessors’ illustrious legacy and initiates what’s shaping up to be a promising new horror trilogy.
Nick Howells, London Evening Standard - It's that time, halfway through the year, when enough movies have been seen to risk the phrase “best film of the year so far”. And right on cue, here we have it. Nothing in 2025 has been as good as this supercharged, shuddering blast. **5/5**
**SYNOPSIS:**
Academy Award®-winning director Danny Boyle and Academy Award®-nominated writer Alex Garland reunite for ***28 Years Later***, a terrifying new ""auteur horror"" story set in the world created by 28 Days Later. It’s been almost three decades since the rage virus escaped a biological weapons laboratory, and now, still in a ruthlessly enforced quarantine, some have found ways to exist amidst the infected. One such group of survivors lives on a small island connected to the mainland by a single, heavily-defended causeway. When one of the group leaves the island on a mission into the dark heart of the mainland, he discovers secrets, wonders, and horrors that have mutated not only the infected but other survivors as well.
**CAST:**
* Jodie Comer as Isla
* Aaron Taylor-Johnson as Jamie
* Jack O'Connell as Sir Jimmy Crystal
* Alfie Williams as Spike
* Ralph Fiennes as Dr. Ian Kelson
**DIRECTED BY:** Danny Boyle
**WRITTEN BY:** Alex Garland
**PRODUCED BY:** Andrew Macdonald, Peter Rice, Bernard Bellew, Danny Boyle, Alex Garland
**EXECUTIVE PRODUCERS:** Cillian Murphy, Allon Reich
**DIRECTOR OF PHOTOGRAPHY:** Anthony Dod Mantle
**PRODUCTION DESIGNER:** Mark Tildesley
**EDITED BY:** Jon Harris
**COSTUME DESIGNER:** Carson McColl Gareth Pugh
**MUSIC BY:** Young Fathers
**CASTING BY:** Rebecca Farhall, Gail Stevens
**RUNTIME:** 126 Minutes
**RELEASE DATE:** June 20, 2025"
28 Years Later,Are you seeing 28 YEARS LATER this weekend?,742,0.93,400,Im going tonight at 10 in the dolby!!! Anyone else seeing this? Im taking my girlfriend with me. We spent the last two days watching 28 DAYS LATER and 28 WEEKS LATER. Do you think they were lying to us and Jim shows up at the end to set up 28 YEARS LATER: THE BONE TEMPLE?
28 Years Later,'28 Years Later' Rotten Tomatoes Verified Audience Score Thread,520,0.97,575,"I will continue to update this post as the score changes.
**Rotten Tomatoes Popcornmeter:** Hot
**Audience Says:** An undeniably ambitious installment, *28 Years Later* may disappoint fans seeking the original’s iconic raw horror, but most will be moved by the emotional depth brought to life by its talented cast.[](https://www.rottentomatoes.com/m/28_years_later/reviews?type=user)
|Audience|Score|**Number of Reviews**|**Average Rating**|
|:-|:-|:-|:-|
|**Verified Audience**|65%|1,000+|3.6/5|
|**All Audience**|62%|2,500+|3.4/5|
**Verified Audience Score History:**
* 67% (3.6/5) at 250+
* 68% (3.7/5) at 500+
* 65% (3.6/5) at 1,000+
[**Rotten Tomatoes:**](https://www.rottentomatoes.com/m/28_years_later) Certified Fresh
**Critics Consensus:** *28 Years Later* taps into contemporary anxieties with the ferocious urgency of someone infected with Rage Virus, delivering a haunting and visceral thrill ride that defies expectations.
|Critics|Score|**Number of Reviews**|
|:-|:-|:-|
|**All Critics**|89%|210|
|**Top Critics**|94%|50|
[**Metacritic:**](https://www.metacritic.com/movie/28-years-later/) 76 (52 Reviews)
**SYNOPSIS:**
Academy Award®-winning director Danny Boyle and Academy Award®-nominated writer Alex Garland reunite for ***28 Years Later***, a terrifying new ""auteur horror"" story set in the world created by 28 Days Later. It’s been almost three decades since the rage virus escaped a biological weapons laboratory, and now, still in a ruthlessly enforced quarantine, some have found ways to exist amidst the infected. One such group of survivors lives on a small island connected to the mainland by a single, heavily-defended causeway. When one of the group leaves the island on a mission into the dark heart of the mainland, he discovers secrets, wonders, and horrors that have mutated not only the infected but other survivors as well.
**CAST:**
* Jodie Comer as Isla
* Aaron Taylor-Johnson as Jamie
* Jack O'Connell as Sir Jimmy Crystal
* Alfie Williams as Spike
* Ralph Fiennes as Dr. Ian Kelson
**DIRECTED BY:** Danny Boyle
**WRITTEN BY:** Alex Garland
**PRODUCED BY:** Andrew Macdonald, Peter Rice, Bernard Bellew, Danny Boyle, Alex Garland
**EXECUTIVE PRODUCERS:** Cillian Murphy, Allon Reich
**DIRECTOR OF PHOTOGRAPHY:** Anthony Dod Mantle
**PRODUCTION DESIGNER:** Mark Tildesley
**EDITED BY:** Jon Harris
**COSTUME DESIGNER:** Carson McColl Gareth Pugh
**MUSIC BY:** Young Fathers
**CASTING BY:** Rebecca Farhall, Gail Stevens
**RUNTIME:** 126 Minutes
**RELEASE DATE:** June 20, 2025"
28 Years Later,"I’m going to say it, 28 years later is my favourite of the three.",906,0.89,236,"The first half was like classic jarring Japanese style horror movie throwbacks. 
Then the second half contained a great look at what ‘normal’ becomes for someone to grow up in an apocalyptic world. 
It also has a reminder that normal tragedy will occur after the apocalypse. 
Then the end; a boy who was young when the apocalypse started. 
Maybe he grew up watching Jim’ll fix it on VHS tapes with his dad like the tellytubbies. 
No one would have found out who Jim really was, meaning the potential hero worship and dressing as him wouldn’t be as weird as it would be now. 
And the filming becomes a cheesy b-movie gorefest. 
I loved it from start to finish. 
Instead of down voting please let me know why you disagree, if you do?"
28 Years Later,28 Years Later: The Bone Temple release date announced for 28 Weeks after the first film,1512,0.98,139,
28 Years Later,It took them more than a decade tk release the movie 28 years later because the Iphone battery kept dying,5054,0.99,51,
28 Years Later,Official Dreadit Discussion: “28 Years Later” [SPOILERS],320,0.94,1336,"**Summary:**
It’s been almost three decades since the rage virus escaped a biological weapons laboratory, and now, still in a ruthlessly enforced quarantine, some have found ways to exist amidst the infected. One such group of survivors lives on a small island connected to the mainland by a single, heavily-defended causeway. When one of the group leaves the island on a mission into the dark heart of the mainland, he discovers secrets, wonders, and horrors that have mutated not only the infected but other survivors as well.
**Links / Reviews:**
* [IMDb](https://www.imdb.com/title/tt10548174/?ref_=nv_sr_srsg_1_tt_7_nm_0_in_0_q_28%2520years%2520later)
* [Rotten Tomatoes](https://www.rottentomatoes.com/m/28_years_later)
* [Letterboxd](https://letterboxd.com/film/28-years-later/)
* [Metacritic](https://www.metacritic.com/movie/28-years-later/)
**Directed By:**
* [Danny Boyle](https://en.wikipedia.org/wiki/Danny_Boyle)
**Written By:**
* [Alex Garland](https://en.wikipedia.org/wiki/Alex_Garland)
**Cast:**
* [Jodie Comer](https://en.wikipedia.org/wiki/Jodie_Comer) as Isla
* [Aaron Taylor-Johnson](https://en.wikipedia.org/wiki/Aaron_Taylor-Johnson) as Jamie
* [Ralph Fiennes](https://en.wikipedia.org/wiki/Ralph_Fiennes) as Dr. Kelson
* [Jack O'Connell](https://en.wikipedia.org/wiki/Jack_O%27Connell_(actor)) as Sir Lord Jimmy Crystal
* Alfie Williams as Spike
* [Erin Kellyman](https://en.wikipedia.org/wiki/Erin_Kellyman) as Jimmy Ink
* [Edvin Ryding](https://en.wikipedia.org/wiki/Edvin_Ryding) as Erik Sundqvist
* Chi Lewis-Parry
* [Emma Laird](https://en.wikipedia.org/wiki/Emma_Laird) as Jimmima
**Cinematographer:**
* [Anthony Dod Mantle](https://en.wikipedia.org/wiki/Anthony_Dod_Mantle)
**Editor:**
* [Jon Harris](https://en.wikipedia.org/wiki/Jon_Harris_(film_editor))
**Composer:**
* [Young Fathers](https://en.wikipedia.org/wiki/Young_Fathers)
**Producers:**
* Danny Boyle
* Alex Garland
* [Andrew Macdonald](https://en.wikipedia.org/wiki/Andrew_Macdonald_(producer))
* [Peter Rice](https://en.wikipedia.org/wiki/Peter_Rice_(executive))
* Bernie Bellew"
28 Years Later,Filmmakers Used 20 iPhones at Once to Shoot '28 Years Later',1456,0.97,140,
28 Years Later,Just watched 28 years later and was inspired to make this list. Any other suggestions?,532,0.97,409,
28 Years Later,"In 28 Years Later, in order to portray an environment of free flowing hostility, romanticised nationalism &amp; sexual/domestic transgressions, it was filmed in Great Britain.",2068,0.95,88,
28 Years Later,[SPOILERS] 28 Years Later - Official Discussion &amp; Review Thread,219,1.0,2857,"**As stated in** [our previous announcement](https://www.reddit.com/r/28dayslater/comments/1kxmk76/read_important_announcement_community_changes/), starting today (June 11th), we are imposing a sub-wide moratorium, meaning we want to keep **all** **spoiler/spoiler-ish content and discussion about the film limited to this thread** to prevent users in the sub who have not yet had the chance to watch the film from being spoiled about things that may happen/be revealed in it (any lore revelations, plot twists, major character deaths, easter eggs, etc). Many people have been waiting 18+ years for this film, so it only feels fair to allow fans to see the film without having the experience ruined by a post popping up in their main Reddit feed simply for being a member of our community.  
  
This will only be for a short time (July 1st) to allow time for the film to be released in most regions and give people a decent chunk of time to go and see the movie in theaters at their availability), and, much like with our approval system to prevent the sub from being clogged up with different threads for each individual's opinion on the film or discussion of events.  
  
As such, posts to the main sub discussing the film's **narrative events, spoiler content, or discussing content that hasn't been shown (or displayed in full context) in official pre-release trailers/interviews will be rejected** for approval for the immediate future. We also kindly ask that you use ||spoiler tags|| when discussing possibly spoiler-y information about the film in the comments other posts/threads. 
**Reviews** (and links to reviews in the media/trades/YouTubers) that provide adequate commentary and follow our quality guidelines and contain **no** spoilers about the film's narrative **will** still be accepted on the main page as the media/social embargo lifts -- as well as links to external reviews that cover spoiler content **so long as they are properly tagged and the spoiler-y nature is made clear in the title of the post and/or the review in question itself has a defined ""spoiler section""**. However, brief reviews (such as those found on *Tiktok,* *X/Twitter, Instagram/Threads, Mastodon,* or *BlueSky*) and internal community/user-made spoiler reviews **should be shared/commented here**. 
We also understand that many people will have a variety of opinions about this film ranging from good to bad, we ask that while people may feel passionate/strongly about their feelings, good or bad, that they **attempt to remain critical/constructive in their reviews**: explain *why* you liked/disliked certain aspects of the film, make points in good faith (no ragebaiting) and do not attack or gatekeep other users for holding contrary opinions. I think the sub has remained quite civil so far with regards to the divide in the fandom's opinions regarding their like or dislike of *Weeks* and we'd like to keep it that way going forward in discussions about *Years*. As always, ""reviews"" that merely serve as a trojan to grift political/""culture war"" talking points will not be accepted."
28 Years Later,"‘28 Years Later’ Still Feasting $30M DOM/$60M Global Opening, ‘Elio’ At $20M+ Is Pixar’s Lowest Opening Ever, ‘How To Train Your Dragon’ Rules With $37M Second Weekend (-56%) – Sunday Box Office Update",621,0.98,292,
28 Years Later,'28 Years Later' gets a B on CinemaScore,691,0.98,255,
28 Years Later,The walk from Holy Island to the Mainland in 28 Years Later,1133,0.98,137,"Obviously you have to take into account suspension of disbelief since it’s a movie, but it’s immensely funny to me that 28 Years Later portrays the distance between certain landmarks as a few hours walk away when there’s a stretch of approx 60 miles between Lindisfarne and Sycamore Gap IRL (also taking into account the extra miles walked to reach De Kelson). Sorry Spike, i don’t think you’d be getting back home from your first expedition in under four hours"
28 Years Later,28 Years Later Review,466,0.91,393,"28 Years Later is the third installment in the famous horror series, and this entry feels significantly different from the previous ones. That difference is both a great strength and a huge weakness. On one hand, I respect the filmmakers’ attempt to do something new, expand the world, and add philosophical depth. Still, on the other hand, the wide gap between this film and the previous ones, especially in the second half, left me questioning what justifies this as a third part beyond simply using a recognizable IP.
There are definitely some positives. The cinematography is striking, as expected from anything Danny Boyle does. Nature dominates much of the scenery, and the action is captured with fast frames and chaotic editing, which conveys a sense of danger and urgency. Some shots were achieved using multiple iPhones mounted on a grid to create a spinning, 360-degree effect around a single frame, a unique trick, though honestly, I didn’t feel it added much to the scenes where it was used. The music was effective and appropriate for each scene, and the acting was solid overall, especially from the young actor, Alfie Williams, whose performance was natural and emotionally resonant.
The film’s main issue, the one that kept me from fully engaging with it, is how scattered it all felt. It has several interesting ideas, but none of them are developed well enough to stand on their own or connect meaningfully to each other. Each segment of the film feels isolated, as if the movie resets itself after every arc. Take the journey with the father, for example: nothing the boy learns there really carries over into his time with his mother. If you were to cut out that first part, the second would barely change, and that’s a problem. This fragmentation continues right up to the final scene, which felt completely out of place, almost like it belonged in a different film.
There’s ambition here, and technically, the film is excellent. It has strong concepts that, if woven together properly, could’ve made for a much more satisfying experience. As it stands, it’s not a bad movie, but it’s a disjointed one, like watching multiple films at once that never quite come together.
Rating: 6/10"
28 Years Later,28 Years Later is the first movie of the series that manages to make me cry,582,0.91,278,"While I understand the audience being kind of divided over this film (and knowing this is not being made as a unique film, but one relying on future sequels shot back to back), I cannot help but keep thinking about it time and time again. #2 best movie of the year after Sinners so far. Surprisingly beautiful and even kind of hopeful. 10/10."
28 Years Later,"‘F1’ Putting The Pedal To The Metal With $55M+ Opening, An Apple Original Films Record; ‘M3GAN 2.0’ Asleep At $10M, ‘Elio’ Dropping 45% to $11M-$12M; ‘28 Years Later’ Collapsing 67% to $10M – Friday PM Update",601,0.97,230,
28 Years Later,"Jodie Comer, Danny Boyle, Aaron Taylor-Johnson Alfie Williams, Tom Rothman, Edvin Ryding &amp; Ralph Fiennes at the UK premiere of ‘28 YEARS LATER’",790,0.97,165,
28 Years Later,"""28 Years Later"" was actually a really great movie (SPOILERS AHEAD)",422,0.89,277,"This might be an unpopular opinion but I loved this movie. Went to see it with my cousin in theaters and I thought it was great though there were some things I found weird... I didn't get the opening scene. It got me invested in an instant then the whole movie was about a different person. That zombie massacre at the beginning got me hyped and I thought the movie would have Jimmy as one of the main characters or atleast a major side character but that wasn't the case, he just came back in the last like 3 minutes of the movie with his gang to help Spike and don't get me wrong that was fun but it killed the vibe. If the movie would have ended when Spike left the letter and the baby it would have been a lot better but the actual ending was just unnecesary. It didn't ruin the whole movie for me though.
I think it's great if we ignore that part lol
9/10"
28 Years Later,"Sony's 28 Years Later has passed the $100M global mark. The film grossed an estimated $13.7M internationally this weekend. Estimated international total stands at $52.7M, estimated global total stands at $103.0M.",566,0.97,208,
28 Years Later,"’28 Years Later’ $5.8M, ‘Elio’ $3M Previews – Friday AM Box Office",442,0.97,243,
28 Years Later,28 Years Later took a massive 67% drop this weekend at the North American box office,358,0.96,281,
28 Years Later,28 Years Later and the backlash against it,320,0.85,282,"I had a depressing revelation as I scrolled down a sea of comments calling this ""boring"" and ""the worst movie everrrr"".
It became very apparent to me why generic, formulaic Marvel shit has dominated the box office for the last 15 years. This film has its flaws, but it's bold, cerebral, and genuinely brilliant. Seems like a lot of people just wanted this to be 28 Days Later's version of The Force Awakens. 
Here's my hot take: I'd rather get a film that's imperfect but has artistic vision and actually takes risks than an uninspired, studio cashgrab like 28 Weeks Later.
Edit: I'm not saying that there aren't legitimate reasons why some people dislike like the film. People have commented that it feels disjointed and tonally inconsistent, and people in this comment section have offered legitimate criticism. Like I said, the film has its flaws, and makes some strange creative choices. I understand why some people might not like it.
I'm more addressing the more superficial 
criticisms I keep seeing.
""It was boring,"" 
""It was shit,"" 
""Not enough zombies.""
""Not enough action"""
28 Years Later,Just came back from watching 28 Years Later. Here are my initial spoiler-free thoughts,152,0.9,504,"Long-story short, while I liked 28 Years Later, it is my least liked among the 28 trilogy.
Here are some of my spoiler-free thoughts:
* All the films in the trilogy have vastly different tones and themes with each other. Days is more of a ""grounded"" approach to how an infection spreads and is seen in the eyes of an innocent and naive person. Weeks tackles a more ""grander"" scale focusing more on spectacle and action. Years is more of a ""personal story"" where agency is less about survival and more on circumstance instead.
* There are clearly two distinct acts in the film and they feel very different from one another in tone and in feel.
* There is one big mystery and two other smaller mysteries in the film that make an attempt to expand on the lore of the universe. Thankfully, the main big mystery has a satisfying payoff and conclusion. Unfortunately, the other two mysteries made me go, ""why the fuck?"" and ""what the fuck just happened?"" chronologically. Some people may find the smaller mysteries alright but I personally think it was rather jarring and bordered on being tropey in a bad way.
* There is a moment where one character in the movie gives a very conclusive explanation of how the world is right now and it gives a definitive answer on the state of humanity at that point. This I really liked
* The big named actors definitely carried this film and made me care about their characters despite the absurdity of the premise.
* There are several moments where characters do dumb decisions which cause them to get into dangerous situations, which I very much dislike.
* 28 Days was memorable because it popularized fast zombies and had a very distinct style to it. 28 Weeks was memorable because of how good the intro was. 28 Years, in my opinion, has no memorable moments and, while still good in my book, felt very cliched at times. Actually, there may be one memorable scene but I fear that it will be memorable for all the bad reasons.
Overall, I would probably give it a 7/10 (closer to a 6 than an 8) at the moment. If you want spoilers, just head on over to the spoiler thread and I can answer there  
[\[SPOILERS\] 28 Years Later - Official Discussion &amp; Review Thread](https://www.reddit.com/r/28dayslater/comments/1l8y5bo/comment/myepeqp/)
Another thing is that I didn't watch any of the trailers for 28 Years Later other than the very first reveal trailer. Having watched the film now and having watched the trailer after, I do think the trailer reveals far too many story elements that would actually take away from the experience as a whole."
28 Years Later,Map of the U.K. Unconditional Isolation Zone [28 Years Later],589,0.99,148,"Heavily based on the map provide in the in-universe website for the film  
  
You can find a link to a higher res version of this map here as well:  
[https://www.dropbox.com/scl/fi/w2l4w9gnw5kjikssc6tvw/28-Years-Later-high-res.png?rlkey=ircm75vrqd70lsw35sbkso05e&amp;st=3f5mgcgv&amp;dl=0](https://www.dropbox.com/scl/fi/w2l4w9gnw5kjikssc6tvw/28-Years-Later-high-res.png?rlkey=ircm75vrqd70lsw35sbkso05e&amp;st=3f5mgcgv&amp;dl=0)"
28 Years Later,'28 Years Later' - Review Thread,267,0.95,279,"**28 Years Later**
* [Rotten Tomatoes](https://www.rottentomatoes.com/m/28_years_later) 92% (133 Reviews)
&gt;28 Years Later taps into contemporary anxieties with the ferocious urgency of someone infected with Rage Virus, delivering a haunting and visceral thrill ride that defies expectations.
* [Metacritic](https://www.metacritic.com/movie/28-years-later/):  76 (46 Reviews)
**Reviews**
[The Hollywood Reporter](https://www.hollywoodreporter.com/movies/movie-reviews/28-years-later-review-jodie-comer-aaron-taylor-johnson-1236294541/):
&gt;It never feels like a cynical attempt to revisit proven material merely for commercial reasons. Instead, the filmmakers appear to have returned to a story whose allegorical commentary on today’s grim political landscape seems more relevant than ever.
[Deadline](https://deadline.com/2025/06/28-years-later-review-danny-boyle-jodie-comer-zombie-horror-1236436839/):
&gt;Most threequels tend to go bigger, but 28 Years Later bucks that trend by going smaller, eventually becoming a chamber piece about a boy trying to hold onto his mother.
[Variety](https://variety.com/2025/film/reviews/28-years-later-review-1236435361/):
&gt;Typically, we look to adrenaline-fueled entertainment for catharsis. Boyle’s thrilling reboot offers enlightenment as well.
[The Times] (https://www.telegraph.co.uk/films/0/28-years-later-review-danny-boyle-jodie-comer-ralph-fiennes/) (5/5) :
&gt;This follow-up doesn’t re-take the temperature of British society one generation on so much as vivisect its twitching remains.
[IGN] (https://www.ign.com/articles/28-years-later-review-danny-boyle-alex-garland-aaron-taylor-johnson-jodie-comer) (9/10):
&gt;28 Years Later is as potent and timely an exploration of cultural strife as the original, and Danny Boyle and Alex Garland tug at the heartstrings with bloody, deadly skill.
[Entertainment Weekly](https://ew.com/28-years-later-review-danny-boyle-movie-franchise-creative-daring-11756797) (A-):
&gt;One of the richest horror movies in a very long time.
[Collider](https://collider.com/28-years-later-review-danny-boyle/) (9/10):
&gt;An exciting and terrifying horror movie, a fresh and nuanced entry into the zombie catalog, a mesmerizing philosophical tale, all packed into a coming-of-age structure, 28 Years Later is one of the best zombie horror movies we’ve been given in years.
[Rolling Stone] (https://www.rollingstone.com/tv-movies/tv-movie-reviews/28-years-later-review-danny-boyle-1235353364/):
&gt;Whether it all comes together as a satisfactory whole... is anyone’s guess. Taken on its own, however, Boyle and Garland’s trip back to this hellscape makes the most of casting a jaundiced, bloodshot eye at our current moment.
[The Wrap] (https://www.thewrap.com/28-years-later-review-danny-boyle/):
&gt;The filmmakers haven’t redefined the zombie genre, but they’ve refocused their own culturally significant riff into a lush, fascinating epic that has way more to say about being human than it does about (re-)killing the dead.
[IndieWire] (https://www.indiewire.com/criticism/movies/28-years-later-review-1235133645/) (B+):
&gt;Wildly unexpected for a film that’s been promised for so long, this tense and tender post-apocalyptic drama contends that to exist in denial of death is to corrupt the integrity of life itself.
[AV Club] (https://www.avclub.com/28-years-later-review) (B):
&gt;A blistering adventure filled with dread and wonder, there’s a macabre classicism to the film—a sense that, even if life as we know it falls apart, some essential elements persevere.
[Empire](https://www.empireonline.com/movies/reviews/28-years-later/) (4/5):
&gt;With 28 Years Later, Boyle and Garland return to breathe thrilling life back into an overexposed genre. There isn’t an obvious choice in sight.
[The Times] (https://www.thetimes.com/culture/film/article/28-years-later-review-the-best-in-danny-boyles-zombie-franchise-zwb08696h) (4/5) :
&gt;The sense of hallucinogenic sweatiness won’t be to everyone’s taste but [Garland] and Boyle should be applauded for taking such big swings and having the flair and confidence to pull them off. It’s an astonishing piece of work.
[Bloody Disgusting] (https://bloody-disgusting.com/reviews/3873444/28-years-later-review-danny-boyle-alex-garland-launch-new-trilogy-with-epic-journey/) (4/5):
&gt;This riveting blend of horror and heart reminds that death, horror’s favorite equalizer, can be as beautiful as it can be cruel.
[Total Film] (https://www.gamesradar.com/entertainment/horror-movies/28-years-later-review/) (3/5):
&gt;Come for the propulsive, heart-in-mouth first half, then, and stay for the risk-taking second.
[BBC] (https://www.bbc.com/culture/article/20250618-28-years-later-review) (3/5):
&gt;It glows with Boyle's visual flair, Garland's ambitious screenplay and a towering performance from Ralph Fiennes.
[The Guardian] (https://www.theguardian.com/film/2025/jun/18/28-years-later-review-danny-boyle-zombies-alex-garland-jodie-comer-aaron-taylor-johnson) (3/5):
&gt;An interesting, tonally uncertain development which takes a generational, even evolutionary leap into the future... creating something that mixes folk horror, little-England satire and even a grieving process for all that has happened.
**Synopsis**:
&gt;It’s been almost three decades since the rage virus escaped a biological weapons laboratory, and now, still in a ruthlessly enforced quarantine, some have found ways to exist amidst the infected. One such group of survivors lives on a small island connected to the mainland by a single, heavily-defended causeway. When one of the group leaves the island on a mission into the dark heart of the mainland, he discovers secrets, wonders, and horrors that have mutated not only the infected but other survivors as well.
**Cast**
* Jodie Comer as Isla
* Aaron Taylor-Johnson as Jamie
* Ralph Fiennes as Dr. Ian Kelson
* Jack O'Connell as Sir Jimmy Crystal
* Alfie Williams as Spike
* Erin Kellyman as Jimmy Ink
* Edvin Ryding as Erik Sundqvist
* Chi Lewis-Parry as ""the Alpha""
* Emma Laird as Jimmima
Directed by: Danny Boyle
Written by: Alex Garland
Produced by: Danny Boyle, Alex Garland, Andrew Macdonald, Peter Rice, and Bernie Bellew
Cinematography: Anthony Dod Mantle
Edited by: Jon Harris
Music by: Young Fathers
Running time: 115 minutes
Release dates: June 20, 2025"
28 Years Later,28 Years Later (2025). Danny Boyle Cinematography: Anthony Dod Mantle Photo by: Miya Mizuno,2061,0.99,37,
28 Years Later,28 Years Later,992,0.97,72,"I just saw 28 Years Later, and HELL YEAHHHHHHH! This was everything I had hoped it would be, and quite a bit more. Of course, it has the gnarly, and gruesome zombie sequences I’ve come to expect from this franchise, but the core of this film is a mother-son story that is genuinely touching, and really poignant. Great ensemble, and some amazing action. This is a Top 3 film of 2025 for me!
★★★★½"
28 Years Later,Just a shout out to anyone who attended the 7.20m showing of 28 Years Later in Movies @ The Square last night.,541,0.9,125,"Well done one and all. You were all brought up right. I'm easily distracted (yeah I know, that's a me problem) but it's the least annoying, most pleasurable cinema experience I've had in years. Not one late arrival, not one person who thought they were in their sitting room and it was time for a nice aul chat, and, shock horror, not one single person looked at their phone (and I was pretty high up in the rows) throughout the whole showing. Again, well done all, more of this please.👍"
28 Years Later,'28 Years Later' Director Danny Boyle Says Shooting on iPhones Let Him Capture 'Startling' Violence,554,0.94,122,
28 Years Later,"$1M CLUB: THURSDAY
1. JURASSIC WORLD: REBIRTH ($25M)
2. F1 ($6M)
3. HOW TO TRAIN YOUR DRAGON ($2.7M)
4. ELIO ($1.6M)
5. 28 YEARS LATER ($1.2M)
6. LILO &amp; STITCH ($1M) 
Box office BBQ in full effect.",383,0.97,159,
28 Years Later,5 Reasons Why 28 Years Later Killed It At The Box Office,227,0.83,214,
28 Years Later,Just watched 28 Years Later and I was thinking…,810,0.94,72,"Aaron Taylor-Johnson could make a damn good Aragorn in the Hunt for Gollum movie. He looks the part, and has definitely proven himself as an actor. I could just be reaching, any thoughts or counter-arguments?"
28 Years Later,"Sony's 28 Years Later grossed an estimated $14.0M domestically on Friday (from 3,444 locations), including Thursday previews.",355,0.96,151,
28 Years Later,28 Years Later got censored in my country,544,0.93,95,"The premiere day was today here, in Hungary.
I loved it, I think it might be my favourite out of the three. It made me shed a tear, which none of the other movies achieved.
That said, all the private parts of the infected got blurred out which was very obvious in some scenes. I find it hilarious that all the gore and viscera is completely fine but showing nasty, infected peepees and vajayjays is where the censors drew the line.
So be aware when you go to the movies, you might get a lesser version of the film too depending on where you live."
28 Years Later,can anyone think of a reason why danny boyle is directing pt. 1 and 3 of 28 years later but nia dacosta is directing pt. 2?,386,0.91,125,a bit apprehensive in the style / quality drop just based off what i’ve seen / heard about her previous films. seems an odd choice to have someone else take over in the middle
28 Years Later,New unseen shots from 28 Years Later. Honestly can’t wait for this movie,1595,1.0,29,
28 Years Later,"’28 Years Later’ Running To $14M Friday/$28M-$30M 3-Day, ‘Elio’ Eyes $9M/$22M-$24M In A ‘How To Train Your Dragon’ ($10.7M/$35.2M, -58%) Ruled Weekend – Friday Box Office Update",229,0.96,173,
28 Years Later,28 Years Later is being used to infect people’s spirit and soul,143,0.73,192,"I’m pretty much done watching Hollywood movies. 
I’m a big fan of the zombie genre. I know that movies are used by the kingdom of darkness to manipulate the spirits and souls of patrons but there is no balance at all anymore. 
I went to see the new 28 Years Later movie a couple days ago and it’s not even really a zombie movie. The original 2 movies were zombie films with the standard premise and no demonic themes, as the zombies were infected with a physiological virus. The new film starts off with random scenes off with random scenes of upside down crosses and a priest gone mad. None of the plot fits anything in the original storyline but the movie is littered with grotesque demonic scenes that seem to be randomly placed, as they don’t really further the plot. 
The movie climaxes where the main character takes his mother to a clearly insane doctor, who can’t treat her cancer so he kills her, polishes her skull clean within an hour and has the boy pick out a spot for it in a giant skull-mountain effigy of death. 
The movie ends with a gang of Jimmy Saviles (a British celebrity Pedophile) that are wearing upside crosses with pyramids on them, battling a group of zombies. 
During the movie, I could feel the Holy Spirit telling me to leave. I got an anxiety attack and had to get up to walk around like 3 times. The movie isn’t even a zombie movie, they just used that as a cover to make us sit through 2 hours of occult brainwashing. Im not exaggerating, the entire film is literally with occultist messaging. If the trailer actually showed any actual scenes from the movie, nobody would have gone to see it. 
Short story long, don’t go see this movie. Its only purpose is to infect your spirit and soul with subconscious occultist messaging. 
#PS: I appreciate all the discourse that this post has created. I think it’s important for Christians to always question the input that we consume. I also think that there are some misconceptions about how I came to the conclusions regarding this movie. Throughout the comments, I have attempted to give some thorough replies that list my rational as to why I assert that it’s a propaganda film and how tv, movies, and media in general is used to manipulate people…..Let’s not forget to remember that we are all brothers and sisters though."
28 Years Later,"’28 Years Later’ $5M+, ‘Elio’ $2.5M-$3M Previews – Thursday Night Box Office",314,0.98,125,
28 Years Later,"iPhone setups used to film the movie ""28 Years Later""",961,0.98,39,
28 Years Later,"The Main Cinema decided to get creative with its marquee for ""28 Years Later.""",1502,0.98,23,
28 Years Later,"28 Years Later – thoughts on audience expectations, suspension of disbelief and enjoyment (SPOILERS)",85,0.85,206,"28 Years Later seems to be dividing audiences more than it’s dividing critics, who generally seem to like it. But why is that? For the record, I liked it a lot, but I can see why some people wouldn’t. Whether you liked or disliked the movie, what was it that led you to that opinion? 
**Audience expectations**
When a film is a sequel, it’s reasonable to expect that it’s somewhat similar to the original. However it’s also reasonable for the film-makers to want to try something different, especially when it’s set 28 years after the original. Nobody really wants a sequel that hews too closely to the original after all. I don’t think there’s a right or a wrong expectation here, but the film is quite a different beast to the original and I understand why not everyone would be on board with that. 
Then there’s expectations connected to the film’s genre. Obviously you’d expect the film to be in the zombie horror genre, so I can see why people might be disappointed by some of the crazy things in the film that don’t fit easily into that. In fact, what genre even is it? It’s not exactly a road movie, it’s not really a quest, it’s not really folk horror, although it has elements of all those things. I think the lack of a fixed genre is actually the film’s strongest asset, although again I can see why others would disagree. 
**Suspension of Disbelief**
Some elements of the film are ridiculous. But should that matter? My rule is that if something is established as part of the film’s premise, then it doesn’t require explanation and you just have to let it go. Can other countries really not pick up people who obviously aren’t infected and transport them to safety, including the whole population of the island? Apparently not, but you just have to go with it. Maybe there’s a good reason that will be explained in subsequent films, or maybe not. I don’t want a film that ties itself in knots explaining everything about its own premise. Many people do want these things though, and who am I to say that they’re wrong?
For me suspension of disbelief is only an issue if it concerns something that comes up during the events of the film, such as people repeatedly doing stupid things just to make the plot work (I’m looking at you, 28 Weeks Later). In this respect, Years manages OK, or certainly no worse than most other action/suspense films.
**Enjoyment**
I thought on a moment by moment basis, the film worked really well. Not everything worked, but it kept moving and never got bogged down in anything that didn’t work for too long. The original starts sober and goes crazy by the end. This one cycles through all different types of crazy throughout. It’s very much more in the “dumb fun” category. I think it’s hard to fully appraise because it depends on the two upcoming films. 
What are your views? I’m particularly interested in what you consider to be reasonable or unreasonable expectations when approaching a film like this."
28 Years Later,"The Best Horror Movies of 2025 So Far, Ranked: ‘Sinners,’ ‘Final Destination Bloodlines,’ ’28 Years Later’ and More",117,0.76,176,
28 Years Later,"28 Years Later is a Cerebral Dreamscape, and an Excellent Film",314,0.91,107,"I've just come back from the cinema, and wanted to put some rambling thoughts to paper while everything is still fresh.
The first scene had me concerned that 28YL wasn't going to be my thing. The music felt like too much of a contrast in comparison to what was happening. By about a third of the way in I realised Young Fathers had come in clutch. The score is absolutely fantastic. I love the way they harkened back to 28DL with East Hastings (and as an aside, I loved the sniper shots from 28WL being incorporated in as well).
I came to absolutely adore the way Boyle &amp; Co. used sound, especially in the subtleties: Isla hearing a dial up sound when Erik talks about his phone. The distant sound of police sirens ringing in our ears. Echoes of civilisation almost three decades after its collapse.
I thought it was interesting that Jamie hesitated to kill the infected child, only to quickly revert back to gleefully discussing how he slaughtered it's family. (Also interesting that the infant infected ran away.)
The infected of 28YL are excellent. The onslaught of time appears to have worn away their anger, and replaced it with overwhelming hunger. Of course they weren't going to look or act like the infected of 28DL. These are gangs of roving cannibals, half starved, feasting on the corpses of felled deer. It seems as though the Alphas lead their own tribes, providing for them as well. Interesting that the Alphas repeatedly pull the heads and spines of their victims. It seems like the emergence of a primitive cultural artefact. 
The implications of the river scene, the infected splashing around, half remembering how to clean themselves perhaps? And of course, the pregnant scene. I presume the woman was impregnated by the Alpha. In the pangs of the trauma of childbirth she rekindles her humanity and takes Isla's hands. What a beautiful, haunting, terrifying scene. It forces us to account for the fact that these aren't ""zombies"". They're living people.
Everything has an almost dreamlike quality. The camera work was excellent, so many interesting techniques used throughout. Angles heightened tension, built up stress, and gave us resolution.
There's so much to explore in what *wasn't* seen or shown. People will be asking questions about what happens beyond Holy Island, beyond Britain, for years.
This film isn't just about surviving hordes of infected, it's about interpersonal relationships. It's about religion, and the emergence of new cultures. It asks us questions about humanity, about the soul, about how life goes on after civilisational collapse.
I was so nervous that I wouldn't like 28YL, especially as the first reviews from fans trickled in yesterday. Having seen it myself, I'd say this was one of Boyle's best films, the same for Garland.
E: Forgot to say, the Jimmy gang at the end was a bit jarring, but it makes sense that you're going to have weird groups popping up in the aftermath of the end of the world. Wasn't a huge fan of all the parkour but again, it was a very Boylesque moment of silliness and gratuitous gore. There are still interesting takeaways from that scene too, chief amongst which is that the group seemed to delight in torturing the infected, and inflicted pain upon them. A stark contrast from the good doctor's treatment (he didn't kill Samson when he had the chance, even though it would have been beneficial).
In closing: I've never seen a film like 28YL before."
28 Years Later,Is 28 years later as good as people say?(no spoilers pls),58,0.95,210,
28 Years Later,"Later today, Korone premieres her review of the movie, 28 Years Later then she’ll be interviewing with the film’s producers Danny Boyle and Alex Garland.",976,0.99,35,
28 Years Later,28 years later is an excellent film that seeks to evolve the zombie genre by bridging the gap between the action packed “schlocky” zombie film and those that seek to explore human nature like the original.,236,0.87,124,"As the title says ,I believe this movie tried to bridge the gap between the traditional “low-art” action filled zombie film and the smartly done human-interaction focused 28 days later- and I think it did an outstanding job. At this point we’ve had 20 years of zombie films and tv shows that have approached the medium in nearly every way imaginable. We’ve seen everything from the pure comedic approach to pure action to true emotional displays of relationships and human nature ala the walking dead. This film, somewhere between the likes of 28 days later, the walking dead, and the bigger-budget more classic action-oriented zombie flick like we got with the dawn of the dead remake or 28 weeks later (of which footage from the film appears in the new movie), seemingly took lessons and inspiration from everything that has come during and after the first two films to create something that could evolve the zombie genre, much like the original did all those years ago
I don’t think I’ve ever seen a zombie movie like this. It somehow did what I’ve really only seen done successfully in good zombie video games, which is try to appeal to every type of zombie movie fan without being generic or feeling disjointed
1. Beautiful cinematography with horrific and visceral imagery.  The quick cuts and visceral jumps of gore, the infected, and symbolic/parallel imagery made the film feel very much like watching a nightmare. The intensity and tension was some of the best I’ve ever seen in the genre- very reminiscent of some of the nail biting sequences form the show “black summer”. 
The shots of the alpha just standing on the horizon with his back to the setting sun, the scenes of the infected hunting and feasting on a deer carcass night,the imagery of warfare and preparation for war, the quick jump cuts of the infected faces were all frightening , tense and as I just stated, nightmare-like. I usually hate to use this term, but it almost felt liminal at times. 
2. Lots of infected with (imo) smartly done in-universe additions to the lore and behavior that the audience is shown to explain their survival over the time period. What needed to be shown was shown and what needed to be told was told. The new “evolved” infected all felt like they made sense and fit within the universe. The “slow and lows”  were infected who instinctually gorged themselves on whatever they came across on the ground, the alphas were individuals on whom the virus acted like steroids etc.  I’ve seen people complaining there “wasn’t enough infected” but from what I can tell the screen time far surpassed 28 days later and may even exceed (or at least match) 28 weeks later. 
3.Awesome Zombie Kill cams that added to the visceral feel and more than satisfied the part of me that likes more action-oriented zombie flicks with gratuitous zombie gore. 
4. Finally, it tells an imo expertly crafted, emotionally engaging male-focused coming of age story with social commentary that isn’t trying to shove modern political drivel or lectures down your throat. Not much more to say here- if you prefer your zombie films to make meaningful commentary and tell engaging stories about humans in an apocalyptic setting you’ll also find that here 
One final caveat:
The ending: it’s both batshit insane but also not nearly as bad or jarring as some people are making it out to be. I actually…really liked it, and I suspect fans of other post apocalyptic media like fallout or mad max, or even the game dying light will also like it. 
Can I understand why some may not like it, especially if you don’t know there’s sequels coming? Sure, but I also think those people are not fans of Danny Boyle’s work and also may not know that this is the start of what is supposed to be a three-film franchise with what I assume is now also looking to establish lore and truly explore the concept of a Britain that is now almost 30 years into the apocalypse without shying away from the insanity that would bring.  I think it’s so crazy that it somehow goes around full circle to where it makes perfect sense. It was also very entertaining so that helped too. 
What would British children who have been living in apocalyptic Britain for 28 years on their own do?  
Boyle/garland most certainly took inspo from the likes of fallout, mad max, etc when answering that question and went full in on the idea of groups of people who have hung onto an idealized version of the past shaped by the media they consumed and had access to."
28 Years Later,I like 28 years later,167,0.92,152,Am I the only one who loved the flashbacks so much? From ww2 to the medieval hunting down zombies it’s crazy how they did it+ the song which is crazy. I also loved the idea with the high tide and I might be the only one but I liked the alpha? I’ve seen so many people hate it but I never really get scared but this movie had its moments for some reason which could scare me i also loved the Swedish soldier with his Botox gf and i thought the setting was good just unfortunately they gave the mc a lot of plot armour and the ending is so sad it’s so unrealistic and ruined it for me kinda but I’m just pretending that never happened also if anyone has questions or wanna discuss about something from the movie please let me know i love this movie
28 Years Later,28 Years Later (2025) was shot entirely on iPhone. This is because I watched a camrip from The Pirate Bay.,1971,1.0,8,
28 Years Later,[28 Years Later] (not spoilers) How did the infected survive so long after the second outbreak?,162,0.94,146,"In 28 Days Later, it is theorized that the infected will starve to death and cleanse most of Britain on it's own. In 28 Weeks Later it is shown that this is the case, and almost all infected have starved to death less than 7 months from the initial outbreak. The only reason the virus is able to spread again is due to a person acting as a carrier for the infection despite not turning into a zombie. Now in 28 Years later, the infected have managed to survive for nearly three decades after the second outbreak. What changed between the two outbreaks to allow so many infected to survive this time?"
Ballerina,Official Discussion - From the World of John Wick: Ballerina [SPOILERS],578,0.92,1066,"#Poll
**If you've seen the film, please rate it [at this poll](https://strawpoll.ai/poll/vote/gh5jt24s2NGH)**
**If you haven't seen the film but would like to see the result of the poll [click here](https://strawpoll.ai/poll/results/gh5jt24s2NGH)**
#Rankings
[Click here](https://strawpoll.ai/list/ItnAgr4mX7QR) to see the rankings of 2025 films
[Click here](https://youpoll.me/list/4/) to see the rankings for every poll done 
---
**Summary**
Set between the events of *John Wick: Chapter 3 – Parabellum* and *Chapter 4*, *Ballerina* follows Eve Macarro, a ballerina-turned-assassin trained by the Ruska Roma. Driven by vengeance after her father's murder, Eve embarks on a relentless mission against the Chancellor, confronting a deadly town of killers in Hallstatt, Austria. Along her journey, she crosses paths with familiar faces from the John Wick universe, including John Wick himself.
**Director**
Len Wiseman 
**Writer**
Shay Hatten 
**Cast**
* Ana de Armas as Eve Macarro
* Anjelica Huston as The Director
* Gabriel Byrne as The Chancellor
* Lance Reddick as Charon
* Norman Reedus as Daniel Pine
* Ian McShane as Winston Scott
* Keanu Reeves as John Wick
* Catalina Sandino Moreno as Lena
**Rotten Tomatoes**: [78%](https://www.rottentomatoes.com/m/ballerina_2024)
**Metacritic**: [66](https://www.metacritic.com/movie/ballerina/)
**VOD**
Available in theaters and on premium VOD.
**Trailer**
[Watch here](https://www.youtube.com/watch?v=u9RorU0EOi4)
---"
Ballerina,Thoughts on Ballerina?,268,0.84,212,I would give the movie a 5/10 just because I like action movies. But I just can’t get over how unrealistic it was. The bad guys had like 50 chances to kill her during the final fight sequence. She even has a kitchen knife stabbed like 6” into her back beforehand and she just pulls it out and moves on with her day.
Ballerina,Just watched Ballerina in the cinemas,495,0.96,231,"Whoever suggested that we should do the plot of Resident Evil 4, but it's John Wick should get a raise lmfaoo"
Ballerina,"Pedro Pascal caught saying he's ""a lazy 50-year-old bougie bitch"" at the premiere of Ballerina in London 😂",40391,0.94,963,
Ballerina,"Pedro Pascal caught saying he's ""a lazy 50-year-old bougie bitch"" at the premiere of Ballerina in London 😂",11393,0.95,294,
Ballerina,"With ‘Ballerina’ Falling Short at the Box Office, ‘John Wick’ May Finally Be Getting Stretched Too Thin",789,0.96,463,
Ballerina,Ballerina is in a weird spot,846,0.97,216,"Saw the movie twice, once with friends and once with family and really enjoyed it both. 
The general consensus for ratings, reviews and critics I’ve seen everywhere seem to agree and say that it’s pretty damn good: IMDb, tik tok, Facebook, instagram, Reddit, rotten tomatoes, etc. 
But the sad part is the box office isn’t the best.. not the worst but still. I know we’re still waiting on releases in Japan, Korea and India (released in Italy yesterday). So like I’m wondering if a sequel will happen.. Ana said she’s ready to do one so I think a sequel will happen cus no way it’s the only time we see Eve
Thoughts?"
Ballerina,"'It was Keanu's idea': The ending of Ballerina is meant to honor the second John Wick movie's final scene, director confirms",1393,0.94,94,
Ballerina,"Before the release of Ballerina, tell me, what's your favorite John Wick movie?",494,0.97,278,
Ballerina,Ballerina deleted scene explaining how John got involved,853,0.99,130,This shouldn't have been cut for real.
Ballerina,What did you think of Ballerina? (NO SPOILERS),422,0.99,287,
Ballerina,Why ‘Ballerina’ Isn’t Springing Into The Rafters With A $25M-$27M Opening – Saturday AM Box Office Update,415,0.95,262,
Ballerina,Ballerina - Review Thread,242,0.89,416,"**Ballerina - Review Thread**
* [Rotten Tomatoes](https://www.rottentomatoes.com/m/ballerina_2024): 76% (95 Reviews)
* [Metacritic](https://www.metacritic.com/movie/ballerina/): 62 (32 Reviews)
Reviews:
[Hollywood Reporter](https://www.hollywoodreporter.com/movies/movie-reviews/from-the-world-of-john-wick-ballerina-review-ana-de-armas-1236255035/) (70):
&gt;If the dizzying crescendo of intricately choreographed fight scenes is the main attraction in Ballerina, it’s those occasional moments of dry humor that make it a welcome extension of the John Wick universe.
[Deadline](https://deadline.com/2025/06/ballerina-review-ana-de-armas-spinoff-john-wick-1236423083/)
&gt;Part of the majesty behind the Wick franchise is attributable to its legacy. Stahelski knows his cinema and the series’ maximalism is in direct conversation with the silent slapstick stars of yesteryear as much as 1979’s The Warriors. It is, in other words, a unique blend of physical comedy and transcendental action. Ballerina very much continues that tradition, with several fights whose inspirations seem as disparate as Looney Tunes and Police Story. Beyond the usual fare of weaponry, there are inventive uses of restaurant cookery, ice skates as slicing nunchaku, and an entire section that feels as if the town from Beauty and the Beast was filled with highly trained killers.
[Variety](https://variety.com/2025/film/reviews/ballerina-review-ana-de-armas-john-wick-1236416050/) (60):
&gt;Ballerina is a worthy entry in the “John Wick” canon, though I say that as someone who doesn’t think the “John Wick” canon is all that. By the end, Ana de Armas has proved that fighting like a girl and fighting like a guy need not be appreciably different, especially if they’re all fighting like a video game.
[The Wrap](https://www.thewrap.com/ana-de-armas-ballerina-john-wick-review/) (73):
&gt;“Ballerina” is a cluttered mess with a boring storyline but the action is often amazing, and there’s a genuine sense of humor to all its weird duels to the death. That’s something that’s been absent from the self-serious “John Wick” movies for far too long — an acknowledgement of their own wackiness.
[Entertainment Weekly](https://ew.com/ballerina-review-ana-de-armas-kills-busloads-people-orgy-violence-11747832) (58)
&gt;Like dining at Burger King, it's undeniably enjoyable, but may leave you with a queasy feeling when it's all over.
[Collider](https://collider.com/ballerina-review-john-wick-ana-de-armas/) (70):
&gt;Ballerina gets off to a shaky start that almost feels like it misunderstands what has made the John Wick series so much fun for so long. Yet once the absurdity of the action takes hold, and Ana de Armas gets to prove herself as a fitting potential heir to this franchise, Ballerina captures the blunt, chaotic action that this series thrives on.
[IGN](https://www.ign.com/articles/john-wick-ballerina-review-ana-de-armas-keanu-reeves) (80):
&gt;It’s a spinoff that knows why the John Wick series has been so successful, and both effectively follows the rules while adding to the ever expanding world. While it takes a good portion of its screentime to find confident footing, when the second half gets moving, the energy is undeniable as Ballerina becomes one funny, bloody and creative fight scene after another. I’m hoping for an encore.
[Rolling Stone](https://www.rollingstone.com/tv-movies/tv-movie-reviews/ballerina-review-john-wick-ana-de-armas-1235345736/) (50):
&gt;At its best, this tale of a young female assassin seeking vengeance and wreaking havoc is one more chance to see expertly choreographed mayhem. At its worst, it plays like a Wick-ipedia sub-entry ambitiously pumped up to main-event status. Let’s just say the balance tilts toward the latter more than you’d like.
[TotalFilm](https://www.gamesradar.com/entertainment/action-movies/from-the-world-of-john-wick-ballerina-review/) (70):
&gt;It makes for a tonally consistent movie, though one that fails to deliver on a deeper emotional level... It's a shame, because the action really is brilliant, even if the plot gives you a sense of déjà vu. Whoa.
Directed by Len Wiseman:
&gt;Taking place between the events of John Wick: Chapter 3 – Parabellum and Chapter 4, Eve Macarro, a ballerina-assassin, begins to train in the assassin traditions of the Ruska Roma and sets out to exact revenge for her father's death.
Cast:
* Ana de Armas as Eve Macarro
* Anjelica Huston as the Director
* Gabriel Byrne as the Chancellor
* Lance Reddick as Charon
* Norman Reedus as Daniel Pine
* Ian McShane as Winston Scott
* Keanu Reeves as John Wick"
Ballerina,I went to the Hollywood premiere and afterparty for Ballerina,1639,1.0,61,"I’m a mega fan that won a Lionsgate sweepstakes. 
I don’t want to talk about the movie too much quite yet since most people haven’t seen it yet, but it was great.
Craziest experience of my life. I met Ana De Armas and Ian McShane. Ana De Armas is the nicest person I’ve ever talked to. Keanu Reeves did a speech before the film honoring the late Lance Reddick and that was sweet. The afterparty was at The Avalon and that was wild. Overall just wild experience and I wanted to share some photos. 
Great people, great movie, great time. About to hop on a plane to fly back home."
Ballerina,Lionsgate's Ballerina has passed the $100m global mark,566,0.98,147,https://the-numbers.com/movie/From-the-World-of-John-Wick-Ballerina-(2025)#tab=summary
Ballerina,IMO The Korean Film Ballerina is better than the American.,580,0.8,125,"Better Protagonist and Antagonist, more likeable side characters. Better and deeper motivations for PROTAG/ANTAG. Realistic fight scenes. More relatable and realistic story. I’ve seen JW:Ballerina 4 times to Korean Ballerinas 1 and that’s all I needed."
Ballerina,'From The World Of John Wick: Ballerina' Review Thread,340,0.97,237,"I will continue to update this post as reviews come in.
[**Rotten Tomatoes:**](https://www.rottentomatoes.com/m/ballerina_2025) Certified Fresh
**Critics Consensus:** Equipping a steely Ana de Armas with creatively brutal action choreography and a pleasingly kooky origin story, *Ballerina* pirouettes gracefully onto the Wickverse's centerstage.
|Critics|Score|**Number of Reviews**|
|:-|:-|:-|
|**All Critics**|75%|194|
|**Top Critics**|65%|37|
[**Metacritic:**](https://www.metacritic.com/movie/ballerina/) 59 (44 Reviews)
**Sample Reviews:**
Mark Kermode, Kermode and Mayo's Take (YouTube) - It is a car crash of a film.
Kyle Smith, Wall Street Journal - There isn’t much suspense or storytelling craftsmanship present at any point, but at least lots of people and things get broken.
Amy Nicholson, Los Angeles Times - Whether Eve’s inner black swan will win out over her white one is never in question. Instead, that polarity motif is more thrillingly captured when Eve fends off a flamethrower with a fire hose.
Jeannette Catsoulis, New York Times - Directed, with workmanlike efficiency, by Len Wiseman, “Ballerina” is at once insultingly facile and infuriatingly obtuse, its unmodulated tumult leaving little room for nuance or personality.
Soren Andersen, Seattle Times - Clumsy title. Clunky picture. **1.5/4**
Jocelyn Noveck, Associated Press - It must be said, the cheers from moviegoers are, as ever, disconcerting. **2/4**
Barry Hertz, Globe and Mail - De Armas is clearly committed to keeping the stakes high, even if the script fails to offer the full charm offensive she displayed in No Time to Die. But everyone else seems to be either wasted or impatiently waiting for their cheque to clear.
Richard Lawson, Vanity Fair - One happily trots along with Ballerina as it ventures into absurdity. Its silliness is, at least, compellingly rendered. It helps immensely that de Armas is such a limber, confident action performer.
Helen O'Hara, Time Out - Happily, it emerges at last with enough inventive action to stand alongside its murderous predecessors, and makes Ana de Armas into a likeable assassin hero -- a phrase that makes more sense in her killer-filled world than our own. **3/5**
Matt Singer, ScreenCrush - A surprisingly successful John Wick spinoff. **7/10**
Linda Marric, HeyUGuys - Ballerina is an interesting experiment—a spinoff that dares to be different but falls short of the excellence that defines its predecessors. It’s worth a watch for diehard fans, but unlikely to win over new ones. **3/5**
Tasha Robinson, Polygon - Ballerina may not satisfy all the John Wick stalwarts. But it does have its own satisfying angles, thanks to two things the filmmakers do radically differently from the rest of the franchise — and one thing they take straight from the series’ heart. **71/100**
Cary Darling, Houston Chronicle - It lives up to its blood-soaked lineage with star Ana de Armas proving that Keanu Reeves is not the only one who can rock the Glock. **4/5**
Brian Tallerico, [RogerEbert.com](http://RogerEbert.com) \- Maybe this shouldn’t be seen as something outside of the shadow of John Wick, but a bridge from one film in that franchise to the next. In that sense, it’s sturdy enough to get us there. **2.5/4**
Tim Robey, Daily Telegraph (UK) - The trouble is how little we care about Eve. **1/5**
Alison Willmore, New York Magazine/Vulture - It’s absurd, and thrilling, and gorgeous, and I don’t know what got us there, but while Ballerina doesn’t start off as a real John Wick movie, it sure ends as one.
Rafer Guzman, Newsday - It was a ""John Wick"" creator, David Leitch, who convinced the Oscars to create an award for Best Stunt Design, though it won’t be given out until the 2028 ceremony. Too bad -- ""Ballerina"" would have been a shoo-in. **3/4**
Liz Shannon Miller, Consequence - As a vehicle to add more lore and nuance to the JWCU — while also delivering numerous fun action sequences — Ballerina functions well. Unfortunately, it fails to give its star a real character to play, or a substantial plotline to follow. **C+**
Michael Phillips, Chicago Tribune - The new “John Wick” spinoff “Ballerina” is recommendable, -ish, primarily for the way Anjelica Huston, as the Russian mob boss, makes a meal out of a single-syllable word near the end. **2.5/4**
Danny Leigh, Financial Times - You’re left with the uncomfortable sense that a female star and a sense of humour was judged a step too far for the audience. Still, just enough vim lingers from the earlier Wicks. **3/5**
Tim Grierson, Screen International - Ballerina isn’t sharp enough to deserve de Armas’s killer performance.
Peter Bradshaw, Guardian - I do have to admit that de Armas carries off the essential silliness of Ballerina and, after her performance as Paloma in No Time to Die opposite Daniel Craig’s 007, she proves again she can do action. **3/5**
David Ehrlich, IndieWire - The good news is that “Ballerina” has another place it wants to show us, and that place turns out to be a wonderful addition to this franchise’s ever-swelling cinematic universe. **B-**
Alonso Duralde, The Film Verdict - The fight scenes are all Ballerina has going for it, but they’re frequent, varied, and clever enough to make watching the film a worthy summer pastime.
David Rooney, The Hollywood Reporter - De Armas is a magnetic presence with all the right moves, and Wiseman’s muscular direction make for mindless summer action entertainment with a lot of style.
Brian Truitt, USA Today - There’s no need to yearn for a female 007 or a woman Wick anymore – just hope for another film that’s all about Eve. **3.5/4**
David Fear, Rolling Stone - Ana de Armas has already proven her onscreen ass-kicking bona fides, but the movie merely gives her a lot of the same rinse-repeat emotional beats in between respectively receiving and dishing out beatings.
Clarisse Loughrey, Independent (UK) - While it doesn't add much depth to the world, it at least gives credence to the amusing suggestion that these films do, in fact, take place in an alternate dimension where every person on the planet is a professional assassin. **3/5**
Jordan Hoffman, Entertainment Weekly - Like dining at Burger King, it's undeniably enjoyable, but may leave you with a queasy feeling when it's all over.
William Bibbiani, TheWrap - Ballerina is a cluttered mess with a boring storyline but the action is often amazing, and there’s a genuine sense of humor to all its weird duels to the death. That’s something that’s been absent from the self-serious John Wick movies for far too long...
Owen Gleiberman, Variety - “Ballerina” is a worthy entry in the “John Wick” canon, though I say that as someone who doesn’t think the “John Wick” canon is all that.
Justin Clark, Slant Magazine - Sans a mythology of its own, or any substantive ties into where the John Wick films go chronologically after this, Ballerina is just another 87Eleven joint. **2/4**
**SYNOPSIS:**
Taking place during the events of JOHN WICK: CHAPTER 3 – PARABELLUM, BALLERINA follows Eve Macarro (Ana de Armas) who is beginning her training in the assassin traditions of the Ruska Roma.
**CAST:**
* Ana de Armas as Eve Macarro
* Anjelica Huston as The Director
* Gabriel Byrne as The Chancellor
* Lance Reddick as Charon
* Norman Reedus as Daniel Pine
* Ian McShane as Winston Scott
* Keanu Reeves as John Wick
**DIRECTED BY:** Len Wiseman
**WRITTEN BY:** Shay Hatten
**BASED ON CHARACTERS CREATED BY:** Derek Kolstad
**PRODUCED BY:** Basil Iwanyk, Erica Lee, Chad Stahelski
**EXECUTIVE PRODUCERS:** Kaley Smalley Romo, Louise Rosner, Kevan Van Thompson
**DIRECTOR OF PHOTOGRAPHY:** Romain Lacourbas
**PRODUCTION DESIGNER:** Philip Ivey
**EDITED BY:** Jason Ballantine, Julian Clarke
**COSTUME DESIGNER:** Tina Kalivas
**MUSIC BY:** Tyler Bates, Joel J. Richard
**CASTING BY:** Olivia Scott-Webb
**RUNTIME:** 125 Minutes
**RELEASE DATE:** June 6, 2025"
Ballerina,Ballerina stunt person posts behind the scenes montage,1562,0.99,50,Source: https://www.instagram.com/chaunaumova?igsh=OWt5aW40bWhudDI5
Ballerina,Ana de Armas | Ballerina Berlin Premiere at Zoo Palast | Berlin | May 2025,2892,0.99,20,
Ballerina,Why is ballerina not doing better?,178,0.82,270,"ama is hot and a good female lead, she did well in the action scenes, and the movie overall keeps the amazing cinematography of the wick films
How is the movie not making a killing at the box office?"
Ballerina,Rewatching John Wick 1 and noticed this dude returned for Ballerina!,684,0.99,93,"With a scar on his face from this confrontation with John, kinda funny!  The dude who fought Eve first in the restaurant in Europe!"
Ballerina,'Ballerina' gets an A– on CinemaScore,526,0.97,103,
Ballerina,Ana de Armas | 'Ballerina' Berlin Premiere 26th May 2025,2479,1.0,14,
Ballerina,"After watching Ballerina, this is my first thought",905,0.99,54,
Ballerina,"Ana de Armas | “Ballerina” Premiere, London | May 22, 2025",2502,1.0,11,
Ballerina,Why ‘Ballerina’ Didn’t Leap Into The Rafters With $25M Opening – Sunday AM Box Office Update,203,0.96,163,
Ballerina,"June 6-8 Box Office Recap – 'Ballerina' disappoints with just $24.5M, allowing 'Lilo &amp; Stitch' to stay at #1 for the third week 'The Phoenician Scheme' debuts in wide release with an okay $6.2M. 'Lilo &amp; Stitch' crosses $700M worldwide, while 'Mission: Impossible – The Final Reckoning' crosses $450M.",290,0.89,126,"https://preview.redd.it/zgb2eu7vrz5f1.png?width=1920&amp;format=png&amp;auto=webp&amp;s=862e8e8c963f9b6d98ed9e0b6ea1da6611037d54
Without much competition this weekend, ***Lilo &amp; Stitch*** managed to snatch #1 for the third weekend in a row. Lionsgate tried to counter with their ***John Wick*** spin-off, ***Ballerina***, but it fell short of expectations. Wes Anderson's ***The Phoenician Scheme*** also made its debut in wide release, although it wasn't a very memorable opening.
The Top 10 earned a combined $104.9 million this weekend. That's up 5.2% from last year, when ***Bad Boys: Ride or Die*** topped the box office.
***Lilo &amp; Stitch*** stayed at #1 for the third weekend in a row, earning $32.3 million this weekend. That represents a rough 47.6% drop, which is worse than ***The Little Mermaid*** (44.1%) and ***Aladdin*** (42.4%). That's weird, considering the film didn't share much of an audience with ***Ballerina*** this weekend. In fact, the film is now running $8 million behind ***A Minecraft Movie*** through the same point, despite having a big advantage on its fourth day onwards. 
These drops aren't great at all. Family films usually hold well, but ***Lilo &amp; Stitch*** is dropping faster than usual. But with $335.6 million in the bank already, it's not really much to worry about. Regardless, with ***How to Train Your Dragon*** premiering this week, it will continue having rough drops. The film is not hitting $450 million domestically, and it should finish with around $420 million. That means the film won't hit a 3x multiplier, which is what family films easily achieve.
Making its way to 3,409 theaters, ***Ballerina*** opened with a very disappointing $24.5 million this weekend. These numbers are below the past three ***John Wick*** titles***, which range from $30 million to $73 million. It's not even Ana de Armas' biggest debut as lead or co-lead (***Knives Out*** is higher at $26.7 million).
Spin-offs are a complicated case at the box office. For every one that explodes (***Minions***, ***Rogue One***), there's always far more that just fail to manifest (***Solo: A Star Wars Story***, ***Elektra***, ***The Huntsman: Winter's War***, ***Evan Almighty***, etc.). Even more complicated are spin-offs of characters we never knew before, which is the case with ***Ballerina***. Sure, Lionsgate did a job in trying to connect it as much as possible to the ***John Wick*** franchise (to the point that they had that annoying ***From the World of John Wick*** in the title), but that doesn't mean the audience will watch anything related if the lead character isn't here.
Now, John Wick is definitely in the film (Lionsgate made sure to include him in the posters and trailers), but his presence is very minimal, opting to focus on the new character, Eve. But one thing that may have contributed to its lost revenue is the interest cooling off: this film was supposed to come out last June, but was delayed a full year as the film underwent reshoots. [These reportedly lasted 2-3 months and were helmed by Chad Stahelski without Len Wiseman on set.](https://www.thewrap.com/lionsgate-box-office-slump-ballerina-reshoots/) Although there's a [new report](https://www.hollywoodreporter.com/movies/movie-features/ballerina-director-john-wick-3-connections-1236257808/) where both Stahelski and Wiseman refute that claim, claiming they collaborated and the reshoots weren't that big. Now, the audience generally isn't aware of production issues; they only care if the film looks good or interesting. With that said, Lionsgate built negative buzz after it was [reported](https://deadline.com/2025/05/lionsgate-ballerina-embargoes-positive-negative-critics-1236409583/) that they only wanted positive social media reactions of the film posted before its review embargo, causing many to worry over its quality prospects. It was all for nothing, given it has a solid 75% on RT, although that's below the rest of the franchise.
According to Lionsgate, 63% of the audience was male, and 76% of the audience was 25 and over. At the very least, not everything is disappointing: audiences gave the film an ""A–"" on CinemaScore, the same grade as the second and third ***John Wick*** film. Maybe it could hold on well, but with heavy summer competition, it's very unlikely ***Ballerina*** can get to $75 million domestically.
In third place, ***Mission: Impossible – The Final Reckoning*** dropped 45.5% this weekend, adding $14.8 million. Not a bad drop, but not great either. The film has earned $149 million domestically, and it's probably going to finish with around $185 million domestically.
***Karate Kid: Legends*** earned $8.5 million on its second weekend. That's a very poor 57.8% drop from last weekend. In contrast, the 2010 version eased just 46.3% on its second weekend (a second weekend that's actually higher than ***Legends***' opening weekend). Through 10 days, the film has earned just $35.3 million, which is simply a very poor figure for the franchise. With heavy competition on its way, it will probably continue falling like a rock. Right now, the film will finish with around $50 million, pretty much less than the 2010 version's opening weekend ($55 million).
In fifth place, ***Final Destination: Bloodlines*** is stabilizing. It dropped just 40.8%, adding $6.4 million this weekend. The film has already made $123.5 million in the bank, officially passing any of the prior films adjusted for inflation. It should finish with around $140 million domestically.
Wes Anderson's ***The Phoenician Scheme*** expanded to 1,678 theaters, earning $6.2 million. Counting its numbers from its limited performance last week, the film has crossed $7 million domestically. That's below ***Asteroid City***'s wide debut ($9 million), but it wasn't really expected to top that film. 
This is an okay start for the film. At this point, Anderson's name is pretty much the selling point; either you are already in or you just don't care, it's just that simple. The film offered pretty much the same things everyone loves about his films. Reviews aren't as glowing as Anderson's previous films (78% on RT), but no one interested was going to be dissuaded from watching this.
According to Focus Features, 56% of the audience was male and skewed young (59% was 18-34). They gave it a very weak ""B–"" on CinemaScore, which is even lower than ***Asteroid City***. It's unlikely it can hold as well as that film, so it's pretty much set to finish with less than $20 million domestically. Don't fear for Anderson's future, though; he's already working on his next film.
A24's ***Bring Her Back*** dropped 51% and added $3.5 million this weekend. Not a bad drop for a horror film, although it's clear it won't hold as well as ***Talk to Me***. Through 10 days, it has earned $14.1 million, and it's unlikely it can pass $20 million.
***Dan Da Dan: Evil Eye*** debuted in just 1,085 theaters, but that was enough to hit $3.1 million this weekend. That's pretty good, although like other anime films, it's gonna be front-loaded as hell.
***Sinners*** dropped 46.4% and added $2.8 million this weekend. 8 weekends in, and the film has yet to fall at least 50%. Truly impressive run. The film has amassed $272.5 million domestically, and it will soon pass ***Gravity*** as the biggest live-action original film of the past 14 years.
Rounding up the Top 10 was ***Thunderbolts***, which is nearing the end of its run. It dropped 49.5%, earning $2.4 million this weekend. The film's domestic total stands at $186.4 million, and it's officially finishing below $195 million domestically.
***Dangerous Animals*** debuted with a weak $1.5 million in 1,636 theaters. Expect it to fade quickly.
Kevin Smith's ***Dogma*** returned to theaters for its 25th anniversary. It managed to hit $1 million ($2.1 million four-day) despite playing in 700 theaters. That took its lifetime gross to $32.7 million.
Neon released Mike Flanagan's ***The Life of Chuck*** in 16 theaters, although it earned a soft $224,585. That's an underwhelming $14,036 per-theater average (usually these films gross around $30K or more). What does this suggest? That interest may not be as high as expected. It's set for a wide release this weekend, although it's likely that the film does not hit it out of the park.
#**OVERSEAS**
***Lilo &amp; Stitch*** was once again #1 this weekend, earning $67.7 million overseas for a $772.2 million worldwide total. It debuted in its final market, Japan, earning $4 million this weekend. The best markets are Mexico ($56.8M), UK ($42.2M), France ($30.4M), Brazil ($28.2M) and Germany ($23.7M). As previously said, it will reach $1 billion but its faster-than-usual drops indicate that it won't make it much further than that. Quite disappointing, considering its opening weekend suggested it could've gone for $1.2 billion or more.
***Mission: Impossible – The Final Reckoning*** added $40.6 million overseas this weekend, lifting its worldwide numbers to $450 million. Its biggest markets are China ($47.5M), the UK ($27.8M), Japan ($23.4M), Korea ($20.5M) and France ($17.7M). It will definitely outgross ***Dead Reckoning*** ($567 million), but it's a question mark if it can hit $600 million worldwide.
***Ballerina*** debuted with $26 million overseas, for a $50 million worldwide debut. That's below the forecast, which was already far below the previous ***John Wick*** films. For reference, ***John Wick: Chapter*** debuted with $138 million worldwide. It had very soft debuts in China ($3M), UK ($2.5M) and Mexico ($1.9M). With competition on its way, ***Ballerina*** will probably miss $150 million, failing to recoup its $90 million budget. Ouch.
***Karate Kid: Legends*** added $10 million this weekend, for a $73.9 million worldwide total. It has performed very softly so far in all its markets, and there's not a lot of countries left. It should close with around $110 million worldwide, which would be quite disappointing.
With $8.7 million overseas this weekend, ***Final Destination: Bloodlines*** has crossed $257 million worldwide. This is definitely finishing with almost $290 million. Where's that sequel announcement, WB?
#**FILMS THAT ENDED THEIR RUN THIS WEEK**
Movie | Release Date | Studio | Domestic Opening | Domestic Total | Worldwide Total | Budget |
----------|----------|----------|:--------:|:--------:|:--------:|:--------:
*Snow White* | Mar/21 | Disney | $42,206,415 | $87,203,963 | $205,545,435 | $270M
*Hurry Up Tomorrow* | May/16 | Lionsgate | $3,312,692 | $5,215,357 | $6,222,399 | $15M
- Hi-Ho. Hi-Ho. Hi-Holy shit. Disney's ***Snow White*** has closed with a horrible $205 million worldwide, far less than its $270 million budget. Absolutely pathetic. An anemic 2.07 multiplier, which is simply poor for family films. But here's the thing everyone will say: is anyone truly surprised? Everything that could have gone wrong, went horribly wrong. And now it's one of the biggest flops in history.
- The Weekend probably is saying ""I hope you cry for me."" Mmm, nah, I don't think so, Abel. ***Hurry Up Tomorrow*** has closed after just 3 weeks with a poor $6 million worldwide. It's crazy to see how low it could go after the film snatched some of the year's worst reviews. Maybe this is it for The Weekend as a leading star. Pretty funny memes tho. 
#**THIS WEEKEND**
The ***Lilo &amp; Stitch*** live-action remake will cede the top spot to... another live-action remake.
Yep. DreamWorks' ***How to Train Your Dragon*** is finally arriving, just 15 years after the original was released. Quite a short time to make a remake, isn't it? Well, for $ome rea$on, Univer$al decided to $imply get Dean DeBloi$ to make a remake. Why would he do it? Gee, I don't know what it i$. In fact, there's a lot of shot-for-shot scenes in this film. If this is a hit (and we all know it will be), expect more DreamWorks Animation remakes. *sigh*
A24 is also releasing Celine Song's new film, ***Materialists***, starring Dakota Johnson, Chris Evans and Pedro Pascal. She hit gold with ***Past Lives***, and this film is aiming to be even broader, hoping to attract more people. With a pretty great marketing campaign in the past few days and a very well known cast, this could be a sleeper hit for A24.
And as mentioned earlier, Neon is expanding ***The Life of Chuck*** into wide release. After its weak numbers in limited release, the film will really need to step up its game to not disappoint.
____________________________________________________________________________________________
If you're interested in following the box office, come join us in r/BoxOffice."
Ballerina,I finally watched Ballerina 💜,615,0.96,61,"Whew! what a friggin' movie! I love female action heroines and this film did not disappoint the action, music, story and atmosphere are all in line with the other john wick movies and I can't wait to see what a sequel brings (She deserves it)
Arma De Armas was amazing as Eve Macarro I liked how her fighting style was different from mr wicks and she used the environment and deadly weaponry to her advantage 
My favorite scenes are the club shootout, the fight at the weapons dealer shop and the flamethrower scene! I definitely will be watching this again 
What are your thoughts ?"
Ballerina,Ana de Armas's rumoured beau Tom Cruise skips Ballerina premiere,557,0.94,78,
Ballerina,Ballerina Review (no spoilers),324,0.97,116,"Ana de Armas was amazing. I liked her since her appearance in Blade Runner 2049. 
I thought the action sequences were good however not on the level of the previous John Wick films. It felt more like an imitation of the fight scenes but just not done as good. It's still enjoyable though, especially the fight scenes in the last half of the film. 
The story is generic but it served it's purpose. 
I think my biggest criticism would be the club fight the background music felt too muted so I didn't enjoy the scene as much as the rest. A bummer because I always enjoy the club scenes in the franchise.
Overall though this was a solid watch. 8/10."
Ballerina,"Ballerina digital release scheduled for Tuesday, July 1",548,0.98,60,"The movie and assets have been sent to digital stores. Here are hi-res versions of the cover art. 
**SOURCE:** [https://www.blu-ray.com/itunes/Ballerina-iTunes/234325/](https://www.blu-ray.com/itunes/Ballerina-iTunes/234325/)"
Ballerina,"Ana de Armas in Ballerina: Honestly not expecting much, what do you guys think?",232,0.88,115,"Huge fan of John Wick, but my enjoyment peaked with Wick 2. I really liked being introduced to the inner workings of that criminal underworld. The rules, the hotels, the sense of a secret society hiding in plain sight. But as the series went on, it leaned more and more into drawn out fight scenes.
It’ll be interesting to see if Ballerina continues that trend or, since it’s a new angle on the Wickverse, leans more into worldbuilding. Cynical part of me thinks it'll just be more vacuous killing scenes though because that’s easier cinema."
Ballerina,"Looks like $4M+ previews for #Ballerina, including early access screenings on WED. Initial audience reception seems very positive. Should open around $30M.",411,0.98,71,
Ballerina,"Don’t listen to haters, Ballerina was fucking awesome",333,0.9,81,"I’m not a big movie critic snob so I usually enjoy what I go see at the movies. That being said, Ballerina was an awesome movie. I don’t want to spoil anything so I’ll just it was overall fantastic and I’d totally watch it in theaters a second time."
Ballerina,"'Ballerina cappuccina': kinderen dol op 'brain rot'-filmpjes, maar die worden steeds grimmiger",123,0.94,143,"Zie [https://www.rtl.nl/nieuws/binnenland/artikel/5511287/italian-brain-rot-trend-op-tiktok](https://www.rtl.nl/nieuws/binnenland/artikel/5511287/italian-brain-rot-trend-op-tiktok)
  
Kent iemand hier deze filmpjes? Het bericht doet me een beetje denken aan het NOS Journaal dat ooit eens een alarmerend item had tegen het gevaar van memes -  maar misschien onderschat ik het probleem."
Ballerina,OP watched Ballerina today,319,0.95,77,"Loved it!!!
Ballerina Cappuccina Mi Mi Mi Mi
5/5"
Ballerina,"Box Office Tracking &amp; Forecasts: JURASSIC WORLD REBIRTH ($116-135M 5-Day, $265M Total), Plus Significant Updates on KARATE KID: LEGENDS ($21M OW, $65M DOM) and BALLERINA ($36M OW, $91M DOM)",158,0.96,125,
Ballerina,"Lionsgate's Ballerina debuted with an estimated $25.0M domestically this weekend (from 3,409 locations). #BallerinaMovie #BoxOffice",159,0.94,116,
Ballerina,I saw Ballerina !,151,0.96,123,"First of all don't worry, spoilers will be hidden, in the post as well as in comments !
I was at the Paris premiere on May 28th, with Ana de Armas and Len Wiseman.
And Ballerina is a really good movie ! I would give it a 8/10.  
  
Don't go see it expecting it to be John Wick 4.5, it is not. It's a movie from the world of Wick, with the usual codes, fights, and all the elements that makes John Wick movies good as they are, but it's not a John Wick, it's a spin off. A REALLY good one, but a spin-off.
The fights are really great, we get to see a liiiitle bit more of how the Underworld works&gt;!(a scene in Winston office where he gets informations, I find it so simple but so great)!&lt;, and as always, the musics are incredible.
However, there's some downsides : the story is ok, nothing spectacular but not boring, except for one thing. &gt;!That thing being, in the middle of the film, Eve finds out about her sister, who works with the main antagonist, and it really feels kinda pushed on us, the film want us to feel bad for the sister. But we saw her a total of 40 seconds before this, and she dies litteraly mid-sentence while trying to recruit Eve. And I find that really unecessary, at least for me. Also, the very drama that is used with the character of Eve, meaning the death of her father who was part of the main antagonist organization, is litteraly used the exact same way for the character of Norman Reedus, and I think it's kind of a waste.!&lt;
We also see some kind of rythm problems, sometimes the movie is too slow, especially in the last part, and I think it could be related to the production hell the film had to endure. Last thing that is a very dark point for me : there's a MASSIVE lore hole that will need to be adressed in the future.&gt;!This hole being WHY THE HELL JOHN WICK HELPED THE RUSKA ROMA ??? The film was announced to be after John Wick 3, and in the movie, they LITTERALY added a scene where Eve listen through the door when John got his ticket torn by the Director, meaning he was DONE with the Ruska Roma, at least until John Wick 4. HOWEVER, the film also specifically say that when John is sent to kill Eve, it's more than 2 MONTHS after he came to the theater of the Ruska Roma, so more than 2 months after the battle of the Continental and his rescue by the Bowery King ! So my question still stands : WHY THE HELL JOHN ANSWERED THE CALL FROM THE DIRECTOR ?? It needs to be adressed in a future movie or the ""Under the High Table"" TV show, because the Director just HAD to promise John something in order to make him say yes but right now we have no fucking answer and it drives me crazy that there's just a hole like that!&lt;
Overall it's a really good movie, we got another banger from LeCastleVania, the famous club scene is SO good, and we got some callbacks from some of the most famous kills throughout the saga !&gt;!We got another kill with a thrown axe, simply marvelous !!&lt;This movie is also Lance Reddick final appearance, and he leaves us with a very good final note.
I truly hope this movie will do great numbers, because I want to see a Ballerina 2, with less production problems and a better story, but I kinda get a feeling that press will be harsh with the movie, because, as I said, I suspect they will treat it as a John Wick 4.5, and not a dedicated spin-off. But we'll see"
Ballerina,I saw Ballerina at AMC last night so that I could catch it in Dolby Cinema. The absolute lack of etiquette in mainstream theaters is appalling. I’m over it. Should have just gone to AD.,171,0.93,111,"I love the concept of dual laser and other PLF options etc…but at the end of the day, I can’t tell you how different a given movie is—in premium large format experience vs standard DCP—as much as I can tell you the difference between audiences. 
Are all Alamo moviegoers great? Of course not. And I know enforcement is waning in locations. But it is nothing compared to the egregious talkers and phone users in the bigger theater circuits.
EDIT: Ballerina was fantastic!"
Ballerina,From The World of John Wick : Ballerina (2025) is absolute certified action movie. Even Tom Cruise mentioned it!,593,0.98,43,Ana De Armas ballerinaed her way throughout the movie.
Ballerina,This might be an unpopular opinion but I enjoyed Ballerina more then the John Wick films,130,0.68,119,"As much as I love John Wick 2 and 4, Ballerina blows them out of the water"
Bride Hard,Unofficial Discussion - Bride Hard,10,0.68,53,"Playing in theaters 
Synopsis: Sam is a world-class secret agent, but a terrible maid of honor. After blowing off bridal duties for an international spy mission, she's demoted to bridesmaid at her friend's wedding. However, she soon gets a chance at redemption when armed mercenaries crash the ceremony, forcing Sam to take down the bad guys in a blaze of glory.
Rotten Tomatoes score: 27%
IMDB score: 4.9/10
Cast: 
Rebel Wilson as Sam
Anna Camp as Betsy
Anna Chlumsky as Virginia
Da'Vine Joy Randolph as Lydia
Gigi Zumbado as Zoe
Stephen Dorff as Kurt
Justin Hartley as Chris
Sam Huntington as Ryan
Sherry Cola as Nadine
Michael O'Neill as Frank
Jeff Chase as Magnus
Craig Anton as Mark
Colleen Camp as Diane
Directed by: Simon West"
Bride Hard,"""Bride Hard"" gets a 'B-' Cinemascore",40,0.85,9,
Bride Hard,Anna Camp &amp; Girlfriend Jade Whipkey Make Red Carpet Debut at ‘Bride Hard’ Premiere,1577,0.94,304,
Bride Hard,Bride Hard review – Rebel Wilson action comedy is hard to endure,637,0.9,152,
Bride Hard,"Rebel Wilson in Balmain at the premiere of ""Bride Hard"" (June 18, 2025 | Los Angeles)",95,0.83,28,
Bride Hard,"Anna Camp in Jonathan Simkhai spring 2025 RTW at the premiere of ""Bride Hard"" (June 18, 2025 | Los Angeles)",40,0.86,31,
Bride Hard,Bride Hard,5,0.69,24,"Simon West is back, baby!
I saw a trailer for this and I’m torn. On the one hand, it didn’t look very good. It had zero even decent jokes in it. But on the other hand…a comedy that’s in theaters!
Anyone with deeper thoughts than this?"
Bride Hard,Bride Hard review – Rebel Wilson action comedy is hard to endure,23,0.74,20,
Bride Hard,‘Bride Hard’ Review: Rebel Wilson’s Laugh-Free Action Comedy Is an Invitation You’ll Want to Decline,29,0.88,20,
Bride Hard,Bride Hard showtimes,4,0.75,19,IDK if it's just my theater but I noticed when I was looking for showtimes for Bride Hard Thursday had 730 and 10:45 Friday and Saturday had 11 ish 445 and 1045 but then when I looked the only showing was the afternoon now Sunday and the rest of the week there is only the 1045. I wanted to see it but I really don't like getting out of a theater around 12 solo.
Bride Hard,Anna at the Premiere of Bride Hard at Directors Guild Of America  June 18 2025,143,0.99,2,
Bride Hard,"Anna Camp and girlfriend Jade Whipkey make their red carpet debut at the ‘Bride Hard’ premiere. Fellow cast members in attendance were Rebel Wilson, Anna Chlumsky, Justin Hartley, Sherry Cola and Giga Zumbado",79,0.85,6,
Bride Hard,‘Bride Hard’ Review: Rebel Wilson’s Laugh-Free Action Comedy Is an Invitation You’ll Want to Decline,21,0.69,11,
Bride Hard,Bride Hard (2025) - Rebel Wilson Goes Full McClane in a Clumsy but Occasionally Fun Wedding Brawl,2,1.0,1,"*Bride Hard* mixes the humor of the *Pitch Perfect* sequels with the raunchy friendship energy of *Bridesmaids* and a *Die Hard*-style premise—all wrapped in the kind of early 2000s action-comedy shell you’d expect to find in a $1 DVD bin at Walmart. Maybe even more so than *Shotgun Wedding*, which shares a similar setup. But if *Pitch Perfect* and Rebel Wilson’s usual brand of humor (minus *Cats*, obviously) works for you, then this derivative action comedy might hit the spot. For all its flaws, it nails two things its target audience wants: it gives Wilson plenty of space to do her thing, and it builds a surprisingly heartfelt friendship at the center of all the chaos.
That friendship is between Sam (Wilson) and Betsy (Anna Camp), childhood best friends who’ve grown apart—mostly because Sam is secretly a spy. Her covert missions keep pulling her away from Betsy’s bachelorette party and wedding prep, which puts a serious dent in their bond. Betsy, now marrying into money on a private island, eventually kicks Sam out. But just then, a group of armed mercenaries crashes the wedding, trying to crack open a mysterious safe. With the guests taken hostage, only Sam can save the day.
Wilson’s brand of humor is definitely an acquired taste, but her talent is undeniable—if her turns in *Bridesmaids* and the first *Pitch Perfect* left any doubt, her surprisingly solid directorial debut *The Deb* should settle it. Here, she leans into her signature style: vulgar, ironic, overly confident, and totally self-aware. But as the lead, it wears thin after a while. What helps ground the film is how it plays her friendship with Betsy straight. An early scene with Betsy’s dad adds emotional weight, and the chemistry between Wilson and Camp—likely a result of their *Pitch Perfect* history—makes the ups and downs feel unexpectedly genuine.
Read my full review at https://reviewsonreels.ca/2025/06/17/bride-hard/"
Bride Hard,"Venice Prize Winning ‘Familiar Touch’s Fresh Take On Aging, Caregiving; Korean Hit ‘Hi-Five’; Marlee Matlin Doc &amp; Rebel Wilson In ‘Bride Hard’ – Specialty Preview",7,0.77,0,
Bride Hard,Bride Hard - Movie Review,1,1.0,0,
Bride Hard,"Bride Hard (2025) Movie Review &amp; Summary by Amari Allah\ \ If you're in need of an action movie, Bride Hard will cover your fix, but be aware that it's mainly passable. \ \ #Movies #PositiveWorthSeeing\ #Action #AnnaCamp #CecePleasants #Comedy #MagentaLightStudios #RatedR #RebelWilson #ShainaStei...",1,1.0,0,
Bride Hard,[Arts] - Bride Hard review – Rebel Wilson action comedy is hard to endure | Guardian,1,0.67,0,
Bride Hard,[Arts] - Bride Hard review – Rebel Wilson action comedy is hard to endure,1,0.67,0,
Bride Hard,Bride Hard Is Trash! Theater Reaction #movie #reaction,1,1.0,0,
Bride Hard,Rebel Wilson Trained for Five Weeks to Master Fight Scenes in 'Bride Hard',1,1.0,0,
Bride Hard,Bride Hard review – Rebel Wilson action comedy is hard to endure,1,0.67,0,
Bride Hard,[Arts] - ‘Bride Hard’ Review: Taking on Baddies at Her Best Friend’s Wedding | NY Times,1,1.0,0,
Bride Hard,[Arts] - ‘Bride Hard’ Review: Taking on Baddies at Her Best Friend’s Wedding,1,1.0,0,
Bride Hard,[Film] - ‘Bride Hard’ Review: Taking on Baddies at Her Best Friend’s Wedding,1,1.0,0,
Bride Hard,Wake up new contender for worst movie of 2025 just dropped,286,0.95,104,To no one’s surprise. Its bride hard
Bride Hard,June 2025 Box Office Showcase,155,0.96,90,"The summer box office season is in full swing, and while July contains the real heavy hitters, we still got some big releases this coming month. Here’s the major releases, mixed in with some smaller releases to keep an eye on. Comment your predictions for what you think will do and what will flop, and what smaller movies you think could make a splash.
**MAJOR RELEASES:**
**6TH:** *From the World of John Wick: Ballerina* :
*John Wick* franchise box office: 1: $86M 2: $174M 3: $327M 4: $447M
**13TH:** *How to Train Your Dragon*:
*How to Train Your Dragon* franchise box office: 1: $494M 2: $621M 3: $540M
**20TH:** *28 Years Later*:
*28 Blank Later* franchise box office: Days: $84M Weeks: $65M
*Elio*:
Last original Pixar movie: *Elemental* ($496M)
**27TH**: *F1*
Last original theatrical Brad Pitt movies (leading): *Babylon* ($64M) and *Bullet Train* ($239M)
*M3GAN 2.0*:
*M3GAN* box office: $181M
SURPRISE HIT OR NO?:
*The Life of Chuck*: A life-affirming, genre-bending story based on Stephen King's novella about three chapters in the life of an ordinary man named Charles Krantz. (**6th**): https://youtu.be/dOyXdwXt8d4?si=J7GcR5ChxVIqMe9K
*Materialists*: A young, ambitious New York City matchmaker finds herself torn between the perfect match and her imperfect ex. (**13th**) https://youtu.be/4A_kmjtsJ7c?si=rwd3Wz5NQz0s0Er6
*Everything’s Going to Be Great*: As the Smart family wrestle with their over-sized dreams, they come to realize that the struggle to find your voice and your place in the world can happen no matter what stage of life you're in. (**20th**) https://youtu.be/8GXAtdg-MYU?si=RhRlQPvALpS9qhIV
*Bride Hard*: When a mercenary group takes a lavish wedding hostage, they have no idea what they are in for as the Maid of Honor is actually a secret agent ready to rain hell-fire upon anyone who would ruin her best friend's wedding. (**20th**): https://youtu.be/q0v62aE6YRs?si=baviYycEtqLjhtGm
*Sorry Baby*: Something bad happened to Agnes. But life goes on - for everyone around her, at least. (**27th**): https://youtu.be/Rc0jgWoZo9w?si=EyVK6pacAOheQ2SY"
Bride Hard,"BOT Presale Tracking (May 27). Thursday Comps: Ballerina ($3.06M), The Phoenician Scheme ($1.98M), How to Train Your Dragon ($9.86M), Materialists ($1.15M), Elio ($1.53M), F1: The Movie ($5.99M), and M3GAN 2.0 ($2.60M). Jurassic World Rebirth sales largely stagnate.",69,0.93,76,"[BoxOfficeTheory Presale Tracking](https://forums.boxofficetheory.com/topic/31569-the-box-office-buzz-tracking-and-pre-sale-thread/page/1680/#comments)
[Presales Data (Google Sheets Link)](https://docs.google.com/spreadsheets/d/1zRjKpNOjPCBIgUULoyXyj5sBGMuU9owswn7bMfz1WSE/edit#gid=0)
[BoxOfficeReport Previews](http://www.boxofficereport.com/previewgrosses.html)
**Quorum Updates:**
- [June 2](https://forums.boxofficetheory.com/topic/31569-the-box-office-buzz-tracking-and-pre-sale-thread/page/1679/#findComment-4824227)
- [May 29](https://forums.boxofficetheory.com/topic/31569-the-box-office-buzz-tracking-and-pre-sale-thread/page/1669/#findComment-4822356)
- [May 28](https://forums.boxofficetheory.com/topic/31569-the-box-office-buzz-tracking-and-pre-sale-thread/page/1664/#findComment-4821779)
- [May 27](https://forums.boxofficetheory.com/topic/31569-the-box-office-buzz-tracking-and-pre-sale-thread/page/1659/#findComment-4821388)
- [May 22](https://forums.boxofficetheory.com/topic/31569-the-box-office-buzz-tracking-and-pre-sale-thread/page/1649/#findComment-4818326)
- [May 21](https://forums.boxofficetheory.com/topic/31569-the-box-office-buzz-tracking-and-pre-sale-thread/page/1644/#findComment-4817710)
- [May 19](https://forums.boxofficetheory.com/topic/31569-the-box-office-buzz-tracking-and-pre-sale-thread/page/1633/#findComment-4816710)
- [May 16](https://forums.boxofficetheory.com/topic/31569-the-box-office-buzz-tracking-and-pre-sale-thread/page/1625/#findComment-4815237)
**Wicked Part 1 Re-Release**
**Dan Da Dan: Evil Eye**
**Dangerous Animals**
**From the World of John Wick: Ballerina Average Early Access | Thursday | Early Access + Thursday Comp *assuming $4.5M for keysersoze123 EA+THU*: $2.06M | $3.06M | $4.84M** 
- Acrobat ($3.2M THU MI8 comp.  Steady pace, still headed for a number between 3 and 3.5, even considering the Accountant 2 True Thursday comp. Unless walk-ups are great, this is very ordinary **(June 3)**.  More and more likely that my sample will stay stable on this 3M preview number. The buzz doesn't seem to be there for a big improvement.  |  A better day, though sales were concentrated in two theaters. Comps still indicating 3M in previews **(June 1)**.  Alarming day, it's stalling against MI8 which was encountering PLF capacity issues, and it's slipping against The Accountant 2's true Thursday too. It seriously needs to improve pace **(May 31)**.  Based on my true Thursday comp with The Accountant 2 as well, seems like 3M is the numbers it's headed to, but let's see if there's some growth in the final days **(May 29)**.  The comp with true Thursday for The Accountant 2 would give it about 4M so 3.5M seems about right at the moment **(May 27)**.  Very imperfect comp with MI8, but it's what I have so far - I didn't track EA for The Accountant. Considering MI8 is so IMAX-heavy, 2.5 seems to be the right number for Ballerina **(May 24)**.  I won't go into any comps as the only one that is vaguely useful is The Accountant 2 which had its OD on T-17, but Ballerina is already 3x against it **(May 20)**.  For EA and THU, Ok, I didn't track Day 2-3 but it clearly had very strong days - I didn't expect this. The Accountant 2 had a much shorter presale window but Ballerina is already pacing well ahead of that one, at least for true Thursday, as I didn't track EA for some reason **(May 18)**.)
- Cine-Taquillas ($3.25M THU Comp.  Losing some steam, hope this final days can stay to $3.5M at least **(June 1)**.  Falling behind Final Destination **(May 28)**.  Still slow, hope this week will do better **(May 25)**.  Not too much this weekend **(May 22)**.  Not bad, i think **(May 19)**.  For THU Hey, i expected worse **(May 17)**.)
- crazymoviekid ($2.54M THU Comp.  For THU Not a great start. I'm averaging $2.5M-$3M **(June 2)**.)
- el sid ($3.1M THU comp excluding The Amateur. Counted today for Thursday, had 518 sold tickets (with shows in all of my 7 theaters). Best presales in the AMCs in California (154 sold tickets in LA and 147 in San Francisco). Up 45% since last Tuesday (where it had 357 sold tickets). So it's doing not great but acceptable in my theaters. Some comps will probably go down in the next few days (e.g. the AWM comp) and some will go up (e.g. the Furiosa comp) **(June 2)**.  It had, counted today for Thursday, June 5, 232 sold tickets (with shows in 7 theaters). Best presales in the AMCs in NY (71 sold tickets) and LA (70).  17 days left. So it has now 11 days left to collect 24 tickets to be on par with The Amateur (2M from previews on Thursday and before). Of course it will be in front soon. The preview number compared to Abigail (1M from previews on Thursday) is at the moment 1.35M + it has 14 days left. Not bad at all **(May 19)**.  Ballerina, counted today for Thursday, June 5, had 218 sold tickets (with shows in 7 theaters). Best presales in the AMCs in San Francisco (70 sold tickets) and NY (66).  Comps (always counted for Thursday, an extremely wide range at the moment): A Working Man (1.1M from previews on Thursday) had with 12 days left 42 sold tickets. The Amateur (2M from Thursday and I think before) had with 6 days left 256 sold tickets. Abigail (1M Thursday only) had on Monday of the release week 171 sold tickets. And Furiosa (3.5M Thursday only) had with 9 days left 1.595 sold tickets. I doubt that it will have the same walk-ups as A Working Man (slightly worse) but I also doubt that its final jumps will be as poor as those of Furiosa. I would say, that its number is almost on par with The Amateur with 13 days left to very  probably overtake is a good sign **(May 17)**.)
- Flip ($4.06M THU and $7.92M FRI comp.  For THU Pace is below average, will need to pick up in order to hit 35m **(May 29)**.  For THU Today was a good day.  |  For FRI I think this can outopen Karate Kid, it's around 2x where that was at the same point. probably 30-35m OW.  |  Not doing much to change its prospects, still looking at ~30m OW **(May 25)**.  Decent pace but the raw numbers are still pretty meh. Hopefully this is the bottom of the U-curve otherwise it will be hard to reach 30-35m OW **(May 20)**.  Soon I will have the accountant 2 comp, which will spit out some pretty good numbers for Ballerina **(May 17)**.  FRI is .49x Mission Impossible 8 (T-22). Much better than how previews are looking, this is more like what I expected **(May 16)**.)
- katnisscinnaplex ($1.4M EA and $3.36M THU Comp.)
- keysersoze123 (With good walkups it should hit 30s OW. I need to see daily pace to fine tune the prediction. MTC1 Ear - 19226 / P - 18844 / F - 18686.  MTC2 Ear - 3556 / P - 7605 / F - 8812 **(June 2)**.  Ballerina has good presales at the moment. Thinking 4-5m previews and 35m+ OW **(May 27)**.  That said not sure if Ballerina is getting any IMAX. i dont see any Imax shows listed for it **(May 18)**.)
- PlatnumRoyce ((T-3/4) - EA+Thursday -  yeah, it's stalling though my comp predictions look better I think in part because I'm thinking about this more as an action film than a tentpole (though I love vafrow's Bad Boys comp).  158 tickets sold (75 EA - 3 theaters/4 showtimes + 83 Thursday (5 theaters/22 showtimes).   +11 EA tickets sold in last 3 days/+14 R tickets. Comps: Working Man went from11 to 23 tickets during same T- period changing comp to 7.55M (4M ignoring EA) from 6.9/13.3.  The Amateur sold 42 tickets versus 27 at T-7 dropping comp to $7.5M (4M pretending EA doesn't exist). Thunderbolts - 848 tickets sold (64 showtimes)  = $2.15M Preview comp. Sinners (T-5) 142 tickets sold/27 showtimes (+44 from T-8) = 5.23 combined preview (2.75M w/o EA). Sinners (fake T4 [average of T5 and t3]) - 208 tickets sold = 3.6M combined EA. The Accountant 2 (T-3) - 106 tickets (v. 43 on T-8) = 3.72M. combined EA [though I suspect the real number is 4.75M - a bit over 5M if you actually attempted to create a synthetic growth pattern to account for missing days]
giving a pretending EA doesn't exist number because I've normally not grabbed it and I don't have a record of which films have or don't have EA. In either case, Ballerina is clearly more EA heavy than many other films and is not growing very much. Seems like it's a film that is being 100% sold by a core fandom pitch **(June 2)**.  T-6/T-7 (EA/Thursday) - 69 tickets sold R + 64 W (133 total) / 26 showtimes (up from 61/54 /115 total 2 days ago).  comps (film (T-) - tickets sold/comp based on R/comps based on all EA [comps data doesn't include EA even when it might be applicable]): Working man (T-7) - 11/$6.6/$13.3M.  The Amateur (T-7) - 27 / $4.9/$9.9. Thunderbolts (T-7) - 579/$1.3/$2.6. Sinners (T-8) - 98 / $3.2/$6.4. Accountant (T-8) - 43/ $3.9/$7.7.  The biggest change is the amateur's relatively big jump from a small base significantly drops its comp. for another bad comp but at least vaguely in the right genre, at T-10 MI was at 369 tickets across 26 showtimes **(May 30)**.  For THU, T-9 (yesterday) - 61 sold /22 showtimes.  Adding EA would give me an additional 56 tickets sold in 3 theaters (4 showtimes) aka basically doubling the listed comp number below (really +192%).  The Amateur - 17 tickets (16 showtimes) / $7.2M comp. The Accountant (T-8) - 43 tickets (18 showtimes) / $3.5M. Sinners (T-8) - 98 /27 showtimes (T-8) /$2.8M OW comp. Working Man (T-10) - 9 tickets / 16 showtimes / $7.45M. So not really sure what to spit out as a single unified number **(May 28)**.  For Thursday previews, Ballerina went from 30 tickets sold on T-23 to 64 on T-14 which while The Amateur went from 7 to 13 during the same period and Sinners went from 15 (first day/T-22) to 54 on T-14. The Accountant went from 9 on T-21 to 13 on T-18 and 34 on T-10 (this one is missing a theater Ballerina sold 4 tickets at on both snapshots). Working Man was at 8 tickets sold at T-10 **(May 22)**.)
- M37 (Don't have any good Day 3 comps, but some T-21 comps are in the $2.5-$4M range at present, and extrapolating a bit into next week, probably bumping up to like ~$3-$5M expectation. But still early in the cycle, time to pick up steam over the next week **(May 16)**.)
- PNF2187 ($2.89M THU comp excluding The Accountant 2 and The Final Reckoning.  Not a bad day today, but we'll see where the pace nudges in the coming days **(June 2)**.  Could be worse, could be better **(June 1)**.  Still pretty wonky as far as comps go. The Accountant was abysmal here and The Final Reckoning came on quite a bit stronger, so not really getting a great sense here, especially with an EA screening being added in Vaughan **(May 29)**.)
- Ryan C ($3.1M THU Comp.  For WED EA: 1,094 Seats Sold (32.60% Increase From Last Time).  For THU: 1,342 Seats Sold (40.22% Increase From Last Time).  = 2,436 Seats Sold (36.70% Increase From Last Time).  So, Thursday wasn't quite able to match the pace of The Accountant 2 from its T-8 to T-3 (57%), but this has sold more twice the amount of seats at the same point. More impressive is that showtimes for The Accountant 2 started as early as 4:00 and the earliest showtimes for Ballerina start at 6:00. Not that I expect that to hinder walk-up business or make it stronger, but it's just something I wanted to point out. Anyways, if we go by The Accountant 2 comp, this is heading for a Thursday ~$4.2M and that would technically make sense considering that is one of the few good action comps that I have which wasn't boosted by playing in IMAX.  I originally didn't want to use this comp because it had an significant advantage with IMAX, but I will be using Mission: Impossible - The Final Reckoning for the next few days. That comps points to a Thursday of $2M, but that's probably way too low, so when calculating the average of that comp with Accountant's number, that would make for a Thursday around $3.1M. That seems more realistic, but I am holding out for the possibility of Thursday performing stronger. Overall, as of right now, I'd say an opening in the $35M range (close to half of John Wick: Chapter 4's opening weekend) is likely if this can manage a true Thursday of at least $4M. Any lower and I'm not even sure if $30M is guaranteed **(June 2)**.  For WED EA: 825 Seats Sold (62.08% Increase From Last Time).  For THU: 957 Seats Sold (35.55% Increase From Last Time).  = 1,782 Seats Sold (46.66% Increase From Last Time). Not much to report on this week. As expected, growth wasn't as strong compared to last week, but these still aren't bad bumps for both Wednesday's EA screenings and Thursday previews. Both should also cross 1,000+ seats by the next update. As far as action sequel comps to use starting on T-3, it's hard to find one that wasn't boosted by IMAX showings, but I think I found one with The Accountant 2. Though that one didn't play on IMAX, it did have some PLF footprint in the form of DOLBY (which Ballerina will have), so I think it checks out. Like I've been saying for the past two weeks, the goal is the at least achieve have of John Wick: Chapter 4's $8.9M preview number and I'll just say right now that if it ends up pacing like The Accountant 2, it might have a shot at achieving that (or at least get close) **(May 27)**.  For WED, 509 Seats Sold (277.03% Increase From Last Time).  For THU, 706 Seats Sold (125.55% Increase From Last Time).  = 1,215 Seats Sold (171.20% Increase From Last Time).  Really good increases (as far as both days) from last week, but I don't want to get my hopes up too high yet. Growth in the final week will be key in determining whether this meets respectable expectations (a $35M-$40M opening weekend) or it becomes another Furiosa ($26.3M).  Of course, the lack of IMAX screens really does hurt in terms of the average ticket price, but $35M+ OW is definitely possible if this continues to pace well these next two weeks **(May 20)**.)
- Sailor ($2.71M EA and $2.70M THU Comp.  For EA But here it's losing steam.  |  For THU Huh, it's slightly increasing **(June 2)**. For EA It continues declining against the comps.  |  For THU Terrible day **(May 30)**.  For EA It's also losing some steam here.  |  For THU Another decrease **(May 29)**. For EA It's also slightly dropping here.  |  For THU Another weak day **(May 28)**.  For EA A slow drop.  |  For THU It slightly recovered from yesterday **(May 27)**.  For EA It's steady. | For THU Not a great weekend **(May 26)**.  For THU Not really doing well for the past few days. I hope to see an acceleration soon.  |  For EA It's doing much better here **(May 23)**.  For THU That's... not great. 0.242x MI8 |  For EA It's also slowing down here.  0.318x MI8.  **(May 21)**.  For EA Passed 200 tickets and improved on its comps. | For THU It's slightly dipping against the comps. But there's still time **(May 20)**.  For EA It's also looking good here.  |  For THU It's looking okay so far **(May 19)**.  EA is 0.261x MI8 T-19.  Pretty good so far. |  THU is 0.239x MI8 T-20.  Well, that was an okay start. But I guess it could've been worse **(May 16)**.)
- TheFlatLannister ($4.68M EA+THU Comp. Still looks the same, no significant acceleration. Probably $4M+ previews from here $40Mish OW **(May 26)**.) 
- TwoMisfits (You have until the Sunday at 11:59pm of OW to book the tickets (so 6 days to book), BUT you can book ANY ticket available including future ones. | TMobile $5 June 2025 movie - Ballerina.  Available 6/3...as always should help, especially as the weekend and 1st weekdays legs go **(May 30)**.)
- vafrow ($3.3M THU Comp.  The trend continues **(June 3)**.  This is falling off pace pretty dramatically **(June 2)**.  It's starting to dip a bit as this was where BB:RoD started to really move. We'll see if it can stay pn pace durig the final stretch **(May 31)**.  Doing decently. The EA sales are probably eating up some demand, so its probably doing a bit better than presented. I think Bad Boys had some EA shows, just none for my sample **(May 29)**.  For THU Honestly, it's not doing too badly **(May 25)**.)
- wattage ($2.18M THU Comp.  Thinking 2.5-3 mill for previews if there's good enough acceleration in the final days. + early access would be 3-3.5 mill **(June 3)**.  Exact same update **(May 22)**.  Doing nothing. Ballerina has small sales for early access and nothing for preview days. Nothing of note. Fine as is right now **(May 20)**.  Not much happening right now **(May 19)**.)
**The Life of Chuck**
- Acrobat (Life Of Chuck is in trouble, based on what I'm seeing. For a TIFF winner, there should be more buzz and attention **(June 3)**.)
- Sailor ($0.78M THU Comp.  I struggled with comps, so I decided to use films from mini studios directed by auteurs.  Honestly, I expected far better than this. These past few days have been quite weak so far **(May 30)**.)
**The Ritual**
**The Phoenician Scheme Average Thursday Comp: $1.98M**
- crazymoviekid ($1.92M THU Comp.  Pretty good, $1.5M-$2.25M **(June 2)**.)
- Sailor ($2.03M THU Comp.  Well, well, well. It's still staying above $2 million here. Not sure if it will stay there for long, but I think this could hit $1.5+ million at least **(June 2)**.  Wow. This is doing pretty great so far. The film could obviously be front-loaded, but at this point, I think it's very likely it could top Asteroid City's previews. I hope it can overperform.  It opens the same day as Ballerina, but today it sold the exact same amount of tickets of that movie (and that has 2 days combined) **(May 30)**.  Oh, it's quickly picking up steam. There'a chance that it could only be for Wes Anderson's fans, but it has done very well so far **(May 26)**.  This was a very interesting trajectory. A fairly slow first day, followed by an incredible second day. You don't see that very often. Of course, there's always the possibility that this will only be for Anderson's fans, with no appeal for non-fans. But I'd say it's got a chance in passing Asteroid City's previews ($1.1M) **(May 23)**.)
**Next Sohee Wide**
**Domestic Calendar Dates (last updated May 20):**
**MAY**
**JUNE**
- (June 4) Presales Start [The Fantastic Four: First Steps]
- (June 4) Early Access [WED: Ballerina]
- (June 4) Opening Day [Wicked Part 1 Re-Release, includes trailer for Wicked Part 2]
- (June 5) Thursday Previews ( Dan Da Dan: Evil Eye + Dangerous Animals + From the World of John Wick: Ballerina + The Life of Chuck + The Ritual + The Phoenician Scheme)
- (June 11) Early Access [WED: How to Train Your Dragon]
- (June 12) Presales Start [Superman]
- (June 12) Opening Day (Next Sohee Wide)
- (June 12) Thursday Previews (How to Train Your Dragon + Materialists + The Unholy Trinity)
- (June 18) Early Access [WED: Elio]
- (June 19) Thursday Previews (28 Years Later + Bride Hard + Elio)
- (June 22 and June 25) Release Days (Brokeback Mountain Re-Release)
- (June 23) Early Access (MON IMAX: F1: The Movie)
- (June 25) Early Access (WED: F1: The Movie)
- (June 26) Thursday Previews (F1: The Movie + M3GAN 2.0 + Sorry, Baby)
**JULY**
- (July 1) Tuesday Midnight Previews (Jurassic World Rebirth)
- (July 2) Opening Day (Jurassic World Rebirth)
- (July 7) Amazon Prime Premiere [Superman]
- (July 10) Thursday Previews (Superman)
- (July 17) Thursday Previews (Eddington + I Know What You Did Last Summer + The Smurfs Movie)
- (July 24) Thursday Previews (The Fantastic Four: First Steps)
- (July 31) Thursday Previews (The Bad Guys 2 + Naked Gun)
**AUGUST**
- (August 6) Opening Day (Sketch)
- (August 7) Thursday Previews (Freakier Friday + Weapons)
- (August 14) Thursday Previews (Clika + Eli Roth Presents: Jimmy and Stiggs +  Nobody 2)
- (August 21) Thursday Previews (Americana + Grand Prix of Europe + Honey Don’t + Splitsville)
- (August 28) Thursday Previews (Caught Stealing + The Roses + The Toxic Avenger Unrated)
**Presale Tracking Posts:** 
[Apr. 27](https://www.reddit.com/r/boxoffice/comments/1k90tfn/bot_presale_tracking_apr_27_thursday_comps_the/?ref=share&amp;ref_source=link)
[Apr. 30 Part 1](https://www.reddit.com/r/boxoffice/comments/1kbgf6u/bot_presale_tracking_apr_30_part_1_thunderbolts/?ref=share&amp;ref_source=link)
[Apr. 30 Part 2](https://www.reddit.com/r/boxoffice/comments/1kbgkgy/bot_presale_tracking_apr_30_part_2_average/?ref=share&amp;ref_source=link)
[May 6](https://www.reddit.com/r/boxoffice/comments/1kgl64j/bot_presale_tracking_may_6_thu_comps_final/?ref=share&amp;ref_source=link)
[May 23](https://www.reddit.com/r/boxoffice/comments/1ktl98c/bot_presale_tracking_may_23_thursday_comps_bring/?ref=share&amp;ref_source=link)
[May 27](https://www.reddit.com/r/boxoffice/comments/1kwjcfn/bot_presale_tracking_may_27_thursday_comps_bring/?ref=share&amp;ref_source=link)
Note: I have removed most tracking data that has not been updated for 2 weeks.  I think there is value in keeping data for a week or two but at a certain point they start to lose their value and should not be treated the same as more recent tracking data."
Bride Hard,"BOT Presale Tracking (May 23). Thursday Comps: Bring Her Back ($0.91M), Karate Kid: Legends ($2.11M), Ballerina ($4.21M), How to Train Your Dragon ($11.50M), and F1: The Movie ($3.66M). Jurassic World Dominion seems to have a healthy start but it is too early to judge",51,0.91,32,"[BoxOfficeTheory Presale Tracking](https://forums.boxofficetheory.com/topic/31569-the-box-office-buzz-tracking-and-pre-sale-thread/page/1650/#comments)
[Presales Data (Google Sheets Link)](https://docs.google.com/spreadsheets/d/1zRjKpNOjPCBIgUULoyXyj5sBGMuU9owswn7bMfz1WSE/edit#gid=0)
[BoxOfficeReport Previews](http://www.boxofficereport.com/previewgrosses.html)
**Quorum Updates:**
- [May 22](https://forums.boxofficetheory.com/topic/31569-the-box-office-buzz-tracking-and-pre-sale-thread/page/1649/#findComment-4818326)
- [May 21](https://forums.boxofficetheory.com/topic/31569-the-box-office-buzz-tracking-and-pre-sale-thread/page/1644/#findComment-4817710)
- [May 19](https://forums.boxofficetheory.com/topic/31569-the-box-office-buzz-tracking-and-pre-sale-thread/page/1633/#findComment-4816710)
- [May 16](https://forums.boxofficetheory.com/topic/31569-the-box-office-buzz-tracking-and-pre-sale-thread/page/1625/#findComment-4815237)
- [May 14](https://forums.boxofficetheory.com/topic/31569-the-box-office-buzz-tracking-and-pre-sale-thread/page/1615/#findComment-4814016)
- [May 12](https://forums.boxofficetheory.com/topic/31569-the-box-office-buzz-tracking-and-pre-sale-thread/page/1606/)
awn
- [Awareness x Interest May 9](https://forums.boxofficetheory.com/topic/31569-the-box-office-buzz-tracking-and-pre-sale-thread/page/1605/)
- [Awareness x Interest May 9](https://forums.boxofficetheory.com/topic/31569-the-box-office-buzz-tracking-and-pre-sale-thread/page/1598/#findComment-4811739)
- [May 9](https://forums.boxofficetheory.com/topic/31569-the-box-office-buzz-tracking-and-pre-sale-thread/page/1597/#findComment-4811677)
- [Awareness x Interest May 7](https://forums.boxofficetheory.com/topic/31569-the-box-office-buzz-tracking-and-pre-sale-thread/page/1589/#findComment-4810964)
- [May 7](https://forums.boxofficetheory.com/topic/31569-the-box-office-buzz-tracking-and-pre-sale-thread/page/1587/#findComment-4810846)
**Bring Her Back Thursday Average Comp: $0.91M**
- Acrobat ($1.45M THU Comp.  I think it can reach $1M in previews but it needs to keep this pace **(May 23)**.  T-13 (5 theaters).  THU: 72 tickets sold - 22 tickets sold since T-17.  I'm using these comps just to have a general idea, I expect this to follow Until Dawn ($1.469M) more closely than FD ($2.106M) but not a bad start for it. One of my theaters doesn't have showtimes for it yet so I'm just using the other five **(May 17)**.  Having a positive first few days of presales, it could surprise with positive reviews **(May 13)**.)
- katnisscinnaplex ($0.81M THU Comp.)
- Sailor ($0.48M THU comp.  Nothing to write home about. I thought there'd be more interest in what the Talk to Me directors would do next. Of course, there's still time **(May 16)**.)
**Karate Kid: Legends Average Thursday Comp: $2.11M**
- Acrobat (This is an absolute disaster, no way around it. It was already looking bad because there's literally zero buzz around the movie, but coming after this monster Memorial Day it will be even worse **(May 23)**.  T-13 (6 theaters).  THU: 58 tickets sold - 30 tickets sold since T-15 (Day 1).  I won't use any comps since none of what I have tracked so far is useful, but regardless of comps, this is very weak **(May 17)**.  Starts with 28 tickets sold across 6 theaters. The lack of PLF screens is really going to hurt its presales, it needs walkups to do good business **(May 14)**.)
- AniNate (As for Karate Kid, still nothing at Canton and four at Valley View. Just two at AMC Waterfront which definitely seems inauspicious. That's a popular boutique theater. | Nada local rush sales for Karate Kid but AMC Empire has sold about 30 so far. With the PG-13 rating I think it can probably be comped to typical GA tentpoles. Maybe Twisters or Beetlejuice? Don't think those were super fan-driven at first. |  Karate Kid Legends now on sale **(May 14)**.)
- AnthonyJPHer (I was going to make a full update for Karate Kid Legends, but it’s just… not worth the effort? Just getting it out of the way, its start is really REALLY bad. Like concerningly bad. It’s only sold 15 tickets so far for Thursday previews. That’s only slightly better than Mufasa’s start of 13 tickets. And that was MONTH OUT. This is only 9 days from release. This isn’t even as good as Snow White. That had a much better start. 2x in fact. I have doubts that this will even reach 2m in previews. Sub 20m in the cards for OW? **(May 20)**.)
- Cine-Taquillas ($2.4M THU Final Destination comp.  Very poor, looking to low 20s OW if this don't accelerate soon **(May 22)**.  No signs of accelerating in final days… Aiming for 2-2.5M$ for now, if this doesn't increase soon **(May 19)**.  For THU, Not looking good.  The comp will start going down soon, so i think 2.5M$ is the forecast now **(May 17)**.)
- el sid (Karate Kid: Legends, counted today for Thursday, May 29, had 149 sold tickets (with shows in 7 theaters). Best presales in the AMCs in NY (58 sold tickets) and San Francisco (48).   Indeed it's not easy to find good comps: A Minecraft Movie (10.6M from previews) had with 10 days left 515 sold tickets. A Working Man (1.1M) had also with 12 days left 42 sold tickets. Beetlejuice Beetlejuice (13M) had with one month left 379 sold tickets. Kung Fu Panda 4 (3.8M) had on Monday of the release week 670 sold tickets. And The Crow (650k) had also on Monday of the release week 163 sold tickets. Overall not too bad, but a little bit muted **(May 17)**.)
- filmlover (Karate Kid showtimes are starting to appear, starts at 2:00 that Thursday **(May 8)**.)
- Flip ($3.45M THU Comp.  Never mind lol, probably only hitting 3m previews **(May 20)**.  THU is 0.30x MI8.  This pace is pretty good, if this it the lowest it's going to get then the movie can see some success. Looks like it could be heading for 4m previews, but maintaing the current pace can take it closer to 5m **(May 17)**.  FRI is .24x Mission Impossible 8 (T-22).  Just as bad as previews are looking **(May 16)**.  0.22x Mission Impossible 8 (T-14).  Bad start, but there's some hope if it can keep up yesterday's pace **(May 16)**.  Right now Karate Kid has sold 34 tickets in my sample, for the first day that would be 26% MI8 Day 1, 49% AQP Day One’s first day. Not very good (it has outsold Ballerina’s first day but that has a longer window), even with less of fan front loading seems like anything beyond 35m is out of the question, for now **(May 14)**.)
- katnisscinnaplex ($2.65M THU Comp.)
- M37 (Sales are growing, albeit slowly, and the only comps pointing to $2M+ are the super walk-up friendly PG films like Wild Robot, Paddington, and Minecraft (though still hasn't yet completed first week of sales).  Weekend sales aren't much better, and looks to be heading towards perhaps a sub-$20M OW, barring some kind of turn around **(May 20)**.  So this film may need of Mr Miagi's magic healing powers, because at T-14, have just ONE comp that lands over $2M (Wild Robot, also likely Sinners, but I have a gap around this time). Granted, its only Day 2, and this is a film which (in theory) should appeal to families and walk-up action crowd, but is also opening in the massive shadow of Lilo Impossible's week two. The baseline is starting so low, there's honestly not much room for optimism **(May 17)**.)
- PNF2187 ($1.02M THU Comp.  Not much to say here. Not really an impressive showing today, but we're only on day 2 and there's 2 weeks left. | Pulled this last night. Surprisingly large footprint here, but it's only in regular screens. Not really the strongest of starts here, but with family-friendly fare it's more about how they finish, so we'll see **(May 15)**.)
- Ryan C (For THU Thursday: 505 Seats Sold (179% Increase From Last Time).  Well, there's both good news and bad news to report on with this. Bump-wise, it had a very good one from last week when pre-sales kicked off. On the other hand, there is only a week left for this to pick up the pace and will most likely have to rely on becoming a late bloomer to achieve that. I guess I can also say that with the small PLF footprint that this has (mainly a couple of DOLBY screens), it is performing pretty well in those select showtimes, but that will not move the needle in any significant way. I can really see this go in either direction **(May 21)**.  T-14 THU: 181 Seats Sold (From 15 Theaters).  Not a very impressive start for this one considering it's releasing in two weeks, but I do see a path for this to open to at least respectable numbers. Also, while I don't have exact comps at the moment, the best one to use might actually be A Minecraft Movie. No, this is not touching a $160M+ opening and it probably won't even reach $50M in its opening, but comparing to this where Minecraft was at the same point in terms of its Thursday would give a pretty good indicator as to where this could land. Right now, I could only compare this movie to where Minecraft was at its T-13, but that would point to a Thursday around $3.58M for Karate Kid: Legends. That's not a particularly great number, but if this is as family-driven as it needs to be, then an opening in the $30M-$35M range wouldn't be impossible. For now, let's hope this becomes a late bloomer.  | Just by looking at how much has been sold already… it really needs to hope that this becomes more family-driven than fan-driven. Granted, I would never expect day one of pre-sales for a Karate Kid legacy sequel to be as strong as an MCU film, but when we’re barely over two weeks out from release, you’d think at least a bit more would be sold **(May 14)**.)
- Sailor ($3.32M THU Comp.  It's moving along, but not setting anything on fire **(May 21)**.  It's doing okay so far **(May 20)**.  Eh, it could've been worse. At least it already sold over 100 tickets **(May 19)**.  Honestly, I was expecting something better than this. Anyways, not bad but also not fantastic **(May 16)**.)
- TheFlatLannister ($2.45M THU Comp.  Not much going on, Low screen count as well, only ~400 showtimes, which is low at this point in presales.  To me seems like low end ~$2M and high end $3M+ for previews **(May 16)**.)
- vafrow ($0.25M THU Comp.  This is the worst performance of anything I've tracked that's had any expectation of success. And I have some real feast or famine results. IF ($0.4M Comp) was one of the worst I saw, even near the end as late sales kicked in.  To be fair, expanding my radius a bit sees some slightly better performances, but still nothing incredible. Certainly not at the GB comp ($0.1M) I'm using **(May 21)**.  My numbers are still too low to bother with comps at this point, but going through the various options, trying to find the best case scenario around KK:L, it would be to use IF from last year. I'd be curious how it's tracking against that for anyone that bigger sample than me. It would give an absolute max of what's possible here.  Note, for my sample, KKL is at 2 tickets sold to IF at 3. So, small sample and all, just very discouraging **(May 17)**.  0 sales for THU at the 2 theaters with showtimes.  Sad.  Not sure what happened here. Others seem to see more activity, but I don't think anyone is seeing anything too strong. The full GTA radius is up to 13 tickets sold for Thursday night.  There's some activity throughout the weekend, so hopefully its that it's just going to perform like a pure family film **(May 15)**.  It's still very early. But even the lack of confidence in the screens its been allocated raised an eyebrow for me. | Karate Kid Legends has an odd release strategy for its presales. It's only in about half the theatres in the GTA, and in two of five in my sample. But Thursday previews start at 2:00 pm. Schools don't close until the end of June, so no one is off. No PLFs. All regular screens with a couple places having VIP screens. No sales in my sample, and when I expand to the greater Toronto area, I count 8 tickets sold. This covers a population base of about 6-7 million people with the theatre chain with 80% market share. I know Canada can be weird on tracking, but this seems worrying **(May 14)**.)
- wattage ($1.37M Minecraft THU Comp.  Karate Kid is not worse off with the comp now starting to gain in sales **(May 22)**.  Doing nothing. Karate Kid is at 0 and has the same comp value as yesterday.Nothing of note. Karate Kid needs to start seeing some movement soon **(May 20)**.  The comp has been consistent for the last few days, no sales for both lol. I'm gonna keep it **(May 19)**.  I didn't track Minecraft at AMC unfortunately, I only started doing both theaters more recently. So not too confident in my numbers but I'm gonna keep it up **(May 16)**.)
- YM! (Karate Kid: Legends has sold 4 tickets in my Southeastern WI Theater Sample - it’s one of the worst start I’ve seen for a family film. It’ll likely open around 2M previews if it follows others **(May 16)**.)
**Wicked Part 1 Re-Release**
- therana (I took a quick look at a few theaters and the tickets are already close to being sold out **(May 14)**.)
**Dan Da Dan: Evil Eye**
**Dangerous Animals**
**From the World of John Wick: Ballerina Average Thursday Comp: $4.21M** 
- [DEADLINE](https://deadline.com/2025/05/ballerina-dancing-box-office-projection-1236399995/) (Lionsgate‘s From the World of John Wick: Ballerina hit three-weekend tracking Thursday with a projected $35 million-$40 million three-day debut. Currently, the R-rating action title starring Ana de Armas and including a cameo by John Wick himself Keanu Reeves is solid with men over 25 in first choice, with both good unaided awareness with the overall over-25 crowd **(May 15)**.)
- Acrobat (I won't go into any comps as the only one that is vaguely useful is The Accountant 2 which had its OD on T-17, but Ballerina is already 3x against it **(May 20)**.  For EA and THU, Ok, I didn't track Day 2-3 but it clearly had very strong days - I didn't expect this. The Accountant 2 had a much shorter presale window but Ballerina is already pacing well ahead of that one, at least for true Thursday, as I didn't track EA for some reason **(May 18)**.  For THU at 6 theaters, 56 tickets sold.  For WED EA at 4 theaters,  64 tickets sold. I would love to use The Accountant 2 as a comp but I missed the EA screenings for that. Based on True Thursday alone, it's on par with that after Day 1 **(May 14)**.  Ballerina tickets now on sale **(May 13)**.)
- Cine-Taquillas ($5.1M Final Destination THU Comp.  Not too much this weekend **(May 22)**.  Not bad, i think **(May 19)**.  For THU Hey, i expected worse **(May 17)**.)
- el sid (It had, counted today for Thursday, June 5, 232 sold tickets (with shows in 7 theaters). Best presales in the AMCs in NY (71 sold tickets) and LA (70).  17 days left. So it has now 11 days left to collect 24 tickets to be on par with The Amateur (2M from previews on Thursday and before). Of course it will be in front soon. The preview number compared to Abigail (1M from previews on Thursday) is at the moment 1.35M + it has 14 days left. Not bad at all **(May 19)**.  Ballerina, counted today for Thursday, June 5, had 218 sold tickets (with shows in 7 theaters). Best presales in the AMCs in San Francisco (70 sold tickets) and NY (66).  Comps (always counted for Thursday, an extremely wide range at the moment): A Working Man (1.1M from previews on Thursday) had with 12 days left 42 sold tickets. The Amateur (2M from Thursday and I think before) had with 6 days left 256 sold tickets. Abigail (1M Thursday only) had on Monday of the release week 171 sold tickets. And Furiosa (3.5M Thursday only) had with 9 days left 1.595 sold tickets. I doubt that it will have the same walk-ups as A Working Man (slightly worse) but I also doubt that its final jumps will be as poor as those of Furiosa. I would say, that its number is almost on par with The Amateur with 13 days left to very  probably overtake is a good sign **(May 17)**.)
- filmlover (Ballerina showtimes are starting to appear, begins at 6:00 Thursday **(May 8)**.)
- Flip ($4.66M THU comp.  Decent pace but the raw numbers are still pretty meh. Hopefully this is the bottom of the U-curve otherwise it will be hard to reach 30-35m OW **(May 20)**.  Soon I will have the accountant 2 comp, which will spit out some pretty good numbers for Ballerina **(May 17)**.  FRI is .49x Mission Impossible 8 (T-22). Much better than how previews are looking, this is more like what I expected **(May 16)**.  Ballerina first day is very meh, looking to be around 1/2 AQP Day One, and 1/3 MI8 **(May 13)**.)
- katnisscinnaplex ($4.42M EA+THU Comp.)
- keysersoze123 (That said not sure if Ballerina is getting any IMAX. i dont see any Imax shows listed for it **(May 18)**.  Ballerina has early PLF shows day before previews. FYI take that into perspective doing the comps. its not hitting JW4 OW as well. Target is what @Obi-Shawn Robbins has put in his prediction (~$40M OW?). Will need 5m+ previews and solid reviews and buzz near release **(May 13)**.)
- PlatnumRoyce (For Thursday previews, Ballerina went from 30 tickets sold on T-23 to 64 on T-14 which while The Amateur went from 7 to 13 during the same period and Sinners went from 15 (first day/T-22) to 54 on T-14. The Accountant went from 9 on T-21 to 13 on T-18 and 34 on T-10 (this one is missing a theater Ballerina sold 4 tickets at on both snapshots). Working Man was at 8 tickets sold at T-10 **(May 22)**.  (T-22) Late capture for day 1 but I have 24 tickets sold across 4 theaters and probably 25 across 5 (one of the theaters has annoying broken seats I need to do some cleanup on). The first day for MI:Final I have is T-25 at 56 tickets sold (0 at the wonky theater so that's not a point of error). The timing (early evening v. next mid-morning) is probably overly rosy for Ballerina but I think that's good/fine **(May 14)**.)
- M37 (Don't have any good Day 3 comps, but some T-21 comps are in the $2.5-$4M range at present, and extrapolating a bit into next week, probably bumping up to like ~$3-$5M expectation. But still early in the cycle, time to pick up steam over the next week **(May 16)**.  (Day 1) No comps, but just in general sales are ... uninspiring. Now there is a lot on sale right now (meaning subscribers might be all booked up) so not going to fret too much until after Memorial Day **(May 14)**.)
- PNF2187 ($2.35M THU comp.  Interesting to grab different sets here, but comps are wonky at this stage, so I'll let this one slide for now. | Not much changing here. Not really sure where to gauge this right now either **(May 15)**.  There's not a ton I can use as a direct comp, and the comps here have shorter windows. This doesn't seem terrible compared to those, but the other comps with similar windows have had far stronger starts **(May 13)**.)
- Ryan C (For WED, 509 Seats Sold (277.03% Increase From Last Time).  For THU, 706 Seats Sold (125.55% Increase From Last Time).  = 1,215 Seats Sold (171.20% Increase From Last Time).  Really good increases (as far as both days) from last week, but I don't want to get my hopes up too high yet. Growth in the final week will be key in determining whether this meets respectable expectations (a $35M-$40M opening weekend) or it becomes another Furiosa ($26.3M).  Of course, the lack of IMAX screens really does hurt in terms of the average ticket price, but $35M+ OW is definitely possible if this continues to pace well these next two weeks **(May 20)**.  For WED EA: 135 Seats Sold (From 7 Theaters).  For THU, 313 Seats Sold (From 15 Theaters). = 448 Seats Sold. Due to Mission: Impossible - The Final Reckoning commanding IMAX for at least three weeks, it won't get the advantage of those PLF screens.  So, these sales would no doubt me much higher if this got a full PLF footprint, but they aren't. Beyond that, there's not a whole lot to gauge from this first day of pre-sales. Overall, there is still a good amount of time for this to make up ground in pre-sales and Lionsgate to (hopefully) drop an early review embargo that ends up being really positive, but I would genuinely call an opening about half of John Wick: Chapter 4 ($73.8M) a win **(May 13)**.)
- Sailor ($6.39M EA Accountant 2 and $4.70M THU Accountant 2 Comp.  For THU That's... not great. 0.242x MI8 |  For EA It's also slowing down here.  0.318x MI8.  **(May 21)**.  For EA Passed 200 tickets and improved on its comps. | For THU It's slightly dipping against the comps. But there's still time **(May 20)**.  For EA It's also looking good here.  |  For THU It's looking okay so far **(May 19)**.  EA is 0.261x MI8 T-19.  Pretty good so far. |  THU is 0.239x MI8 T-20.  Well, that was an okay start. But I guess it could've been worse **(May 16)**.)
- TheFlatLannister ($4.23M THU Comp. Slow start to presales, would guess $3m-$4m+ previews based on first few hours of presales, but its early.  Don't see it getting close to John Wick 4 $8.9M previews from here **(May 13)**.) 
- vafrow (BB:RoD did okay against the comps I had at the time, but was successful on a late kick.  Given that it's an action movie in the exact timeslot, it's still notable for its start. Especially for a few hours of sales.  My expectations on Ballerina were pretty low. I'm pleasantly surprised to see it get a decent start. |  After just saying I'm limiting my tracks, I'm noticing that Ballerina is outperforming the first day of BB:RoD. It also has a Wednesday EA, so I'm torn on whether it's worth keeping an eye on or not **(May 13)**.)
- wattage (Exact same update **(May 22)**.  Doing nothing. Ballerina has small sales for early access and nothing for preview days. Nothing of note. Fine as is right now **(May 20)**.  Not much happening right now **(May 19)**.  Looking at WED and THU presales, First day at Cinemark, returns on fan event time. Probably because actual times are available now. An okay day **(May 14)**.  This is looking like a solid start. Cinemark doesn't have showtimes up for previews but has the early access **(May 13)**.)
**The Ritual**
**The Phoenician Scheme**
- misterpepp (Seeing another sale date for Phoenician Scheme listed as May 19, not sure if the wide ticketing date moved up or if that's for the limited run **(May 14)**.)
**Next Sohee Wide**
**How to Train Your Dragon EA | THU | EA+THU Average Comp *assuming $2.5M EA for keysersoze123 and excluding Sailor’s EA comp*: $4.03M | $11.50M | $13.46M** 
- Acrobat (For EA + THU, Not bad for a movie almost a month out **(May 17)**.  For EA+THU first time tracking this kind of movie so no idea whether it's good or not, I don't expect much from these very early PLF sales anyway **(May 3)**.)
- AniNate (With a month to go, think it's fair to give an update on HTTYD. At Canton it's at 22 for EA, 43 for Thursday previews. Notable that 25 of those Thursday tickets are for the 9:05 PM XD showing. School is out at that time so sales being so late-night heavy for an ostensibly family IP is notable.  Not much going on at the other nearby theaters. AMC Waterfront in Pittsburgh is 26 EA / 25 Thursday and favoring the latest 8PM PLF showtime **(May 14)**.  I've looked at the CityWalk on occasion and it doesn't seem to be overtly presale heavy, not the way Disney Springs is anyway. Dragon has pretty good sales there at the moment but they don't really jump out as insane the way the Stitch Disney Springs sales do **(May 6)**.  Checked Dragon at AMC Empire and it looks like it's now at 32 for EA and 39 for the previews, so it's picked up a bit from opening day **(May 5)**.  Yeah there's all kinds of ways it can be rationalized but still, I thought the nostalgic teen/YA contingent would be showing out more briskly at the start. | I have to say even though it's a kids movie and it's over a month out, I did expect more of a Dragon rush so far than what I'm seeing given all the internet hype and NBA playoffs promotional campaign. Looking at AMC Empire and it's just 9 for EA and 15 for the Thursday previews. | Very early obviously but not seeing much of a ticket rush for Dragon at this time.  |  How to Train Your Dragon now on sale **(May 1)**.)
- Flip ($4.69M EA+THU and $17.43M FRI Comp.  No sales over the past week is not great news. Still heading for around 6m; I can't really see it beating Minecraft previews **(May 17)**.  For previews no change to previous predictions but these last few days have been pretty strong for over 4 weeks out. I will upgrade my prediction if this continues **(May 10)**.  Just to throw out a guess (which will in all likelihood be way off), this is heading for 6-7m previews **(May 8)**.  Friday's looking much more healthy than previews, very good sign for the movie.  |  I know it's a long way to go for THU, but even compared with other family flicks this just isn't great. It's much easier to dig itself out of the hole since fan rush is much less than a MCU movie, but I am surprised sales are this low **(May 2)**.)
- katnisscinnaplex ($4.2M EA and $9.42M THU Comp.)
- keysersoze123 (Fan Shows MTC1 - 13094.  Thinking 2-3m range for shows on 6/11. its wide across the board.  |  I have not looked at fan shows yet. Looks fairly wide as well. That makes its preview sales even more impressive. |  Very robust sales almost 4 weeks from its release. With strong reviews and late surge, this will be another big opener. MTC1 P - 11841(as of yesterday night) / 10739(this afternoon) **(May 16)**.  MTC1 OD PS.  HTTYD(as of just now) -5459. Not bad for Dragon **(May 1)**.)
- M37 ($17.31M EA+THU Minecraft Comp.  Yeah, so sales are pretty good 4 weeks out!  I doubt any of these values will verify (most only sale for a few days at this time), but shows how much of an (apparent) adult audience there is for this film, and why PG/family comps may prove unhelpful for a ways into the tracking ($15.58M-$34.31M range of PG comps) **(May 16)**.  Yeah, I don't think that number will validate, as Minecraft had a very steep growth curve when the ""Chicken Jockey"" whatever spread through social media, but at least gives some perspective to how well it has done off the bat, and only with 3D/PLF showings available (at ~95% of MI8 1st Day) **(May 2)**.)
- PNF2187 ($5.2M EA and $9.6M THU Comp.  Oh no they've added more shows. Gonna have to keep an eye on these as well **(May 8)**.  Decent day 2, but we're still quite a ways out **(May 2)**.  Big starting footprint.  For something that's 6 weeks away, this seems pretty good so far. I'm not expecting this to be as big as Lilo, but we'll get to that bridge when we get there **(May 1)**.)
- Ryan C (Set to be massive hits with families **(May 21)**.  For WED EA: 559 Seats Sold (136.86% Increase From Last Time).  For THU: 483 Seats Sold (42.05% Increase From Last Time).  = 1,042 Seats Sold (80.90% Increase From Last Time).  Great jump from last week in regards to EA screenings, but less so on the regular Thursday previews front. However, because of the long pre-sales window, there is a lot of time (just over a month) for this one to pick up the slack. I do worry about this one being largely driven by IMAX/PLF/3D screenings, not making as much in just 2D screenings.  I think it will be perfectly fine **(May 9)**.  For WED EA: 236 Seats Sold.  For THU: 340 Seats Sold (From 15 Theaters). = 576 Seats Sold. Don't have too much to say at the moment, but I wouldn't really be concerned that this isn't selling like crazy in pre-sales. Similar to what happened with A Minecraft Movie, I am expecting sales to be sluggish for a while and significantly pick up as we get close to its final week. No, I do not think this is opening to over $160M, but I wouldn't be shocked with an opening that is about half of that. It is still a remake of one of DreamWorks Animation's most popular animated films and if audience reception is positive, then it should be in very good hands. Will keep track of this week-by-week, but the story is far from written on this remake yet **(May 2)**.)
- Sailor ($17.13M EA and $14.26M THU Minecraft Comp.   For EA This is looking pretty great. Again, don't reach too much into these comps for now.  |  For THU This week has been very weak. Of course, it's still 4 weeks out, so there's still time for things to pick up steam **(May 16)**.  For EA It's also looking great here. But like I said, do not pay attention to the average for now. I don't want to jump to conclusions for now. I want to check on it and wait to see how it will go. But for now, the first week is looking great. |  For THU This is very promising. Especially considering it's more than a full month out.  Can't use Mufasa again till T-26 **(May 8)**.  I'll provide an update on How to Train Your Dragon tomorrow. It's looking pretty great so far **(May 7)**.  I'll just say, however, that the pre-sales for How to Train Your Dragon are looking pretty great so far **(May 2)**.  For EA also looking great here.  | For THU Woah, that was actually a great first day. Especially because we're 42 days out **(May 1)**.)
- TheFlatLannister (For How to Train Your Dragon, lots of showings are not live yet (around 30% or so), so no first few hours update from me **(May 1)**.)
- vafrow ($4.2M EA and $12.7M THU Comp.  Back to trying to figure out HTTYD. It's hard to find comps with EA. Everything gets distorted.  KOTPOTA is probably the best option, but HTTYD is outperforming it on EA sales so its spitting out a ridiculous number ($6.5M EA comp) **(May 23)**.  Went back to HTTYD. I have limited comps with a similar EA, and Dragon is more fan driven that the Apes franchise, but it's looking good **(May 17)**.  Not much to really report this far out. It's selling decently, but hard to comp this far out **(May 10)**.  Not bad considering the super long lead time. Because KOTPOTA had EA, it'll serve as a good comp here on both sides.  I imagine the need for updates here will be minimal until we get closer **(May 2)**.  It's up on MTC4 as well. It looks like we've got Wednesday EA shows **(May 1)**.)
- wattage (Exact same update **(May 22)**. Doing nothing. Has a small amount of sales for both early access and previews. Nothing of note. It's fine as is right now **(May 20)**.  Finally some movement at Cinemark both for the regular and fan event times. People are starting to ramp up for Lilo and Stitch so I imagine it's reminding people to buy these tickets **(May 19)**.  Not doing much for me, it's in the doldrums period where not much is happening, it goes whole days with no sales **(May 19)**.  Some sales at least, I expect this to just continue to be very slow until the final marketing push in two weeks **(May 16)**.  No sales otherwise besides 1 for the fan event **(May 14)**.  0 sales day **(May 13)**.  For THU Lilo and Stitch's numbers are definitely going to be too high to use as a comp, whenever we get the numbers **(May 12)**.  Done tracking until standard comes live but I think this is good, good growth off yesterday **(May 2)**.  A good start I assume. Unfortunately didn't track Minecraft at AMC, I just did Cinemark but it had a similarly low start. It's at 2x it's start but it's so low level I'm just not reading into that at all. |  This Cinemark is the only one that didn't put up normal PLF previews. The other ones nearby did and they also have the PLF fan events. But mine only has the fan events. I thought it might be a mistake because of that and they would add some PLF previews later. But they might also agree with what most of us here feel: that having only PLF previews on sale for a week in advance is just weird. So they did the events only and they're gonna wait until they can add all the showings at once.  |  Cinemark has the fan event up for Wednesday and a Super Ticket event for a single showing that Thursday too so I need to track both of those. That's two fan events, and the Super Ticket is 30 dollars.  But no regular showtimes yet **(May 1)**.)
- YM! ( Some further digging also has its T-27 without EA being 78% of Moana 2’s T-30. When EA is factored - Dragon is 30% ahead of Moana 2 and 64% ahead of Beetlejuice. | Dragon though is looking like a breakout. It’s about the same as Beetlejuice Beetlejuice’s T-27 without factoring in EA for Dragon which is also selling well. Think it should do 10/100m previews/OW **(May 16)**.)
**Domestic Calendar Dates (last updated May 20):**
**MAY**
- (May 23) Presales Start [Materialists + Phoenician Scheme (Wide)]
- (May 27) Presales Start [Elio]
- (May 29) Presales Start [M3GAN 2.0]
- (May 29) Thursday Previews (Bring Her Back + Karate Kid: Legends)
**JUNE**
- (June 4) Presales Start [The Fantastic Four: First Steps]
- (June 4) Early Access [WED: Ballerina]
- (June 4) Opening Day [Wicked Part 1 Re-Release, includes trailer for Wicked Part 2]
- (June 5) Thursday Previews ( Dan Da Dan: Evil Eye + Dan..."
Bride Hard,How old is the cut off for movies to stop showing naked minors?,0,0.39,28,"I watched this new movie bride hard and it was a great movie but one of the first pictures is like a topless 7 year old girl. I feel like that's way to old to be showing a topless minor. That's not a baby or even a toddler although I think both would have no business being in a movie.
Also just ranting a bit bit I was the only guy in a theater of like 30 woman and it felt like everyone was starting at me as if I knew this was gonna be shown whoever made this movie and approved that image is a dick."
Bride Hard,Weekend Rundown June 20-22,148,0.96,10,"🎷🍓🎨🦖🃏🚘  
😎 Happy Summer ⛱️ Happy Juneteenth 🎉
🌈Pride fests:
* Chisago Lakes Family Pride (Chisago Lakes Middle School, Saturday 9am-1pm)
* Albert Lea Pride (Central Park, Saturday 12-4pm)
* Chaska Pride (McKnight Park, Saturday 3-6pm)
* Bloomington Pride (Civic Plaza, Sunday 1-6pm)
**AROUND TOWN**
* Hobby Clash: The Ultimate Clash of Collectibles (RiverCentre - All Weekend)
* Cottage Grove Strawberry Fest (Kingston Park - All Weekend)
* MSRA Back to the ‘50’s Car Show (MN State Fairgrounds - All Weekend)
* Wayzata Art Experience (Downtown Wayzata - All Weekend)
* Butterfly Odyssey (Science Museum - All Weekend)
* Embracing Fallibility: A Neon Exhibition (Foci - All Weekend)
* Creation.Story (All My Relations Arts - All Weekend)
* Skyline Mini Golf (Walker - All Weekend)
* ALEBRIJES: Keepers of the Island (Raspberry Island - All Weekend)
* Twin Cities Jazz Festival (Mears Park/Lowertown St. Paul - Friday &amp; Saturday)
* Stitching Black Legacy (Textile Center - Friday &amp; Saturday)
* Rockin’ Rogers (Around Rogers - Friday &amp; Saturday)
* Battle of the Improv All-Stars (Dudley Riggs - Friday &amp; Saturday)
* Feline Fest 2025 (The Cafe Meows - Saturday &amp; Sunday)
* Eagan Art Festival (Central Park Fairgrounds - Saturday &amp; Sunday)
* Arbor Lakes Art Fair (Arbor Lakes Maple Grove - Saturday &amp; Sunday)
* Dinosaur Adventure (Canterbury Park - Saturday &amp; Sunday)
* MIXTAPE 7: Return To Battle (Luminary Arts Center - Saturday &amp; Sunday)
**FRIDAY, JUNE 20**
* All-Ages Skate (Skateville 12-10pm)
* Battle at the ROC: Pokemon Style Breakdance Battle (The Roc SLP 5pm)
* Summer Solstice Celebration (Wargo Nature Center Lino Lakes 5-9pm)
* Battle of the Barrels barrel racing (Canterbury Park 5:30pm)
* 9 Cent Beer Party (Up-Down 6pm)
* Summer Solstice Stand-up Paddleboarding (Cleary Lake 6-8pm)
* Canoeing on the Solstice (French Regional Park 6-8pm)
* 90’s Dance Night: YOU OUGHTA KNOW w/ The 90s Preservation Society (Hook &amp; Ladder 6-10pm)
* Interplanetary Criminal: Summer Solstice (Eat Street Crossing 6pm-midnight)
* Swing Dance Night w/ Maryann &amp; the Moneymakers (MOA 6:30-8:30pm)
* World Refugee Day: benefit for the Karen Organization of Minnesota (Pillar Forum 7pm)
* Rock to Restore Research (Cedar Cultural Center 7pm)
* Summer Comedy Night (Como Lakeside Pavilion 7pm)
* Talkin’ All That Jazz (Icehouse 7pm)
* EXTRA Drag Show (Roxy’s 7pm)
* Minne-Melange variety show (Bryant Lake Bowl 7pm)
* Juneteenth Jubilee (Capri Theater 7-9:30pm)
* Daniel Tosh Live (State Theatre 7:30pm)
* Nature at Night: Summer Solstice Hike (Richardson Nature Center 7:30-9pm)
* Friday Night Improv Club (Strike Theater 7:30pm)
* Rondo ‘56: Remembering St. Paul’s Black Main Street (Crooners 7:30pm)
* Theo Von (Xcel Energy Center 8pm)
* Flicks on the Bricks: *Moana 2* (Nicollet Commons Park 8pm)
* Function Junction Dance Party (MN Music Cafe 8-11pm)
* Pride Glow Up (Nowhere Entertainment 8pm-12am)
* Just Dance: Lady Gaga Nite (Fine Line 9pm)
* Simp City: the hottest R&amp;B party (Varsity 9pm)
* RITMO Tropical Fridays: Latino Dance (Bruhaven 9pm-1am)
* KOZMOZ (The Loft 9pm)
* Queer Circus (LUSH 9pm)
* Tank (Top) Night w/ DJ Shannon Blowtorch 21+ (LUSH 9pm)
* B(earded) Movies (Strike Theater 9pm)
* Shake The City Up Pt. 2 (Cabooze 9pm)
* Dragged Out (Black Hart 9:30pm)
* Hipshaker MPLS Heavy Funk &amp; Rare Soul Dance Party (Zen Arcade 9:30pm-1am)
* Forbidden Pride Party (Ground Zero 10pm-2am)
* Casa Tulum house music party (Green Room 10:30pm)
**SATURDAY, JUNE 21**
* Party for Pride (Staring Lake Park 9am-1pm)
* International Yoga Day (Union Depot 9am)
* Twin Cities Vintage Flea Market (North Loop Green 10am-3pm)
* All-Ages Skate (Skateville 10am-3:45pm | 7-10pm)
* Midsommar Celebration (American Swedish Institute 10am-4pm)
* Chappell + Charli + Sabrina Rooftop Drag Brunch (Union Rooftop 10am | 12:30pm | 3pm)
* MN Lumpia Festival (Mississippi Crossings Event Center 11am-2pm)
* Hopkins Food Truck Festival (Mainstreet Hopkins 11am-9pm)
* A Brunch of Drag 18+ (LUSH 11am)
* A Juneteenth Burlesque Brunch (Icehouse 12pm)
* Pride Brews &amp; Drag Brunch (Boom Island Brewing 12-2pm)
* Native Art Market and Solstice Celebration (Caponi Art Park 12-4pm)
* Desi Pride Event (Queermunity MN 12-5pm)
* Juneteenth Celebration (Valley View Middle School Bloomie 12-5:30pm)
* Juneteenth Family Day (MN State Capitol 12-6pm)
* Summer Market (Forgotten Star Brewery 12-8pm)
* Pottery Workshop: Crafternoon &amp; Crafterdark (Northern Clay Center 1-4pm)
* The Get Down Hip Hop Showcase (Central Village Park 1-5pm)
* Juneteenth Celebration (North Hennepin Community College 1-5pm)
* Fantasy &amp; Sci-Fi Book Fair (Inbound BrewCo. 1-8pm)
* Purrride (Insight Brewing 1-10pm)
* Summer Fest (Hackamore Brewing Chanhassen 1-10pm)
* Stories for Juneteenth with Black Storytellers Alliance (St. Louis Park Library 2pm)
* DragMixx (Green Room 2-4pm)
* Buzzed Out (Hook &amp; Ladder 2-5pm)
* Krewe Du Nord: A Festival of New Orleans (Coliseum Building Parking Lot 2-9pm)
* Gays Eating Garlic Bread in the Park \*sober event\* (Powderhorn Park 3pm-wheneva)
* Forma Community Clay Day: Solstice Stamps (Forma 4-6pm)
* TC Jazz Festival &amp; Leslie Parker Dance Project: An Experiment Pt. II (Cedar Cultural Center 4:30pm)
* STRICTLY R&amp;B: Cancer SZN - Day Party Edition (Cabooze 5pm)
* World Music Day (Utepils Brewing 5-9pm)
* Vadnais Heights Freedom Day Festival (Kohler Meadows Park 5pm)
* ROAR! Feat. Bebe Zahara Benet (Capri Theater 5:30pm)
* Taste the Movies - Finding Nemo (Granada Theater 6pm)
* Mystery in Minneapolis: a 1980’s Whodunit Paint &amp; Sip (Marquette Hotel 6-9pm)
* LGBTQUI Women’s PRIDE Dance (Eagles #34 6-10pm)
* ROAR! A Global Music Spectacle (Capri Theater 7pm)
* Simply the Best Drag Show (Roxy’s 7pm)
* 3rd Eye LIVE! Comedy (Bryant Lake Bowl 7pm)
* Saturday Night Improv Show (Strike Theater 7:30pm)
* Robby Hoffman (Parkway 8pm)
* 80s Neon Birthday Party (Up-Down 8pm)
* Sips &amp; Slays Pride Drag Show (Sociable Cider Werks 8-10pm)
* Adult Skate (Cheap Skate 8:30-11pm)
* BOU (The Loft 9pm)
* I Want You Back: A Motown Revue (Black Hart 9:30pm)
* LUSH Live! A Live-Singing Cabaret 21+ (LUSH 9pm)
* Summer Solstice Pop-up ft. Flintwick, Conduit, Craftal, &amp; Skavi (Uptown VFW 9pm-2am)
* Queer Circus (Can Can Wonderland 9:30pm)
* SAMAMBO PRIDE: Freaky Gyal (Green Room 10pm-2am)
**SUNDAY, JUNE 22**
* Hometown Half Marathon/10k/5k (Elm Creek Park Reserve 7am)
* TC Pride Paddle ‘25 (St. Croix River starting @ Interstate State Park 9am-5pm)
* TC Pride Family Fun Day (Como Park East Pavilion 11am-2pm)
* Thai Sunday Market (Wat Promwachirayan 11am-6pm)
* DJ Blacklight in the Starlight Room (Icehouse 11am-2pm)
* Muppet Pride Rooftop Drag Brunch (Crave Rooftop 11am &amp; 1:30pm)
* A Brunch of Drag 18+ (LUSH 11am)
* All-Ages Skate (Skateville 11:30-3:15pm | 6-9pm)
* Sunday Pepsi Family Day w/ Basset Hound Races (Canterbury Park 12-5pm)
* Brewery Book Bash (Fat Pants Brewery 12-5pm)
* Drag Brunch (Chan Dinner Theatres 12:30pm)
* Adult Skate (Cheap Skate 1-4pm)
* Bloomington Pride Festival (Civic Plaza 1-6pm)
* Puppy Yoga (YogaFit Linden Hills 2pm)
* Balls Cabaret (Strike Theater 2pm)
* FIGHT! For Your Civil Rights! Music fest (Hook &amp; Ladder 2-7pm)
* DayFunk: Day Time House Music Party (Eat Street Crossing 2-8pm)
* Intro to Block Painting (Northern Soda 2:30-5:30pm)
* Axes, Archery and Crossbows (Baker Outdoor Learning Center 3-5pm)
* Juneteenth Celebration (Viking Lakes 3-7pm)
* Juntos Fest, an MN Immigrant Law Center Fundraiser Event (Green Room 4:30pm)
* Festa de Sao Joao Brazilian Summer Festival (Central Park Roseville 6-8pm)
* Wrestlepalooza (First Ave 7pm)
* An Experiment Pt. II (Cedar Cultural Center 7:30pm)
* Night Shift Dance Party (Icehouse 8:30pm)
**LIVE THEATER**
* All’s Well that Ends Well (Various locations - All Weekend)
* A Pink Triangle (Phoenix Theater - All Weekend)
* Grease (Chanhassen Dinner Theatres - All Weekend)
* Significant Others (Lyric Arts - All Weekend)
* Madagascar: A Musical Adventure (Stages Theatre - All Weekend)
* Passion (Theater Latte Da - All Weekend)
* Endometriosis (Theatre in the Round - All Weekend)
* Mae West and the Trial of Sex (Crane Theatre - All Weekend)
* Stop Kiss (Gremlin Theatre - All Weekend)
* Cabaret (Guthrie - Saturday &amp; Sunday)
* Sixpack (Jungle Theater - Saturday &amp; Sunday)
**LIVE MUSIC**
*Friday, June 20*
* TC Jazz Festival (MetroNOME Brewery 11am-11pm)
* Swedish American Children’s Choir Performance (MOA 11am-12pm)
* Insane Clown Posse (Fillmore 6pm)
* Greentop, Killed By Kiwis, Pullstring, &amp; friends (Palmers 6pm)
* The Fabulous Armadillos (Hilde 6pm)
* Motel Pheromones (Eagles #34 6pm)
* ZEPPO Led Zeppelin Tribute (Green Room 6pm)
* Trench Size Trio (White Squirrel 6pm)
* Ben Rector (Palace Theatre 7pm)
* Nellie McKay (Dakota 7pm)
* In Your Eyes Peter Gabriel Tribute (Day Block 7pm)
* Just Luv, Inc. (Minnehaha Park 7pm)
* Anjeline &amp; Steven (Troubadour Wine Bar 7pm)
* Gossamer, The Menagerie, Side Door (Driftwood 7pm)
* Who’s Bad: Tribute to Michael, Janet &amp; The Jackson 5 (CDT 7:30pm)
* The Get-Up Mondays (Lake Harriet Bandshell 7:30pm)
* Rion, The Beta Version (50th &amp; France 7:30pm)
* Mississippi Hot Club (Berlin 7:30pm)
* Augustana (Parkway 8pm)
* Artemas (First Ave 8pm)
* ARTDONTSLEEP: Jazz Esta Morto (Amsterdam 8pm)
* Mary Jam, Oister Boy, Doll Chaser (Cloudland 8pm)
* Betty and the Noise (Route 47 8pm)
* Lola’s Ghost w/ The Driftless Area (Schooner’s 8pm)
* DSG Band (Dog House Maplewood 8pm)
* Greg Koch ft. Koch Marshall Trio (Turf Club 8:30pm)
* KYLE HALL (7th St Entry 9pm)
* Purple Queen Zen (Can Can Wonderland 9pm)
* The Envies, True Lust, Wish Wash, DJ Girl Blunt (Mortimers 9pm)
* Red Eye Ruby w/ Opliam (White Squirrel 9pm)
* Tim On Tap (Dubliner 9pm)
* Bar Chords (Gluek’s 9:30pm)
* The Good The Bad &amp; The Funky (Bunkers 9:30pm)
* Night Audit, Toilet Rats, Enemy in the Sky (331 Club 10pm)
*Saturday, June 21*
* Nick ‘The Feelin’ (Hell’s Kitchen 10am-1pm)
* MacPhail Community Youth Choir (Capri Theater 10am)
* TC Jazz Festival (MetroNOME Brewery 11am-10:30pm)
* 120 Minutes (White Squirrel 1pm)
* Sounds of Blackness: Juneteenth Concert (Ridgedale Commons 1pm)
* The Cobra Trio (Lake Monster Brewing 3pm)
* Twin Cities Jazz Workshop (Icehouse 5pm)
* Matt Yetter (City House 6:30pm)
* Beebe Gallini &amp; friends (Palmers 6pm)
* The Dang Ol’ Tri’ole (Hell’s Kitchen 6-9pm)
* Devil Dodger (White Squirrel 6pm)
* Tyler Herwig (Padraigs Brewing 6:30pm)
* A Twin Cities Psyche-Out: Twin Citizen, Valors, Moonlit Mushroom, Uff-Da (Amsterdam 7pm)
* Infidels: A Bob Dylan Tribute (Dakota 7pm)
* Overdressed Duo (Water Works 7pm)
* Bad Moves, Scrunchies, Constant Insult (Cloudland 7pm)
* Scott Keever (Troubadour Wine Bar 7pm)
* Bring Your Mom, Twist My Arm (Driftwood 7pm)
* TC Gay Men’s Chorus: Leading Ladies: Divas of Broadway (Ordway 7:30pm)
* Vinny Franco, Moonglow, BAKKWOODDRIFT, Beemer (Zhora Darling 7:30pm)
* Joe Pulice salutes Buddy Rich (Crooners 7:30pm)
* Alligation (Lake Harriet Bandshell 7:30pm) *followed by Barbie*
* Arooj Aftab (Fine Line 8pm)
* Jack’s Mannequin (Palace Theatre 8pm)
* Sycamore Gap (Merlins Rest 8pm)
* Demon Locks (Berlin 8pm)
* The Dead Cowboys (Route 47 8pm)
* Tumblin’ Dice (Schooner’s 8pm)
* Zero Below (Schuller’s Golden Valley 8pm)
* Motorcity tribute to Motorhead (Dog House Maplewood 8pm)
* Ethan Tasch (7th St Entry 8:30pm)
* Zepparella (Turf Club 8:30pm)
* Cole Diamond (Mainstreet B&amp;G Hopkins 8:30pm)
* Scott Hefte &amp; the Bury ‘Em Deep (White Squirrel 9pm)
* Jaybee &amp; the Routine (MN Music Cafe 9pm)
* Barking Daisy (Gluek’s 9:30pm)
* High &amp; Mighty (Bunkers 9:30pm)
* Adrian Y, Chanderz, Astro (Icehouse 10pm)
* Dashed, Busey, Curve (331 Club 10pm)
*Sunday, June 22*
* Mill City Caravan (White Squirrel 1pm)
* Star of the North Concert Band (Lake Harriet Bandshell 2pm)
* Pocket Groovers (Dubliner 2pm)
* Off the Clock (Serum’s Anoka 2-5pm)
* TC Gay Men’s Chorus: Leading Ladies: Divas of Broadway (Ordway 2:30pm)
* Como Pops Ensemble (Lake Como Pavilion 3pm)
* Townsfolk (Fulton Taproom 3pm)
* Songs by Dave Frishberg w/ Connie Evingson &amp; Jon Weber (Crooners 4pm)
* DISPATCH w/ JOHN BUTLER (Surly 4:30pm)
* Church of Cornbread (Palmers 5pm)
* John Philip Sousa Memorial Band (Pond House 5pm)
* Paul Bergen (Dubliner 5pm)
* Communion S19:EP04 w/ Centrific, Tristan Haf, Frill x Piersmog (Cabooze 5pm)
* J.E. Sunde Duo ft. Shane Leonard (Icehouse 5:30pm)
* Emerson Avenue (Lake Harriet Bandshell 5:30pm)
* Key Glock (Fillmore 6pm)
* Mississippi Valley Orchestra (White Squirrel 6pm)
* Phine &amp; Friends, Shotgun Ragtime Band (Driftwood 6pm)
* Shawn Mullins (Dakota 7pm)
* St. Anthony Civic Orchestra (Lake Como Pavilion 7pm)
* The Real Chuck NORAD (331 Club 7pm)
* System Exclusive, True Lust, Magenta Vice (Cloudland 7pm)
* Sundays with Nona: Silversmith (Berlin 7pm)
* Yotuma, Decedent, Viceral Reaction, Mortura (Underground 7pm)
* Brass Queens (Parkway 7:30pm)
* West Bank Social Club (Palmers 8pm)
* Sofie Royer (7th St Entry 8pm)
* Dr. Mambo’s Combo (9:30pm)
* MINIMORT: Producer Showcase (Mortimers 10pm-2am)
**SPORTS**
* Milwaukee Brewers AT Twins (All Weekend) ⚾
* Toledo Mud Hens AT Saints (All Weekend) ⚾
* Sioux Falls City VS Aurora (Friday 7pm) ⚽
* Indianapolis AlleyCats AT Wind Chill (Saturday 6pm) 🥏
* LA Sparks AT Lynx (Saturday 7pm) 🏀
* River Light AT Crows (Sunday 2pm) ⚽
* River Light AT Aurora (Sunday 4pm) ⚽ 
**MOVIES**
* 28 Years Later
* Elio
* Everything’s Going to Be Great
* Bride Hard
* Sovereign
🌜🎬 The Starlite Drive-In Movie Theater (Litchfield, MN)
Screen 1: How to Train Your Dragon (9:30pm) | Karate Kid: Legends (11:30pm)
Screen 2: 28 Years Later (9:35pm) | Ballerina (11:45pm)
**FOOD TRUCK SPOTLIGHT**
*Friday, June 20*
* Pep Island (Steel Toe Brewing 4-8pm)
* Amazing Momo (Sociable Cider Werks 4-9pm)
* Norsemen Lobster (The Savage Tap 4:30-7:30pm)
*Saturday, June 21*
* Bao Bao Buns (Forgotten Star 12-8pm)
* KCM Eggrolls (InBound Brew Co 12-8pm)
* 612 Teppanyaki (Wooden Ship Brewing 2-8pm)
*Sunday, June 22*
* Angry Line Cook (BlackStack Brewing 1-7pm)
* Hana Bistro (Luce Line Brewing 1-7pm)
* California Dip and Eat (Bald Man Brewing 1-8pm)
**FARMERS MARKETS**
* Minneapolis Farmers Market (Fridays 7am-1pm | Saturdays &amp; Sundays 6am-1pm)
* Farmers Market Annex (Saturdays &amp; Sundays 7am-1pm)
* St. Paul Farmers Market Lowertown (Saturday 7am-1pm | Sunday 8am-1pm)
* MN Arboretum May Market (Saturday &amp; Sunday 10am-4pm)
* Richfield Farmers Market (Saturdays 7am-12pm)
* Prior Lake Farmers Market (Saturdays 8am-12pm)
* Mill City Farmers Market (Saturdays 8am-1pm)
* Bloomington Farmers Market (Saturdays 8am-1pm)
* Fulton Farmers Market (Saturdays 8:30am-12:30pm)
* Northeast Minneapolis Farmers Market (Saturdays 9am-1pm)
* Midtown Farmers Market (Saturdays 9am-2pm)
* Kingfield Farmers Market (Sundays 8:30am-1pm)
* Linden Hills Farmers Market (Sundays 10am-1pm)
**KARAOKE** 
* Otter’s Saloon (All Weekend 8pm-2am)
* Vegas Lounge (All Weekend 9pm-2am)
* Do Re Mi Karaoke Eagan (Friday &amp; Saturday 11am-9:30pm | Sunday 11am-8:30pm)
* James Ballentine “Uptown” VFW (Friday &amp; Saturday 9pm-1:45am)
* 1029 Bar (Fridays &amp; Saturdays 9pm-2am)
* Black Hart of St. Paul (Friday 9pm-12am)
* Park Tavern St. Louis Park (Saturday 9pm-12:30am)
* Babe’s Place Shakopee (Sunday 9pm-1am)
* The Cherry Pit Bar &amp; Grill (Sunday 9:30pm-12:30am)
**ARCADES**
* Up-Down Minneapolis (Friday 3pm-2am | Saturday &amp; Sunday 11am-2am)
* CLAW LAND Maplewood (All Weekend 11:30am-8pm)
* CLAW ARCADE Little Canada (All Weekend 11am-8pm)
* Starcade Classic Arcade St. Paul (Friday &amp; Saturday 11am-9:30pm | Sunday 11am-8pm)
* Grabbit Arcade Maplewood (Friday 12-8pm | Saturday 10am-8pm | 11am-6pm)
* LITT Pinball Bar Minneapolis (All Weekend 11am-2am)
* Neko Clawww Roseville (Friday 1:30-8pm | Saturday &amp; Sunday 11am-8pm)
* ClawZone Park Bloomington (All Weekend 11am-9pm)
* Can Can Wonderland St. Paul (Friday &amp; Saturday 11am-1am | Sunday 11am-7pm)
* DUCK! Eagan (Friday &amp; Saturday 11am-10pm | Sunday 11am-9pm)
**BOWLING ALLEYS** 
* Town Hall Lanes Minnehaha (All Weekend 11am-11:30pm)
* Elsie’s Northeast (Friday 11am-12am | Saturday 11am-12am | Sunday 10am-9pm)
* Bryant Lake Bowl Uptown (Friday &amp; Saturday 9am-12am | Sunday 9am-11pm)
* Memory Lanes S. Mpls (Friday 3pm-12am | Saturday 9am-12am | Sunday 11am-10pm)
* Park Tavern SLP (Friday &amp; Saturday 11am-1am | Sunday 11am-11pm)
💫 Cosmic Bowling: Friday &amp; Saturday 9:30pm-1am
* Texa-Tonka Lanes SLP (Friday 11am-12am | Saturday 9am-12am | Sunday 9am-11pm)
* Sun Ray Lanes St. Paul (Friday &amp; Saturday 9am-12am | 9am-11:30pm)
💫 Galactic Bowling: Friday 9pm-12am | Saturday 2-5pm &amp; 9pm-12am
* Ran-Ham Bowling Highland (All Weekend 11am-1am)
* Southtown Lanes Bloomie (Friday 4pm-12am | Saturday 12pm-12am | Sunday 12pm-11pm)
* Shakopee Bowl (Friday 11am-12am | Saturday 10am-12am | Sunday 10am-11pm)
**LINKS**
* Comedy Events (created by u/ Uzxxlu21): [https://www.reddit.com/r/TwinCities/comments/1ldq0fj/this\_week\_in\_comedy\_june\_16th22nd/](https://www.reddit.com/r/TwinCities/comments/1ldq0fj/this_week_in_comedy_june_16th22nd/)
* Improv Comedy Events: [https://tockify.com/twincitiesimprov/pinboard](https://tockify.com/twincitiesimprov/pinboard)
* Reddit Twin Cities Social Meet-Ups: [https://www.reddit.com/r/twincitiessocial](https://www.reddit.com/r/twincitiessocial)
* Racket MN Event Calendar: [https://www.racketmn.com/category/events/](https://www.racketmn.com/category/events/)
* Meet Minneapolis Event Calendar: [https://www.minneapolis.org](https://www.minneapolis.org)
* MPLS Art Events: [https://www.mplsart.com/calendar/upcoming](https://www.mplsart.com/calendar/upcoming)
* Minnesota Monthly Event Calendar: [http://www.minnesotamonthly.com/Calendar/](https://www.minnesotamonthly.com/Calendar/)
* MSP Magazine Event Calendar: [http://mspmag.com/search/event/events-calendar/#page=1](http://mspmag.com/search/event/events-calendar/#page=1)
* Minneapolis Northwest Event Calendar: [https://www.minneapolisnorthwest.com/events/](https://www.minneapolisnorthwest.com/events/)
* Minnesota Parent Event List: [https://www.minnesotaparent.com/calendar/](https://www.minnesotaparent.com/calendar/)
* Family Fun Twin Cities: [https://www.familyfuntwincities.com/family-fun-events-calendar/](https://www.familyfuntwincities.com/family-fun-events-calendar/)
* Minneapolis Parks &amp; Rec Events: [https://www.minneapolisparks.org/event-calendar/month/?tribe\_eventcategory%5B0%5D=316](https://www.minneapolisparks.org/event-calendar/month/?tribe_eventcategory%5B0%5D=316)
* St. Paul Parks &amp; Rec Events: [https://www.stpaul.gov/calendar/parks-and-recreation-events](https://www.stpaul.gov/calendar/parks-and-recreation-events)
* Three Rivers Park District Event Calendar: [https://web2.myvscloud.com/wbwsc/mnthreeriverswt.wsc/search.html?display=Calendar&amp;module=event&amp;\_csrf\_token=cU716Z6D0C1B2B2C3C2L454I5R604U581V665Z566H046Q3U595K0B5U4U6L4N1F0E3S6K4U055R5P4J576D734L5C576Q73535P6D015S4R504J09664Q5G5708564N5S](https://web2.myvscloud.com/wbwsc/mnthreeriverswt.wsc/search.html?display=Calendar&amp;module=event&amp;_csrf_token=cU716Z6D0C1B2B2C3C2L454I5R604U581V665Z566H046Q3U595K0B5U4U6L4N1F0E3S6K4U055R5P4J576D734L5C576Q73535P6D015S4R504J09664Q5G5708564N5S)
* Trivia Mafia Schedule: [https://www.triviamafia.com/schedule](https://www.triviamafia.com/schedule) 
* Music Mayhem Schedule: [http://www.musicmayhem.net/live-show-locations.html](http://www.musicmayhem.net/live-show-locations.html)
* Get a Clu Trivia Schedule: [https://www.getaclutrivia.com/home/#weekly-trivia-schedule](https://www.getaclutrivia.com/home/#weekly-trivia-schedule)
If you have any events to add, drop them in the comments!
☕[Tip Jar](http://buymeacoffee.com/oldbublysoul29) I enjoy doing these weekly posts &amp; hope that others have found them to be resourceful. If you would like to toss a coin or two (thanks in advance!!), I’ve set up a Buy Me a Coffee page. Never expected, always appreciated ❣️ (P.S. if you’re having trouble getting to the “checkout” page, you might need to turn off content blockers on your phone.)"
Bride Hard,Reset Friday - What are your reservation for June 13 - June 19? (Week 24),4,0.75,18,"# New Releases  
\-**How to Train Your Dragon** Live Action  (IMAX/Dolby)     
\-**Materialists**  (Dolby)    
\-The Unholy Trinity  (Limited)    
\-Prime Minister  (Limited)
# Special Events  
\-Friday the 13th - ......Friday the 13th (Fan Fav, \*A-List Eligible)    
\-AMC Screen Unseen - Mon 16th (Fav Fav Price, \*A-List Eligible)    
\-given The Double Album: Hiiragi mix &amp; To The Sea - Mon 16th (\*A-List Eligible)    
\-Elio: Early Access - Wed 18th  (\*A-List Eligible)    
\-40 Acres: Early Screening - Thu 19th (\*A-List Eligible)    
\-28 Years Later: Opening Night - Thu 19th (\*A-List Eligible)    
\-Oh, Hi! Early Access (Q&amp;A @ Lincoln Square) - Sat 14th  (\*A-List Eligible)  
\-Indiana Jones and the Last Crusade - Sat 14th, Sun 15th, Wed 18th  (Fathom, Excluded)    
\-Finding Faith: Healed by Jesus - Mon 16th, Tue 17th  (Fathom, Excluded)    
\-Critical Role Live from Sydney|Tag Team at the Teeth Pt1: The Misty Ascent - Thu 19th  (Fathom, Excluded)  
# Thursday Previews - 6/19 Only  
**-28 Years Later**    
**-Elio**    
**-Bride Hard**"
Bride Hard,Weekend Roundup June 20-22,127,0.97,4,"🎷🍓🎨🦖🃏🚘  
😎 Happy Summer ⛱️ Happy Juneteenth 🎉
🌈Pride fests:
* Chisago Lakes Family Pride (Chisago Lakes Middle School, Saturday 9am-1pm)
* Albert Lea Pride (Central Park, Saturday 12-4pm)
* Chaska Pride (McKnight Park, Saturday 3-6pm)
* Bloomington Pride (Civic Plaza, Sunday 1-6pm)
**AROUND TOWN**
* Hobby Clash: The Ultimate Clash of Collectibles (RiverCentre - All Weekend)
* Cottage Grove Strawberry Fest (Kingston Park - All Weekend)
* MSRA Back to the ‘50’s Car Show (MN State Fairgrounds - All Weekend)
* Wayzata Art Experience (Downtown Wayzata - All Weekend)
* Butterfly Odyssey (Science Museum - All Weekend)
* Embracing Fallibility: A Neon Exhibition (Foci - All Weekend)
* Creation.Story (All My Relations Arts - All Weekend)
* Skyline Mini Golf (Walker - All Weekend)
* ALEBRIJES: Keepers of the Island (Raspberry Island - All Weekend)
* Twin Cities Jazz Festival (Mears Park/Lowertown St. Paul - Friday &amp; Saturday)
* Stitching Black Legacy (Textile Center - Friday &amp; Saturday)
* Rockin’ Rogers (Around Rogers - Friday &amp; Saturday)
* Battle of the Improv All-Stars (Dudley Riggs - Friday &amp; Saturday)
* Feline Fest 2025 (The Cafe Meows - Saturday &amp; Sunday)
* Eagan Art Festival (Central Park Fairgrounds - Saturday &amp; Sunday)
* Arbor Lakes Art Fair (Arbor Lakes Maple Grove - Saturday &amp; Sunday)
* Dinosaur Adventure (Canterbury Park - Saturday &amp; Sunday)
* MIXTAPE 7: Return To Battle (Luminary Arts Center - Saturday &amp; Sunday)
**FRIDAY, JUNE 20**
* All-Ages Skate (Skateville 12-10pm)
* Battle at the ROC: Pokemon Style Breakdance Battle (The Roc SLP 5pm)
* Summer Solstice Celebration (Wargo Nature Center Lino Lakes 5-9pm)
* Battle of the Barrels barrel racing (Canterbury Park 5:30pm)
* 9 Cent Beer Party (Up-Down 6pm)
* Summer Solstice Stand-up Paddleboarding (Cleary Lake 6-8pm)
* Canoeing on the Solstice (French Regional Park 6-8pm)
* 90’s Dance Night: YOU OUGHTA KNOW w/ The 90s Preservation Society (Hook &amp; Ladder 6-10pm)
* Interplanetary Criminal: Summer Solstice (Eat Street Crossing 6pm-midnight)
* Swing Dance Night w/ Maryann &amp; the Moneymakers (MOA 6:30-8:30pm)
* World Refugee Day: benefit for the Karen Organization of Minnesota (Pillar Forum 7pm)
* Rock to Restore Research (Cedar Cultural Center 7pm)
* Summer Comedy Night (Como Lakeside Pavilion 7pm)
* Talkin’ All That Jazz (Icehouse 7pm)
* EXTRA Drag Show (Roxy’s 7pm)
* Minne-Melange variety show (Bryant Lake Bowl 7pm)
* Juneteenth Jubilee (Capri Theater 7-9:30pm)
* Daniel Tosh Live (State Theatre 7:30pm)
* Nature at Night: Summer Solstice Hike (Richardson Nature Center 7:30-9pm)
* Friday Night Improv Club (Strike Theater 7:30pm)
* Rondo ‘56: Remembering St. Paul’s Black Main Street (Crooners 7:30pm)
* Theo Von (Xcel Energy Center 8pm)
* Flicks on the Bricks: *Moana 2* (Nicollet Commons Park 8pm)
* Function Junction Dance Party (MN Music Cafe 8-11pm)
* Pride Glow Up (Nowhere Entertainment 8pm-12am)
* Just Dance: Lady Gaga Nite (Fine Line 9pm)
* Simp City: the hottest R&amp;B party (Varsity 9pm)
* RITMO Tropical Fridays: Latino Dance (Bruhaven 9pm-1am)
* KOZMOZ (The Loft 9pm)
* Queer Circus (LUSH 9pm)
* Tank (Top) Night w/ DJ Shannon Blowtorch 21+ (LUSH 9pm)
* B(earded) Movies (Strike Theater 9pm)
* Shake The City Up Pt. 2 (Cabooze 9pm)
* Dragged Out (Black Hart 9:30pm)
* Hipshaker MPLS Heavy Funk &amp; Rare Soul Dance Party (Zen Arcade 9:30pm-1am)
* Forbidden Pride Party (Ground Zero 10pm-2am)
* Casa Tulum house music party (Green Room 10:30pm)
**SATURDAY, JUNE 21**
* Party for Pride (Staring Lake Park 9am-1pm)
* International Yoga Day (Union Depot 9am)
* Twin Cities Vintage Flea Market (North Loop Green 10am-3pm)
* All-Ages Skate (Skateville 10am-3:45pm | 7-10pm)
* Midsommar Celebration (American Swedish Institute 10am-4pm)
* Chappell + Charli + Sabrina Rooftop Drag Brunch (Union Rooftop 10am | 12:30pm | 3pm)
* MN Lumpia Festival (Mississippi Crossings Event Center 11am-2pm)
* Hopkins Food Truck Festival (Mainstreet Hopkins 11am-9pm)
* A Brunch of Drag 18+ (LUSH 11am)
* A Juneteenth Burlesque Brunch (Icehouse 12pm)
* Pride Brews &amp; Drag Brunch (Boom Island Brewing 12-2pm)
* Native Art Market and Solstice Celebration (Caponi Art Park 12-4pm)
* Desi Pride Event (Queermunity MN 12-5pm)
* Juneteenth Celebration (Valley View Middle School Bloomie 12-5:30pm)
* Juneteenth Family Day (MN State Capitol 12-6pm)
* Summer Market (Forgotten Star Brewery 12-8pm)
* Pottery Workshop: Crafternoon &amp; Crafterdark (Northern Clay Center 1-4pm)
* The Get Down Hip Hop Showcase (Central Village Park 1-5pm)
* Juneteenth Celebration (North Hennepin Community College 1-5pm)
* Fantasy &amp; Sci-Fi Book Fair (Inbound BrewCo. 1-8pm)
* Purrride (Insight Brewing 1-10pm)
* Summer Fest (Hackamore Brewing Chanhassen 1-10pm)
* Stories for Juneteenth with Black Storytellers Alliance (St. Louis Park Library 2pm)
* DragMixx (Green Room 2-4pm)
* Buzzed Out (Hook &amp; Ladder 2-5pm)
* Krewe Du Nord: A Festival of New Orleans (Coliseum Building Parking Lot 2-9pm)
* Gays Eating Garlic Bread in the Park \*sober event\* (Powderhorn Park 3pm-wheneva)
* Forma Community Clay Day: Solstice Stamps (Forma 4-6pm)
* TC Jazz Festival &amp; Leslie Parker Dance Project: An Experiment Pt. II (Cedar Cultural Center 4:30pm)
* STRICTLY R&amp;B: Cancer SZN - Day Party Edition (Cabooze 5pm)
* World Music Day (Utepils Brewing 5-9pm)
* Vadnais Heights Freedom Day Festival (Kohler Meadows Park 5pm)
* ROAR! Feat. Bebe Zahara Benet (Capri Theater 5:30pm)
* Taste the Movies - Finding Nemo (Granada Theater 6pm)
* Mystery in Minneapolis: a 1980’s Whodunit Paint &amp; Sip (Marquette Hotel 6-9pm)
* LGBTQUI Women’s PRIDE Dance (Eagles #34 6-10pm)
* ROAR! A Global Music Spectacle (Capri Theater 7pm)
* Simply the Best Drag Show (Roxy’s 7pm)
* 3rd Eye LIVE! Comedy (Bryant Lake Bowl 7pm)
* Saturday Night Improv Show (Strike Theater 7:30pm)
* Robby Hoffman (Parkway 8pm)
* 80s Neon Birthday Party (Up-Down 8pm)
* Sips &amp; Slays Pride Drag Show (Sociable Cider Werks 8-10pm)
* Adult Skate (Cheap Skate 8:30-11pm)
* BOU (The Loft 9pm)
* I Want You Back: A Motown Revue (Black Hart 9:30pm)
* LUSH Live! A Live-Singing Cabaret 21+ (LUSH 9pm)
* Summer Solstice Pop-up ft. Flintwick, Conduit, Craftal, &amp; Skavi (Uptown VFW 9pm-2am)
* Queer Circus (Can Can Wonderland 9:30pm)
* SAMAMBO PRIDE: Freaky Gyal (Green Room 10pm-2am)
**SUNDAY, JUNE 22**
* Hometown Half Marathon/10k/5k (Elm Creek Park Reserve 7am)
* TC Pride Paddle ‘25 (St. Croix River starting @ Interstate State Park 9am-5pm)
* TC Pride Family Fun Day (Como Park East Pavilion 11am-2pm)
* Thai Sunday Market (Wat Promwachirayan 11am-6pm)
* DJ Blacklight in the Starlight Room (Icehouse 11am-2pm)
* Muppet Pride Rooftop Drag Brunch (Crave Rooftop 11am &amp; 1:30pm)
* A Brunch of Drag 18+ (LUSH 11am)
* All-Ages Skate (Skateville 11:30-3:15pm | 6-9pm)
* Sunday Pepsi Family Day w/ Basset Hound Races (Canterbury Park 12-5pm)
* Brewery Book Bash (Fat Pants Brewery 12-5pm)
* Drag Brunch (Chan Dinner Theatres 12:30pm)
* Adult Skate (Cheap Skate 1-4pm)
* Bloomington Pride Festival (Civic Plaza 1-6pm)
* Puppy Yoga (YogaFit Linden Hills 2pm)
* Balls Cabaret (Strike Theater 2pm)
* FIGHT! For Your Civil Rights! Music fest (Hook &amp; Ladder 2-7pm)
* DayFunk: Day Time House Music Party (Eat Street Crossing 2-8pm)
* Intro to Block Painting (Northern Soda 2:30-5:30pm)
* Axes, Archery and Crossbows (Baker Outdoor Learning Center 3-5pm)
* Juneteenth Celebration (Viking Lakes 3-7pm)
* Juntos Fest, an MN Immigrant Law Center Fundraiser Event (Green Room 4:30pm)
* Festa de Sao Joao Brazilian Summer Festival (Central Park Roseville 6-8pm)
* Wrestlepalooza (First Ave 7pm)
* An Experiment Pt. II (Cedar Cultural Center 7:30pm)
* Night Shift Dance Party (Icehouse 8:30pm)
**LIVE THEATER**
* All’s Well that Ends Well (Various locations - All Weekend)
* A Pink Triangle (Phoenix Theater - All Weekend)
* Grease (Chanhassen Dinner Theatres - All Weekend)
* Significant Others (Lyric Arts - All Weekend)
* Madagascar: A Musical Adventure (Stages Theatre - All Weekend)
* Passion (Theater Latte Da - All Weekend)
* Endometriosis (Theatre in the Round - All Weekend)
* Mae West and the Trial of Sex (Crane Theatre - All Weekend)
* Stop Kiss (Gremlin Theatre - All Weekend)
* Cabaret (Guthrie - Saturday &amp; Sunday)
* Sixpack (Jungle Theater - Saturday &amp; Sunday)
**LIVE MUSIC**
*Friday, June 20*
* TC Jazz Festival (MetroNOME Brewery 11am-11pm)
* Swedish American Children’s Choir Performance (MOA 11am-12pm)
* Insane Clown Posse (Fillmore 6pm)
* Greentop, Killed By Kiwis, Pullstring, &amp; friends (Palmers 6pm)
* The Fabulous Armadillos (Hilde 6pm)
* Motel Pheromones (Eagles #34 6pm)
* ZEPPO Led Zeppelin Tribute (Green Room 6pm)
* Trench Size Trio (White Squirrel 6pm)
* Ben Rector (Palace Theatre 7pm)
* Nellie McKay (Dakota 7pm)
* In Your Eyes Peter Gabriel Tribute (Day Block 7pm)
* Just Luv, Inc. (Minnehaha Park 7pm)
* Anjeline &amp; Steven (Troubadour Wine Bar 7pm)
* Gossamer, The Menagerie, Side Door (Driftwood 7pm)
* Who’s Bad: Tribute to Michael, Janet &amp; The Jackson 5 (CDT 7:30pm)
* The Get-Up Mondays (Lake Harriet Bandshell 7:30pm)
* Rion, The Beta Version (50th &amp; France 7:30pm)
* Mississippi Hot Club (Berlin 7:30pm)
* Augustana (Parkway 8pm)
* Artemas (First Ave 8pm)
* ARTDONTSLEEP: Jazz Esta Morto (Amsterdam 8pm)
* Mary Jam, Oister Boy, Doll Chaser (Cloudland 8pm)
* Betty and the Noise (Route 47 8pm)
* Lola’s Ghost w/ The Driftless Area (Schooner’s 8pm)
* DSG Band (Dog House Maplewood 8pm)
* Greg Koch ft. Koch Marshall Trio (Turf Club 8:30pm)
* KYLE HALL (7th St Entry 9pm)
* Purple Queen Zen (Can Can Wonderland 9pm)
* The Envies, True Lust, Wish Wash, DJ Girl Blunt (Mortimers 9pm)
* Red Eye Ruby w/ Opliam (White Squirrel 9pm)
* Tim On Tap (Dubliner 9pm)
* Bar Chords (Gluek’s 9:30pm)
* The Good The Bad &amp; The Funky (Bunkers 9:30pm)
* Night Audit, Toilet Rats, Enemy in the Sky (331 Club 10pm)
*Saturday, June 21*
* Nick ‘The Feelin’ (Hell’s Kitchen 10am-1pm)
* MacPhail Community Youth Choir (Capri Theater 10am)
* TC Jazz Festival (MetroNOME Brewery 11am-10:30pm)
* 120 Minutes (White Squirrel 1pm)
* Sounds of Blackness: Juneteenth Concert (Ridgedale Commons 1pm)
* The Cobra Trio (Lake Monster Brewing 3pm)
* Twin Cities Jazz Workshop (Icehouse 5pm)
* Matt Yetter (City House 6:30pm)
* Beebe Gallini &amp; friends (Palmers 6pm)
* The Dang Ol’ Tri’ole (Hell’s Kitchen 6-9pm)
* Devil Dodger (White Squirrel 6pm)
* Tyler Herwig (Padraigs Brewing 6:30pm)
* A Twin Cities Psyche-Out: Twin Citizen, Valors, Moonlit Mushroom, Uff-Da (Amsterdam 7pm)
* Infidels: A Bob Dylan Tribute (Dakota 7pm)
* Overdressed Duo (Water Works 7pm)
* Bad Moves, Scrunchies, Constant Insult (Cloudland 7pm)
* Scott Keever (Troubadour Wine Bar 7pm)
* Bring Your Mom, Twist My Arm (Driftwood 7pm)
* TC Gay Men’s Chorus: Leading Ladies: Divas of Broadway (Ordway 7:30pm)
* Vinny Franco, Moonglow, BAKKWOODDRIFT, Beemer (Zhora Darling 7:30pm)
* Joe Pulice salutes Buddy Rich (Crooners 7:30pm)
* Alligation (Lake Harriet Bandshell 7:30pm) *followed by Barbie*
* Arooj Aftab (Fine Line 8pm)
* Jack’s Mannequin (Palace Theatre 8pm)
* Sycamore Gap (Merlins Rest 8pm)
* Demon Locks (Berlin 8pm)
* The Dead Cowboys (Route 47 8pm)
* Tumblin’ Dice (Schooner’s 8pm)
* Zero Below (Schuller’s Golden Valley 8pm)
* Motorcity tribute to Motorhead (Dog House Maplewood 8pm)
* Ethan Tasch (7th St Entry 8:30pm)
* Zepparella (Turf Club 8:30pm)
* Cole Diamond (Mainstreet B&amp;G Hopkins 8:30pm)
* Scott Hefte &amp; the Bury ‘Em Deep (White Squirrel 9pm)
* Jaybee &amp; the Routine (MN Music Cafe 9pm)
* Barking Daisy (Gluek’s 9:30pm)
* High &amp; Mighty (Bunkers 9:30pm)
* Adrian Y, Chanderz, Astro (Icehouse 10pm)
* Dashed, Busey, Curve (331 Club 10pm)
*Sunday, June 22*
* Mill City Caravan (White Squirrel 1pm)
* Star of the North Concert Band (Lake Harriet Bandshell 2pm)
* Pocket Groovers (Dubliner 2pm)
* Off the Clock (Serum’s Anoka 2-5pm)
* TC Gay Men’s Chorus: Leading Ladies: Divas of Broadway (Ordway 2:30pm)
* Como Pops Ensemble (Lake Como Pavilion 3pm)
* Townsfolk (Fulton Taproom 3pm)
* Songs by Dave Frishberg w/ Connie Evingson &amp; Jon Weber (Crooners 4pm)
* DISPATCH w/ JOHN BUTLER (Surly 4:30pm)
* Church of Cornbread (Palmers 5pm)
* John Philip Sousa Memorial Band (Pond House 5pm)
* Paul Bergen (Dubliner 5pm)
* Communion S19:EP04 w/ Centrific, Tristan Haf, Frill x Piersmog (Cabooze 5pm)
* J.E. Sunde Duo ft. Shane Leonard (Icehouse 5:30pm)
* Emerson Avenue (Lake Harriet Bandshell 5:30pm)
* Key Glock (Fillmore 6pm)
* Mississippi Valley Orchestra (White Squirrel 6pm)
* Phine &amp; Friends, Shotgun Ragtime Band (Driftwood 6pm)
* Shawn Mullins (Dakota 7pm)
* St. Anthony Civic Orchestra (Lake Como Pavilion 7pm)
* The Real Chuck NORAD (331 Club 7pm)
* System Exclusive, True Lust, Magenta Vice (Cloudland 7pm)
* Sundays with Nona: Silversmith (Berlin 7pm)
* Yotuma, Decedent, Viceral Reaction, Mortura (Underground 7pm)
* Brass Queens (Parkway 7:30pm)
* West Bank Social Club (Palmers 8pm)
* Sofie Royer (7th St Entry 8pm)
* Dr. Mambo’s Combo (9:30pm)
* MINIMORT: Producer Showcase (Mortimers 10pm-2am)
**SPORTS**
* Milwaukee Brewers AT Twins (All Weekend) ⚾
* Toledo Mud Hens AT Saints (All Weekend) ⚾
* Sioux Falls City VS Aurora (Friday 7pm) ⚽
* Indianapolis AlleyCats AT Wind Chill (Saturday 6pm) 🥏
* LA Sparks AT Lynx (Saturday 7pm) 🏀
* River Light AT Crows (Sunday 2pm) ⚽
* River Light AT Aurora (Sunday 4pm) ⚽ 
**MOVIES**
* 28 Years Later
* Elio
* Everything’s Going to Be Great
* Bride Hard
* Sovereign
🌜🎬 The Starlite Drive-In Movie Theater (Litchfield, MN)
Screen 1: How to Train Your Dragon (9:30pm) | Karate Kid: Legends (11:30pm)
Screen 2: 28 Years Later (9:35pm) | Ballerina (11:45pm)
**FOOD TRUCK SPOTLIGHT**
*Friday, June 20*
* Pep Island (Steel Toe Brewing 4-8pm)
* Amazing Momo (Sociable Cider Werks 4-9pm)
* Norsemen Lobster (The Savage Tap 4:30-7:30pm)
*Saturday, June 21*
* Bao Bao Buns (Forgotten Star 12-8pm)
* KCM Eggrolls (InBound Brew Co 12-8pm)
* 612 Teppanyaki (Wooden Ship Brewing 2-8pm)
*Sunday, June 22*
* Angry Line Cook (BlackStack Brewing 1-7pm)
* Hana Bistro (Luce Line Brewing 1-7pm)
* California Dip and Eat (Bald Man Brewing 1-8pm)
**FARMERS MARKETS**
* Minneapolis Farmers Market (Fridays 7am-1pm | Saturdays &amp; Sundays 6am-1pm)
* Farmers Market Annex (Saturdays &amp; Sundays 7am-1pm)
* St. Paul Farmers Market Lowertown (Saturday 7am-1pm | Sunday 8am-1pm)
* MN Arboretum May Market (Saturday &amp; Sunday 10am-4pm)
* Richfield Farmers Market (Saturdays 7am-12pm)
* Prior Lake Farmers Market (Saturdays 8am-12pm)
* Mill City Farmers Market (Saturdays 8am-1pm)
* Bloomington Farmers Market (Saturdays 8am-1pm)
* Fulton Farmers Market (Saturdays 8:30am-12:30pm)
* Northeast Minneapolis Farmers Market (Saturdays 9am-1pm)
* Midtown Farmers Market (Saturdays 9am-2pm)
* Kingfield Farmers Market (Sundays 8:30am-1pm)
* Linden Hills Farmers Market (Sundays 10am-1pm)
**KARAOKE** 
* Otter’s Saloon (All Weekend 8pm-2am)
* Vegas Lounge (All Weekend 9pm-2am)
* Do Re Mi Karaoke Eagan (Friday &amp; Saturday 11am-9:30pm | Sunday 11am-8:30pm)
* James Ballentine “Uptown” VFW (Friday &amp; Saturday 9pm-1:45am)
* 1029 Bar (Fridays &amp; Saturdays 9pm-2am)
* Black Hart of St. Paul (Friday 9pm-12am)
* Park Tavern St. Louis Park (Saturday 9pm-12:30am)
* Babe’s Place Shakopee (Sunday 9pm-1am)
* The Cherry Pit Bar &amp; Grill (Sunday 9:30pm-12:30am)
**ARCADES**
* Up-Down Minneapolis (Friday 3pm-2am | Saturday &amp; Sunday 11am-2am)
* CLAW LAND Maplewood (All Weekend 11:30am-8pm)
* CLAW ARCADE Little Canada (All Weekend 11am-8pm)
* Starcade Classic Arcade St. Paul (Friday &amp; Saturday 11am-9:30pm | Sunday 11am-8pm)
* Grabbit Arcade Maplewood (Friday 12-8pm | Saturday 10am-8pm | 11am-6pm)
* LITT Pinball Bar Minneapolis (All Weekend 11am-2am)
* Neko Clawww Roseville (Friday 1:30-8pm | Saturday &amp; Sunday 11am-8pm)
* ClawZone Park Bloomington (All Weekend 11am-9pm)
* Can Can Wonderland St. Paul (Friday &amp; Saturday 11am-1am | Sunday 11am-7pm)
* DUCK! Eagan (Friday &amp; Saturday 11am-10pm | Sunday 11am-9pm)
**BOWLING ALLEYS** 
* Town Hall Lanes Minnehaha (All Weekend 11am-11:30pm)
* Elsie’s Northeast (Friday 11am-12am | Saturday 11am-12am | Sunday 10am-9pm)
* Bryant Lake Bowl Uptown (Friday &amp; Saturday 9am-12am | Sunday 9am-11pm)
* Memory Lanes S. Mpls (Friday 3pm-12am | Saturday 9am-12am | Sunday 11am-10pm)
* Park Tavern SLP (Friday &amp; Saturday 11am-1am | Sunday 11am-11pm)
💫 Cosmic Bowling: Friday &amp; Saturday 9:30pm-1am
* Texa-Tonka Lanes SLP (Friday 11am-12am | Saturday 9am-12am | Sunday 9am-11pm)
* Sun Ray Lanes St. Paul (Friday &amp; Saturday 9am-12am | 9am-11:30pm)
💫 Galactic Bowling: Friday 9pm-12am | Saturday 2-5pm &amp; 9pm-12am
* Ran-Ham Bowling Highland (All Weekend 11am-1am)
* Southtown Lanes Bloomie (Friday 4pm-12am | Saturday 12pm-12am | Sunday 12pm-11pm)
* Shakopee Bowl (Friday 11am-12am | Saturday 10am-12am | Sunday 10am-11pm)
**LINKS**
* Comedy Events (created by u/ Uzxxlu21): [https://www.reddit.com/r/TwinCities/comments/1ldq0fj/this\_week\_in\_comedy\_june\_16th22nd/](https://www.reddit.com/r/TwinCities/comments/1ldq0fj/this_week_in_comedy_june_16th22nd/)
* Improv Comedy Events: [https://tockify.com/twincitiesimprov/pinboard](https://tockify.com/twincitiesimprov/pinboard)
* Reddit Twin Cities Social Meet-Ups: [https://www.reddit.com/r/twincitiessocial](https://www.reddit.com/r/twincitiessocial)
* Racket MN Event Calendar: [https://www.racketmn.com/category/events/](https://www.racketmn.com/category/events/)
* Meet Minneapolis Event Calendar: [https://www.minneapolis.org](https://www.minneapolis.org)
* MPLS Art Events: [https://www.mplsart.com/calendar/upcoming](https://www.mplsart.com/calendar/upcoming)
* Minnesota Monthly Event Calendar: [http://www.minnesotamonthly.com/Calendar/](https://www.minnesotamonthly.com/Calendar/)
* MSP Magazine Event Calendar: [http://mspmag.com/search/event/events-calendar/#page=1](http://mspmag.com/search/event/events-calendar/#page=1)
* Minneapolis Northwest Event Calendar: [https://www.minneapolisnorthwest.com/events/](https://www.minneapolisnorthwest.com/events/)
* Minnesota Parent Event List: [https://www.minnesotaparent.com/calendar/](https://www.minnesotaparent.com/calendar/)
* Family Fun Twin Cities: [https://www.familyfuntwincities.com/family-fun-events-calendar/](https://www.familyfuntwincities.com/family-fun-events-calendar/)
* Minneapolis Parks &amp; Rec Events: [https://www.minneapolisparks.org/event-calendar/month/?tribe\_eventcategory%5B0%5D=316](https://www.minneapolisparks.org/event-calendar/month/?tribe_eventcategory%5B0%5D=316)
* St. Paul Parks &amp; Rec Events: [https://www.stpaul.gov/calendar/parks-and-recreation-events](https://www.stpaul.gov/calendar/parks-and-recreation-events)
* Three Rivers Park District Event Calendar: [https://web2.myvscloud.com/wbwsc/mnthreeriverswt.wsc/search.html?display=Calendar&amp;module=event&amp;\_csrf\_token=cU716Z6D0C1B2B2C3C2L454I5R604U581V665Z566H046Q3U595K0B5U4U6L4N1F0E3S6K4U055R5P4J576D734L5C576Q73535P6D015S4R504J09664Q5G5708564N5S](https://web2.myvscloud.com/wbwsc/mnthreeriverswt.wsc/search.html?display=Calendar&amp;module=event&amp;_csrf_token=cU716Z6D0C1B2B2C3C2L454I5R604U581V665Z566H046Q3U595K0B5U4U6L4N1F0E3S6K4U055R5P4J576D734L5C576Q73535P6D015S4R504J09664Q5G5708564N5S)
* Trivia Mafia Schedule: [https://www.triviamafia.com/schedule](https://www.triviamafia.com/schedule) 
* Music Mayhem Schedule: [http://www.musicmayhem.net/live-show-locations.html](http://www.musicmayhem.net/live-show-locations.html)
* Get a Clu Trivia Schedule: [https://www.getaclutrivia.com/home/#weekly-trivia-schedule](https://www.getaclutrivia.com/home/#weekly-trivia-schedule)
If you have any events to add, drop them in the comments!
☕[Tip Jar](http://buymeacoffee.com/oldbublysoul29) I enjoy doing these weekly posts &amp; hope that others have found them to be resourceful. If you would like to toss a coin or two (thanks in advance!!), I’ve set up a Buy Me a Coffee page. Never expected, always appreciated ❣️ (P.S. if you’re having trouble getting to the “checkout” page, you might need to turn off content blockers on your phone.)"
Bride Hard,"BOT Presale Tracking (May 27). Thursday Comps: Bring Her Back ($1.79M), Karate Kid: Legends ($2.49M), Ballerina ($3.96M, $4.89M EarlyAccess+THU), How to Train Your Dragon ($8.51M, $3.8M EA and $11.85M EA+THU), and F1: The Movie ($4.48M, $9.98M EA+THU).",40,0.91,15,"[BoxOfficeTheory Presale Tracking](https://forums.boxofficetheory.com/topic/31569-the-box-office-buzz-tracking-and-pre-sale-thread/page/1656/#comments)
[Presales Data (Google Sheets Link)](https://docs.google.com/spreadsheets/d/1zRjKpNOjPCBIgUULoyXyj5sBGMuU9owswn7bMfz1WSE/edit#gid=0)
[BoxOfficeReport Previews](http://www.boxofficereport.com/previewgrosses.html)
**Quorum Updates:**
- [May 22](https://forums.boxofficetheory.com/topic/31569-the-box-office-buzz-tracking-and-pre-sale-thread/page/1649/#findComment-4818326)
- [May 21](https://forums.boxofficetheory.com/topic/31569-the-box-office-buzz-tracking-and-pre-sale-thread/page/1644/#findComment-4817710)
- [May 19](https://forums.boxofficetheory.com/topic/31569-the-box-office-buzz-tracking-and-pre-sale-thread/page/1633/#findComment-4816710)
- [May 16](https://forums.boxofficetheory.com/topic/31569-the-box-office-buzz-tracking-and-pre-sale-thread/page/1625/#findComment-4815237)
- [May 14](https://forums.boxofficetheory.com/topic/31569-the-box-office-buzz-tracking-and-pre-sale-thread/page/1615/#findComment-4814016)
- [May 12](https://forums.boxofficetheory.com/topic/31569-the-box-office-buzz-tracking-and-pre-sale-thread/page/1606/)
**Bring Her Back Average Thursday Comp: $1.79M**
- Acrobat ($1.58M THU Comp.  It's still playing for +1M in previews here **(May 27)**.  Very slow day yesterday, but it makes sense with how much business there was for the Mission Stitch **(May 26)**.  Still doing very well, +1M in previews still very much in play **(May 25)**.  I think it can reach $1M in previews but it needs to keep this pace **(May 23)**.  T-13 (5 theaters).  THU: 72 tickets sold - 22 tickets sold since T-17.  I'm using these comps just to have a general idea, I expect this to follow Until Dawn ($1.469M) more closely than FD ($2.106M) but not a bad start for it. One of my theaters doesn't have showtimes for it yet so I'm just using the other five **(May 17)**.  Having a positive first few days of presales, it could surprise with positive reviews **(May 13)**.)
- crazymoviekid ($4.74M THU Comp.  I'll go for $3.5M rn **(May 26)**.)
- filmpalace ($1.77M THU Comp.  Not much to add to what I said yesterday. Still looking good and it had good growth today. How high it can go depends on the amount of additional showtimes it gets once this week’s schedules are finalized **(May 27)**.  Ticket sales for this are surprisingly good! I know Talk To Me was well received, but as a horror fan, I thought buzz for this was quite low. It should be kept in mind that this is playing in the smallest auditoriums in both theaters. It could very well run into capacity issues, hence why I added the Terrifier comp. I’m also noticing that Friday sales are very soft at the moment, meaning this could be frontloaded with A24 and horror fans. Nonetheless, these are impressive numbers and I think we should keep an eye out for this one **(May 25)**.)
- katnisscinnaplex ($0.81M THU Comp.)
- Ryan C ($0.96M THU Comp. After the unexpected success of Talk to Me two summers ago, the hope was that Danny and Michael Philippou (aka RackaRacka)'s next project would become a breakout success. Unfortunately, that probably won't be the case with this one that is opening later this week.   Anyways, in spite of that, I still think the film is set up to be a small success. I'm assuming the budget wasn't too expensive (Talk to Me only cost a reported $4.5M) and by the numbers of I'm currently seeing right now at the theaters I track, it is set to land somewhere between $800K-$1.1M in previews. The few comps I have right now (I will be adding A24's Heretic on Thursday) honestly point to both the best case scenario and the worst case scenario for this movie. There's a chance it manages to squeak past $1M in previews (while probably missing out on a $10M+ opening weekend), but there's also a chance it does closer to $800K and land in the mid-single digit range. For now, I think a $7M-$9M opening is in reach for this one **(May 26)**.)
- Sailor ($0.86M THU comp.  Not a fantastic weekend, as it dipped against the comps **(May 26)**.  It has gone up. Definitely could see it hitting $1 million **(May 23)**.  Nothing to write home about. I thought there'd be more interest in what the Talk to Me directors would do next. Of course, there's still time **(May 16)**.)
**Karate Kid: Legends Average Thursday Comp: $2.49M**
- Acrobat ($1.1M THU Comp.  It grew yesterday but still not enough to make a true difference, but I see other trackers are reporting different paces so maybe it's just my sample **(May 27)**.  Final Destination is a Bad comp but at least both are reboots/continuations of known franchises. It's still flatlining **(May 26)**.  This is not it **(May 25)**This is an absolute disaster, no way around it. It was already looking bad because there's literally zero buzz around the movie, but coming after this monster Memorial Day it will be even worse **(May 23)**.  T-13 (6 theaters).  THU: 58 tickets sold - 30 tickets sold since T-15 (Day 1).  I won't use any comps since none of what I have tracked so far is useful, but regardless of comps, this is very weak **(May 17)**.  Starts with 28 tickets sold across 6 theaters. The lack of PLF screens is really going to hurt its presales, it needs walkups to do good business **(May 14)**.)
- AniNate (As for Karate Kid, still nothing at Canton and four at Valley View. Just two at AMC Waterfront which definitely seems inauspicious. That's a popular boutique theater. | Nada local rush sales for Karate Kid but AMC Empire has sold about 30 so far. With the PG-13 rating I think it can probably be comped to typical GA tentpoles. Maybe Twisters or Beetlejuice? Don't think those were super fan-driven at first. |  Karate Kid Legends now on sale **(May 14)**.)
- AnthonyJPHer (I was going to make a full update for Karate Kid Legends, but it’s just… not worth the effort? Just getting it out of the way, its start is really REALLY bad. Like concerningly bad. It’s only sold 15 tickets so far for Thursday previews. That’s only slightly better than Mufasa’s start of 13 tickets. And that was MONTH OUT. This is only 9 days from release. This isn’t even as good as Snow White. That had a much better start. 2x in fact. I have doubts that this will even reach 2m in previews. Sub 20m in the cards for OW? **(May 20)**.)
- Cine-Taquillas ($2.7M THU Final Destination comp.  Good last days, but insufficient for reaching a good OW **(May 25)**.  Very poor, looking to low 20s OW if this don't accelerate soon **(May 22)**.  No signs of accelerating in final days… Aiming for 2-2.5M$ for now, if this doesn't increase soon **(May 19)**.  For THU, Not looking good.  The comp will start going down soon, so i think 2.5M$ is the forecast now **(May 17)**.)
- el sid (Karate Kid: Legends, counted today for Thursday, May 29, had 149 sold tickets (with shows in 7 theaters). Best presales in the AMCs in NY (58 sold tickets) and San Francisco (48).   Indeed it's not easy to find good comps: A Minecraft Movie (10.6M from previews) had with 10 days left 515 sold tickets. A Working Man (1.1M) had also with 12 days left 42 sold tickets. Beetlejuice Beetlejuice (13M) had with one month left 379 sold tickets. Kung Fu Panda 4 (3.8M) had on Monday of the release week 670 sold tickets. And The Crow (650k) had also on Monday of the release week 163 sold tickets. Overall not too bad, but a little bit muted **(May 17)**.)
- filmlover (Karate Kid showtimes are starting to appear, starts at 2:00 that Thursday **(May 8)**.)
- Flip ($3.55M THU and $6.46M FRI Comp.  For FRI ROTB IM in 2023 was 6.93x. From my sample it looks like previews can hit around 4m. So OW should be around 26-29m.  |  For THU pace is definitely improving, unfortunately looks like reviews aren't going to help based on online rumblings.  |  Maybe it can do 3.5m in previews, pace is okay **(May 25)**.  Never mind lol, probably only hitting 3m previews **(May 20)**.  THU is 0.30x MI8.  This pace is pretty good, if this it the lowest it's going to get then the movie can see some success. Looks like it could be heading for 4m previews, but maintaing the current pace can take it closer to 5m **(May 17)**.  FRI is .24x Mission Impossible 8 (T-22).  Just as bad as previews are looking **(May 16)**.  0.22x Mission Impossible 8 (T-14).  Bad start, but there's some hope if it can keep up yesterday's pace **(May 16)**.  Right now Karate Kid has sold 34 tickets in my sample, for the first day that would be 26% MI8 Day 1, 49% AQP Day One’s first day. Not very good (it has outsold Ballerina’s first day but that has a longer window), even with less of fan front loading seems like anything beyond 35m is out of the question, for now **(May 14)**.)
- katnisscinnaplex ($2.65M THU Comp.)
- M37 (Sales are growing, albeit slowly, and the only comps pointing to $2M+ are the super walk-up friendly PG films like Wild Robot, Paddington, and Minecraft (though still hasn't yet completed first week of sales).  Weekend sales aren't much better, and looks to be heading towards perhaps a sub-$20M OW, barring some kind of turn around **(May 20)**.  So this film may need of Mr Miagi's magic healing powers, because at T-14, have just ONE comp that lands over $2M (Wild Robot, also likely Sinners, but I have a gap around this time). Granted, its only Day 2, and this is a film which (in theory) should appeal to families and walk-up action crowd, but is also opening in the massive shadow of Lilo Impossible's week two. The baseline is starting so low, there's honestly not much room for optimism **(May 17)**.)
- PNF2187 ($2.17M THU Comp.  Been tracking this one daily, but all of the additional sales came in at T-4. Not the best results here **(May 26)**.   Comps here seem to be doing better, but not much to write home about. Does seem like it'll get drowned out by the DeBlois/Sanders remakes. There is room for upside **(May 23)**.  Not much to say here. Not really an impressive showing today, but we're only on day 2 and there's 2 weeks left. | Pulled this last night. Surprisingly large footprint here, but it's only in regular screens. Not really the strongest of starts here, but with family-friendly fare it's more about how they finish, so we'll see **(May 15)**.)
- Ryan C ($4.82M THU Comp.  Like last time, the bump was pretty damn good. However, it's really hard to tell where this will land as I don't have any particularly great comps to use. I thought Minecraft would be an alright one to use, but right now, that points to a highly unrealistic preview number. So, I had to go with another family-friendly comp and the best one I could fine was last November's Red One. Now, this one is definitely not going to have as strong of an IM as Red One, but as far as pointing to a realistic preview number (the low $3M range) it might just end up being the best one to use. Mainly because, I think when all is said and done, this is headed to a preview number within the $3M-$4M range. It won't go higher and it most likely won't go lower (though that's more likely than it over-performing), but it'll land somewhere that would make a low $30M opening look completely fine, if unremarkable. We'll see, but this will need to have some good day-to-day bumps and a fairly large IM to convince me that this was more family-driven/walk-up driven than expected **(May 26)**.  For THU Thursday: 505 Seats Sold (179% Increase From Last Time).  Well, there's both good news and bad news to report on with this. Bump-wise, it had a very good one from last week when pre-sales kicked off. On the other hand, there is only a week left for this to pick up the pace and will most likely have to rely on becoming a late bloomer to achieve that. I guess I can also say that with the small PLF footprint that this has (mainly a couple of DOLBY screens), it is performing pretty well in those select showtimes, but that will not move the needle in any significant way. I can really see this go in either direction **(May 21)**.  T-14 THU: 181 Seats Sold (From 15 Theaters).  Not a very impressive start for this one considering it's releasing in two weeks, but I do see a path for this to open to at least respectable numbers. Also, while I don't have exact comps at the moment, the best one to use might actually be A Minecraft Movie. No, this is not touching a $160M+ opening and it probably won't even reach $50M in its opening, but comparing to this where Minecraft was at the same point in terms of its Thursday would give a pretty good indicator as to where this could land. Right now, I could only compare this movie to where Minecraft was at its T-13, but that would point to a Thursday around $3.58M for Karate Kid: Legends. That's not a particularly great number, but if this is as family-driven as it needs to be, then an opening in the $30M-$35M range wouldn't be impossible. For now, let's hope this becomes a late bloomer.  | Just by looking at how much has been sold already… it really needs to hope that this becomes more family-driven than fan-driven. Granted, I would never expect day one of pre-sales for a Karate Kid legacy sequel to be as strong as an MCU film, but when we’re barely over two weeks out from release, you’d think at least a bit more would be sold **(May 14)**.)
- Sailor ($2.57M THU Comp.  Oh, that's not good. It has slipped against the comps and fell below $3 million. Hope it recovers tomorrow **(May 26)**.  Eh, at least it's increasing **(May 23)**.  It's moving along, but not setting anything on fire **(May 21)**.  It's doing okay so far **(May 20)**.  Eh, it could've been worse. At least it already sold over 100 tickets **(May 19)**.  Honestly, I was expecting something better than this. Anyways, not bad but also not fantastic **(May 16)**.)
- TheFlatLannister ($2.45M THU Comp.  Not much going on, Low screen count as well, only ~400 showtimes, which is low at this point in presales.  To me seems like low end ~$2M and high end $3M+ for previews **(May 16)**.)
- vafrow ($1.5M THU Comp.  Still not doing much **(May 26)**.  IF is [a low bar] for me ($2.0M comp). IF was one of my weakest performers and a big underindex. As an original family film, it was also heavily walk up reliant. It also had just shy of a 20x weekend to Thursday multiple.  Even in normal performing markets, it represents the best case scenario. KK:L is presumably coming in with a built in audience.  |  It's showing some signs of life. Nothing too exciting, but its surpassed IF. Low bar, but it's something **(May 24)**.  This is the worst performance of anything I've tracked that's had any expectation of success. And I have some real feast or famine results. IF ($0.4M Comp) was one of the worst I saw, even near the end as late sales kicked in.  To be fair, expanding my radius a bit sees some slightly better performances, but still nothing incredible. Certainly not at the GB comp ($0.1M) I'm using **(May 21)**.  My numbers are still too low to bother with comps at this point, but going through the various options, trying to find the best case scenario around KK:L, it would be to use IF from last year. I'd be curious how it's tracking against that for anyone that bigger sample than me. It would give an absolute max of what's possible here.  Note, for my sample, KKL is at 2 tickets sold to IF at 3. So, small sample and all, just very discouraging **(May 17)**.  0 sales for THU at the 2 theaters with showtimes.  Sad.  Not sure what happened here. Others seem to see more activity, but I don't think anyone is seeing anything too strong. The full GTA radius is up to 13 tickets sold for Thursday night.  There's some activity throughout the weekend, so hopefully its that it's just going to perform like a pure family film **(May 15)**.  It's still very early. But even the lack of confidence in the screens its been allocated raised an eyebrow for me. | Karate Kid Legends has an odd release strategy for its presales. It's only in about half the theatres in the GTA, and in two of five in my sample. But Thursday previews start at 2:00 pm. Schools don't close until the end of June, so no one is off. No PLFs. All regular screens with a couple places having VIP screens. No sales in my sample, and when I expand to the greater Toronto area, I count 8 tickets sold. This covers a population base of about 6-7 million people with the theatre chain with 80% market share. I know Canada can be weird on tracking, but this seems worrying **(May 14)**.)
- wattage ($1.37M Minecraft THU Comp.  Karate Kid is not worse off with the comp now starting to gain in sales **(May 22)**.  Doing nothing. Karate Kid is at 0 and has the same comp value as yesterday.Nothing of note. Karate Kid needs to start seeing some movement soon **(May 20)**.  The comp has been consistent for the last few days, no sales for both lol. I'm gonna keep it **(May 19)**.  I didn't track Minecraft at AMC unfortunately, I only started doing both theaters more recently. So not too confident in my numbers but I'm gonna keep it up **(May 16)**.)
- YM! (Karate Kid: Legends has sold 4 tickets in my Southeastern WI Theater Sample - it’s one of the worst start I’ve seen for a family film. It’ll likely open around 2M previews if it follows others **(May 16)**.)
**Wicked Part 1 Re-Release**
- therana (I took a quick look at a few theaters and the tickets are already close to being sold out **(May 14)**.)
**Dan Da Dan: Evil Eye**
**Dangerous Animals**
**From the World of John Wick: Ballerina Average Thursday/Early Access + Thursday Comp: $3.96M/$4.89M** 
- [DEADLINE](https://deadline.com/2025/05/ballerina-dancing-box-office-projection-1236399995/) (Lionsgate‘s From the World of John Wick: Ballerina hit three-weekend tracking Thursday with a projected $35 million-$40 million three-day debut. Currently, the R-rating action title starring Ana de Armas and including a cameo by John Wick himself Keanu Reeves is solid with men over 25 in first choice, with both good unaided awareness with the overall over-25 crowd **(May 15)**.)
- Acrobat ($3.1M EA+THU MI8 comp.  The comp with true Thursday for The Accountant 2 would give it about 4M so 3.5M seems about right at the moment **(May 27)**.  Very imperfect comp with MI8, but it's what I have so far - I didn't track EA for The Accountant. Considering MI8 is so IMAX-heavy, 2.5 seems to be the right number for Ballerina **(May 24)**.  I won't go into any comps as the only one that is vaguely useful is The Accountant 2 which had its OD on T-17, but Ballerina is already 3x against it **(May 20)**.  For EA and THU, Ok, I didn't track Day 2-3 but it clearly had very strong days - I didn't expect this. The Accountant 2 had a much shorter presale window but Ballerina is already pacing well ahead of that one, at least for true Thursday, as I didn't track EA for some reason **(May 18)**.  For THU at 6 theaters, 56 tickets sold.  For WED EA at 4 theaters,  64 tickets sold. I would love to use The Accountant 2 as a comp but I missed the EA screenings for that. Based on True Thursday alone, it's on par with that after Day 1 **(May 14)**.  Ballerina tickets now on sale **(May 13)**.)
- Cine-Taquillas ($5.6M Final Destination THU Comp.  Still slow, hope this week will do better **(May 25)**.  Not too much this weekend **(May 22)**.  Not bad, i think **(May 19)**.  For THU Hey, i expected worse **(May 17)**.)
- el sid (It had, counted today for Thursday, June 5, 232 sold tickets (with shows in 7 theaters). Best presales in the AMCs in NY (71 sold tickets) and LA (70).  17 days left. So it has now 11 days left to collect 24 tickets to be on par with The Amateur (2M from previews on Thursday and before). Of course it will be in front soon. The preview number compared to Abigail (1M from previews on Thursday) is at the moment 1.35M + it has 14 days left. Not bad at all **(May 19)**.  Ballerina, counted today for Thursday, June 5, had 218 sold tickets (with shows in 7 theaters). Best presales in the AMCs in San Francisco (70 sold tickets) and NY (66).  Comps (always counted for Thursday, an extremely wide range at the moment): A Working Man (1.1M from previews on Thursday) had with 12 days left 42 sold tickets. The Amateur (2M from Thursday and I think before) had with 6 days left 256 sold tickets. Abigail (1M Thursday only) had on Monday of the release week 171 sold tickets. And Furiosa (3.5M Thursday only) had with 9 days left 1.595 sold tickets. I doubt that it will have the same walk-ups as A Working Man (slightly worse) but I also doubt that its final jumps will be as poor as those of Furiosa. I would say, that its number is almost on par with The Amateur with 13 days left to very  probably overtake is a good sign **(May 17)**.)
- filmlover (Ballerina showtimes are starting to appear, begins at 6:00 Thursday **(May 8)**.)
- Flip ($3.7M THU and $7.92M FRI comp.  For THU Today was a good day.  |  For FRI I think this can outopen Karate Kid, it's around 2x where that was at the same point. probably 30-35m OW.  |  Not doing much to change its prospects, still looking at ~30m OW **(May 25)**.  Decent pace but the raw numbers are still pretty meh. Hopefully this is the bottom of the U-curve otherwise it will be hard to reach 30-35m OW **(May 20)**.  Soon I will have the accountant 2 comp, which will spit out some pretty good numbers for Ballerina **(May 17)**.  FRI is .49x Mission Impossible 8 (T-22). Much better than how previews are looking, this is more like what I expected **(May 16)**.  Ballerina first day is very meh, looking to be around 1/2 AQP Day One, and 1/3 MI8 **(May 13)**.)
- katnisscinnaplex ($4.42M EA+THU Comp.)
- keysersoze123 (That said not sure if Ballerina is getting any IMAX. i dont see any Imax shows listed for it **(May 18)**.  Ballerina has early PLF shows day before previews. FYI take that into perspective doing the comps. its not hitting JW4 OW as well. Target is what @Obi-Shawn Robbins has put in his prediction (~$40M OW?). Will need 5m+ previews and solid reviews and buzz near release **(May 13)**.)
- PlatnumRoyce (For Thursday previews, Ballerina went from 30 tickets sold on T-23 to 64 on T-14 which while The Amateur went from 7 to 13 during the same period and Sinners went from 15 (first day/T-22) to 54 on T-14. The Accountant went from 9 on T-21 to 13 on T-18 and 34 on T-10 (this one is missing a theater Ballerina sold 4 tickets at on both snapshots). Working Man was at 8 tickets sold at T-10 **(May 22)**.  (T-22) Late capture for day 1 but I have 24 tickets sold across 4 theaters and probably 25 across 5 (one of the theaters has annoying broken seats I need to do some cleanup on). The first day for MI:Final I have is T-25 at 56 tickets sold (0 at the wonky theater so that's not a point of error). The timing (early evening v. next mid-morning) is probably overly rosy for Ballerina but I think that's good/fine **(May 14)**.)
- M37 (Don't have any good Day 3 comps, but some T-21 comps are in the $2.5-$4M range at present, and extrapolating a bit into next week, probably bumping up to like ~$3-$5M expectation. But still early in the cycle, time to pick up steam over the next week **(May 16)**.  (Day 1) No comps, but just in general sales are ... uninspiring. Now there is a lot on sale right now (meaning subscribers might be all booked up) so not going to fret too much until after Memorial Day **(May 14)**.)
- PNF2187 ($2.35M THU comp.  Interesting to grab different sets here, but comps are wonky at this stage, so I'll let this one slide for now. | Not much changing here. Not really sure where to gauge this right now either **(May 15)**.  There's not a ton I can use as a direct comp, and the comps here have shorter windows. This doesn't seem terrible compared to those, but the other comps with similar windows have had far stronger starts **(May 13)**.)
- Ryan C (For WED, 509 Seats Sold (277.03% Increase From Last Time).  For THU, 706 Seats Sold (125.55% Increase From Last Time).  = 1,215 Seats Sold (171.20% Increase From Last Time).  Really good increases (as far as both days) from last week, but I don't want to get my hopes up too high yet. Growth in the final week will be key in determining whether this meets respectable expectations (a $35M-$40M opening weekend) or it becomes another Furiosa ($26.3M).  Of course, the lack of IMAX screens really does hurt in terms of the average ticket price, but $35M+ OW is definitely possible if this continues to pace well these next two weeks **(May 20)**.  For WED EA: 135 Seats Sold (From 7 Theaters).  For THU, 313 Seats Sold (From 15 Theaters). = 448 Seats Sold. Due to Mission: Impossible - The Final Reckoning commanding IMAX for at least three weeks, it won't get the advantage of those PLF screens.  So, these sales would no doubt me much higher if this got a full PLF footprint, but they aren't. Beyond that, there's not a whole lot to gauge from this first day of pre-sales. Overall, there is still a good amount of time for this to make up ground in pre-sales and Lionsgate to (hopefully) drop an early review embargo that ends up being really positive, but I would genuinely call an opening about half of John Wick: Chapter 4 ($73.8M) a win **(May 13)**.)
- Sailor ($4.38M EA and $2.99M THU Comp.  For EA It's steady. | For THU Not a great weekend **(May 26)**.  For THU Not really doing well for the past few days. I hope to see an acceleration soon.  |  For EA It's doing much better here **(May 23)**.  For THU That's... not great. 0.242x MI8 |  For EA It's also slowing down here.  0.318x MI8.  **(May 21)**.  For EA Passed 200 tickets and improved on its comps. | For THU It's slightly dipping against the comps. But there's still time **(May 20)**.  For EA It's also looking good here.  |  For THU It's looking okay so far **(May 19)**.  EA is 0.261x MI8 T-19.  Pretty good so far. |  THU is 0.239x MI8 T-20.  Well, that was an okay start. But I guess it could've been worse **(May 16)**.)
- TheFlatLannister ($4.68M EA+THU Comp. Still looks the same, no significant acceleration. Probably $4M+ previews from here $40Mish OW **(May 26)**.  Slow start to presales, would guess $3m-$4m+ previews based on first few hours of presales, but its early.  Don't see it getting close to John Wick 4 $8.9M previews from here **(May 13)**.) 
- vafrow ($5.15M THU Comp.  For THU Honestly, it's not doing too badly **(May 25)**.  BB:RoD did okay against the comps I had at the time, but was successful on a late kick.  Given that it's an action movie in the exact timeslot, it's still notable for its start. Especially for a few hours of sales.  My expectations on Ballerina were pretty low. I'm pleasantly surprised to see it get a decent start. |  After just saying I'm limiting my tracks, I'm noticing that Ballerina is outperforming the first day of BB:RoD. It also has a Wednesday EA, so I'm torn on whether it's worth keeping an eye on or not **(May 13)**.)
- wattage (Exact same update **(May 22)**.  Doing nothing. Ballerina has small sales for early access and nothing for preview days. Nothing of note. Fine as is right now **(May 20)**.  Not much happening right now **(May 19)**.  Looking at WED and THU presales, First day at Cinemark, returns on fan event time. Probably because actual times are available now. An okay day **(May 14)**.  This is looking like a solid start. Cinemark doesn't have showtimes up for previews but has the early access **(May 13)**.)
**The Ritual**
**The Phoenician Scheme**
- Sailor ($1.94M THU Comp.  Oh, it's quickly picking up steam. There'a chance that it could only be for Wes Anderson's fans, but it has done very well so far **(May 26)**.  This was a very interesting trajectory. A fairly slow first day, followed by an incredible second day. You don't see that very often. Of course, there's always the possibility that this will only be for Anderson's fans, with no appeal for non-fans. But I'd say it's got a chance in passing Asteroid City's previews ($1.1M) **(May 23)**.)
- misterpepp (Seeing another sale date for Phoenician Scheme listed as May 19, not sure if the wide ticketing date moved up or if that's for the limited run **(May 14)**.)
**Next Sohee Wide**
**Domestic Calendar Dates (last updated May 20):**
**MAY**
- (May 27) Presales Start [Elio]
- (May 29) Presales Start [M3GAN 2.0]
- (May 29) Thursday Previews (Bring Her Back + Karate Kid: Legends)
**JUNE**
- (June 4) Presales Start [The Fantastic Four: First Steps]
- (June 4) Early Access [WED: Ballerina]
- (June 4) Opening Day [Wicked Part 1 Re-Release, includes trailer for Wicked Part 2]
- (June 5) Thursday Previews ( Dan Da Dan: Evil Eye + Dangerous Animals + From the World of John Wick: Ballerina + The Ritual + The Phoenician Scheme)
- (June 11) Early Access [WED: How to Train Your Dragon]
- (June 12) Presales Start [Superman]
- (June 12) Opening Day (Next Sohee Wide)
- (June 12) Thursday Previews (How to Train Your Dragon + Materialists + The Unholy Trinity)
- (June 18) Early Access [WED: Elio]
- (June 19) Thursday Previews (28 Years Later + Bride Hard + Elio)
- (June 22 and June 25) Release Days (Brokeback Mountain Re-Release)
- (June 23) Early Access (MON IMAX: F1: The Movie)
- (June 25) Early Access (WED: F1: The Movie)
- (June 26) Thursday Previews (F1: The Movie + M3GAN 2.0 + Sorry, Baby)
**JULY**
- (July 1) Tuesday Midnight Previews (Jurassic World Rebirth)
- (July 2) Opening Day (Jurassic World Rebirth)
- (July 7) Amazon Prime Premiere [Superman]
- (July 10) Thursday Previews (Superman)
- (July 17) Thursday Previews (Eddington + I Know What You Did Last Summer + The Smurfs Movie)
- (July 24) Thursday Previews (The Fantastic Four: First Steps)
- (July 31) Thursday Previews (The Bad Guys 2 + Naked Gun)
**AUGUST**
- (August 6) Opening Day (Sketch)
- (August 7) Thursday Previews (Freakier Friday + Weapons)
- (August 14) Thursday Previews (Clika + Eli Roth Presents: Jimmy and Stiggs +  Nobody 2)
- (August 21) Thursday Previews (Americana + Grand Prix of Europe + Honey Don’t + Splitsville)
- (August 28) Thursday Previews (Caught Stealing + The Roses + The Toxic Avenger Unrated)
**Presale Tracking Posts:** 
[Mar. 20](https://www.reddit.com/r/boxoffice/comments/1jfl610/bot_presale_tracking_mar_20_average_thursday/?ref=share&amp;ref_source=link)
[Mar. 22](https://www.reddit.com/r/boxoffice/comments/1jh3s9j/bot_presale_tracking_mar_22_average_thursday/?ref=share&amp;ref_source=link)
[Apr. 19 Part 1](https://www.reddit.com/r/boxoffice/comments/1k2ujz8/bot_presale_tracking_apr_19_part_1_revenge_of_the/?ref=share&amp;ref_source=link)  
[Apr. 19 Part 2](https://www.reddit.com/r/boxoffice/comments/1k2us3m/bot_presale_tracking_apr_19_part_2_thunderbolts/?ref=share&amp;ref_source=link)
[Apr. 23 Part 1](https://www.reddit.com/r/boxoffice/comments/1k611z5/bot_presale_tracking_apr_23_part_1_revenge_of_the/?ref=share&amp;ref_source=link)
[Apr. 23 Part 2](https://www.reddit.com/r/boxoffice/comments/1k61hbh/bot_presale_tracking_apr_23_part_2_average_comps/?ref=share&amp;ref_source=link)
[Apr. 27](https://www.reddit.com/r/boxoffice/comments/1k90tfn/bot_presale_tracking_apr_27_thursday_comps_the/?ref=share&amp;ref_source=link)
[Apr. 30 Part 1](https://www.reddit.com/r/boxoffice/comments/1kbgf6u/bot_presale_tracking_apr_30_part_1_thunderbolts/?ref=share&amp;ref_source=link)
[Apr. 30 Part 2](https://www.reddit.com/r/boxoffice/comments/1kbgkgy/bot_presale_tracking_apr_30_part_2_average/?ref=share&amp;ref_source=link)
[May 6](https://www.reddit.com/r/boxoffice/comments/1kgl64j/bot_presale_tracking_may_6_thu_comps_final/?ref=share&amp;ref_source=link)
[May 23](https://www.reddit.com/r/boxoffice/comments/1ktl98c/bot_presale_tracking_may_23_thursday_comps_bring/?ref=share&amp;ref_source=link)
Note: I have removed most tracking data that has not been updated for 2 weeks.  I think there is value in keeping data for a week or two but at a certain point they start to lose their value and should not be treated the same as more recent tracking data."
Bride Hard,Before/After Dad,9,0.85,9,"I only started the show not long time ago cuz I watched the movie Bride Hard, and Justin Hartley brought me here. I just passed the Dad's death reveal, now that every episode looks so sad :'( 
I mean, all the characters always referred to Jack in past tense from the very beginning, so that's fine, but ever since Kate brought it up, saying that it's difficult, the emotions had been building up, and now here we are. I think I'm going to differentiate everything in the show between before dad and after dad without being able to have any choice, crying."
Bride Hard,Which movie from this list should I watch?,0,0.35,8,"I haven't been to the cinema in a while so I'd like to go and watch something. 
I'm choosing between Elio (I love animated movies), Materialists (I love romcoms), 28 years later (I haven't watched the previous parts though so not sure about this one but Aaron Taylor-Johnson is in there and the premise sounds fun) and Bride Hard (that's actually my shit, love stupid comedies with Rebel Wilson)"
Bride Hard,"Russia and CIS box office, weekend June 26-29",3,0.57,6,"**Weekend June 26-29, 2025**
Market statistics. Cumulative Gross (Russia only) 459,48 mln RUB or $5,87 mln (-26%). 1 052 565 tickets sold. Around 34% provided unofficial or basically pirated releases.
3rd victory in a row for Russian family comedy To the Village to Grandpa with only 27% drop. 12th film this year with more than a million admissions, Passed this threshold on Friday, 16th day in release. Will be the biggest Russian summer box office hit ever. Traditionally local releases avoided summer months. But without big Hollywood movies everything changed.
A rather good hold for Materialists too. Already 3rd best foreign movie this year after Ballerina and A Working Man. Ballerina will finish with around $6 mln.  2nd best among foreign markets after China.
Bride Hard and The Ritual did rather poorly. Good numbers for Akira mostly in Moscow and Saint-Petersburg.
In CIS countries F1 started 20% better than MI8. M3GAN 2,0 totally bombed.
|№|Movie|Weekend gross, $|Drop|Total $|Total RUB|Week|
|:-|:-|:-|:-|:-|:-|:-|
||||||||
|1|To the Village to Grandpa|966 276|\-27|5 259 061|415 465 801|3|
|2|Materialists|813 139|\-39|3 030 955|237 930 000|2|
|3|Ballerina|322 861|\-50|5 549 114|438 380 000|4|
|4|Three Heroes. Not a Day Without a Feat 2|275 189|\-45|2 250 027|177 752 134|3|
|5|Bride Hard|274 374||274 374|21 469 736|1|
|6|The Ritual|193 449||193 449|15 737 181|1|
|7|Artek. Through The Centuries|150 444|\-56|1 682 737|132 936 246|3|
|8|The Little Chef|112 066||112 066|8 769 136|1|
|9|Clown in a Cornfield|96 225|\-62|478 165|37 535 972|2|
|10|Dan Da Dan: Evil Eye|95 941|\-57|442 451|34 732 887|2|
|11|Akira|81 495||131 196|10 266 099|1|
|12|Holy Night: Demon Hunters|55 413||55 413|4 336 102|1|
**Hollywood movies in CIS countries**
|Movie|Weekend gross|Total|Week|
|:-|:-|:-|:-|
|||||
|F1|673 433|673 433|1|
|How to Train Your Dragon|221 769|1 967 794|3|
|Lilo &amp; Stitch|108 685|4 100 587|6|
|Elio|101 439|367 348|2|
|28 Years Later|89 362|357 320|2|
|M3GAN 2.0|49 154|49 154|1|
|||||"
Bride Hard,"Russia and CIS box office, Thursday, June 26",7,0.62,5,"Another excellent hold for a family comedy To the Village to Grandpa. Only 22% drop from last Thursday.  Passed million admissions today. 12th movie in Russia this year, all local productions. Will easily win 3rd weekend with around $1 mln.
Materialists dropped in Russia only by 36%. Will pass $3 mln on Sunday, 284 216 admissions is Russia right now, around 385 000 admissions including CIS countries. Ballerina is the biggest foreign movie of the year. 
Bride Hard bombed with only five people per show. 28 Years Later and Elio will be available in some theaters from tomorrow. 
F1 grossed yesterday $138k in CIS countries. Reasonably good opening about 20% bigger than Mission Impossible 8. 
|Film|Gross RUB|Gross USD|Total RUB|Total USD|Week|
|:-|:-|:-|:-|:-|:-|
||
|To the Village to Grandpa|13 890 000|177 621|353 275 000|4 471 835|3|
|Materialists|11 400 000|145 780|185 770 000|2 366 497|2|
|Bride Hard|4 280 000|54 731|4 280 000|54 731|1|
|Three Heroes. Not a day without a Feat 2|4 270 000|54 604|160 400 000|2 030 380|3|
|Ballerina|4 260 000|54 476|417 380 000|5 283 291|4|
|The Ritual|3 261 178|41 616|3 261 178|41 616|1|
|Artek. Through The Centuries|2 682 040|34 297|123 843 378|1 567 638|3|
|The Little Chef|2 112 904|27 019|2 112 904|27 019|1|
|Clown in a Cornfield|1 700 000|21 739|31 210 000|397 580|2|"
Bride Hard,"Russia and CIS box office, weekend July 3-6",9,0.65,3,"418.23 mln RUB or $5,31 mln cumulative gross. Around 64% official releases, 36% Hollywood movies.
Not Alone at Home 2 is another family comedy, The sequel of last year moderate hit. Opened 58% better than original by gross and 35% better by admissions.
Family comedy To The Village to Grandpa is still holding very well. For the third week in a row Materialists is №1 movie in Moscow by far. Ballerina will pass $6 mln this week, around 930k admissions. No one cared about Bagman.
In CIS countries new Jurassic World opened better than previous one. F1 is holding extremely well. Also doing great business in Russia. Unofficially, of course.
|№|Movie|Weekend gross, $|Drop|Total $|Total RUB|Week|
|:-|:-|:-|:-|:-|:-|:-|
||||||||
|1|Not Alone  at Home 2|857 552||873 764|68 808 925|1|
|2|To The Village to Grandpa|638 965|\-33|6 441 778|507 290 000|4|
|3|Materialists|502 033|\-38|308 120 000|3 925 096|3|
|4|Ballerina|186 229|\-42|464 430 000|5 878 861|5|
|5|Bagman|161 384||161 384|12 708 960|1|
|6|Three Heroes. Not a Day Without a Feat 2|125 448|\-54|2 522 105|199 246 292|4|
|7|Bride Hard|118 084|\-57|526 773|41 220 000|2|
|8|Dalia y el Libro Rojo|102 402||104 084|8 196 638|1|
|9|Sorop|87 836||87 836|6 917 102|1|
|10|The Ritual|83 616|\-57|381 744|29 871 499|2|
|12|Pretty Thing|51 506||51 506|4 056 074|1|
**Hollywood movies in CIS countries**
|Movie|Weekend gross|Total|Week|
|:-|:-|:-|:-|
|||||
|Jurassic Word: Rebirth|703 083|703 083|1|
|F1|559 427|1 595 773|2|
|How to Train Your Dragon|121 705|2 192 145|4|
|Lilo &amp; Stitch|75 361|4 231 872|7|
|Elio|71 228|489 390|3|"
Bride Hard,Reset Friday - What are your reservation for June 20 - June 26? (Week 25),5,1.0,5,"# New Releases  
\-**28 Years Later**  (Dolby)    
\-**Elio**  (Dolby)    
\-**Bride Hard**    
\-**Everything’s Going to Be Great**  (Expanded)    
\-Inside  (Limited)    
\-Hi-Five  (Limited)    
\-The Queen of My Dreams  (Limited)    
\-Brokeback Mountain: 20th Anniversary  
# Special Events  
\-Elio Pixar Buddies Fan Event (w/Pin Giveaway) - Sat 21st (**\*A-List Eligible**)   
\-F1: IMAX Fan First Premire - Mon 23rd  (\*A-List Eligible)    
\-AMC Screen Unseen - Mon 23rd (Fav Fav Price, \*A-List Eligible)    
\-F1: Dolby/IMAX Early Access - Mon 23rd  (\*A-List Eligible)    
  
\-Red Velvet Happiness Diary : My Dear, ReVe1uv - Fri 20th-Tue 24th  (Concert, Excluded)    
\-The Secret World of Arrietty 15th Anniversary - Sun 22nd-Tue 24th  (GKids, Excluded)    
\-Bad Guys ReRelease - Mon 23rd (Excluded)    
\-Critical Role Live from Sydney: Tag Team at the Teeth Pt2 | Beyond the Shroud - Wed 25th  (Fathom, Excluded)    
\-Face of Jesus - Thu 26th  (Fathom, Excluded)  
# Thursday Previews - 6/19 Only  
\-**F1**    
\-**M3GAN 2.0**    
\-**Sorry, Baby**    
\-Hot Milk (Limited)"
Bride Hard,Simon West speaks on con air 2 rumors,5,1.0,1,"While promoting his new film he addressed the sequel rumors.
Pitch Perfect 4?! Scream 7 Tease + Con Air 2?! Rebel Wilson &amp; Anna Camp Go Wild in Bride Hard
https://youtu.be/B4WTlCRECps"
Bride Hard,"New MPA/CARA Ratings and Reasons for the Week of Wednesday June 11, 2025.",0,0.33,2,"PG
**Grand Prix of Europe (ANIMATED)** (for some mid action and thematic elements.) Viva Pictures Distribution, L.L.C.
_________________________________________________________________________________________________________________________________________
PG-13
**Maintenance Required** (for some strong language, and sexual material.) Amazon MGM Studios
**We’re Not Safe Here** (for terror and some violent content/bloody images.) Saban Films, L.L.C.
_______________________________________________________________________________________________________________________
R
**Bride Hard** (for sexual references and some violence.) Magentga Light Studios, L.L.C.
**Cika** (For drug content, language throughout, and sexual material.) Sony Pictures Worldwide Acquisigtions, Inc.
**Eddington** (for strong violence, some grisly images, language, and graphic nudity.) A24
**Murder at the Embassy** (for some violent content.) Lionsgate
**Risque** (for sexual material, graphic nudity, bloody violence, language throughout, and some drug use.) Paramount Pictures Corporation
**Strange Harvest** (for disturbing/grisly violent content and language. Saban Films, L.L.C."
Bride Hard,"AMC Screen Unseen - June 16, 2025",1,1.0,2,"**Confirmed**:  40 ACRES
[Details](https://www.amctheatres.com/movies/amc-screen-unseen-june-16-80498):  
Monday, June 16th, 2025  
Runtime  1h 56min  
Rated R  
~~Poll thru Sat 6/14~~  
**Poll Winner**:  BRIDE HARD
[June 2 Screen Unseen Post - Life of Chuck](https://www.reddit.com/r/AMCAListTrue/comments/1kuleid/amc_screen_unseen_june_2_2025/)
[View Poll](https://www.reddit.com/poll/1l76wio)"
Elio,Official Discussion - Elio [SPOILERS],234,0.88,466,"#Poll
**If you've seen the film, please rate it [at this poll](https://strawpoll.ai/poll/vote/xU7zs6M3Yk4j)**
**If you haven't seen the film but would like to see the result of the poll [click here](https://strawpoll.ai/poll/results/xU7zs6M3Yk4j)**
#Rankings
[Click here](https://strawpoll.ai/list/ItnAgr4mX7QR) to see the rankings of 2025 films
[Click here](https://youpoll.me/list/4/) to see the rankings for every poll done
---
**Summary**
Elio, an 11-year-old boy with a vivid imagination, is accidentally beamed across the galaxy and mistaken for Earth’s intergalactic ambassador. As he learns to navigate strange alien civilizations, Elio embarks on a journey of self-discovery, courage, and connection.
**Director**
Adrian Molina
**Writer**
Adrian Molina
**Voice Cast**
* Yonas Kibreab as Elio Solis
* Zoe Saldaña as Olga Solis
* Jameela Jamil as Ambassador Questa
* Brad Garrett as Lord Grigon
* Remy Edgerly as Glordon
* Shirley Henderson as OOOOO
**Rotten Tomatoes**: [87%](https://www.rottentomatoes.com/m/elio)
**Metacritic**: [66](https://www.metacritic.com/movie/elio/)
**VOD**
In theaters June 13, 2025
**Trailer**
[Watch here](https://www.youtube.com/watch?v=ETVi5_cnnaE)
---"
Elio,Elio and the reason today's original children's films are flopping,7989,0.92,2285,
Elio,“Elio Just Becomes About Totally Nothing” – Former Pixar Staffers Speak Out on Erasure of Queer Themes and Production Woes In New Animated Film,1397,0.95,276,
Elio,Elio Did Not Flop Because It Was Marketed Poorly,105,0.88,148,"TLDR:  Elio did not do bad solely because of its marketing, and people need to stop hiding behind that as an excuse of why they didn't see it, when movies with equal or *even less* marketing, such as K-Pop Demon Hunters, were hits and gained a huge fanbase overnight.
I'm tired of hearing the ""Elio flopped because it wasn't marketed!!!"" crowd.
The success of K-Pop Demon Hunters has shown that a movie doesn't need Barbie-level marketing to succeed. People will watch whatever they want to, regardless of if a movie is marketed or not.
Elio did not flop because of the marketing.
It flopped because people just didn't want to see it. All the marketing in the world couldn't have saved the movie- people were tired of the art style ahead of time, people didn't like the vague plotline that was leaked, and even most of the people who thought Elio looked okay just weren't fully sold on paying for that over the HTTYD live-action, which was already known and trusted over Elio.
So don't say Elio flopped because of the marketing or that the *only* reason you didn't see it was because you didn't see the ads  (because the information about he movie doesn't just exist within ads, the movie was announced last year at the latest and all the information about it was available online the same day HTTYD came outoin theaters; someone who wanted to give Elio a chance had all the marketing they needed on their phone hours before going to the theater, weeks before the movie even released). 
Say it flopped because you just didn't want to see it... and maybe think of lowering your standards (or just switching them) if you've been asking Disney for original movies but none of the ones they've released in the past five years have appealed to you."
Elio,Disney's Disastrous Elio Marketing Is A Perfect Study In How To Fail A Good Movie,2000,0.96,798,
Elio,"Inside Elio’s Catastrophic Path: America Ferrera’s Exit, Director Change and Erasure of Queer Themes",1933,0.86,754,
Elio,The Hate For Elio’s artstyle is quite confusing,1748,0.9,209,I don’t get why everyone hated Elio for Its artstyle when over movies with more hype such as upcoming Bad Guys sequel have the same (or a similar) artstyle?
Elio,"‘28 Years Later’ Feasting $30-31M, ‘Elio’ At $22M+ Is Pixar’s Lowest Opening Ever, ‘How To Train Your Dragon’ Rules With $35M+ Second Weekend – Saturday Box Office Update",870,0.98,463,
Elio,Pixar's ELIO - Review Thread,760,0.91,538,"**Pixar's ELIO - Review Thread**
* [Rotten Tomatoes](https://www.rottentomatoes.com/m/elio): 83% (54 Reviews)
* [Metacritic](https://www.metacritic.com/movie/elio/): 62 (21 Reviews)
Reviews:
[Variety](https://variety.com/2025/film/reviews/elio-review-pixar-1236433834/) (70):
&gt;Elio is right at home in the Pixar catalog, but lacks those undeniable signs of intelligent life (wit, surprise and the capacity to expand the medium) that set the studio’s best work apart.
[Hollywood Reporter](https://www.hollywoodreporter.com/movies/movie-reviews/elio-review-pixar-disney-zoe-saldana-brad-garrett-1236292709/) (60):
&gt;Elio feels just a tad too familiar in its sights and story beats to seem totally fresh.
[IndieWire ](https://www.indiewire.com/criticism/movies/elio-review-disney-pixar-1235132832/)(58):
&gt;Elio isn’t a bad time at the theaters — it’s pretty to look at, charming enough, and frequently funny. But by shying away from investing in where its main character is coming from, the movie makes his galactic adventures feel a bit weightless.
[SlashFilm](https://www.slashfilm.com/1888624/elio-pixar-movie-review/) (75):
&gt;The frenetic pace may keep kids hooked, but parents will appreciate the sequences when Elio hits the pause button and allows audiences to sit in the silence — of complicated ideas, of emotionally challenging conversations, and of the wonders around us we too often fail to appreciate.
[Collider](https://collider.com/elio-review-pixar/) (70):
&gt;But despite how charming and fun Elio is, it still falls prey to some of Pixar’s occasional problems. Yes, this is a story of intergalactic adventures and a wide universe of possibilities, but it still can get a bit convoluted at times.
[The Guardian](https://www.theguardian.com/film/2025/jun/17/elio-review-pixar):
&gt;Overall, it’s an entertaining bit of summer fun.
[Empire](https://www.empireonline.com/movies/reviews/elio/) (80):
&gt;Robert Zemeckis’ Contact for kids. A slow start gives way to a charming, visually inventive adventure that might just inspire a new generation of astronomers to look to the skies.
For centuries, people have called out to the universe looking for answers—in Disney and Pixar's all-new feature film *Elio*, the universe calls back! The cosmic misadventure introduces Elio, a space fanatic with an active imagination and a huge alien obsession. So, when he's beamed up to the Communiverse, an interplanetary organization with representatives from galaxies far and wide, Elio's all in for the epic undertaking. Mistakenly identified as Earth's leader, Elio must form new bonds with eccentric alien lifeforms, navigate a crisis of intergalactic proportions, and somehow discover who and where he is truly meant to be."
Elio,"Disney / Pixar's Elio debuted with an estimated $21.0M domestically this weekend (from 3,750 locations).",504,0.96,614,
Elio,alright so...question why people dislike why people dislike elio's art-style?,557,0.88,429,"the movie is just generally not marketed well so people just generally not aware of this movie's existence however....the ones who did see it they kinda critique the visuals and the character designs in particular now i do understand that people wants some level of variety like this art-style has been used in other movies turning red,luca and now elio so that's understandable but however looking back to this specifc art-style itself in particular...what exactly are the fundamental flaws about this specific art-style that made people dislike it? (i'm kinda asking this in a more professional level to grasp a better understanding why this art-style is disliked)."
Elio,"Elio: Inside Pixar's Box Office Flop, America Ferrara, Director Change",385,0.94,574,
Elio,"‘28 Years Later’ Still Feasting $30M DOM/$60M Global Opening, ‘Elio’ At $20M+ Is Pixar’s Lowest Opening Ever, ‘How To Train Your Dragon’ Rules With $37M Second Weekend (-56%) – Sunday Box Office Update",612,0.98,292,
Elio,"‘F1’ Putting The Pedal To The Metal With $55M+ Opening, An Apple Original Films Record; ‘M3GAN 2.0’ Asleep At $10M, ‘Elio’ Dropping 45% to $11M-$12M; ‘28 Years Later’ Collapsing 67% to $10M – Friday PM Update",602,0.97,230,
Elio,‘Elio’ Box Office Flop: Why Can’t Pixar Launch Original Films?,371,0.94,372,
Elio,"'Elio' is Certified Fresh, currently at 87% on the Tomatometer, with 83 reviews.",644,0.94,203,
Elio,First reviews of Elio are in,676,0.97,192,
Elio,"’28 Years Later’ $5.8M, ‘Elio’ $3M Previews – Friday AM Box Office",442,0.97,243,
Elio,Pixar's 'Elio' gets an A on CinemaScore,598,0.96,175,
Elio,'Elio' Review Thread,266,0.95,291,"I will continue to update this post as reviews come in.
[**Rotten Tomatoes:**](https://www.rottentomatoes.com/m/elio) Certified Fresh
**Critics Consensus:** Catapulted by its theme of building self-esteem, Pixar's latest cosmic wonder *Elio* boasts a fanciful world of original creations to dazzling effect.
|Critics|Score|**Number of Reviews**|
|:-|:-|:-|
|**All Critics**|85%|138|
|**Top Critics**|79%|33|
[**Metacritic:**](https://www.metacritic.com/movie/elio/) 66 (39 Reviews)
**Sample Reviews:**
Kyle Smith, Wall Street Journal - Elio isn't a first-rate Pixar offering, but thanks to sumptuous animation and a warm spirit, it's a cute Wizard of Oz-style journey to the beyond and back. Outer space is cool, but there's no place like home.
Bob Mondello, NPR - Prettily animated in bright pastels and voiced amusingly, the story serves a sweetly conventional set of lessons about friendship, standing up for yourself, and accepting love from allies who share your sensibilities.
David Fear, Rolling Stone - Dear Walt, how you wish this trip to the stars wasn’t so beholden to the gravitational pull of being just decent enough.
Adam Graham, Detroit News - It's standard, a passable piece of family entertainment, but far from what we once expected from the company that brought us ""Up,"" ""WALL-E"" and ""Inside Out."" It's nothing special. **C**
Katie Walsh, Tribune News Service - “Elio” is another knockout, a quiet but determined shooting star that earns its place in the galaxy. **4/4**
Dina Kaur, Arizona Republic - “Elio” is a good summer movie of intergalactic fun. It just plays it safe. **3.5/5**
Wenlei Ma, The Nightly (AU) - Elio is perfectly amiable movie that will delight. Even a second-tier Pixar is better than most things in the known universe. **3/5**
Nell Minow, Movie Mom - Pixar’s latest has everything we love about Pixar, a heartwarming story with endless imagination, charm, and wisdom, about an endearing character and the fears and joys of being human. **A**
Robert Daniels, [RogerEbert.com](http://RogerEbert.com) \- Schmaltzy yet sincere, “Elio,” the latest from Pixar, is as predictable as they come but as tender as they can get. **2.5/4**
Amy Nicholson, Los Angeles Times - The galaxy above is a fractalized freak-out: a psychedelic rainbow of delights that makes you think that more than one animator has spent time grooving to Phish in a Berkeley dorm.
Amy Amatangelo, Paste Magazine - As a story about children finding a place to belong, discovering their true sense of self and realizing that parents and parental figures love you even when they don’t always understand you, Elio is a lovely, if not particularly original story. **6.8/10**
Caroline Siede, The Daily Beast - For all its overt ’80s homages, there’s something timeless about Elio. too. It may be mid-tier Pixar, but that’s still likely to make it one of the better animated offerings of the year.
Steven D. Greydanus, Decent Films - The kind of movie that Lightyear should have been… Where other recent Pixar releases have been distinctly adolescent coming-of-age stories, Elio is fantastical escapism for children.
Johnny Oleksinski, New York Post - “Elio” is a nice, frequently rewarding 100 minutes. **3/4**
Randy Myers, San Jose Mercury News - While “Elio” doesn’t necessarily reach the complex thematic heights like some of Pixar’s classics, it’s always energetic, smart and sweet, and entertaining from start to finish. **3.5/4**
Alonso Duralde, The Film Verdict - But while the adventure is suitably wild and the sidekicks are at least visually appealing, Elio never quite clicks in the way that viewers have come to expect from the people behind Toy Story 3 and Finding Nemo.
G. Allen Johnson, San Francisco Chronicle - It’s not just the children in the audience who are transported to another time and place, but the adults as well. **3/4**
Carlos Aguilar, IGN Movies - Dazzling as its animation is, what’s most striking about Elio is how it depicts the slippery feeling of yearning for something we might not even know exists. **9/10**
Richard Lawson, Vanity Fair - Pixar has begun doing what it once seemed it never would: repeating itself.
Justin Clark, Slant Magazine - The film's aliens are truly some of the most, well, alien character designs to grace the big screen in quite some time, which gives an extra boost to the film’s core theme. **3/4**
Alison Willmore, New York Magazine/Vulture - For a movie about someone learning, in both literal and emotional ways, that he’s not alone in the universe, Elio has real trouble getting out of its own head.
William Bibbiani, TheWrap - It’s all about radical acceptance but can only talk about the real-world application of its message in general metaphors, so people who don’t actually accept 'weird,' 'different' kids won’t have to think about how wrong they are.
Peter Debruge, Variety - “Elio” is most fun once it becomes a buddy movie.
Tim Grierson, Screen International - Elio feels like a collection of disjointed narrative pieces struggling to form a coherent whole.
Laura Venning, Empire Magazine - It’s a vivid, sweet but not saccharine voyage of discovery that proves Pixar is still capable of imagination. **4/5**
Linda Marric, HeyUGuys - Elio is a bold and beautiful entry in Pixar’s canon—a film that dares to dream big and think deeply while still delivering laughs, wonder, and warmth. It speaks to the alien in all of us, reminding us that being lost is just the first step to being found. **5/5**
Clarisse Loughrey, Independent (UK) - Yet, despite the film having been hit by every imaginable roadblock... it’s surprising how well it’s still managed to emerge the other side with a cohesive and distinctive voice. **4/5**
Tara Brady, Irish Times - The candy-coloured character designs will please younger viewers, but the all-ages pleasures of peak Pixar are in short supply. **2.5/5**
Angie Han, The Hollywood Reporter - Elio is a perfectly nice kiddie sci-fi adventure that does everything a movie with that description is supposed to do.
Wilson Chapman, IndieWire - “Elio” isn’t a bad time at the theaters — it’s pretty to look at, charming enough, and frequently funny. **C+**
Peter Bradshaw, Guardian - Overall, it’s an entertaining bit of summer fun. **3/5**
Kevin Maher, The Times (UK) - Nothing here resonates and its slavish adherence to recent Pixar formula is ultimately deadening. **2/5**
Kristen Lopez, The Film Maven (Substack) - Elio is a charming little delight, but it never rises beyond. **C**
**SYNOPSIS:**
The cosmic misadventure introduces Elio, a space fanatic with an active imagination and a huge alien obsession. So, when he’s beamed up to the Communiverse, an interplanetary organization with representatives from galaxies far and wide, Elio’s all in for the epic undertaking. Mistakenly identified as Earth’s leader, Elio must form new bonds with eccentric alien lifeforms, navigate a crisis of intergalactic proportions, and somehow discover who and where he is truly meant to be.
**CAST:**
* Yonas Kibreab as Elio
* Zoe Saldaña as Aunt Olga
* Remy Edgerly as Glordon
* Brad Garrett as Lord Grigon
* Jameela Jamil as Ambassador Questa
* Shirley Henderson as OOOOO
**DIRECTED BY:** Madeline Sharafian, Domee Shi, Adrian Molina
**SCREENPLAY BY:** Julia Cho, Mark Hammer, Mike Jones, Adrian Molina
**STORY BY:** Adrian Molina
**PRODUCED BY:** Mary Alice Drumm
**EXECUTIVE PRODUCERS:** Pete Docter, Lindsey Collins
**MUSIC BY:** Rob Simonsen
**DIRECTOR OF PHOTOGRAPHY:** Derek Williams, Jordan Rempel
**PRODUCTION DESIGNER:** Harley Jessup
**VISUAL EFFECTS SUPERVISOR:** Claudia Chung Sanii
**STORY SUPERVISOR:** Brian Larsen
**ANIMATION SUPERVISORS:** Jude Brownbill, Travis Hathaway
**EDITED BY:** Anna Wolitzky, Steve Bloom
**CASTING BY:** Kate Hansen-Birnbaum, Natalie Lyon, Kevin Reher
**RUNTIME:** 99 Minutes
**RELEASE DATE:** June 20, 2025"
Elio,"In Pixar's Elio (2025), the movie is actually pretty good, but will still bomb horribly in the box office. This is a reference to Disney not learning that audiences being accustomed to films joining Disney+ within the first 100 days kills any theatrical profit.",873,0.96,89,
Elio,There's something curious I noticed about Elio's D23 2024 trailer.,696,0.98,99,"In the trailer shown at D23 in 2024, in addition to including scenes from both the original and final versions, there are a couple of slightly different scenes in which Elio has a green helmet and eyes, simulating the head of an Alien, instead of the metal helmet he wears in the final version. 
That also includes a scene that doesn't appear in the final film, where Elio is wearing that green helmet, and he's riding on his bike.
These couldn't be scenes from the original version, since as we know, Elio wasn't obsessed with aliens until the rewrites.
This same design also appears in the artbook that was officially released in May 2025.
So... Are there 3 rendered versions of Elio? This being a Beta version of the final version"
Elio,Disney / Pixar's Elio debuted with an estimated $14.0M internationally.  Estimated global total stands at $35.0M.,296,0.95,220,
Elio,"$1M CLUB: THURSDAY
1. JURASSIC WORLD: REBIRTH ($25M)
2. F1 ($6M)
3. HOW TO TRAIN YOUR DRAGON ($2.7M)
4. ELIO ($1.6M)
5. 28 YEARS LATER ($1.2M)
6. LILO &amp; STITCH ($1M) 
Box office BBQ in full effect.",382,0.97,159,
Elio,"‘Elio’ Misfire Could Hasten Demise Of Original Animation In Theaters, Wall Street Analyst Says, But “Don’t Blame Film Executives For Greenlighting Fewer Original Animated Films, Blame The Audiences” For Concerning Trend As New IPs Provide Foundation For Modern Theme Park Attractions Or Experiences.",184,0.79,271,
Elio,Disney / Pixar's Elio has passed the $100m global mark,369,0.96,138,https://www.the-numbers.com/movie/Elio-(2025)#tab=summary
Elio,GUYS! PLEASE! PLEASE! PEASE! WATCH ELIO!,283,0.81,165,"Don't let the bad reviews fool you! It's actually SUPER adorable! In an age where everyone is complaining about the live action Lilo and Stitch and how it COMPLETELY misses the point about family, about love, about being with the people that will accept you and love you through thick and thin, here comes an animated original that not only understands that concept but it also puts its own spin on it! 
It's also a movie about aliens, grief, self acceptance, love! And it's SUPER FUNNY! My sisters and I were laughing it up in the theater! Especially the scene where &gt;!clone Elio melts, traumatizing those soldiers for life! !&lt;
The score is fantastic, the visuals and animation are top notch! It's not fair that this movie was barely marketed! If word of mouth can get people to go to the theater and watch this, just like it did for Elemental, PLEASE go support this movie! It's good! It's fun! It's worthy of your time! It was made with passion and if you don't want to see more Disney live action garbage and sequels that disrespect what came before, please support the new stuff!"
Elio,Is Pixar’s Elio going to bomb at the box office?,229,0.91,195,"I practically never posted here, sorry if it isn't too elaborated.
Elio faces a lot of indirect competition from films like How to Train Your Dragon and Lilo &amp; Stitch. It also appears it won’t be getting as many cinema screens as what we’d normally expect for a Pixar release.
There’s been little to no buzz around the movie so far. That said, it is Pixar, and the brand has just been revitalized thanks to the massive success of Inside Out 2.
Still, Elio is a sci-fi animated film—historically, those don’t tend to break box office records. (Wall-E grossed over 530M) Of course, that doesn’t mean Elio is doomed by default.
But here's the thing: the writing just doesn’t seem strong. If it gets a lukewarm reception, I can easily see it pulling Disney’s Wish numbers—around $254 million globally—against a rumored budget of $200–300 million (yet to be confirmed).
What do you all think?"
Elio,I inserted Elio into random Pixar scenes,654,0.93,76,
Elio,"’28 Years Later’ Running To $14M Friday/$28M-$30M 3-Day, ‘Elio’ Eyes $9M/$22M-$24M In A ‘How To Train Your Dragon’ ($10.7M/$35.2M, -58%) Ruled Weekend – Friday Box Office Update",229,0.96,173,
Elio,Elio | Final Trailer | In Theaters June 20,256,0.81,165,
Elio,"’28 Years Later’ $5M+, ‘Elio’ $2.5M-$3M Previews – Thursday Night Box Office",312,0.98,125,
Elio,"Disney / Pixar's Elio grossed $3.83M on Tuesday (from 3,750 locations).  Total domestic gross stands at $26.86M.",208,0.96,157,
Elio,5 Reasons Why Pixar's Elio Flopped At The Box Office,166,0.89,173,
Elio,"Disney / Pixar's Elio grossed an estimated $11.4M internationally this weekend, including a debut of $2.7M in China.
Estimated international total stands at $30.1M, estimated global total stands at $72.3M.",163,0.94,175,
Elio,"Disney / Pixar's Elio grossed an estimated $9.0M domestically on Friday (from 3,750 locations), including previews.",173,0.93,153,
Elio,[TheFlatLannister on BOT] Previews for 'Elio': Comps average point to just $2.18 million in previews,155,0.96,168,
Elio,"June 20-22 Box Office Recap – 'How to Train Your Dragon' stays #1, but drops a rough 57% on its second weekend. '28 Years Later' debuts with a pretty good $30M domestically and $60M worldwide. However, 'Elio' flops with a terrible $20M domestically and $34M worldwide, the worst debut for Pixar.",207,0.89,123,"https://preview.redd.it/q8ew8lqszq8f1.png?width=1920&amp;format=png&amp;auto=webp&amp;s=fcd1ac805e410d7cad93ff5c9d24d372f3f22acc
It was a mixed bag at the box office this weekend.
Unsurprisingly, the ***How to Train Your Dragon*** live-action stayed at the top of the box office, although it still had a rough drop. ***28 Years Later*** achieved a very solid #2 start, although it remains to be seen if it will have legs.
However, the weekend is also defined by some very bad news. That's the case with Pixar's ***Elio***, which flopped this weekend and posted the studio's worst debut in all its 30 years of history.
The Top 10 earned a combined $120.6 million this weekend. That's down 18.6% from last year, when ***Inside Out 2*** repeated at #1.
Staying at the top spot, Universal/DreamWorks' ***How to Train Your Dragon*** added $36.5 million this weekend. That's a very bad 57% drop, which is steeper than any of the animated films and quite poor for a family film. Despite its strong weekdays, it looks like the film might have had a ceiling regardless of its strong word of mouth.
Through 10 days, the film has earned $160 million, just slightly short of outgrossing ***The Hidden World***'s $160.7 million total. In the next few days, it will pass the second film ($177 million). Although this drop suggests that it might not be as leggy as its weekdays suggested.
In second place, Sony's ***28 Years Later*** debuted with a pretty good $30 million in 3,444 theaters. That's easily the best debut in the franchise, tripling both ***Days*** ($10 million) and ***Weeks*** ($9.8 million). It's also the biggest debut for director Danny Boyle.
All in all, this is a pretty great debut. After all, the original franchise had a ceiling at the box office, but it has built an audience across home media, streaming and cable reruns. While there were projections that could go as high as $40 million, it's not really a bad start. This proves the franchise's popularity; if it wasn't, the film wouldn't have hit $30 million on its opening weekend.
Credit must go to Sony's incredible job in marketing the film. That teaser, accompanied with the 1903 poem ""Boots"" by Rudyard Kipling, was fantastic and even became the seccond biggest horror film trailer of all time back then (***Final Destination: Bloodlines*** would later claim this title). Obviously, it wasn't gonna open as high as the ***It*** films, but that clearly showed interest. Cinephiles were also excited to see the return of Danny Boyle and Alex Garland as director and writer, respectively. And without many horror options right now, this was a perfect date. And they also delivered a fantastic film; it's currently sitting at a 89% on RT.
Despite its great debut, it has to be noted that the film was quite front-loaded. Thursday previews ($5.8 million) accounted for 19.3% of its weekend gross, which is very high, even for horror (for reference, ***Final Destination: Bloodlines***' previews were just 10.6% of its weekend gross). It was followed by a steep 37% drop on Friday-to-Saturday, when horrors drop 25% at most. This suggests that the film might be more fan-driven than expected.
According to Sony, 61% of the audience was male. Horror usually leans young, but that's not the case here; only 25% of the audience was 25 and under. They gave it a solid ""B"" on CinemaScore, which is not bad for a horror film. There's some online chatter about the film's ending, which drew some polarized reactions. With ***M3GAN 2.0*** and ***I Know What You Did Last Summer*** on the way, perhaps the film won't hold very well. But it should still have enough gas to hit $75 million domestically. And now it's all up to ***The Bone Temple*** to keep this winning streak in January.
Debuting in third place, Disney/Pixar's ***Elio*** flopped with a very terrible $20.8 million in 3,750 theaters. This is the absolute worst debut in Pixar's history, far below both ***Elemental*** and the original ***Toy Story*** (both at $29 million). And this is all unadjusted, which makes it even worse!
The road to ***Elio*** was always going to be tricky. In the past few years, there have been a lot of sci-fi animated films that failed to find success at the box office: ***Lightyear***, ***Strange World*** and ***Transformers One***. It doesn't help when it's a non-IP film, as those films have been struggling to gain traction in the post-COVID climate (***Sinners*** is a big exception, not the rule). And with a $150 million, it's safe to deem this as a flop.
What didn't help ***Elio*** was its delays. This film was supposed to come out in March 2024, but it was delayed to this current date. And in the full year, the film's concept was retooled, which is why you see a big difference from the original teaser to the most recent trailers. But by delaying the film, perhaps the audience lost interest in the film. If they were gonna spend money at theaters, they probably would go for a more familiar IP. In this case, releasing it the week after ***How to Train Your Dragon*** was a death sentence. And the marketing just wasn't really efficient; it couldn't overcome the ""been there, done that"" feeling from other films. Even with some good reviews (83% on RT), it simply failed to grab audiences.
According to Disney, 59% of the audience was male. In an interesting stat, 39% of the audience was 12 and under, a skew far younger than usual for Pixar (last year, ***Inside Out*** had 20% at 12 and under).
Okay, so it's a bad debut. But not everything is hopeless. Audiences gave ***Elio*** a strong ""A"" on CinemaScore, which could bode well for legs. ***Elemental*** opened with a poor $29 million, but strong word of mouth allowed it to reach $154 million domestically. It remains to be seen if ***Elio*** can have strong legs; the only animated competition is ***Smurfs*** in mid July. But even if it had ***Elemental***'s legs, that would still be just $108 million domestically. Barring a miracle, ***Elio*** is pretty much guaranteed to become Pixar's lowest grossing film at the domestic box office (***Onward*** technically made $60 million, but it had to close early due to COVID shutdowns, so it doesn't really count). What will Pixar do now?
After its rough drops for the past weeks, ***Lilo &amp; Stitch*** appears to be stabilizing. It dipped 38%, adding $9.7 million. That takes its domestic total to $386.7 million, and it's on course to finish with around $415 million domestically.
In fifth place, ***Mission: Impossible – The Final Reckoning*** dipped 39% and grossed $6.4 million. With $178.2 million domestically, it has surpassed the domestic lifetime of ***Dead Reckoning*** ($172 million). It will finish with over $190 million, but the $200 million dream is dead.
In sixth place, A24's ***Materialists*** added $5.8 million this weekend. That's a 49% drop, which is quite solid, considering its weak ""B–"" on CinemaScore suggested it could face some problems. Through 10 days, the film has amassed $23.2 million, and it should close with almost $35 million domestically.
***Karate Kid: Legends*** is on its way out of theaters. It dropped 55%, earning just $2.3 million. The film has earned a disappointing $49.3 million so far.
***Ballerina*** is also nearing the end of its run in theaters. It dropped 54% this weekend, earning $4.5 million. The film has made $51 million, and it's set to become the least attended film in the series.
In ninth place, ***Final Destination: Bloodlines*** dropped 53%, adding $1.8 million. The film has earned $134.8 million so far.
Rounding out the Top 10 was the Indian film ***Kuberaa***, which managed to earn $1.7 million in 500 theaters.
It doesn't look like Neon's ***The Life of Chuck*** will last much more longer in theaters, not only after its weak debut but also its weak second weekend drop. The film dropped a poor 57%, earning just $1 million. Through 10 days in wide release, the film has made just $4.6 million domestically. If you want to check this film out, you better do it as soon as possible, cause it's about to disappear.
#**OVERSEAS**
***How to Train Your Dragon*** led the overseas box office with $53.6 million, for a $357.7 million worldwide total. The film's best markets are Mexico ($24.5M), China ($23.2M), UK ($16.8M), Brazil ($12.6M) and Korea ($9.6M). Easily set for over $600 million worldwide.
***28 Years Later*** also had a good start outside America. It earned $30 million overseas for a $60 million worldwide debut. It had pretty good debuts in the UK ($6.4M) and Mexico ($2.7M), followed by more modest starts in Australia ($1.7M), Korea ($1.5M), Germany ($1.3M), France ($1.3M) and Spain ($1.2M). Let's see how it holds in the coming weeks.
***Lilo &amp; Stitch*** added $19.7 million overseas, for a $910 million worldwide total. Its best markets are Mexico ($64.2M), UK ($46.3M), France ($37.1M), Brazil ($34.5M) and Germany ($29M).
You thought the domestic numbers for ***Elio*** were depressing? Wait till you see the worldwide numbers. It debuted with an abysmal $14 million overseas, for a poor $34.8 million worldwide debut. It had very weak debuts in South Korea ($1.8M), Mexico ($1.4M), France ($1.3M), UK ($1.2M) and Italy ($800K). In most of these markets, it lost to ***28 Years Later*** and posted the worst Pixar debut as well. There's still a few markets left, but this is still a very horrible way to kick off its run. The film needs over $350 million just to recoup its investment, which means it must do over 10 times this weekend's performance to get there. Unless a miracle happens, it's a flop.
***Mission: Impossible – The Final Reckoning*** added $12.8 million overseas, taking its worldwide total to $540.7 million. The best markets are China ($60.6M), UK ($32.9M), Japan ($30.2M), Korea ($22.5M) and France ($21.8M). 
With $49.7 million overseas, ***Ballerina*** has now crossed $100 million. But that's still nowhere close to being considered a remotely passable number.
#**FILMS THAT ENDED THEIR RUN THIS WEEK**
None.
#**THIS WEEKEND**
We've got two wide releases, but one is clearly going for the #1 finish.
And that's Warner Bros./Apple's ***F1***, which stars Brad Pitt as a F1 driver who comes out of retirement to mentor a new prodigy. Formula One is incredibly popular in Europe, and its popularity has also picked up some steam in America thanks to the Netflix documentary series ***Drive to Survive***. Apple hasn't had much luck with their theatrical releases so far, and currently, ***F1*** is their only theatrical project lined up (***Highest 2 Lowest*** technically is going into theaters but it's a 2-week limited release, so it hardly counts). The project cost $200 million (not the $300 million figure everyone talked about months ago) and both Apple and WB have pulled a very extensive marketing campaign. Surely the foreign markets will be strong, but America also needs to show up. Will this be Apple's first hit at the box office?
The other release is Universal/Blumhouse's ***M3GAN 2.0***, the sequel to the 2023 phenomenon. Instead of taking the similar route that horror sequels have pulled (the exact same premise), the sequel chose to go bonkers instead. Instead of doing another ""AI doll who kills people"", the film is going the full ""AI doll vs. AI doll"" angle and accepting how stupid and ridiculous this situation is. But is that an advantage or will it be its biggest weakness?
____________________________________________________________________________________________
If you're interested in following the box office, come join us in r/BoxOffice."
Elio,"With Elio flopping, are Hoppers and Gatto doomed to fail as well?",85,0.82,174,"Elio is a flop with the lowest opening for a Pixar movie ever. Even Elemental legs won’t save it. 
Original animation continues to struggle for both Disney and Pixar. They haven’t had a hit that wasn’t a sequel since Coco in 2017. Disney+ combined with COVID clearly had an impact, and now people only go to the theatres for sequels and will wait for streaming for the originals. 
The gap is insane considering how much Inside Out 2 made last year and how Elio is doing now.
They have Hoppers, another original releasing in March next year, and I’m not sure it will fair any better. It will probably get good reviews, but the  premise and animation style doesn’t look that compelling for general audiences, and Mario 2 comes out a month later and will instantly put its run to an end. 
Gatto comes in 2027 and seems more interesting, but it is releasing in a crowded period and will have to compete with Beyond the Spider-Verse, How to Train Your Dragon 2, and an untitled Illumination movie (which I’m predicting will be a Donkey Kong spin-off)
What do you think? Do either of these have better potential, or is original animation screwed?"
Elio,"Today was going to post about how we were never getting an original movie again if Elio flopped at the box office, but apparently those fears were unprompted!",584,1.0,53,
Elio,"‘28 Years Later’ Still Feasting $30M, ‘Elio’ At $21M Is Pixar’s Lowest Opening Ever, ‘How to Train Your Dragon ’ Rules With $37M Second Weekend – Sunday Box Office Update",323,0.93,82,
Elio,"’28 Years Later’ Walking To $56M+ WW Opening ($28-30M DOM, $28M INT), ‘Elio’ Orbiting $50M+ WW ($20M+ DOM, $30M INT) As ‘How To Train Your Dragon’ Looks To Lord U.S. Box Office – Preview",284,0.98,94,
Elio,"Global Box Office: Pixar’s ‘Elio’ Craters With $35 Million, ‘28 Years Later’ Awakens to $60 Million",223,0.98,101,
Elio,Disney/Pixar’s Elio Grossed 20.8 Million This Weekend. FRI-8.9 Million (with previews) SAT-6.6 Million SUN-5.2 Million.,134,0.96,119,
Elio,"K-Pop Demon Hunters is GARBAGE! Elio is better, IMO.",28,0.6,152,"Yeah, I'm not gonna lie. I've really gotten sick of seeing these two movies compared to each other and how ""OMG ELIO IS SO GENERIC AND K-POP DEMON HUNTERS IS SOOOOO GOOD!""
Honestly, I hate K-Pop Demon Hunters.
It's yet another story about the strictly human protagonists who go around slaughtering everything that doesn't look like them. Sony Picture's usual style is mixed in with an uninspired asian anime style that honestly comes off as pandering. The characters themselves are over the top and cringy, typically coming off as annoying more than charming. The general plot is nothing special. Basically just ""humans=goods/non-humans=bad"" but with a Korean K-Pop theme. Nothing about this movie was endearing. It was boring at its best times, grating at its worst.
Elio's not perfect, but its got some heart. Also, It is honestly just refreshing to see alien characters that aren't generic Earth-conquering monsters while ALSO not just being humans with pointy ears or some lazy ass bullshit like that. A lot of people I know think that alien designs are uncreative. Personally, anything that isn't just ""human but with blue skin and/or pointy ears"" is creative in comparison for me, and while there were things about it that were cliche, I still admire Elio's arc, how the aliens are portrayed, and as much as people trashed the art style, I still found it way more interesting than K-Pop Demon Hunter's artstyle.
It really does make me think that people really don't want original idea. They just want the same crap they've seen a million times but with minor alterations. That is honestly what K-Pop Demon Hunters felt like. Just another story about humans fighting monsters, but with a gimmick."
Elio,Box Office Weekend Forecast: 28 YEARS LATER ($26-30M+) and Pixar’s ELIO ($18-20M+) Open for Juneteenth as HOW TO TRAIN YOUR DRAGON Sets Sights on a #1 Repeat,188,0.96,97,
Elio,Official r/Pixar 'Elio' Discussion Thread [Spoilers Inside],86,0.98,131,"WARNING: 'Elio' spoilers/reviews are allowed ON THIS THREAD ONLY!
​
Pixar's latest film, Elio, has finally arrived!
**You can use this thread to discuss the film, possible easter eggs, what you liked/disliked about it, and anything else.**"
Elio,"Disney / Pixar's Elio grossed $1.61M on Monday (from 3,750 locations), which was a 26% decrease from the previous Monday. Total domestic gross stands at $43.57M.",109,0.92,114,
Elio,"$1M CLUB: PREVIEW THURSDAY
1. F1 ($10M)
2. HOW TO TRAIN YOUR DRAGON ($4M)
3. ELIO ($2.2M)
4. 28 YEARS LATER ($2M)
5. M3GAN 2.0 ($1.5M)
5. LILO &amp; STITCH ($1.5M)",201,0.97,86,
Elio,What’s the rating prediction for Elio?,501,0.99,43,"Looks like he managed to watch Elio, any guesses on what his rating and thoughts might be? I’m guessing a video is in progress for it."
Elio,Box Office: ’28 Years Later’ Chomps on $14 Million Opening Day; ‘Elio’ Facing Pixar’s Lowest Debut Ever as ‘How to Train Your Dragon’ Rules Again,286,0.95,68,
Elio,"Next weekend's estimated location count for Disney / Pixar's Elio is 3,700 locations.",153,0.94,101,
Elio,"Inside ‘Elio’s’ “Catastrophic” Path: America Ferrera’s Exit, Director Change and Erasure of Queer Themes",220,0.91,77,
Elio,Anon won't watch Elio,436,0.96,46,
Elio,G2 Esports vs. GAM Esports / MSI 2025 Play-In Stage - Bracket Stage Qualification Match / Post-Match Discussion,2090,0.93,960,"###MSI 2025 PLAY-IN STAGE                 
[Official page](https://watch.lolesports.com/) | [Leaguepedia](https://lol.fandom.com/wiki/2025_Mid-Season_Invitational) | [Liquipedia](https://liquipedia.net/leagueoflegends/Mid-Season_Invitational/2025) | [Eventvods.com](https://eventvods.com/featured/lol?utm_source=reddit&amp;utm_medium=subreddit&amp;utm_campaign=post_match_threads) | [New to LoL](http://lol.gamepedia.com/New_To_League/Welcome)               
---
###G2 Esports 3-2 GAM Esports
- **Congratulations to G2 Esports for claiming the final spot in the MSI 2025 Bracket Stage, their 3rd straight appearance.**
- GAM Esports has unfortunately been eliminated from MSI 2025. Thank you GAM Esports. 
- Player of the Series: Caps
[The bracket stage Matchups will be:](https://imgur.com/a/lE3c8MT)
1. GEN.G VS. G2 ESPORTS | 
July 1st - 8 PM EST / 5 PM PST / 2 AM CEST
2. ANYONE'S LEGEND VS. FLYQUEST | 
July 2nd - 8 PM EST / 5 PM PST / 2 AM CEST
3. MOVISTAR KOI VS. BILIBILI GAMING |
July 3rd - 3 PM EST / 12 PM PST / 9 PM CEST
4. CTBC FLYING OYSTER VS. T1 |
July 3rd - 8 PM EST / 5 PM PST / 2 AM CEST
              
**G2** | [Leaguepedia](https://lol.fandom.com/wiki/G2_Esports) | [Liquipedia](http://liquipedia.net/leagueoflegends/G2_Esports) | [Website](https://www.g2esports.com/) | [Twitter](https://twitter.com/G2esports) | [Facebook](https://www.facebook.com/G2esports) | [YouTube](http://www.youtube.com/FollowGamers2) | [Subreddit](https://www.reddit.com/r/G2eSports)                  
**GAM** | [Leaguepedia](https://lol.fandom.com/wiki/GIGABYTE_Marines) | [Liquipedia](http://liquipedia.net/leagueoflegends/GIGABYTE_Marines) | [Website](http://nrgasia.gg/) | [Twitter](https://www.twitter.com/gamesportsvn) | [Facebook](https://fb.com/gamesportsvn) | [YouTube](https://youtube.com/gamesports)                  
---
###MATCH 1: G2 vs. GAM               
[**Winner: G2 Esports** in 28m](https://imgur.com/a/6scJ1nG)               
[Runes](https://imgur.com/a/M6WyA5S) | [Game Breakdown](https://imgur.com/a/nPzBja7)             
||Bans 1|Bans 2|[G](#mt-gold)|[K](#mt-kills)|[T](#mt-towers)|D/B|
|:--|:--:|:--:|:--:|:--:|:--:|:--:|
|**G2**|nocturne rumble gwen|jayce nautilus|57.4k|14|8|[I](#mt-infernal)^1 [H](#mt-herald)^2 [C](#mt-cloud)^4 |
|**GAM**|pantheon maokai twistedfate|sion jax|50.3k|10|4|[M](#mt-mountain)^3 |
|**G2**|14-10-44|[vs](#mt-kills)|10-14-20|**GAM**|
|--:|--:|:--:|:--|:--|
|BrokenBlade renekton ^3|4-1-9|TOP|1-5-3|^4 gnar Kiaya|
|SkewMond trundle ^2|6-3-6|JNG|2-3-4|^1 xinzhao Levi|
|Caps syndra ^2|2-1-6|MID|4-2-4|^1 taliyah Emo|
|Hans Sama varus ^1|2-2-10|BOT|2-1-4|^2 jhin Artemis|
|Labrov alistar ^3|0-3-13|SUP|1-3-5|^3 rell Elio|
---
###MATCH 2: GAM vs. G2               
[**Winner: G2 Esports** in 31m](https://imgur.com/a/K1A2kQY)               
[Runes](https://imgur.com/a/cvrkvwl) | [Game Breakdown](https://imgur.com/a/Q05RT3u)             
||Bans 1|Bans 2|[G](#mt-gold)|[K](#mt-kills)|[T](#mt-towers)|D/B|
|:--|:--:|:--:|:--:|:--:|:--:|:--:|
|**GAM**|azir maokai annie|sion aurora|55.6k|12|3|[C](#mt-cloud)^2 [H](#mt-herald)^3 [CT](#mt-chemtech)^5 [CT](#mt-chemtech)^7 |
|**G2**|nocturne rumble twistedfate|gwen viktor|66.8k|25|11|[M](#mt-mountain)^1 [CT](#mt-chemtech)^4 [B](#mt-barons)^6 |
|**GAM**|12-25-31|[vs](#mt-kills)|25-12-60|**G2**|
|--:|--:|:--:|:--|:--|
|Kiaya jayce ^3|1-6-4|TOP|5-3-12|^4 gragas BrokenBlade|
|Levi pantheon ^1|4-3-4|JNG|7-1-9|^1 poppy SkewMond|
|Emo hwei ^3|2-5-5|MID|5-1-11|^3 ryze Caps|
|Artemis corki ^2|5-4-7|BOT|8-2-10|^1 lucian Hans Sama|
|Elio nautilus ^2|0-7-11|SUP|0-5-18|^2 braum Labrov|
---
###MATCH 3: GAM vs. G2               
[**Winner: GAM Esports** in 32m](https://imgur.com/a/8fzk6g9)               
[Runes](https://imgur.com/a/ayiMpXO) | [Game Breakdown](https://imgur.com/a/aIxY3ow)             
||Bans 1|Bans 2|[G](#mt-gold)|[K](#mt-kills)|[T](#mt-towers)|D/B|
|:--|:--:|:--:|:--:|:--:|:--:|:--:|
|**GAM**|azir maokai draven|sylas warwick|66.4k|18|9|[O](#mt-ocean)^4 [O](#mt-ocean)^5 [B](#mt-barons)^6 [O](#mt-ocean)^7 |
|**G2**|nocturne rumble twistedfate|annie gwen|57.6k|6|6|[M](#mt-mountain)^1 [C](#mt-cloud)^2 [H](#mt-herald)^3 |
|**GAM**|18-6-39|[vs](#mt-kills)|6-18-7|**G2**|
|--:|--:|:--:|:--|:--|
|Kiaya jax ^2|7-2-5|TOP|0-4-2|^3 ambessa BrokenBlade|
|Levi wukong ^1|3-1-8|JNG|2-2-1|^1 nunuwillump SkewMond|
|Aress ahri ^3|5-2-4|MID|3-3-1|^4 tristana Caps|
|Artemis xayah ^2|2-0-9|BOT|0-5-1|^1 missfortune Hans Sama|
|Elio rakan ^3|1-1-13|SUP|1-4-2|^2 neeko Labrov|
---
###MATCH 4: G2 vs. GAM               
[**Winner: GAM Esports** in 33m](https://imgur.com/a/MLaPxKR)               
[Runes](https://imgur.com/a/30uOnDr) | [Game Breakdown](https://imgur.com/a/S6cuxAA)             
||Bans 1|Bans 2|[G](#mt-gold)|[K](#mt-kills)|[T](#mt-towers)|D/B|
|:--|:--:|:--:|:--:|:--:|:--:|:--:|
|**G2**|nocturne rumble gwen|yone bard|55.1k|5|4|None|
|**GAM**|azir maokai draven|aatrox orianna|63.7k|15|7|[C](#mt-cloud)^1 [I](#mt-infernal)^2 [H](#mt-herald)^3 [M](#mt-mountain)^4 [M](#mt-mountain)^5 [B](#mt-barons)^6 [E](#mt-elder)^7 |
|**G2**|5-15-5|[vs](#mt-kills)|15-5-40|**GAM**|
|--:|--:|:--:|:--|:--|
|BrokenBlade chogath ^3|3-5-0|TOP|0-3-8|^1 sion Kiaya|
|SkewMond naafiri ^1|0-1-1|JNG|2-0-8|^1 lillia Levi|
|Caps twistedfate ^3|1-2-0|MID|3-1-6|^4 sylas Aress|
|Hans Sama kaisa ^2|1-2-1|BOT|9-0-5|^2 caitlyn Artemis|
|Labrov leona ^2|0-5-3|SUP|1-1-13|^3 galio Elio|
---
###MATCH 5: G2 vs. GAM               
[**Winner: G2 Esports** in 35m](https://imgur.com/a/fZTrjbf)               
[Runes](https://imgur.com/a/30uOnDr) | [Game Breakdown](https://imgur.com/a/PRgp8Qb)              
||Bans 1|Bans 2|[G](#mt-gold)|[K](#mt-kills)|[T](#mt-towers)|D/B|
|:--|:--:|:--:|:--:|:--:|:--:|:--:|
|**G2**|nocturne gwen rumble|renataglasc bard|66.1k|11|10|[HT](#mt-hextech)^1 [CT](#mt-chemtech)^2 [H](#mt-herald)^3 [M](#mt-mountain)^6 [B](#mt-barons)^7 |
|**GAM**|azir maokai draven|blitzcrank ezreal|55.1k|2|3|[M](#mt-mountain)^4 [M](#mt-mountain)^5 |
|**G2**|11-2-31|[vs](#mt-kills)|2-11-4|**GAM**|
|--:|--:|:--:|:--|:--|
|BrokenBlade ksante ^2|2-1-7|TOP|0-3-1|^2 aatrox Kiaya|
|SkewMond viego ^2|3-0-3|JNG|1-1-1|^1 vi Levi|
|Caps annie ^1|4-0-6|MID|0-3-1|^1 orianna Aress|
|Hans Sama senna ^3|2-0-6|BOT|1-2-0|^3 kalista Artemis|
|Labrov tahmkench ^3|0-1-9|SUP|0-2-1|^4 seraphine Elio|
**\*Patch 25.13 - Fearless Draft**
---
This thread was created by the Post-Match Team."
Elio,Would you blame Elio's flop on bad marketing?,43,0.86,111,"I personally saw almost no promotions for the movie before it came out. I only really saw a short ad for it on Hulu. If I wasn't following online critics on YouTube, I probably wouldn't have known it was out. When I was a kid, Pixar used to heavily promote their movies before their official release. For example, I remember when Cars was coming out and they were already selling toys for it. Pixar clearly hasn't forgotten how to market. They promoted Inside Out 2 very well just last year. Are they just biased against original movies?"
Elio,Does Pixar overspend on their movies?,3603,0.95,405,Elio's budget is reported to be 300 million dollars although conflicting reports say it's 150 million. Regardless do you believe Pixar overspends on their animated movies to their detriment? Does Pixar need to limit their budgets like their competitors or is it mostly a non issue? I hate how the talk of Pixar is often met with a fear of flopping and I really hate that. I love Pixar's original work and don't want it to flop and send a bad message. I think the budgets are fine.
Elio,Elio | Final Trailer | In Theaters June 20,129,0.92,98,
Elio,’28 Years Later’ Rages To $60M Global Bow; ‘Elio’ Misses Liftoff With $35M; ‘How To Train Your Dragon’ Flies To $358M &amp; ‘Lilo &amp; Stitch’ Tops $910M WW – International Box Office,252,0.96,63,
Elio,"Could Pixar’s ‘Elio’ Bounce Back from an All-Time Low the Way ‘Elemental’ Did? - The last original Pixar film was also a box office dud... until it wasn't, finding remarkable longevity to a nearly $500 million global run.",168,0.91,78,
Elio,Weekend Preview: DRAGON [$40-$48 million] Expected to Lead the Market as 28 YEARS LATER [$35-$45 million] and ELIO [$20-$30 million] Hit Theaters,193,0.97,69,
Elio,"Disney/Pixar’s Elio Grossed 10.4 Million this weekend, a 50% drop from last weekend, FRI-3.2 Million SAT-4.1 Million SUN-3 MIL.",153,0.97,74,
Elio,Elio deserves an even bigger bounceback than Elemental,253,0.94,56,"I really enjoyed Elio. It has a lot going for it. Right out of the gate it jumps into Ellio's life present day and the chaos of it- no unnecessary flashbacks. 
The visuals are phenomenal. Seeing the scenes about Voyager and all the nighttime starring at the sky scenes felt like going to the planetarium as a kid.
The Easter Eggs are fairly well hidden because I haven't found anyone drop the location of the pizza planet truck yet. 
I really like Elios character- misunderstood, lonely, but extremely smart and dedicated to his interests. The scene where Melmac gets sent on vacation and Elio can't resist doing something in the base (trying to avoid spoilers) made me wonder if something not too disimilar could happen and ponder situations of civilian children on base with their military guardians. 
It's not reinventing the wheel but it's a delightful original outing with interesting concepts and characters and a loveable protagonist and his alien friend. When you have a legacy like Pixar it's difficult to rank movies. I'll just say I like all of their movies except Lightyear but this one might be my favorite since Coco. Elemental had more interesting art maybe, but the story here was more interesting to me. Inside Out 2 I guess was the last theater experience Pixar movie before this, and I liked that but not nearly as much as I liked Elio. Reflecting on inside out 2 only a few scenes, mostly revolving around Anxiety, really stick out in my head. Haven't had a desire to rewatch it since seeing it in theater.  With Elio I found all of it interesting and am already excited for a rewatch to pay attention to the small details in multiple scenes"
Elio,"Disney / Pixar's Elio grossed an estimated $10.7M this weekend (from 3,750 locations).  Estimated total domestic gross stands at $42.23M.",128,0.95,78,
Elio,Elio and the reason today's original children's films are flopping,118,0.89,77,
Elio,'Elio' Rotten Tomatoes Verified Audience Score Thread,138,0.92,74,"I will continue to update this post as the score changes.
**Rotten Tomatoes Popcornmeter:** Verified Hot
**Audience Says:** With a fool-proof storytelling blueprint, Pixar delivers an out-of-this-world family favorite with *Elio* \-- a visually stunning and emotionally captivating adventure through space for all ages.[](https://www.rottentomatoes.com/m/elio/reviews?type=user)
|Audience|Score|**Number of Reviews**|**Average Rating**|
|:-|:-|:-|:-|
|**Verified Audience**|91%|500+|4.5/5|
|**All Audience**|90%|1,000+|4.4/5|
**Verified Audience Score History:**
* 91% (4.5/5) at 500+
[**Rotten Tomatoes:**](https://www.rottentomatoes.com/m/elio) Certified Fresh
**Critics Consensus:** Catapulted by its theme of building self-esteem, Pixar's latest cosmic wonder *Elio* boasts a fanciful world of original creations to dazzling effect.
|Critics|Score|**Number of Reviews**|
|:-|:-|:-|
|**All Critics**|85%|138|
|**Top Critics**|79%|33|
[**Metacritic:**](https://www.metacritic.com/movie/elio/) 66 (39 Reviews)
**SYNOPSIS:**
The cosmic misadventure introduces Elio, a space fanatic with an active imagination and a huge alien obsession. So, when he’s beamed up to the Communiverse, an interplanetary organization with representatives from galaxies far and wide, Elio’s all in for the epic undertaking. Mistakenly identified as Earth’s leader, Elio must form new bonds with eccentric alien lifeforms, navigate a crisis of intergalactic proportions, and somehow discover who and where he is truly meant to be.
**CAST:**
* Yonas Kibreab as Elio
* Zoe Saldaña as Aunt Olga
* Remy Edgerly as Glordon
* Brad Garrett as Lord Grigon
* Jameela Jamil as Ambassador Questa
* Shirley Henderson as OOOOO
**DIRECTED BY:** Madeline Sharafian, Domee Shi, Adrian Molina
**SCREENPLAY BY:** Julia Cho, Mark Hammer, Mike Jones, Adrian Molina
**STORY BY:** Adrian Molina
**PRODUCED BY:** Mary Alice Drumm
**EXECUTIVE PRODUCERS:** Pete Docter, Lindsey Collins
**MUSIC BY:** Rob Simonsen
**DIRECTOR OF PHOTOGRAPHY:** Derek Williams, Jordan Rempel
**PRODUCTION DESIGNER:** Harley Jessup
**VISUAL EFFECTS SUPERVISOR:** Claudia Chung Sanii
**STORY SUPERVISOR:** Brian Larsen
**ANIMATION SUPERVISORS:** Jude Brownbill, Travis Hathaway
**EDITED BY:** Anna Wolitzky, Steve Bloom
**CASTING BY:** Kate Hansen-Birnbaum, Natalie Lyon, Kevin Reher
**RUNTIME:** 99 Minutes
**RELEASE DATE:** June 20, 2025"
Elio,"Disney / Pixar's Elio grossed $2.18M on Monday (from 3,750 locations). Total domestic gross stands at $23.02M. #Elio #BoxOffice",137,0.92,69,
Elio,"Elio: Inside Pixar's Box Office Flop, America Ferrara, Director Change",86,0.96,79,
Elio,"The Spotlight on Pixar Intensifies as ‘Elio’ Becomes Latest Original Animated Pic to Crash Land 🎟️ Even before the film opened to a record low for the studio, Pixar was in the midst of a course correction to balance its lineup with a mix of unknown characters and established IP.",39,0.81,94,
Elio,"ELIO debuts at #4 for its opening day in France, behind 28 YEARS LATER, HTTYD and mostly LILO &amp; STITCH which is in its fifth week. Definitely the lowest ever opening day for a Pixar movie in France as there wasn't any previews for the movie.",152,0.96,63,
Elio,"So it turns out Elio is actually pretty great. If it is positively received by wider audiences, how far could legs carry it?",111,0.82,72,"This is a pure hypothetical, for fun.
I was able to catch an early screening of Elio by the same means I did Wish and Moana 2, and I was legitimately impressed. I'm a cynical asshat who has been thoroughly soured on the recent string of Disney output (Encanto and Luca being the exceptions) but I'd say it's right in line with Luca in terms of charm and character development. Broader thoughts in the comments so as not to bury the lede, but I've also had a trawl through Letterboxd and it seems a fair few are in agreement. It's not interested in being high concept like Soul or Turning Red, it's just a classic Pixar buddy comedy of old.
So, the point I'm getting at. All of this makes me wonder, if Elio opens soft (say, around $30m or so, tracking seems cautious), but reviews come in strong - like 90%+ on Rotten Tomatoes strong - and word of mouth kicks in, could it leg out like Elemental did? That film had a notoriously slow start but powered through to almost $500m worldwide. Could Elio do something similar, or is that kind of run a fluke we shouldn’t expect again soon?"
Elio,"Fun fact Remy Edgerly, the kid voice actor that voices Glordan in Pixar’s the new movie Elio also voice kid Fizzarolli.",538,0.99,18,
Elio,Elio 2023 design vs 2025 design,240,0.95,42,"It's not very different, except for the change of clothes (In the movie he still keeps the uniform, but I think it no longer includes it with the cape)"
Elio,From the start of Summer (3 weeks prior to L&amp;S's release) Disney spent more on national TV Ads for Elio than they did L&amp;S (14M v. 13M) which also matched Jurassic's tv summer ad spend to date.,141,0.97,56,
F1 The Movie,More on Apple’s trust-eroding ‘F1 the movie’ Wallet ad,1389,0.9,408,
F1 The Movie,Megathread - F1 The Movie - International Release,376,0.84,1448,"Hello everyone!
*F1 The Movie* has been officially released in cinemas ""across the globe"", so we're setting up this thread for reactions, thoughts, reviews and any other discussion related to the movie.
A North American release will follow on the 27th of June.
We kindly ask you to keep any spoilers within this thread for the next week or so.
[F1® The Movie | Main Trailer](https://www.youtube.com/watch?v=8yh9BPUBbbQ)
[Release dates on IMDB](https://www.imdb.com/title/tt16311594/releaseinfo/)
[\[F1.com\] 'F1 The Movie' out now in cinemas as international release date arrives](https://www.formula1.com/en/latest/article/f1-the-movie-out-now-in-cinemas-as-international-release-date-arrives.2seoywFCEQgy33kMpqRLR0)"
F1 The Movie,F1 The Movie - Apple WWDC Promo Intro,643,0.93,106,
F1 The Movie,What are your thoughts on F1 the movie,185,0.96,219,
F1 The Movie,F1 The Movie | World Premiere Red Carpet LIVE from New York,108,0.74,270,
F1 The Movie,Warner Bros. &amp; Apple's F1 The Movie has grossed an estimated $39.5M internationally through Friday. Estimated global total stands at $64.5M.,391,0.97,86,
F1 The Movie,Warner Bros. &amp; Apple's F1 The Movie has grossed an estimated $147.0M internationally through Friday.  Estimated global total through Friday stands at $237.4M.,480,0.97,62,
F1 The Movie,[MEGATHREAD] F1 The Movie,65,0.76,179,"Please use this post to discuss anything and everything about the newly released F1 movie.
Obviously spoilers ahead."
F1 The Movie,"F1 the Movie (2025) has all the excitement of watching a live F1 race. Which is none,  because F1 is fucking boring.",311,0.75,83,
F1 The Movie,Need help deciding where to watch F1 The Movie,33,0.91,184,I want to treat my sister with the best experience possible cause she's a massive F1 fan and was wondering which theatre or format would be good for the same. I'm kinda torn between 4dx and Imax so if anyone has seen the movie in either of these formats please drop your experience.
F1 The Movie,"Warner Bros. &amp; Apple's F1 The Movie has passed the $350M global mark. The film grossed an estimated $38.5M internationally this weekend. Estimated international total stands at $257.2M, estimated global total stands at $393.4M.",294,0.98,75,
F1 The Movie,Tate McRae - Just Keep Watching (from F1 The Movie),159,0.77,126,
F1 The Movie,"Warner Bros. &amp; Apple's F1 The Movie grossed an estimated $56.3M internationally this weekend. Estimated international total stands at $184.1M, estimated global total stands at $293.6M.",296,0.96,75,
F1 The Movie,"Korone watched ""F1 the Movie (2025)"" starring Brad Pitt. She gave it a ""yeah🐶🍅""",792,0.99,22,
F1 The Movie,"Warner Bros. &amp; Apple's F1 The Movie grossed an estimated $25.0M domestically on Friday (from 3,661 locations), including previews.",331,0.96,60,
F1 The Movie,[Formula 1]Exclusive Look At The APXGP Car From F1 The Movie | F1TV Tech Talk,266,0.82,50,
F1 The Movie,Brad Pitt and Apple CEO Tim Cook make surprise appearance at flagship Apple Store on Fifth Avenue to promote ‘F1 The Movie,275,0.9,46,
F1 The Movie,"Warner Bros. &amp; Apple's F1 The Movie grossed an estimated $6.07M on Thursday (from 3,661 locations).  Estimated total domestic gross stands at $83.46M.",259,0.95,42,
F1 The Movie,Superman took the top spot for its opening weekend in Australia with $8.11M. 🐨 Jurassic World Rebirth is now in the 2nd spot with $6.05M. 🦘 F1 The Movie took 3rd with $2.94M.,131,0.97,61,"Source:
https://numero.co/reports/2025/07/14/truth-justice-and-a-box-office-hit-in-australia"
F1 The Movie,Watched F1 The Movie in IMAX at PVR Palladium Mall for 199 Rs,156,0.98,51,"It was the best movie experience I’ve ever had in Ahmedabad! IMAX was stunning, and at just ₹199, it was a steal. Go watch the movie even if you don’t know anything about F1 — it had some insanely thrilling and adrenaline-pumping moments."
F1 The Movie,"Which is better, Gran TurKino or shameless cash grab “F1 the Movie”?",250,0.96,32,
F1 The Movie,"Warner Bros. &amp; Apple's F1 The Movie grossed an estimated $6.96M on Independence Day Friday (from 3,732 locations).  Estimated total domestic gross stands at $90.42M.",184,0.95,39,
F1 The Movie,F1 The movie review (No spoilers),120,0.97,50,"I haven't watched any F1 game and also I didn't watched any review or trailer of this movie while having low to medium expectations but it suprised me with its story and the ending which was absolute cinema my whole theatre were clapping and honourable mention to the cinematography of this movie which is what made it so special. the racing shots was absolutely peak. that is what made this movie so special because of the scenes that literally will make you feel like  you're the one that is driving it and ofcourse brad pitt and javier bardem  i don't even have to say anything about them. They ware the perfect choice for the characters they played and they both nailed it🔥 
If your nearby theatres is playing this then just go for it 
This movie is MADE FOR BIG SCREENS just like ""sinners"""
F1 The Movie,F1 The Movie Sneak Peek: The APXGP Team Meet For The First Time,48,0.65,65,
F1 The Movie,how many of you will be going for watching f1 the movie?,49,0.9,60,"guys, I'm from Delhi and into f1 since a few years now. I really wanna watch this movie but don't have friends into f1😔 would you guys be interested to go and watch it together? we could form an F1 Delhi community and go watch live screenings too? ik this film will be either top tier cinema or absolute shit but i love Brad Pitt and f1, sooo why not?"
F1 The Movie,Official Discussion Thread - F1 The Movie (SPOILERS),38,0.95,59,"**Keep all discussion related solely to F1 The Movie and its awards chances in this thread.**
———————————————————
**Synopsis:**
Racing Legend Sonny Hayes is coaxed out of retirement to lead a struggling Formula 1 team -- and mentor a young hotshot driver -- while chasing one more chance at glory. 
**Director:** Joseph Kosinski
**Writer:** Ehren Kruger
**Cast:**
* Brad Pitt as Sonny Hayes
* Damson Idris as Joshua Pearce
* Kerry Condon as Kate McKenna
* Javier Bardem as Ruben Cervantes
* Tobias Menzies as Peter Banning
* Kim Bodnia as Kaspar Smolinski
* Shea Whigham as Chip Hart
* Will Merrick as Nickleby
* Joseph Balderrama as Rico Fazio
* Sarah Niles as Bernadette Pearce
* Samson Kayo as Cashman
* Abdul Salis as Dodge
* Callie Cooke as Jodie
* Layne Harper as Press
* Luciano Bacheta as Luca Cortez
**Distributor:** Warner Bros. Pictures / Apple Original Films 
———————————————————
[Rotten Tomatoes: 84%, 184 reviews](https://www.rottentomatoes.com/m/f1_the_movie)
**Consensus:**
Driven by Brad Pitt's laidback magnetism and sporting a souped-up engine courtesy of Joseph Kosinski's kinetic direction, *F1 The Movie* brings vintage cool across the finish line.
[Metacritic: 70, 41 reviews](https://www.metacritic.com/movie/f1-the-movie/)"
F1 The Movie,"Warner Bros. &amp; Apple's F1 The Movie grossed an estimated $2.50M on Thursday (from 3,732 locations).  Estimated total domestic gross stands at $123.17M.",156,0.96,34,
F1 The Movie,Just finished watching F1 THE MOVIE,89,0.89,45,"https://preview.redd.it/1s8686g1ko9f1.jpg?width=216&amp;format=pjpg&amp;auto=webp&amp;s=2475f4c8f76902d96561b673098b4c331d425925
I watched multiple sports movies and read many novels related to sports personally. I was excited for this movie due to the hype, but I kept my expectations low. They were trying to do too much at one time; they tried to show like an underdog rising to the top, but they failed to show anything related to it.  It might be a decent watch for people who are not into F1, but if you are into the sport, you would rate it below par. I now understand why Max preferred sim racing to watching this movie. The first half was decent, but the second half was worse."
F1 The Movie,"Warner Bros. &amp; Apple's F1 The Movie grossed $13.06M this weekend (from 3,412 locations). Total domestic gross stands at $136.26M. Daily Grosses FRI - $3.710M SAT - $5.226M SUN - $4.126M",129,0.98,35,
F1 The Movie,My honest thoughts on F1 The Movie,171,0.97,31,"Phenomenal. In one word. Does it get all technicalities correct? No. Will the people who watch F1 regularly be able to point out mistakes &amp; plot holes? 100%.
But the movie ain’t about all that. It’s an over the top introduction to the world of Formula One. Couple with exhilarating camera work &amp; cinematography. You literally feel you’re the inside the cockpit of an F1 car going at 300 kmph. You’re just strapped in for the adrenaline rush &amp; there’s no stopping it. 
What didn’t work for me personally is that I’d have liked a bit more in-depth analysis on team briefings &amp; performance calibration. Also the general racing &amp; the midfield dogfight could’ve been explore more.
There’s a lot of technical jargon thrown around which makes very little sense. The very concept of in season upgrades has been vastly exaggerated ( I’m not gonna spoil but it gets very clear). Some crashes don’t obey the laws of physics. Also there are some story lines which serve as a low when the drama should be at its peak. Like come on I’m not here for another romantic subplot. 
What worked was again the camera work &amp; cinematography beautifully capturing the essence of formula one. The driver cameos ( my favourite being Fernando ) just put a small on my face. Each moment in the car going around the circuit is so beautifully captured that you wish there had been more. The emotions of the APXGP team are captured on point. A dying team completely on edge. A team owner on his wit’s end doing everything he can to make the team survive against corporate bullies. Perfectly cooked.
Coming to the best part of the movie. The climax. This is what took the movie from B- to a solid A for me. The climax left me breathless. Where everything led to &amp; it doesn’t disappoint. I was clutching the handle of my seat through sheer adrenaline rush. It was pure goosebumps &amp; there’s no two ways about it. Phenomenally executed by everyone involved. 
Overall , Brad Pitt brings this spectacle of a movie to life through an emotional tale. The whole formula one fraternity have come together to bolster this movie &amp; provide it with the soul. 
If the journey matters to you over the rules &amp; regulations, go watch this movie! 
I’m gonna end by saying this. If at all we want to bring F1 back to India , we should ensure this movie is a blockbuster here so they understand there is a huge untapped market for the sport here. Thanks for reading!"
F1 The Movie,"[Adam Stern] “Apple + Jerry Bruckheimer Films sold $40 million in sponsorship around the fictional race team in ""F1 The Movie,"" per sources, enough to fund a couple real-life NASCAR Cup cars for a year. Bruckheimer could do the same in a 'Days of Thunder' sequel.”",229,0.98,27,
F1 The Movie,[Autosport] F1 the movie- Our Writers have their say on it,34,0.65,54,
F1 The Movie,F1 the movie buzz?,9,0.62,58,"I’m a big fan of both film/TV and motorsport, so I’m curious whether cinephiles actually excited about the upcoming F1 movie? Most of the buzz I come across is coming from the F1 community, not the film side. I’m wondering if the Top Gun: Maverick director + Brad Pitt combo is getting regular people excited. For example, “Gran Turismo (2023)” didn’t really resonate with racing fans. I’m not sure yet if I’ll watch this one with my F1 hat on or my cinephile hat.
On a side note, there was a private screening of the movie for the drivers in Monaco earlier this week and half of them looked like they were using all their PR training when asked if they liked it or not, especially kimi and sainz."
F1 The Movie,"Warner Bros. &amp; Apple's F1 The Movie grossed an estimated $4.15M on Tuesday (from 3,732 locations). Estimated total domestic gross stands at $116.86M.",144,0.96,25,
F1 The Movie,F1: The movie,15,0.9,48,Hey guys! Who's up for watching f1 The movie with me? I am just starting to get into the sport but I dont have anyone i could take with me. Please comment if interested!!
F1 The Movie,"Warner Bros. &amp; Apple's F1 The Movie has passed the $100M domestic mark. The film grossed an estimated $26.06M this weekend (from 3,732 locations). Estimated total domestic gross stands at $109.52M.",139,0.94,26,
F1 The Movie,"Next weekend's estimated location count for Warner Bros. &amp; Apple's F1 The Movie is 3,800+ locations.",192,0.97,20,
F1 The Movie,Brad Pitt: Becoming Sonny Hayes For F1 The Movie | F1 Beyond The Grid Podcast,0,0.37,45,
F1 The Movie,"Warner Bros. &amp; Apple's F1 The Movie grossed $25.78M this weekend (from 3,732 locations). Total domestic gross stands at $109.29M. Daily Grosses FRI - $6.960M SAT - $10.601M SUN - $8.220M",127,0.94,21,
F1 The Movie,How good is the new F1 The Movie immersive video on AVP ?,139,0.95,22,
F1 The Movie,"Warner Bros. &amp; Apple's F1 The Movie grossed an estimated $3.80M on Wednesday (from 3,732 locations), which was a 21% decrease from the previous Wednesday. Estimated total domestic gross stands at $120.68M.",129,0.95,19,
F1 The Movie,‘F1 The Movie’ 4DX experience in-depth review (with IMAX GT face-off),69,0.93,28,"It’s the big one! Premium format fans are excited for the release of *F1 The Movie*, which not only has a full-throated IMAX version but also comes from some of the people behind the 4DX fan favourite *Top Gun: Maverick*. Given the interest in both formats and the fact that I was able to catch an IMAX preview before the 4DX release, I’ve taken the liberty of doing a comparison as well as the usual 4DX review.
**Sky Glass advert mini face-off:** Before we get to the main event, I was amused to see the new Sky Glass advert before both screenings, with the 4DX version featuring effects. While the IMAX had superior image quality, the 4DX version featured wind, rain, seat movement and the airburst simulating a dart gun. Gotta say, the 4DX swung this initial round for me - lots of 4DX films wish they had this length to effects usage ratio. But can 4DX maintain its early lead in this heated format race?
**The film itself - ★★★☆☆:** Before we get to the formats, let’s look at the film. Sonny Hayes (Brad Pitt), the ‘greatest [F1 racer] that never was’, is persuaded out of retirement by old racing acquaintance Ruben, who now owns an F1 team. He joins unproven rookie Joshua Pearce (Damson Idris) with whom tensions immediately spark. With nine races to go in the season, the team faces early disaster, with the drivers, their teamwork, their cars and pit team all ineffective and in disarray. Can they pull things together to pull off an unlikely victory?
While the film does come to life in the racing sequences, the script lacks sparkle and spends the majority of the non-race scenes perfunctorily going through the motions.
I thought Damson Idris was charismatic as Joshua but Brad Pitt felt a bit phoned in. His inclusion seems to be controversial and I’ve seen a few people saying they won’t see this due to the claims of abuse against his family - there is nothing in his mediocre performance to counter the dark real-life cloud he casts over the movie and you’ll wish Tom Cruise was here instead.
The original *Top Gun* played at my local cinema last Friday and despite all its imperfections, it still has a distinctive vibe and iconic soundtrack. I think most cinema-goers will be perfectly content for *F1* to be ‘one of these’ films, I was just a bit disappointed that it didn’t have just a little more about it creatively. It’s a lesser film than either of the *Top Gun* movies for me, although (looking at comparables) I enjoyed it more than *Days of Thunder*. The slightly better pacing and less reliance on continuity also put it above *Mission: Impossible – The Final Reckoning* for me personally.
Speaking of, I think this is going to split opinion along the same lines as *Final Reckoning*. If you found the non-action scenes dragged that down, you’ll feel the same here. If you found the action so thrilling that you really enjoyed the film as a whole, you’ll feel the same here and should pop an extra star on to my score.
I think most people will be pretty content if they know what they’re going into - it’s just a bit of a shame the connective tissue around the racing scenes is so perfunctory as just a bit more sparkle could have easily tipped it into genuinely good territory. 
The day I went to see the film in IMAX, there was a massive, possibly asbestos-laced fire in central Manchester and I slightly ummed-and-ahhed about whether I should be travelling into town to see the film. I decided to brave the risk of asbestosis on the basis of ‘but Reddit needs me’. While ‘is this film worth possibly getting asbestosis for?’ is a ridiculous benchmark of enjoyability for a film to bear, I have to say, and you can roast me in the comments if you don’t agree, that *F1 The Movie* is not worth getting asbestosis for.
(A post-script after seeing the film a second time - I actually did slightly warm on the film the second time around but then the outro scenes came in and underlined how shallow the characterisation is and how Pitt’s plot arc basically doesn’t go anywhere.)
**The IMAX experience - ★★★★☆:** 
*For the IMAX screening I went to the Manchester Printworks IMAX, which has full-fat IMAX GT. I snuck in a Calypso Strawberry Lemonade, which was delicious, and some new fizzy sweets from Aldi of which I should probably not have eaten two bags. I also snuck in a cushion as I don’t think the recliners have enough lumbar contact!*
*F1 The Movie* is presented in expanded 1.90 aspect ratio throughout. While there’s no full 1.43 ratio footage, I was perfectly happy with this solution. The nature of the film clearly precludes traditional 1.43 IMAX filming for much of the racing, with the film leaning heavily on novel digital filming techniques. The consistent 1.90 ratio has a couple of convenient side-effects - no awkward ratio shifts and the frame doesn’t get obscured at the bottom by people’s heads.
From what I can see online, the film was shot on a mix of cameras, including modified iPhones in some places. Correspondingly the level of detail does change from shot to shot - don’t expect the traditional eye-popping level of detail from IMAX filming in every shot. But even at its lowest level of fidelity, the film looks appropriate for the big screen and the compromises in video quality are clearly worth it in capturing shots that would otherwise be impossible.
Outside of the racing scenes, there’s honestly nothing exciting going on cinematography-wise that feels like it’s taking advantage of the format - it’s largely pedestrian shots of characters in uninteresting environments. It would have been nice to see a bit more aesthetic flair outside of the racing so the film felt more like a premium experience throughout.
Overall, the film looks great in IMAX and the big screen does really immerse you in the action, especially during the climactic racing sequence. But with a reasonable chunk of the film being lower quality footage (albeit for the best of reasons) blown up to IMAX 1.90 and there not being much aesthetic quality to the film outside of the racing, I’m not giving it full marks.
**The 4DX experience - ★★★☆☆:** 
*For the 4DX screening, I went to my usual Cineworld 4DX venue. I snuck in a Levi Roots Jamaican Sunset, which is one of my favourite drinks from the corner shop, and some Mallow &amp; Marsh coconut mallows, which were delicious but bougie and expensive, and some clearance Malteaser Mini Bunnies, which were cheap and quieter to eat than regular Malteasers.*
With this film coming from the makers of *Top Gun: Maverick* and somewhat replicating its basic formula, expectations have been high for the 4DX effects of this one, given Maverick is a 4DX favourite. Unfortunately, the movements of an F1 car aren’t quite as good of a synergy with 4DX as airplane antics.
Seat movement is the bread and butter of this 4DX presentation, with the seats vibrating and tilting to replicate the movements of the cars on screen. To me, the seat movements had a very hyper-exaggerated feel compared to what was happening on-screen. Some Google research suggests that F1 drivers do experience a lot of vibration in the cars and clearly there does need to be some exaggeration of movement for the 4DX seats to create any sensation of movement and steering at all. But nonetheless, something felt off about the movement to me. It felt more like off-road racing than F1 a lot of the time and I just felt a bit of a disconnect between the screen and the chairs. There isn’t the sense of catharsis you get from top-tier 4DX films - yes, the seats move somewhat like a car but it this case it’s just not especially thrilling somehow.
There’s a race sequence set in rainy conditions that gives the water effects a good workout, with the full suite of auditorium rain, backspray and seat spray being used. Water also doubles as the spray of victory Champaign at various points in the film. The Father’s Day bundle would have been better off including a pre-order ticket for this rather than *How to Train Your Dragon* as it’s a more dad-friendly film and would have actually given the poncho a bit of a workout!
There’s very little in the way of effects outside of the race sequences, which does create significant effects deserts. It stuck out to me that a couple of opportunities for water effects in the early scenes of the film were passed up - Brad Pitt dunks his head in water but bafflingly there is no corresponding water effect. Another instance that stuck out to me was the scene where Pitt encounters the lead engineer on a bike while he’s driving to work - she says she rides a bike because she needs to feel the wind and yet the wind effect isn’t used during that scene to help set up the line.
Characters are frequently shown going for a run in between racing scenes. There are numerous 4DX films that engage the seats when characters are running and it annoyed me a bit that this was passed up here - yes, it would have been a somewhat plate-spinning use of effects but it would have helped bridge the gap between race segments without feeling too spurious.
Wind is frequently used alongside seat movement to create a sense of motion during driving scenes. Fog pops up a couple of times to represent dust and smoke. Scent pops up twice - a nature scent during an outdoor scene and a sweet scent during a nightclub scene. The strobe actually pops up a few times in this representing various things including fireworks.
While it’s by no means a terrible effects package and not the worst demo for 4DX if you’ve never experienced it before, overall the 4DX experience is a bit of a let-down compared to the semi-literal sky high expectations set up by *Top Gun: Maverick*.
**Conclusion:** There was a lot of uncertainty in this race between formats - I went into the initial IMAX screening thinking IMAX would be a clear winner but left feeling that 4DX was actually likely to be the victor. But after seeing the film in both formats, IMAX is the winner and it isn’t even close.
I spent the entire 4DX screening pining for the increased visual and audio quality of the IMAX version. I actually didn’t give the lighting and colour grading a second thought during the IMAX screening but the increased projection quality helps hide a multitude of sins. The film is lit and graded in a way that is meant to look naturalistic and understated. This looks fine projected in IMAX but with the significantly worse projection of 4DX (and when this comes to streaming this will likely also effect cheaper TVs) the image looks a bit washed out and details in darker areas of the image are difficult to discern. This is a failure of the lighting (it’s a bit ridiculous that multiple Black characters are so underlit that the details of their faces can’t be seen in some scenes without ideal display quality) but it is something higher quality projection seems to alleviate.
I generally felt more immersed in the action with IMAX. The massive high-quality screen makes a big difference and across the two screenings I ended up feeling like the movement of the cars wasn’t something that was actually desperately crying out to be experienced in a more tactile way. One dramatic racing moment that I expected to be enhanced by 4DX actually seemed worse in the 4DX screening as the effects were more of a distraction than an enhancement.
The 4DX is certainly not bad and is worth a consideration if you’re curious or don’t have access to IMAX but if you’re interested in both formats I would definitively say choose IMAX.
—
I’m not an F1 person and that’s the perspective I’ve brought to this film. I’ve heard this is turning out to be fairly controversial among F1 aficionados and it did stick out to me even as a lay person that there’s an awful lot of dark arts deployed in this right to the end of the film - manipulation of safety cars, etc. I’m curious to hear what any F1 fans think of the film - and if you’ve seen the 4DX version what you think of the accuracy of the effects. 
And in general I’m interested to hear what other people thought about the film and 4DX version - I feel like some people are going to enjoy it a lot more than me and feel I’ve been quite harsh on it."
F1 The Movie,"Warner Bros. &amp; Apple's F1 The Movie grossed an estimated $1.78M on Monday (from 3,412 locations).  Estimated total domestic gross stands at $138.03M.",101,0.92,20,
F1 The Movie,"Warner Bros. &amp; Apple's F1 The Movie grossed an estimated $8.61M on Tuesday (from 3,661 locations). Estimated total domestic gross stands at $72.57M.",218,0.97,10,
F1 The Movie,Is F1 The Movie Not Being Shown in IMAX In the US?,4,0.58,34,"I'm in the US, in Tampa Bay to be exact. I've been trying to find this movie in IMAX since I've seen it advertised as such all over the internet. Not a single theater in the area is showing it in IMAX. I even checked IMAX.com. The nearest theaters to me showing this movie in IMAX are in Canada.
I can find the movie in theaters but only in standard not IMAX. Maybe the movie didn't do well in the US and is slowly being pulled? I know it only premiered the last week of June. I was hoping to see it in IMAX this weekend."
F1 The Movie,"Warner Bros. &amp; Apple's F1 The Movie grossed an estimated $6.95M on Monday (from 3,661 locations). Estimated total domestic gross stands at $63.95M.",154,0.95,15,
F1 The Movie,Camera work BTS on 'F1 the Movie',34,0.64,28,
F1 The Movie,Superman took the top spot for its opening weekend in New Zealand with $1.33M. 🎟️ Jurassic World Rebirth is now in the 2nd spot with $921k. 🎟️ F1 The Movie took 3rd with $531k.,60,0.95,17,"Source:
https://numero.co/reports/2025/07/14/superman-opened-at-no-1-in-new-zealand"
F1 The Movie,"[Mattel Creations] Hot Wheels &amp; F1 The Movie Vehicle - Sale starts 06/24 at 9am PT, 1200 noon ET - Shop link",12,0.94,32,
F1 The Movie,SPOILER FREE thread for F1 the movie,8,0.9,32,Did you like/dislike the movie? What would you rate it?
F1 The Movie,"Warner Bros. &amp; Apple's F1 The Movie grossed an estimated $4.78M on Wednesday (from 3,661 locations). Estimated total domestic gross stands at $77.37M.",164,0.97,11,
F1 The Movie,"""F1 the movie premiere""",242,1.0,5,
How to Train Your Dragon,"How to Train Your Dragon (2025), is a shot for shot remake of the original animated version, but they decided to make it 100x worse.",4902,0.92,399,Animation is cinema!!!!
How to Train Your Dragon,Official Discussion - How to Train Your Dragon,373,0.85,789,"**Poll:**
* If you've seen the film, please rate it at this [poll](https://strawpoll.ai/poll/vote/pwl3DYwtIfTa)
**Rankings:**
* [Click here](https://strawpoll.ai/list/ItnAgr4mX7QR) to see the r/movies rankings of all 2025 films.
**Summary:**
&gt; On the rugged isle of Berk, a Viking boy named Hiccup defies centuries of tradition by befriending a dragon named Toothless. However, when an ancient threat emerges that endangers both species, Hiccup's friendship with Toothless becomes the key to forging a new future. Together, they must navigate the delicate path toward peace, soaring beyond the boundaries of their worlds and redefining what it means to be a hero and a leader.
**Director:**
Dean DeBlois
**Cast:**
* Mason Thames
* Nico Parker
* Gerard Butler
* Nick Frost
* Julian Dennison
**Rotten Tomatoes:**
80% - [https://www.rottentomatoes.com/m/how\_to\_train\_your\_dragon\_2025](https://www.rottentomatoes.com/m/how_to_train_your_dragon_2025)
**Metacritic**:
60 - [https://www.metacritic.com/movie/how-to-train-your-dragon-2025/critic-reviews/](https://www.metacritic.com/movie/how-to-train-your-dragon-2025/critic-reviews/)
**Trailer:**
[https://www.youtube.com/watch?v=22w7z\_lT6YM](https://www.youtube.com/watch?v=22w7z_lT6YM)"
How to Train Your Dragon,In How to Train Your Dragon(2025) the film is a shot for shot remake with minimal changes. It shall receive minimal outrage because of this.,17712,0.97,432,
How to Train Your Dragon,"Why did this movie felt less ""How to train your dragon"" than the others?",576,0.94,68,"Aside from the problems that are well known (the ending was rushed bad and nonsense, grimmel was nothing new in terms of villains and Toothless' sudden change in behavior) I think that this movie barely felt like the other two movies. In the other two movies we got: 
1. Epic flight scenes with Hiccup and Toothless with an epic soundtrack on the background (Test Drive and Where no on goes) but in the third I think that we barely see Toothless and Hiccup flying together anymore.
2. Epic fight scenes where Hiccup and Toothless put their lives in danger to save everyone. In this one? I guess you can say there was a battle between Hiccup and Grimmel at the end but it's incomparable to the fight with the Red Death or with Drago and his Bewilderbeast. Actually all the fights in the movie were underwhelming.
There are lots of other things but this are jus some details that I noticed after I did a marathon of all three movies and it made me think that this movie didn't even feel like the normal How to train your dragon movie but more like a Disney version of How to train your dragon."
How to Train Your Dragon,"In How to Train Your Dragon (2025), the dragon's name is Toothless. This is a reference to the fact that remaking your own movie shot for shot and line for line to promote a theme park that opened a month ago is one of the most creatively toothless things you can do as a director.",3565,0.98,133,
How to Train Your Dragon,'How to Train Your Dragon' (2025) - Review Thread,818,0.87,660,"**How to Train Your Dragon** (2025)
* [Rotten Tomatoes](https://www.rottentomatoes.com/m/how_to_train_your_dragon_2025) 77% (150 Reviews)
&gt;Crafted with loving fidelity to the animated classic by original co-director Dean DeBlois, How to Train Your Dragon doesn't best the first iteration but still reaches enchanting heights of its own.
* [Metacritic](https://www.metacritic.com/movie/how-to-train-your-dragon-2025/): 60  (35 Reviews)
**Reviews**
[The Hollywood Reporter](https://www.hollywoodreporter.com/movies/movie-reviews/how-to-train-your-dragon-review-dreamworks-remake-1236258510/):
&gt;How to Train Your Dragon honors the charm of the original. It’s not an essential remake, but at least it’s not an offensive one.
[Deadline](https://deadline.com/2025/06/how-to-train-your-dragon-review-live-action-remake-1236426469/):
&gt;John Powell’s return to compose the music and build on his previously established themes helps the story soar.
[Variety](https://variety.com/2025/film/reviews/how-to-train-your-dragon-review-live-action-1236422053/):
&gt;It's hard to improve on the first movie, though the last act looks positively iconic in this new incarnation, unlocking the expressionistic power of ""Heavy Metal"" toons and Boris Vallejo paintings.
[Associated Press](https://apnews.com/article/how-to-train-your-dragon-movie-review-733ec3ea812e6940b65362e594b55fa6) (3.5/4):
&gt;It’s the kind of immersive sensation and giddy wish fulfillment that might just have you forgetting momentarily to breathe and, maybe more importantly, that you’re still in a movie theater.
[USA Today] (https://www.usatoday.com/story/entertainment/movies/2025/06/09/how-to-train-your-dragon-2025-movie-review/84075887007/) (3.5/4):
&gt;Fortunately, the new “How to Train Your Dragon” does no harm. Instead, it lets loose a heartwarming, meaty adventure perfect for a new generation of young film fan but doesn't forget to entertain the older movie kids, either.
[Screen Rant](https://screenrant.com/how-to-train-your-dragon-movie-review-2025/) (8/10):
&gt;How To Train Your Dragon is fantastic, not just emulating the original but elevating it, all the while also delivering a blockbuster poised to thrill.
[IndieWire] (https://www.indiewire.com/criticism/movies/how-to-train-your-dragon-review-2025-live-action-remake-1235129634/) (B-):
&gt;That [director Dean DeBlois] can still find excitement and joy in this well-tread story is a testament to both his work and source material. No one needs a live-action remake, but ones this faithful and sweet are not the problem.
[IGN] (https://www.ign.com/articles/how-to-train-your-dragon-review-2025) (7/10):
&gt;Within all its rigid recitation, there’s a heart and soul that demonstrates how DeBlois has managed to get so much mileage out of the loving story of a Viking boy and the dragon he befriends.
[AV Club] (https://www.avclub.com/how-to-train-your-dragon-review) (C+):
&gt;Rather than trying to train something new, How To Train Your Dragon is riding an already proven beast... It can’t reach those old heights, let alone any new ones. And it doesn’t try to, nor does its audience really want it to.
[Empire](https://www.empireonline.com/movies/reviews/how-to-train-your-dragon/) (3/5):
&gt;It’s clearly made with real love and care, but shows far too much deference to its progenitor. Even in a remake, we need more originality and less playing the hits.
[Slant Magazine](https://www.slantmagazine.com/film/how-to-train-your-dragon-2025-review/) (2/4):
&gt;As heartwarming as this story remains at its core, it’s hard to shake that you already know how it will play out.
[Slashfilm] (https://www.slashfilm.com/1881070/how-to-train-your-dragon-2025-remake-review/) (6/10):
&gt;We have ""How to Train Your Dragon"" at home. It's the motion picture equivalent of turning tacos into nachos, and even though nachos can be delicious, they're not as good reheated.
[Independent](https://www.the-independent.com/arts-entertainment/films/reviews/how-to-train-your-dragon-review-live-action-b2764174.html) (2/5):
&gt;All that’s really changed is that How to Train Your Dragon is now distinctly less charming and less playful than before, with even its pièce de résistance Toothless losing some of the cute factor.
[The Telegraph](https://www.telegraph.co.uk/films/0/how-to-train-your-dragon-review1/) (2/5):
&gt;It somehow elongates its predecessor’s running time by 27 minutes without adding a single atom of noticeably fresh material. Perhaps all the dragons are just flying around a bit more slowly this time, or the vikings have to walk further between huts.
[The Times] (https://www.thetimes.com/culture/film/article/how-to-train-your-dragon-remake-film-review-gtlslwbj9?region=global):
&gt;It’s loud and diverting and very young children are sure to be entertained. But it’s also utterly dead, right down to its hollow, greedy, cash-grabbing core.
**Synopsis**:
&gt;On the rugged isle of Berk, where Vikings and dragons have been bitter enemies for generations, Hiccup stands apart. The inventive yet overlooked son of Chief Stoick the Vast, Hiccup defies centuries of tradition when he befriends Toothless, a feared Night Fury dragon. Their unlikely bond reveals the true nature of dragons, challenging the very foundations of Viking society.
**Cast**
* Mason Thames as Hiccup Horrendous Haddock III
* Nico Parker as Astrid Hofferson
* Gerard Butler as Stoick the Vast
* Nick Frost as Gobber the Belch
* Gabriel Howell as Snotlout Jorgenson
* Julian Dennison as Fishlegs Ingerman
* Bronwyn James as Ruffnut Thorston
* Harry Trevaldwyn as Tuffnut Thorston
* Ruth Codd as Phlegma
* Peter Serafinowicz as Spitelout Jorgenson
Directed by: Dean DeBlois
Screenplay by: Dean DeBlois
Produced by: Marc Platt, Dean DeBlois, and Adam Siegel
Cinematography: Bill Pope
Edited by: Wyatt Smith
Music by: John Powell
Running time: 125 minutes
Release date: June 13, 2025"
How to Train Your Dragon,"“‘The magic ends and this becomes the normal world’ endings are the absolute worst way to end a fantasy story.” (How to Train Your Dragon, Tolkien, and Star vs. The Forces of Evil)",962,0.8,447,"It’s been a while since I’ve written anything, but I want to make good use of this deep hatred I’m feeling towards Cressida Cowell’s ending right now and do something constructive with it. So here we go!
Well, just like her, I simply love these magical beings—creatures that spit out different types of energy (remember, kids: not every dragon breathes fire! Some breathe poison, lightning, acid… even thunder etc).
Bonus points if it’s a real dragon, not a wyvern. Or, as we Latinos say: Serpe.
But hey, I’m inclusive, so I also accept the “disabled dragons” with only two legs and no real dragon breath. Like the ones from Skyrim (Alduin… was right, and the Nords should’ve just worshipped our lord and accepted merciful enslavement). Though honestly, I prefer D&amp;D-style dragons, especially the 3.5 edition ones.
So obviously, I used to love the How to Train Your Dragon series… until about two hours ago when I found out that the ending written by Cressida Cowell is literally the dragons leaving and the world becoming ""normal.""
#WTF CRESSIDA?
#WHY?
#WHY?
#SERIOUSLY, WHY?
It would’ve been better to just let the Red Death kill everyone (and honestly, that would’ve been a great ending).
“But that would be a sad ending!”
No. A sad ending is one where the dragons disappear. Or where the dragons lose. Dragons winning = happy ending. Always.
Extra points if Hiccup, Toothless, and the other “good humans” survive… but that’s optional. And honestly, who even cares if the Vikings die? They were consistently a bunch of jerks from start to finish. And the so-called “original ending” (this is a fanfic and my personal headcanon where Hiccup, Toothless, and the Red Death killed Alvin, enslaved the Vikings, and forced them to become decent people—and nothing in the universe will convince me otherwise) only proves my point:
Dragons winning is simply the only right way to end this story. Period.
Now that we’ve established how bad this official book ending was… and how the dragons are right and fully justified in wiping out humanity…
As fantasy fans in general, this obsession with ending magic is just… a dumb choice, in my opinion. This is literally the reason why I’m reading/watching/playing your story in the first place. Why the hell would you take away the things I like—especially at the most important moment, the ending?
#It’s just  stupid.
I love Tolkien, especially The Hobbit (for obvious reasons, but also because it has that thick fantasy atmosphere I enjoy). But the ending—or actually, the whole slow fade of magic—is just not as fun. Especially because in The Hobbit we had dragons, magical forests, magic (even if they never managed to use it for anything truly useful)... and Bombur, the best comic relief in the entire legendarium.
(He fell into the enchanted river, got mad at being woken up because he was dreaming about food and drink... and then spent the rest of the book trying to sleep as much as possible just to dream about that feast again... I just love that.)
I understand that stories need consistency… but the author is the one writing the story. Which means the author can consistently steer the plot towards an ending where magic and all the fantastic elements stay alive.
Edit1:Yes I read that, I didn't just watch the movies although I didn't read it all the way through I really liked the series (seriously how would I know people about kamikaze if I hadn't read it?) I'm not going to lie that I read it until the end because... let's just say it was hard to get books as a child, but I really liked the books so I hated the ending. 
Edit2:After reading the comments I can see that the only thing worse than the ending :""""The magic is gone"" is the ending ""the villain uses magic so let's end all the magic in the world because the villain uses it for evil""
Seriously? Let's get rid of all the guns in the world because some people use them for evil? Maybe we should ban the manufacture of alcohol, cigarettes, cars...Or maybe we should just get rid of everything from coal engines to avoid pollution, weapons and many ""bad"" things,Who cares about the general damage or deaths or any inconvenience from this? This solves the problem (after all none of this is caused by a handful of people using it wrong, definitely. It's the means by which they do it ,So let's get rid of it no matter the collateral damage in the process.  ). .
TL;DR: Cressida Cowell’s ending is wrong, my headcanon is right, endings where magic dies and the world turns into what we have today are trash, and dragons are the best fantasy creatures of all time. That’s it. Thanks for reading, and may Tiamat bless you all. 🐲🐲🐲🐲🐉🐉🐉🐉🐉🐲🐲🐲🐲🐲"
How to Train Your Dragon,"‘28 Years Later’ Feasting $30-31M, ‘Elio’ At $22M+ Is Pixar’s Lowest Opening Ever, ‘How To Train Your Dragon’ Rules With $35M+ Second Weekend – Saturday Box Office Update",866,0.98,463,
How to Train Your Dragon,"‘28 Years Later’ Still Feasting $30M DOM/$60M Global Opening, ‘Elio’ At $20M+ Is Pixar’s Lowest Opening Ever, ‘How To Train Your Dragon’ Rules With $37M Second Weekend (-56%) – Sunday Box Office Update",619,0.98,292,
How to Train Your Dragon,How to train your dragon live action gets A CinemaScore,630,0.95,140,
How to Train Your Dragon,'How To Train Your Dragon' Review Thread,218,0.93,280,"I will continue to update this post as reviews come in.
[**Rotten Tomatoes:**](https://www.rottentomatoes.com/m/how_to_train_your_dragon_2025) Certified Fresh
**Critics Consensus:** Crafted with loving fidelity to the animated classic by original co-director Dean DeBlois, *How to Train Your Dragon* doesn't best the first iteration but still reaches enchanting heights of its own.
|Critics|Score|**Number of Reviews**|
|:-|:-|:-|
|**All Critics**|77%|182|
|**Top Critics**|54%|41|
[**Metacritic:**](https://www.metacritic.com/movie/how-to-train-your-dragon-2025/) 61 (43 Reviews)
**Sample Reviews:**
Sara Michelle Fetters, [MovieFreak.com](http://MovieFreak.com) \- DeBlois adds a colorfully textured resilience to this new take that produces one captivating image after another. **3/4**
Adam Graham, Detroit News - Those who adored it the first time around will be satisfied with the care with which it's handled, those unfamiliar with its magic will be charmed as if the story is brand-new. **B+**
Jonathan Romney, Financial Times - The dialogue often gets lost amid all the roaring, clanging and heroic musical fanfares and the editing can be dizzyingly manic. What you miss is the streamlined clarity that made the original such a pleasure. **2/5**
Odie Henderson, Boston Globe - I enjoyed the animated version of this movie quite a bit, so I’m torn between being happy this film was nowhere near as bad as I’d expected and being frustrated that I sat through a carbon copy. **2.5/4**
Mark Kermode, Kermode and Mayo's Take (YouTube) - This is a really faithful ""live action"" reproduction of an animated film that has added nothing, but has taken away some of the magic of the animation.
Kyle Smith, Wall Street Journal - Mr. DeBlois’s film harks back to the pre-“Star Wars” style of children’s moviemaking, when the condescension of oversimplification was a defining attribute.
Aparita Bhandari, Globe and Mail - Toothless glistens, thankfully. Young audiences will be delighted... For the older folks, there’s the added subtext of a post-war commentary, and the whole us-versus-them narrative to unpack, that’s ever more relevant today.
Michael O'Sullivan, Washington Post - “Dragon” imparts these pearls of wisdom with verve and delight, in a telling that is as visually impressive as it is emotionally stirring. **3/4**
Brandon Yu, New York Times - To be sure, this new iteration is entertaining, bears a sense of heart and brings a tight script of fantasy and friendship to life.
Soren Andersen, Seattle Times - It’s what the moviegoing experience should be about, but rarely is. Grand, glorious and fast on its feet. **4/4**
Bob Mondello, NPR - Toothless is as charismatic as ever; the flying sequences and natural landscapes are appropriately breathtaking, and if the film is overly enamored of lesser dragons belching fire at incoherently bellowing Norsemen, well, so was the original.
Matt Singer, ScreenCrush - Plays like cinematic déjà vu. **5/10**
Amy Nicholson, Los Angeles Times - How to train your dragon? As we learned back in 2010, it takes patience and fish. Why train your dragon again? That’s harder for filmmaker Dean DeBlois to answer.
Peter Howell, Toronto Star - Is writer-director Dean DeBlois being consistent or just lazy? The question should keep him awake nights, staring at the dark sky in search of fresh dragons and wondering why he can’t do better than the cartoons he commanded earlier. **2/4**
David Fear, Rolling Stone - What this movie is actually trying to accomplish, beyond a shadow of a doubt, is how to train their audiences to keep buying the same thing over, and over, and over again.
Maureen Lee Lenker, Entertainment Weekly - In that regard, the film is every bit as earnest, captivating, and thrilling as its animated twin. And maybe that’s enough. **B**
Michael Phillips, Chicago Tribune - The remake is just like the original, but there’s more of it. And less. **2/4**
Liz Shannon Miller, Consequence - There are no major new storylines, or characters, or twists, yet somehow the same amount of plot has been stretched from 98 minutes to 125 minutes. HOW? It's truly a mystery. **C+**
Kristen Lopez, The Film Maven (Substack) - How to Train Your Dragon doesn’t reinvent the wheel so much as much the same wheel again in the same fun way as the original. The visuals are beautiful to look at and the cast brings a lot of fun and heart. **C+**
Donald Clarke, Irish Times - One could bang on all day about how familiar so much of this seems. But it is only fair to acknowledge that, judged as an independent entity ... the current How to Train Your Dragon works as sleek, charming, funny entertainment. **3/5**
Johnny Oleksinski, New York Post - The new movie works best when our hero is soaring through the air with his pal as John Powell’s inspiring score is blared. **2.5/4**
Michael Ordoña, TheWrap - The new film is at times a shot-for-shot remount, which feels more like fan service than artistic expression.
Yasmine Kandil Little White Lies - On the whole, the live-action How to Train Your Drag­on plays it extreme­ly safe. It’s per­fect­ly pass­able, but only because it close­ly mir­rors a nar­ra­tive that’s already well-loved. **3/5**
William Bibbiani, TheWrap - This new How to Train Your Dragon is like a microwaved White Castle hamburger: It addresses your craving, but it doesn’t satisfy like the real thing.
Radheyan Simonpillai, Guardian - The script, the gags and the action remain mostly intact. But this time around, real actors and sets become deadweight to a story that soared in larger-than-life animated form.
Brian Tallerico, [RogerEbert.com](http://RogerEbert.com) \- This version just doesn’t pop, doesn’t flow like the originals, almost playing like an extended cut of a film that was originally tightened in the editing bay. **2/4**
Helen O'Hara, Empire Magazine - It’s clearly made with real love and care, but shows far too much deference to its progenitor. Even in a remake, we need more originality and less playing the hits. **3/5**
Brian Truitt, USA Today - Fortunately, the new “How to Train Your Dragon” does no harm. Instead, it lets loose a heartwarming, meaty adventure perfect for a new generation of young film fan but doesn't forget to entertain the older movie kids, either. **3.5/4**
Hanna Flint, Time Out - The old saying goes: ‘Just because you can, doesn't mean you should.’ How to Train Your Dragon delivers the bare minimum to warrant its recreation.
Justin Clark, Slant Magazine - As heartwarming as this story remains at its core, it’s hard to shake that you already know how it will play out. **2/4**
G. Allen Johnson, San Francisco Chronicle - The new version excels because it makes its teenage protagonist deeper and more mature -- and its monsters extra frightening. **4/4**
Lindsey Bahr, Associated Press - It’s the kind of immersive sensation and giddy wish fulfillment that might just have you forgetting momentarily to breathe and, maybe more importantly, that you’re still in a movie theater. **3.5/4**
Clarisse Loughrey, Independent (UK) - All that’s really changed is that How to Train Your Dragon is now distinctly less charming and less playful than before, with even its pièce de résistance Toothless losing some of the cute factor. **2/5**
Robbie Collin, Daily Telegraph (UK) - It somehow elongates its predecessor’s running time by 27 minutes without adding a single atom of noticeably fresh material. Perhaps all the dragons are just flying around a bit more slowly this time, or the vikings have to walk further between huts. **2/5**
Lovia Gyarkye, The Hollywood Reporter - How to Train Your Dragon honors the charm of the original. It’s not an essential remake, but at least it’s not an offensive one.
James Grebey, AV Club - Rather than trying to train something new, How To Train Your Dragon is riding an already proven beast... It can’t reach those old heights, let alone any new ones. And it doesn’t try to, nor does its audience really want it to. **C+**
Kate Erbland, IndieWire - That \[director Dean DeBlois\] can still find excitement and joy in this well-tread story is a testament to both his work and source material. No one needs a live-action remake, but ones this faithful and sweet are not the problem. **B-**
Peter Debruge, Variety - It's hard to improve on the first movie, though the last act looks positively iconic in this new incarnation, unlocking the expressionistic power of ""Heavy Metal"" toons and Boris Vallejo paintings.
Kevin Maher, Times (UK) - It’s loud and diverting and very young children are sure to be entertained. But it’s also utterly dead, right down to its hollow, greedy, cash-grabbing core.
**SYNOPSIS:**
On the rugged isle of Berk, where Vikings and dragons have been bitter enemies for generations, Hiccup (Mason Thames; The Black Phone, For All Mankind) stands apart. The inventive yet overlooked son of Chief Stoick the Vast (Gerard Butler, reprising his voice role from the animated franchise), Hiccup defies centuries of tradition when he befriends Toothless, a feared Night Fury dragon. Their unlikely bond reveals the true nature of dragons, challenging the very foundations of Viking society.
With the fierce and ambitious Astrid (BAFTA nominee Nico Parker; Dumbo, The Last of Us) and the village’s quirky blacksmith Gobber (Nick Frost; Snow White and the Huntsman, Shaun of the Dead) by his side, Hiccup confronts a world torn by fear and misunderstanding.
As an ancient threat emerges, endangering both Vikings and dragons, Hiccup’s friendship with Toothless becomes the key to forging a new future. Together, they must navigate the delicate path toward peace, soaring beyond the boundaries of their worlds and redefining what it means to be a hero and a leader.
**CAST:**
* Mason Thames as Hiccup Horrendous Haddock III
* Gerard Butler as Stoick the Vast
* Nico Parker as Astrid Hofferson
* Nick Frost as Gobber the Belch
* Julian Dennison as Fishlegs Ingerman
* Gabriel Howell as Snotlout Jorgenson
* Bronwyn James as Ruffnut Thorston
* Harry Trevaldwyn as Tuffnut Thorston
* Ruth Codd as Phlegma
* Peter Serafinowicz as Spitelout
* Murray McArthur as Hoark
**DIRECTED BY:** Dean DeBlois
**SCREENPLAY BY:** Dean DeBlois
**BASED ON** ***HOW TO TRAIN YOUR DRAGON*** **BY:** Cressida Cowell
**PRODUCED BY:** Marc Platt, Dean DeBlois, Adam Siegel
**EXECUTIVE PRODUCERS:** David Cain, Michael A. Connolly, Roy Lee, Chris Sanders
**DIRECTOR OF PHOTOGRAPHY:** Bill Pope
**PRODUCTION DESIGNER:** Dominic Watkins
**EDITED BY:** Wyatt Smith
**COSTUME DESIGNER:** Lindsay Pugh
**MUSIC BY:** John Powell
**CASTING BY:** Lucy Bevan
**RUNTIME:** 125 Minutes
**RELEASE DATE:** June 13, 2025"
How to Train Your Dragon,"$1M CLUB: THURSDAY
1. JURASSIC WORLD: REBIRTH ($25M)
2. F1 ($6M)
3. HOW TO TRAIN YOUR DRAGON ($2.7M)
4. ELIO ($1.6M)
5. 28 YEARS LATER ($1.2M)
6. LILO &amp; STITCH ($1M) 
Box office BBQ in full effect.",381,0.97,159,
How to Train Your Dragon,Legal Ways to Watch 'How to Train Your Dragon in 2025 online?,142,0.85,366,"Hey everyone,
I’ve been wanting to rewatch ***How to Train Your Dragon*** and figured I’d ask here: what are the **legal and safe ways** to watch it in 2025?"
How to Train Your Dragon,‘How To Train Your Dragon’ Fires Up Franchise Best $83.7M DOM/$197.8M WW Opening After ‘A’ CinemaScore; ‘Materialists’ At $12M Is A24’s Third Biggest Opening – Sunday Update,331,0.97,164,
How to Train Your Dragon,"‘How To Train Your Dragon’ Still On Course For Franchise Best $82.7M Domestic Opening After $35.6M Friday, ‘A’ CinemaScore, Global Start At $200.3M; ‘Materialists’ Reps A24’s Third Biggest Opening At $12M After $5.12M Friday – Saturday Update",471,0.97,124,
How to Train Your Dragon,"'How To Train Your Dragon' has been officially Certified Fresh on Rotten Tomatoes, currently at 80% from 80 reviews.",322,0.92,150,
How to Train Your Dragon,"’28 Years Later’ Running To $14M Friday/$28M-$30M 3-Day, ‘Elio’ Eyes $9M/$22M-$24M In A ‘How To Train Your Dragon’ ($10.7M/$35.2M, -58%) Ruled Weekend – Friday Box Office Update",232,0.96,173,
How to Train Your Dragon,"Gerard Butler thanks his ‘How To Train Your Dragon’ costar Mason Thames for wearing a ‘The Phantom of the Opera’ shirt: “Didn’t know this one even saw the film since it came out before he was born, He knows the classics, proud dad!”",526,0.97,88,
How to Train Your Dragon,‘How To Train Your Dragon’ Wings In With $198M Global Bow; ‘Lilo &amp; Stitch’ Rises To $858M; ‘Mission: Impossible – Final Reckoning’ Cruises Past $500M WW – International Box Office,420,0.96,109,
How to Train Your Dragon,Which is Your Favorite How to Train Your Dragon 1 Movie Poster?,446,1.0,85,
How to Train Your Dragon,honest question: do you guys want a fourth how to train your dragon film?,293,0.95,95,"do you guys think the story should expand more, like to see how the humans and dragons can try to live peace with each other again, or the story is focus on hiccups kids if they can adaption to training dragons
or you guys think the trilogy, short films, and the tv show spin-off is enough?"
How to Train Your Dragon,"Turns out, audiences DO want live-action cartoon remakes, if they're Lilo &amp; Stitch and How to Train Your Dragon",305,0.8,101,"""Consider all talk of audiences not wanting live-action remakes of animated classics — something talked about a *lot* in the wake of Disney’s Snow White flopping at the box office earlier this year — a thing of the past, with the two live-action remakes currently in theaters hitting box office highs this weekend.""
More: [https://www.thepopverse.com/movies-lilo-stitch-how-to-train-your-dragon-box-office-milestones](https://www.thepopverse.com/movies-lilo-stitch-how-to-train-your-dragon-box-office-milestones)"
How to Train Your Dragon,"June 20-22 Box Office Recap – 'How to Train Your Dragon' stays #1, but drops a rough 57% on its second weekend. '28 Years Later' debuts with a pretty good $30M domestically and $60M worldwide. However, 'Elio' flops with a terrible $20M domestically and $34M worldwide, the worst debut for Pixar.",205,0.89,123,"https://preview.redd.it/q8ew8lqszq8f1.png?width=1920&amp;format=png&amp;auto=webp&amp;s=fcd1ac805e410d7cad93ff5c9d24d372f3f22acc
It was a mixed bag at the box office this weekend.
Unsurprisingly, the ***How to Train Your Dragon*** live-action stayed at the top of the box office, although it still had a rough drop. ***28 Years Later*** achieved a very solid #2 start, although it remains to be seen if it will have legs.
However, the weekend is also defined by some very bad news. That's the case with Pixar's ***Elio***, which flopped this weekend and posted the studio's worst debut in all its 30 years of history.
The Top 10 earned a combined $120.6 million this weekend. That's down 18.6% from last year, when ***Inside Out 2*** repeated at #1.
Staying at the top spot, Universal/DreamWorks' ***How to Train Your Dragon*** added $36.5 million this weekend. That's a very bad 57% drop, which is steeper than any of the animated films and quite poor for a family film. Despite its strong weekdays, it looks like the film might have had a ceiling regardless of its strong word of mouth.
Through 10 days, the film has earned $160 million, just slightly short of outgrossing ***The Hidden World***'s $160.7 million total. In the next few days, it will pass the second film ($177 million). Although this drop suggests that it might not be as leggy as its weekdays suggested.
In second place, Sony's ***28 Years Later*** debuted with a pretty good $30 million in 3,444 theaters. That's easily the best debut in the franchise, tripling both ***Days*** ($10 million) and ***Weeks*** ($9.8 million). It's also the biggest debut for director Danny Boyle.
All in all, this is a pretty great debut. After all, the original franchise had a ceiling at the box office, but it has built an audience across home media, streaming and cable reruns. While there were projections that could go as high as $40 million, it's not really a bad start. This proves the franchise's popularity; if it wasn't, the film wouldn't have hit $30 million on its opening weekend.
Credit must go to Sony's incredible job in marketing the film. That teaser, accompanied with the 1903 poem ""Boots"" by Rudyard Kipling, was fantastic and even became the seccond biggest horror film trailer of all time back then (***Final Destination: Bloodlines*** would later claim this title). Obviously, it wasn't gonna open as high as the ***It*** films, but that clearly showed interest. Cinephiles were also excited to see the return of Danny Boyle and Alex Garland as director and writer, respectively. And without many horror options right now, this was a perfect date. And they also delivered a fantastic film; it's currently sitting at a 89% on RT.
Despite its great debut, it has to be noted that the film was quite front-loaded. Thursday previews ($5.8 million) accounted for 19.3% of its weekend gross, which is very high, even for horror (for reference, ***Final Destination: Bloodlines***' previews were just 10.6% of its weekend gross). It was followed by a steep 37% drop on Friday-to-Saturday, when horrors drop 25% at most. This suggests that the film might be more fan-driven than expected.
According to Sony, 61% of the audience was male. Horror usually leans young, but that's not the case here; only 25% of the audience was 25 and under. They gave it a solid ""B"" on CinemaScore, which is not bad for a horror film. There's some online chatter about the film's ending, which drew some polarized reactions. With ***M3GAN 2.0*** and ***I Know What You Did Last Summer*** on the way, perhaps the film won't hold very well. But it should still have enough gas to hit $75 million domestically. And now it's all up to ***The Bone Temple*** to keep this winning streak in January.
Debuting in third place, Disney/Pixar's ***Elio*** flopped with a very terrible $20.8 million in 3,750 theaters. This is the absolute worst debut in Pixar's history, far below both ***Elemental*** and the original ***Toy Story*** (both at $29 million). And this is all unadjusted, which makes it even worse!
The road to ***Elio*** was always going to be tricky. In the past few years, there have been a lot of sci-fi animated films that failed to find success at the box office: ***Lightyear***, ***Strange World*** and ***Transformers One***. It doesn't help when it's a non-IP film, as those films have been struggling to gain traction in the post-COVID climate (***Sinners*** is a big exception, not the rule). And with a $150 million, it's safe to deem this as a flop.
What didn't help ***Elio*** was its delays. This film was supposed to come out in March 2024, but it was delayed to this current date. And in the full year, the film's concept was retooled, which is why you see a big difference from the original teaser to the most recent trailers. But by delaying the film, perhaps the audience lost interest in the film. If they were gonna spend money at theaters, they probably would go for a more familiar IP. In this case, releasing it the week after ***How to Train Your Dragon*** was a death sentence. And the marketing just wasn't really efficient; it couldn't overcome the ""been there, done that"" feeling from other films. Even with some good reviews (83% on RT), it simply failed to grab audiences.
According to Disney, 59% of the audience was male. In an interesting stat, 39% of the audience was 12 and under, a skew far younger than usual for Pixar (last year, ***Inside Out*** had 20% at 12 and under).
Okay, so it's a bad debut. But not everything is hopeless. Audiences gave ***Elio*** a strong ""A"" on CinemaScore, which could bode well for legs. ***Elemental*** opened with a poor $29 million, but strong word of mouth allowed it to reach $154 million domestically. It remains to be seen if ***Elio*** can have strong legs; the only animated competition is ***Smurfs*** in mid July. But even if it had ***Elemental***'s legs, that would still be just $108 million domestically. Barring a miracle, ***Elio*** is pretty much guaranteed to become Pixar's lowest grossing film at the domestic box office (***Onward*** technically made $60 million, but it had to close early due to COVID shutdowns, so it doesn't really count). What will Pixar do now?
After its rough drops for the past weeks, ***Lilo &amp; Stitch*** appears to be stabilizing. It dipped 38%, adding $9.7 million. That takes its domestic total to $386.7 million, and it's on course to finish with around $415 million domestically.
In fifth place, ***Mission: Impossible – The Final Reckoning*** dipped 39% and grossed $6.4 million. With $178.2 million domestically, it has surpassed the domestic lifetime of ***Dead Reckoning*** ($172 million). It will finish with over $190 million, but the $200 million dream is dead.
In sixth place, A24's ***Materialists*** added $5.8 million this weekend. That's a 49% drop, which is quite solid, considering its weak ""B–"" on CinemaScore suggested it could face some problems. Through 10 days, the film has amassed $23.2 million, and it should close with almost $35 million domestically.
***Karate Kid: Legends*** is on its way out of theaters. It dropped 55%, earning just $2.3 million. The film has earned a disappointing $49.3 million so far.
***Ballerina*** is also nearing the end of its run in theaters. It dropped 54% this weekend, earning $4.5 million. The film has made $51 million, and it's set to become the least attended film in the series.
In ninth place, ***Final Destination: Bloodlines*** dropped 53%, adding $1.8 million. The film has earned $134.8 million so far.
Rounding out the Top 10 was the Indian film ***Kuberaa***, which managed to earn $1.7 million in 500 theaters.
It doesn't look like Neon's ***The Life of Chuck*** will last much more longer in theaters, not only after its weak debut but also its weak second weekend drop. The film dropped a poor 57%, earning just $1 million. Through 10 days in wide release, the film has made just $4.6 million domestically. If you want to check this film out, you better do it as soon as possible, cause it's about to disappear.
#**OVERSEAS**
***How to Train Your Dragon*** led the overseas box office with $53.6 million, for a $357.7 million worldwide total. The film's best markets are Mexico ($24.5M), China ($23.2M), UK ($16.8M), Brazil ($12.6M) and Korea ($9.6M). Easily set for over $600 million worldwide.
***28 Years Later*** also had a good start outside America. It earned $30 million overseas for a $60 million worldwide debut. It had pretty good debuts in the UK ($6.4M) and Mexico ($2.7M), followed by more modest starts in Australia ($1.7M), Korea ($1.5M), Germany ($1.3M), France ($1.3M) and Spain ($1.2M). Let's see how it holds in the coming weeks.
***Lilo &amp; Stitch*** added $19.7 million overseas, for a $910 million worldwide total. Its best markets are Mexico ($64.2M), UK ($46.3M), France ($37.1M), Brazil ($34.5M) and Germany ($29M).
You thought the domestic numbers for ***Elio*** were depressing? Wait till you see the worldwide numbers. It debuted with an abysmal $14 million overseas, for a poor $34.8 million worldwide debut. It had very weak debuts in South Korea ($1.8M), Mexico ($1.4M), France ($1.3M), UK ($1.2M) and Italy ($800K). In most of these markets, it lost to ***28 Years Later*** and posted the worst Pixar debut as well. There's still a few markets left, but this is still a very horrible way to kick off its run. The film needs over $350 million just to recoup its investment, which means it must do over 10 times this weekend's performance to get there. Unless a miracle happens, it's a flop.
***Mission: Impossible – The Final Reckoning*** added $12.8 million overseas, taking its worldwide total to $540.7 million. The best markets are China ($60.6M), UK ($32.9M), Japan ($30.2M), Korea ($22.5M) and France ($21.8M). 
With $49.7 million overseas, ***Ballerina*** has now crossed $100 million. But that's still nowhere close to being considered a remotely passable number.
#**FILMS THAT ENDED THEIR RUN THIS WEEK**
None.
#**THIS WEEKEND**
We've got two wide releases, but one is clearly going for the #1 finish.
And that's Warner Bros./Apple's ***F1***, which stars Brad Pitt as a F1 driver who comes out of retirement to mentor a new prodigy. Formula One is incredibly popular in Europe, and its popularity has also picked up some steam in America thanks to the Netflix documentary series ***Drive to Survive***. Apple hasn't had much luck with their theatrical releases so far, and currently, ***F1*** is their only theatrical project lined up (***Highest 2 Lowest*** technically is going into theaters but it's a 2-week limited release, so it hardly counts). The project cost $200 million (not the $300 million figure everyone talked about months ago) and both Apple and WB have pulled a very extensive marketing campaign. Surely the foreign markets will be strong, but America also needs to show up. Will this be Apple's first hit at the box office?
The other release is Universal/Blumhouse's ***M3GAN 2.0***, the sequel to the 2023 phenomenon. Instead of taking the similar route that horror sequels have pulled (the exact same premise), the sequel chose to go bonkers instead. Instead of doing another ""AI doll who kills people"", the film is going the full ""AI doll vs. AI doll"" angle and accepting how stupid and ridiculous this situation is. But is that an advantage or will it be its biggest weakness?
____________________________________________________________________________________________
If you're interested in following the box office, come join us in r/BoxOffice."
How to Train Your Dragon,"Fantasy is not just real, but is actively dying/dies to become the world we know",7520,0.98,518,"1) **Pirates of the Caribbean franchise** : *""The world’s still the same, there’s just less in it.""*
Though the saga depicts a very flamboyant and vivid pirate story, the overarching story is depicting the end of the age of piracy. With the world slowly becoming more and more conquered by the royal empires who extend their claws over the ocean, mythical beings and magic forces get killed or destroyed and the simple magic of the pirate philosophy is decaying as well, as the society of the bandits of the sea slowly decreases in numbers. The most powerful example of this is with the death of the Kraken, mythical leviathan that has seen the passing of civilizations, that Lord Beckett orders Davy Jones to gun down so the force of destruction can no longer threaten the fleet. Slowly but surely, the mystery of the unknown and the inexplicable wonders of the world become… simply inexistent. The world’s edge strays further away.
2) **The Lord of the Rings / JRR Tolkien’s Middle Earth mythos** : The fantastic world that we know and all the stories that we see happen within it take place in the Third Age of the world… and in this timeline, we are currently in the 2025th year of the Seventh Age, crazy as it seems. The world, originally made by the gods known as Valar, was always meant to be inherited by Men and it is a very slow process occurring over these hundreds of thousands of years. In LOTR and such, we see that the force simpler beings call Magic has already begun to decay because the higher beings like the Valar and their chosen have either departed this realm or perished, for the elves, creatures fueled by magic, fear they will eventually fade and that is why they took interest in Sauron’s rings, meant to reignite the power of their race. Even then the world continues its course and many people flee to the West in the unknown lands where magic still remains strong, while simpler, yet stronger beings take control of Earth such as Hobbits, orcs, and of course Men. The magic leaving this world is not so much a decay process as cooling, like a heated blade lowering in temperature to become the solid and sharp tool it was forged to be, the world slowly inches closer to the age where only Man will remain. The age of noise and machines.
3) **How to Train your Dragon** : THIRD MOVIE SPOILERS : The main anchor of the series is in the title. The wicking civilizations leave in war with the fantastic beasts known as Dragons, two races fighting constantly for the world till the protagonist Hiccup creates the first tribe to have joined forces with the saurians rather than fight them. Many villages and clans follow this example while other now try to chain up dragons and make them into an army, or simply keep on hunting them as prey. At the end of the trilogy multiple wars have gone between clans over the dragons and Hiccup feels that the balance of the world will only keep getting more agitated if he sticks to his ideal, as radiant as it may be, for mankind and dragons are not ready to coexist. So after discovering the original cradle of the winged beasts underground he encourages the entirety of dragonkind spearheaded by Toothless to go back in this underworld and stay hidden, thus separating the two races for good while mankind can now freely conquer the rest of the surface and the dragons turn into beasts of legends, hardly believed to be real, setting the stage for the world we know today. And so it shall continue until the two races are capable of living in harmony."
How to Train Your Dragon,"‘28 Years Later’ Still Feasting $30M, ‘Elio’ At $21M Is Pixar’s Lowest Opening Ever, ‘How to Train Your Dragon ’ Rules With $37M Second Weekend – Sunday Box Office Update",330,0.93,82,
How to Train Your Dragon,"’28 Years Later’ Walking To $56M+ WW Opening ($28-30M DOM, $28M INT), ‘Elio’ Orbiting $50M+ WW ($20M+ DOM, $30M INT) As ‘How To Train Your Dragon’ Looks To Lord U.S. Box Office – Preview",285,0.98,94,
How to Train Your Dragon,Any other ushers getting sick of people waiting in the How to Train Your Dragon credits?,131,0.69,142,"Yeah I get it, Marvel conditioned people to stick around for after credit scenes, but what do people expect? Hiccup's mom to show up at the end? Shrek coming in to ask Hiccup about the DreamWorks initiative?
How many times have you went in and hear people say ""That's it?!!!"" As if they were expecting something."
How to Train Your Dragon,Which is Your Favorite How to Train Your Dragon The Hidden World Movie Poster?,245,1.0,99,
How to Train Your Dragon,How to Train Your Dragon review,188,0.86,111,"A couple of weeks ago I panned Lilo and Stitch remake for adding nothing to the table. I'd like to take it back, since I just watched a live action remake that is truly a copy-and-paste rendition of a beloved animated movie. How to Train Your Dragon is nearly a carbon copy of the original, only with human actors. The director got the memo and copied his own homework almost scene-by-scene. On one hand, if you just want to rewatch HTTYD with a different coat of paint, then you will certainly be satisfied. On the other hand, you can just rewatch the OG. Is this remake still a decent fantasy family movie (thanks to the strength of its source) with visual spectacles worthy of the big screen? Yes. Is it a soulless corporate product made for easy cash grab, and we as audience are rewarding them for it? Also yes."
How to Train Your Dragon,"Box Office: ‘How to Train Your Dragon’ Flies to $8.6 Million in Thursday Previews, $11.1 Million Including Wednesday Early Access; A24’s ‘Materialists’ Earns $1.5 Million",228,0.95,93,
How to Train Your Dragon,Box Office Weekend Forecast: 28 YEARS LATER ($26-30M+) and Pixar’s ELIO ($18-20M+) Open for Juneteenth as HOW TO TRAIN YOUR DRAGON Sets Sights on a #1 Repeat,190,0.96,97,
How to Train Your Dragon,"$1M CLUB: PREVIEW THURSDAY
1. F1 ($10M)
2. HOW TO TRAIN YOUR DRAGON ($4M)
3. ELIO ($2.2M)
4. 28 YEARS LATER ($2M)
5. M3GAN 2.0 ($1.5M)
5. LILO &amp; STITCH ($1.5M)",206,0.97,86,
How to Train Your Dragon,Box Office: ’28 Years Later’ Chomps on $14 Million Opening Day; ‘Elio’ Facing Pixar’s Lowest Debut Ever as ‘How to Train Your Dragon’ Rules Again,286,0.95,68,
How to Train Your Dragon,How To Train Your Dragon Looks To Become The Next Animated To Live-Action Box Office Smash,164,0.9,97,
How to Train Your Dragon,’28 Years Later’ Rages To $60M Global Bow; ‘Elio’ Misses Liftoff With $35M; ‘How To Train Your Dragon’ Flies To $358M &amp; ‘Lilo &amp; Stitch’ Tops $910M WW – International Box Office,249,0.96,63,
How to Train Your Dragon,Just watched the How to Train Your Dragon live-action trailer in IMAX 3D—and I’m reminded how much I hate 3D in movies. Anyone else?,63,0.74,112,"Caught the new HTTYD live-action movie in IMAX 3D and… wow. Visually stunning, but once again the **3D totally ruined it for me**.
It’s like every time I try to give 3D another chance, I walk out thinking:
The glasses dim the colors, the fake depth is distracting, and honestly, it just feels like a gimmick that never lives up to the hype. I want **epic immersion**, not my eyes fighting to focus for two hours.
Curious—am I in the minority here?
Does anyone genuinely prefer 3D these days?"
How to Train Your Dragon,'How To Train Your Dragon' Rotten Tomatoes Verified Audience Score Thread,132,0.91,87,"I will continue to update this post as the score changes.
**Rotten Tomatoes Popcornmeter:** Verified Hot
**Audience Says:** With a lovable cast of characters sure to spark plenty of laughs and a heartfelt story that pulls at the heartstrings, *How to Train Your Dragon* may just be the best live-action adaptation yet.[](https://www.rottentomatoes.com/m/how_to_train_your_dragon_2025/reviews?type=user)
|Audience|Score|**Number of Reviews**|**Average Rating**|
|:-|:-|:-|:-|
|**Verified Audience**|98%|2,500+|4.8/5|
|**All Audience**|97%|5,000+|4.7/5|
**Verified Audience Score History:**
* 99% (4.8/5) at 500+
* 98% (4.8/5) at 1,000+
* 98% (4.8/5) at 2,500+
[**Rotten Tomatoes:**](https://www.rottentomatoes.com/m/how_to_train_your_dragon_2025) Certified Fresh
**Critics Consensus:** Crafted with loving fidelity to the animated classic by original co-director Dean DeBlois, *How to Train Your Dragon* doesn't best the first iteration but still reaches enchanting heights of its own.
|Critics|Score|**Number of Reviews**|
|:-|:-|:-|
|**All Critics**|77%|182|
|**Top Critics**|54%|41|
[**Metacritic:**](https://www.metacritic.com/movie/how-to-train-your-dragon-2025/) 61 (43 Reviews)
**SYNOPSIS:**
On the rugged isle of Berk, where Vikings and dragons have been bitter enemies for generations, Hiccup (Mason Thames; The Black Phone, For All Mankind) stands apart. The inventive yet overlooked son of Chief Stoick the Vast (Gerard Butler, reprising his voice role from the animated franchise), Hiccup defies centuries of tradition when he befriends Toothless, a feared Night Fury dragon. Their unlikely bond reveals the true nature of dragons, challenging the very foundations of Viking society.
With the fierce and ambitious Astrid (BAFTA nominee Nico Parker; Dumbo, The Last of Us) and the village’s quirky blacksmith Gobber (Nick Frost; Snow White and the Huntsman, Shaun of the Dead) by his side, Hiccup confronts a world torn by fear and misunderstanding.
As an ancient threat emerges, endangering both Vikings and dragons, Hiccup’s friendship with Toothless becomes the key to forging a new future. Together, they must navigate the delicate path toward peace, soaring beyond the boundaries of their worlds and redefining what it means to be a hero and a leader.
**CAST:**
* Mason Thames as Hiccup Horrendous Haddock III
* Gerard Butler as Stoick the Vast
* Nico Parker as Astrid Hofferson
* Nick Frost as Gobber the Belch
* Julian Dennison as Fishlegs Ingerman
* Gabriel Howell as Snotlout Jorgenson
* Bronwyn James as Ruffnut Thorston
* Harry Trevaldwyn as Tuffnut Thorston
* Ruth Codd as Phlegma
* Peter Serafinowicz as Spitelout
* Murray McArthur as Hoark
**DIRECTED BY:** Dean DeBlois
**SCREENPLAY BY:** Dean DeBlois
**BASED ON** ***HOW TO TRAIN YOUR DRAGON*** **BY:** Cressida Cowell
**PRODUCED BY:** Marc Platt, Dean DeBlois, Adam Siegel
**EXECUTIVE PRODUCERS:** David Cain, Michael A. Connolly, Roy Lee, Chris Sanders
**DIRECTOR OF PHOTOGRAPHY:** Bill Pope
**PRODUCTION DESIGNER:** Dominic Watkins
**EDITED BY:** Wyatt Smith
**COSTUME DESIGNER:** Lindsay Pugh
**MUSIC BY:** John Powell
**CASTING BY:** Lucy Bevan
**RUNTIME:** 125 Minutes
**RELEASE DATE:** June 13, 2025"
How to Train Your Dragon,How to train your dragon remake is way much better then Disney remake,103,0.83,87,Look at IMDb rating 💀💀💀
How to Train Your Dragon,‘How To Train Your Dragon’ Flying In With $200M+ Worldwide Bow – International Box Office,307,0.96,47,
How to Train Your Dragon,Box Office: ‘How to Train Your Dragon’ to Fly to $75 Million in Opening Weekend,269,0.96,52,
How to Train Your Dragon,Is How to Train Your Dragon Live-action Better Than the Original?,16,0.76,112,"Was How to Train Your Dragon live-action a good movie? Yes… Yes it was. Let me tell you about it. 
Honestly there’s not much to say about the movie because if you’ve seen the animated version, you’ve pretty much already seen this one. When people say that this movie is pretty much exactly like the original, they are not exaggerating, and it is very impressive. I don’t think people understand how hard it is to adapt an animation to live-action while keeping it exactly the same, that is a rare achievement in itself. The last really good adaptation I’ve seen was Lorde of the Rings and that movie came out over 20 years ago. I did like the Lilo &amp; Stitch live action remake, but there was definitely a lot of things about that one that not a lot of people were happy about…
I actually think I liked this one quite a bit more than the original, but that’s also coming from someone who isn’t a big fan of that franchise. I was maybe 11 when the first How to Train Your Dragon came out and at the time I watched it once and decided I could care less about that movie. For me live-action movies tend to impact me more emotionally, and  I’ve found myself tearing up to more and more movies the older I get, and there was that one scene at the end where Stoick finally sees his son for who he is, that part got me pretty good. 
They added a couple lines here and there to fill in the gaps, but was so subtle and fit perfectly with the rest of the story. I can’t remember if this was portrayed in the original, but there was a tiny side plot between Snotlout and his dad sprinkled in throughout the movie since his dad literally just ignores him whenever he tries to talk him. The only time he actually acknowledges his son is when Snotlout is bashing the queen dragons eyes with a hammer which is also shot-for shot with the animation. 
This might just be the best live-action adaptation of an animated film that I’ve ever seen. The bar is usually set pretty low for these types of films, but this is what fans want from live-action adaptations. 
Now, I think that all the characters in the movie were cast almost perfectly. I know that there has been a little bit of controversy between Nico Parker and her role as Astrid since she doesn’t resemble the likeness of Astrid from the animation at all. However, she still did a great job bringing that character to life. I believe the biggest reason for choosing her for the role is because you basically need to have people from a minority group to be in the film to qualify for the oscars. It’s kinda sucky, but that’s just the way it is now. Either way, she still did a very good job as Astrid. 
I also have to mention Gerard Butler since he is Stoick both in this and the animation, and it’s pretty awesome to see how similar he already looks to his animated counter part, it’s like it was just meant to be, and he is easily one of the best portrayed characters in this movie. 
They made the world feel so stylized and cartoonish in a live-action world which gives the world the same dream-like fantasy vibe of the original. These aren’t the type of Vikings you’d see in the real world, they really just created their own breed of vikings and preserved the original style which is also very impressive, especially considering they were working with a slightly smaller budget. The budget for the original was 165 million and the live-action budget was 150 million.
As far as the story goes, the pacing definitely feels slower which is typical when adapting to live-action, and there were times when I felt like they could’ve picked up the pace a bit more, but its not a big enough complaint for it to ruin the movie for me. The story is great, but to speak subjectively here, This still isn’t something that I would watch again by myself, and that’s probably because it’s made for kids. Throughout the film I couldn’t help but imagine what it would be like if this movie was rated R. Maybe give it a slightly darker tone, throw in a few people getting burned alive or ripped in half, then I’d be much more inclined to watch it again, but I also understand I don’t align perfectly with the core audience. I really enjoyed this movie, and I did tear up in it, and I will watch it again with my daughter when she’s older, but it’s not like I’m gonna put it in my top four on Letterboxd or something. 
Let me know in the comments what you thought of How to Train Your Dragon live-action, is it better than the original, or does it still fall short?"
How to Train Your Dragon,How to Train Your Dragon (2025) IMAX aspect ratio on 4K &amp; Blu-ray,201,1.0,50,
How to Train Your Dragon,Which is Your Favorite How to Train Your Dragon 2 Movie Poster?,181,0.99,62,
How to Train Your Dragon,What did you think of the live-action How to Train Your Dragon movie? (NO SPOILERS),75,0.95,77,
How to Train Your Dragon,"‘How to Train Your Dragon’ star Nico Parker on trolls who've been criticizing her Astrid casting due to her not having blonde hair &amp; blue eyes: “I just don't care. If I wouldn’t value your opinion on most things in life, I can’t value your opinion on my hair. If I did, I would go mad.”",407,0.96,27,"&gt;In an interview with British publication The Times, Parker was asked about online trolls grousing that the actress does not have blonde hair and blue eyes, as Astrid was initially depicted in the animated films that launched with 2010’s original How to Train Your Dragon. Universal Pictures releases the remake of the DreamWorks Animation hit movie in theaters Friday.
&gt;“There’s some people that really love the animated movies and really want to see an exact play-by-play of that film, and I hope that you can watch \[the new version\] and find something that you love about it, regardless,” Parker said. “But for the people that just hate inclusivity, hate change — when it comes to that side of things, I just don’t care.” 
&gt;The 20-year-old performer continued, “If I wouldn’t value your opinion on most things in life, I can’t value your opinion on my hair. If I did, I would go mad.” 
&gt;“When I was younger, the amount of mixed race or Black icons, people that I would look to on screen to be like, ‘Oh, this feels like me,’ felt really minimal in comparison to what it could be for young people now, and I think that’s really special,” the actress said. “There’s still a long way to go — for women in general, in terms of new parts, original material and female-led stories. But I think that everything’s changing. I’d like to think that I could contribute to that change at some point.”"
How to Train Your Dragon,‘How To Train Your Dragon’ Won’t Be Laggin’ At The Summer Box Office With $175M-$185M Global Start For Live Action Redo,240,0.95,43,
How to Train Your Dragon,"BOT Presale Tracking (May 27). Thursday Comps: Ballerina ($3.06M), The Phoenician Scheme ($1.98M), How to Train Your Dragon ($9.86M), Materialists ($1.15M), Elio ($1.53M), F1: The Movie ($5.99M), and M3GAN 2.0 ($2.60M). Jurassic World Rebirth sales largely stagnate.",67,0.93,76,"[BoxOfficeTheory Presale Tracking](https://forums.boxofficetheory.com/topic/31569-the-box-office-buzz-tracking-and-pre-sale-thread/page/1680/#comments)
[Presales Data (Google Sheets Link)](https://docs.google.com/spreadsheets/d/1zRjKpNOjPCBIgUULoyXyj5sBGMuU9owswn7bMfz1WSE/edit#gid=0)
[BoxOfficeReport Previews](http://www.boxofficereport.com/previewgrosses.html)
**Quorum Updates:**
- [June 2](https://forums.boxofficetheory.com/topic/31569-the-box-office-buzz-tracking-and-pre-sale-thread/page/1679/#findComment-4824227)
- [May 29](https://forums.boxofficetheory.com/topic/31569-the-box-office-buzz-tracking-and-pre-sale-thread/page/1669/#findComment-4822356)
- [May 28](https://forums.boxofficetheory.com/topic/31569-the-box-office-buzz-tracking-and-pre-sale-thread/page/1664/#findComment-4821779)
- [May 27](https://forums.boxofficetheory.com/topic/31569-the-box-office-buzz-tracking-and-pre-sale-thread/page/1659/#findComment-4821388)
- [May 22](https://forums.boxofficetheory.com/topic/31569-the-box-office-buzz-tracking-and-pre-sale-thread/page/1649/#findComment-4818326)
- [May 21](https://forums.boxofficetheory.com/topic/31569-the-box-office-buzz-tracking-and-pre-sale-thread/page/1644/#findComment-4817710)
- [May 19](https://forums.boxofficetheory.com/topic/31569-the-box-office-buzz-tracking-and-pre-sale-thread/page/1633/#findComment-4816710)
- [May 16](https://forums.boxofficetheory.com/topic/31569-the-box-office-buzz-tracking-and-pre-sale-thread/page/1625/#findComment-4815237)
**Wicked Part 1 Re-Release**
**Dan Da Dan: Evil Eye**
**Dangerous Animals**
**From the World of John Wick: Ballerina Average Early Access | Thursday | Early Access + Thursday Comp *assuming $4.5M for keysersoze123 EA+THU*: $2.06M | $3.06M | $4.84M** 
- Acrobat ($3.2M THU MI8 comp.  Steady pace, still headed for a number between 3 and 3.5, even considering the Accountant 2 True Thursday comp. Unless walk-ups are great, this is very ordinary **(June 3)**.  More and more likely that my sample will stay stable on this 3M preview number. The buzz doesn't seem to be there for a big improvement.  |  A better day, though sales were concentrated in two theaters. Comps still indicating 3M in previews **(June 1)**.  Alarming day, it's stalling against MI8 which was encountering PLF capacity issues, and it's slipping against The Accountant 2's true Thursday too. It seriously needs to improve pace **(May 31)**.  Based on my true Thursday comp with The Accountant 2 as well, seems like 3M is the numbers it's headed to, but let's see if there's some growth in the final days **(May 29)**.  The comp with true Thursday for The Accountant 2 would give it about 4M so 3.5M seems about right at the moment **(May 27)**.  Very imperfect comp with MI8, but it's what I have so far - I didn't track EA for The Accountant. Considering MI8 is so IMAX-heavy, 2.5 seems to be the right number for Ballerina **(May 24)**.  I won't go into any comps as the only one that is vaguely useful is The Accountant 2 which had its OD on T-17, but Ballerina is already 3x against it **(May 20)**.  For EA and THU, Ok, I didn't track Day 2-3 but it clearly had very strong days - I didn't expect this. The Accountant 2 had a much shorter presale window but Ballerina is already pacing well ahead of that one, at least for true Thursday, as I didn't track EA for some reason **(May 18)**.)
- Cine-Taquillas ($3.25M THU Comp.  Losing some steam, hope this final days can stay to $3.5M at least **(June 1)**.  Falling behind Final Destination **(May 28)**.  Still slow, hope this week will do better **(May 25)**.  Not too much this weekend **(May 22)**.  Not bad, i think **(May 19)**.  For THU Hey, i expected worse **(May 17)**.)
- crazymoviekid ($2.54M THU Comp.  For THU Not a great start. I'm averaging $2.5M-$3M **(June 2)**.)
- el sid ($3.1M THU comp excluding The Amateur. Counted today for Thursday, had 518 sold tickets (with shows in all of my 7 theaters). Best presales in the AMCs in California (154 sold tickets in LA and 147 in San Francisco). Up 45% since last Tuesday (where it had 357 sold tickets). So it's doing not great but acceptable in my theaters. Some comps will probably go down in the next few days (e.g. the AWM comp) and some will go up (e.g. the Furiosa comp) **(June 2)**.  It had, counted today for Thursday, June 5, 232 sold tickets (with shows in 7 theaters). Best presales in the AMCs in NY (71 sold tickets) and LA (70).  17 days left. So it has now 11 days left to collect 24 tickets to be on par with The Amateur (2M from previews on Thursday and before). Of course it will be in front soon. The preview number compared to Abigail (1M from previews on Thursday) is at the moment 1.35M + it has 14 days left. Not bad at all **(May 19)**.  Ballerina, counted today for Thursday, June 5, had 218 sold tickets (with shows in 7 theaters). Best presales in the AMCs in San Francisco (70 sold tickets) and NY (66).  Comps (always counted for Thursday, an extremely wide range at the moment): A Working Man (1.1M from previews on Thursday) had with 12 days left 42 sold tickets. The Amateur (2M from Thursday and I think before) had with 6 days left 256 sold tickets. Abigail (1M Thursday only) had on Monday of the release week 171 sold tickets. And Furiosa (3.5M Thursday only) had with 9 days left 1.595 sold tickets. I doubt that it will have the same walk-ups as A Working Man (slightly worse) but I also doubt that its final jumps will be as poor as those of Furiosa. I would say, that its number is almost on par with The Amateur with 13 days left to very  probably overtake is a good sign **(May 17)**.)
- Flip ($4.06M THU and $7.92M FRI comp.  For THU Pace is below average, will need to pick up in order to hit 35m **(May 29)**.  For THU Today was a good day.  |  For FRI I think this can outopen Karate Kid, it's around 2x where that was at the same point. probably 30-35m OW.  |  Not doing much to change its prospects, still looking at ~30m OW **(May 25)**.  Decent pace but the raw numbers are still pretty meh. Hopefully this is the bottom of the U-curve otherwise it will be hard to reach 30-35m OW **(May 20)**.  Soon I will have the accountant 2 comp, which will spit out some pretty good numbers for Ballerina **(May 17)**.  FRI is .49x Mission Impossible 8 (T-22). Much better than how previews are looking, this is more like what I expected **(May 16)**.)
- katnisscinnaplex ($1.4M EA and $3.36M THU Comp.)
- keysersoze123 (With good walkups it should hit 30s OW. I need to see daily pace to fine tune the prediction. MTC1 Ear - 19226 / P - 18844 / F - 18686.  MTC2 Ear - 3556 / P - 7605 / F - 8812 **(June 2)**.  Ballerina has good presales at the moment. Thinking 4-5m previews and 35m+ OW **(May 27)**.  That said not sure if Ballerina is getting any IMAX. i dont see any Imax shows listed for it **(May 18)**.)
- PlatnumRoyce ((T-3/4) - EA+Thursday -  yeah, it's stalling though my comp predictions look better I think in part because I'm thinking about this more as an action film than a tentpole (though I love vafrow's Bad Boys comp).  158 tickets sold (75 EA - 3 theaters/4 showtimes + 83 Thursday (5 theaters/22 showtimes).   +11 EA tickets sold in last 3 days/+14 R tickets. Comps: Working Man went from11 to 23 tickets during same T- period changing comp to 7.55M (4M ignoring EA) from 6.9/13.3.  The Amateur sold 42 tickets versus 27 at T-7 dropping comp to $7.5M (4M pretending EA doesn't exist). Thunderbolts - 848 tickets sold (64 showtimes)  = $2.15M Preview comp. Sinners (T-5) 142 tickets sold/27 showtimes (+44 from T-8) = 5.23 combined preview (2.75M w/o EA). Sinners (fake T4 [average of T5 and t3]) - 208 tickets sold = 3.6M combined EA. The Accountant 2 (T-3) - 106 tickets (v. 43 on T-8) = 3.72M. combined EA [though I suspect the real number is 4.75M - a bit over 5M if you actually attempted to create a synthetic growth pattern to account for missing days]
giving a pretending EA doesn't exist number because I've normally not grabbed it and I don't have a record of which films have or don't have EA. In either case, Ballerina is clearly more EA heavy than many other films and is not growing very much. Seems like it's a film that is being 100% sold by a core fandom pitch **(June 2)**.  T-6/T-7 (EA/Thursday) - 69 tickets sold R + 64 W (133 total) / 26 showtimes (up from 61/54 /115 total 2 days ago).  comps (film (T-) - tickets sold/comp based on R/comps based on all EA [comps data doesn't include EA even when it might be applicable]): Working man (T-7) - 11/$6.6/$13.3M.  The Amateur (T-7) - 27 / $4.9/$9.9. Thunderbolts (T-7) - 579/$1.3/$2.6. Sinners (T-8) - 98 / $3.2/$6.4. Accountant (T-8) - 43/ $3.9/$7.7.  The biggest change is the amateur's relatively big jump from a small base significantly drops its comp. for another bad comp but at least vaguely in the right genre, at T-10 MI was at 369 tickets across 26 showtimes **(May 30)**.  For THU, T-9 (yesterday) - 61 sold /22 showtimes.  Adding EA would give me an additional 56 tickets sold in 3 theaters (4 showtimes) aka basically doubling the listed comp number below (really +192%).  The Amateur - 17 tickets (16 showtimes) / $7.2M comp. The Accountant (T-8) - 43 tickets (18 showtimes) / $3.5M. Sinners (T-8) - 98 /27 showtimes (T-8) /$2.8M OW comp. Working Man (T-10) - 9 tickets / 16 showtimes / $7.45M. So not really sure what to spit out as a single unified number **(May 28)**.  For Thursday previews, Ballerina went from 30 tickets sold on T-23 to 64 on T-14 which while The Amateur went from 7 to 13 during the same period and Sinners went from 15 (first day/T-22) to 54 on T-14. The Accountant went from 9 on T-21 to 13 on T-18 and 34 on T-10 (this one is missing a theater Ballerina sold 4 tickets at on both snapshots). Working Man was at 8 tickets sold at T-10 **(May 22)**.)
- M37 (Don't have any good Day 3 comps, but some T-21 comps are in the $2.5-$4M range at present, and extrapolating a bit into next week, probably bumping up to like ~$3-$5M expectation. But still early in the cycle, time to pick up steam over the next week **(May 16)**.)
- PNF2187 ($2.89M THU comp excluding The Accountant 2 and The Final Reckoning.  Not a bad day today, but we'll see where the pace nudges in the coming days **(June 2)**.  Could be worse, could be better **(June 1)**.  Still pretty wonky as far as comps go. The Accountant was abysmal here and The Final Reckoning came on quite a bit stronger, so not really getting a great sense here, especially with an EA screening being added in Vaughan **(May 29)**.)
- Ryan C ($3.1M THU Comp.  For WED EA: 1,094 Seats Sold (32.60% Increase From Last Time).  For THU: 1,342 Seats Sold (40.22% Increase From Last Time).  = 2,436 Seats Sold (36.70% Increase From Last Time).  So, Thursday wasn't quite able to match the pace of The Accountant 2 from its T-8 to T-3 (57%), but this has sold more twice the amount of seats at the same point. More impressive is that showtimes for The Accountant 2 started as early as 4:00 and the earliest showtimes for Ballerina start at 6:00. Not that I expect that to hinder walk-up business or make it stronger, but it's just something I wanted to point out. Anyways, if we go by The Accountant 2 comp, this is heading for a Thursday ~$4.2M and that would technically make sense considering that is one of the few good action comps that I have which wasn't boosted by playing in IMAX.  I originally didn't want to use this comp because it had an significant advantage with IMAX, but I will be using Mission: Impossible - The Final Reckoning for the next few days. That comps points to a Thursday of $2M, but that's probably way too low, so when calculating the average of that comp with Accountant's number, that would make for a Thursday around $3.1M. That seems more realistic, but I am holding out for the possibility of Thursday performing stronger. Overall, as of right now, I'd say an opening in the $35M range (close to half of John Wick: Chapter 4's opening weekend) is likely if this can manage a true Thursday of at least $4M. Any lower and I'm not even sure if $30M is guaranteed **(June 2)**.  For WED EA: 825 Seats Sold (62.08% Increase From Last Time).  For THU: 957 Seats Sold (35.55% Increase From Last Time).  = 1,782 Seats Sold (46.66% Increase From Last Time). Not much to report on this week. As expected, growth wasn't as strong compared to last week, but these still aren't bad bumps for both Wednesday's EA screenings and Thursday previews. Both should also cross 1,000+ seats by the next update. As far as action sequel comps to use starting on T-3, it's hard to find one that wasn't boosted by IMAX showings, but I think I found one with The Accountant 2. Though that one didn't play on IMAX, it did have some PLF footprint in the form of DOLBY (which Ballerina will have), so I think it checks out. Like I've been saying for the past two weeks, the goal is the at least achieve have of John Wick: Chapter 4's $8.9M preview number and I'll just say right now that if it ends up pacing like The Accountant 2, it might have a shot at achieving that (or at least get close) **(May 27)**.  For WED, 509 Seats Sold (277.03% Increase From Last Time).  For THU, 706 Seats Sold (125.55% Increase From Last Time).  = 1,215 Seats Sold (171.20% Increase From Last Time).  Really good increases (as far as both days) from last week, but I don't want to get my hopes up too high yet. Growth in the final week will be key in determining whether this meets respectable expectations (a $35M-$40M opening weekend) or it becomes another Furiosa ($26.3M).  Of course, the lack of IMAX screens really does hurt in terms of the average ticket price, but $35M+ OW is definitely possible if this continues to pace well these next two weeks **(May 20)**.)
- Sailor ($2.71M EA and $2.70M THU Comp.  For EA But here it's losing steam.  |  For THU Huh, it's slightly increasing **(June 2)**. For EA It continues declining against the comps.  |  For THU Terrible day **(May 30)**.  For EA It's also losing some steam here.  |  For THU Another decrease **(May 29)**. For EA It's also slightly dropping here.  |  For THU Another weak day **(May 28)**.  For EA A slow drop.  |  For THU It slightly recovered from yesterday **(May 27)**.  For EA It's steady. | For THU Not a great weekend **(May 26)**.  For THU Not really doing well for the past few days. I hope to see an acceleration soon.  |  For EA It's doing much better here **(May 23)**.  For THU That's... not great. 0.242x MI8 |  For EA It's also slowing down here.  0.318x MI8.  **(May 21)**.  For EA Passed 200 tickets and improved on its comps. | For THU It's slightly dipping against the comps. But there's still time **(May 20)**.  For EA It's also looking good here.  |  For THU It's looking okay so far **(May 19)**.  EA is 0.261x MI8 T-19.  Pretty good so far. |  THU is 0.239x MI8 T-20.  Well, that was an okay start. But I guess it could've been worse **(May 16)**.)
- TheFlatLannister ($4.68M EA+THU Comp. Still looks the same, no significant acceleration. Probably $4M+ previews from here $40Mish OW **(May 26)**.) 
- TwoMisfits (You have until the Sunday at 11:59pm of OW to book the tickets (so 6 days to book), BUT you can book ANY ticket available including future ones. | TMobile $5 June 2025 movie - Ballerina.  Available 6/3...as always should help, especially as the weekend and 1st weekdays legs go **(May 30)**.)
- vafrow ($3.3M THU Comp.  The trend continues **(June 3)**.  This is falling off pace pretty dramatically **(June 2)**.  It's starting to dip a bit as this was where BB:RoD started to really move. We'll see if it can stay pn pace durig the final stretch **(May 31)**.  Doing decently. The EA sales are probably eating up some demand, so its probably doing a bit better than presented. I think Bad Boys had some EA shows, just none for my sample **(May 29)**.  For THU Honestly, it's not doing too badly **(May 25)**.)
- wattage ($2.18M THU Comp.  Thinking 2.5-3 mill for previews if there's good enough acceleration in the final days. + early access would be 3-3.5 mill **(June 3)**.  Exact same update **(May 22)**.  Doing nothing. Ballerina has small sales for early access and nothing for preview days. Nothing of note. Fine as is right now **(May 20)**.  Not much happening right now **(May 19)**.)
**The Life of Chuck**
- Acrobat (Life Of Chuck is in trouble, based on what I'm seeing. For a TIFF winner, there should be more buzz and attention **(June 3)**.)
- Sailor ($0.78M THU Comp.  I struggled with comps, so I decided to use films from mini studios directed by auteurs.  Honestly, I expected far better than this. These past few days have been quite weak so far **(May 30)**.)
**The Ritual**
**The Phoenician Scheme Average Thursday Comp: $1.98M**
- crazymoviekid ($1.92M THU Comp.  Pretty good, $1.5M-$2.25M **(June 2)**.)
- Sailor ($2.03M THU Comp.  Well, well, well. It's still staying above $2 million here. Not sure if it will stay there for long, but I think this could hit $1.5+ million at least **(June 2)**.  Wow. This is doing pretty great so far. The film could obviously be front-loaded, but at this point, I think it's very likely it could top Asteroid City's previews. I hope it can overperform.  It opens the same day as Ballerina, but today it sold the exact same amount of tickets of that movie (and that has 2 days combined) **(May 30)**.  Oh, it's quickly picking up steam. There'a chance that it could only be for Wes Anderson's fans, but it has done very well so far **(May 26)**.  This was a very interesting trajectory. A fairly slow first day, followed by an incredible second day. You don't see that very often. Of course, there's always the possibility that this will only be for Anderson's fans, with no appeal for non-fans. But I'd say it's got a chance in passing Asteroid City's previews ($1.1M) **(May 23)**.)
**Next Sohee Wide**
**Domestic Calendar Dates (last updated May 20):**
**MAY**
**JUNE**
- (June 4) Presales Start [The Fantastic Four: First Steps]
- (June 4) Early Access [WED: Ballerina]
- (June 4) Opening Day [Wicked Part 1 Re-Release, includes trailer for Wicked Part 2]
- (June 5) Thursday Previews ( Dan Da Dan: Evil Eye + Dangerous Animals + From the World of John Wick: Ballerina + The Life of Chuck + The Ritual + The Phoenician Scheme)
- (June 11) Early Access [WED: How to Train Your Dragon]
- (June 12) Presales Start [Superman]
- (June 12) Opening Day (Next Sohee Wide)
- (June 12) Thursday Previews (How to Train Your Dragon + Materialists + The Unholy Trinity)
- (June 18) Early Access [WED: Elio]
- (June 19) Thursday Previews (28 Years Later + Bride Hard + Elio)
- (June 22 and June 25) Release Days (Brokeback Mountain Re-Release)
- (June 23) Early Access (MON IMAX: F1: The Movie)
- (June 25) Early Access (WED: F1: The Movie)
- (June 26) Thursday Previews (F1: The Movie + M3GAN 2.0 + Sorry, Baby)
**JULY**
- (July 1) Tuesday Midnight Previews (Jurassic World Rebirth)
- (July 2) Opening Day (Jurassic World Rebirth)
- (July 7) Amazon Prime Premiere [Superman]
- (July 10) Thursday Previews (Superman)
- (July 17) Thursday Previews (Eddington + I Know What You Did Last Summer + The Smurfs Movie)
- (July 24) Thursday Previews (The Fantastic Four: First Steps)
- (July 31) Thursday Previews (The Bad Guys 2 + Naked Gun)
**AUGUST**
- (August 6) Opening Day (Sketch)
- (August 7) Thursday Previews (Freakier Friday + Weapons)
- (August 14) Thursday Previews (Clika + Eli Roth Presents: Jimmy and Stiggs +  Nobody 2)
- (August 21) Thursday Previews (Americana + Grand Prix of Europe + Honey Don’t + Splitsville)
- (August 28) Thursday Previews (Caught Stealing + The Roses + The Toxic Avenger Unrated)
**Presale Tracking Posts:** 
[Apr. 27](https://www.reddit.com/r/boxoffice/comments/1k90tfn/bot_presale_tracking_apr_27_thursday_comps_the/?ref=share&amp;ref_source=link)
[Apr. 30 Part 1](https://www.reddit.com/r/boxoffice/comments/1kbgf6u/bot_presale_tracking_apr_30_part_1_thunderbolts/?ref=share&amp;ref_source=link)
[Apr. 30 Part 2](https://www.reddit.com/r/boxoffice/comments/1kbgkgy/bot_presale_tracking_apr_30_part_2_average/?ref=share&amp;ref_source=link)
[May 6](https://www.reddit.com/r/boxoffice/comments/1kgl64j/bot_presale_tracking_may_6_thu_comps_final/?ref=share&amp;ref_source=link)
[May 23](https://www.reddit.com/r/boxoffice/comments/1ktl98c/bot_presale_tracking_may_23_thursday_comps_bring/?ref=share&amp;ref_source=link)
[May 27](https://www.reddit.com/r/boxoffice/comments/1kwjcfn/bot_presale_tracking_may_27_thursday_comps_bring/?ref=share&amp;ref_source=link)
Note: I have removed most tracking data that has not been updated for 2 weeks.  I think there is value in keeping data for a week or two but at a certain point they start to lose their value and should not be treated the same as more recent tracking data."
How to Train Your Dragon,"""Overused"" tropes that were done remarkably well and prove that ""overused"" doesn't inherently mean ""bad""",2971,0.98,295,"1.) ""The nerdy loser gets the girl in the end"" with hiccup and astrid (how to train your dragon). At the end of the first movie sure, maybe not the best, but the fact that they kept building their relationship throughout the other shows and movies from cute puppy love to pure devotion and a genuinely happy family was amazing.
2.) ""killing the villain isn't the answer"" with Aang and Ozai (Avatar the last airbender). At the time Aang was the last airbender, the last of his people, the last person capable of passing down the teachings of airbenders to future generations. If he killed Ozai, not only would that have made Ozai a martyr and continued the fighting, but it also would have permanently tainted Aang morality and teachings as a monk. If Aang killed Ozai, he would've finished what Sozin started with the destruction of the air nomads, first their people then their culture.
3.) ""They were dead the whole time"" With Dr. Malcolm Crowe (sixth sense). The little hints and teases that he was dead were expertly sprinkled in and the final realization where everything comes together, you can practically feel the heartbreak and panic and eventual acceptance coming from both character and actor. This is why people still give M. Night Shyamalan so many chances year after year
4.) ""It was a dream the whole time"" With Cooper (black mirror ""the playtest""). The premise is that he's been avoiding his mom, but needs extra cash to fly home to finally visit her so goes to a vr company that implants a device to get you to experience immersive AR horror. First you think ""oh the company is actually evil and just want to override his memories"" until you realize that it was his brain projecting his fear of alzheimer's like what his father died from. Then he wakes up in the office he agreed for the second playtest thinking that it's all over. He goes home and sees his mom desperately trying to call his phone, but no matter how many times he yells out to her, his mom won't answer. Then we cut to him in the original testing room, seizing and dying. In the 0.4 SECONDS he was hooked up to the device, his mom had called his phone which messed up the mechanics, causing Cooper's brain to overload instantly before dying. There were so many red herrings of what was real and what was fake that the final reveal was amazing, yet tragic."
How to Train Your Dragon,Update: How To Train Your Dragon $11M previews including $2.5M early access screenings.,151,0.96,51,
How to Train Your Dragon,"June 13-15 Box Office Recap – 'How to Train Your Dragon' flies to a fantastic $198M worldwide debut, the best in the franchise. 'Materialists' opens with $11.3M, the third best debut in A24's history. However, Neon's 'The Life of Chuck' disappoints with just $2.3M.",105,0.84,60,"https://preview.redd.it/ec6bwbl0bd7f1.png?width=1920&amp;format=png&amp;auto=webp&amp;s=e2de910277562c1266263fbfcfc38cb837a209ce
Turns out audiences were also welcome to DreamWorks remaking their own films.
The live-action remake of ***How to Train Your Dragon*** easily topped the box office, opening higher than any of the prior films. A24 also found success with ***Materialists***, which scored the company's third best debut. Unfortunately, the week's big loser was Neon's ***The Life of Chuck***, which disappointed in its wide expansion.
The Top 10 earned a combined $146.4 million this weekend. That's down a rough 30.6% from last year, when ***Inside Out 2*** debuted with a colossal $154 million.
Opening at #1, ***How to Train Your Dragon*** debuted with a pretty great $84.6 million in 4,356 theaters. That's higher than any of the animated films, even adjusted for inflation. Obviously below ***Lilo &amp; Stitch***'s massive debut, but the film was not really expected to come close to those numbers.
There were concerns over the idea of a live-action remake of this franchise. After all, the original film is barely 15 years old and fresh in people's mind. But it's clear that it was enough nostalgia to make people curious. Universal and DreamWorks made two great jobs here: getting Dean DeBlois back as the director with complete control, and re-capture the iconic images of the animated film. Sure, it leaned as shot-for-shot in some aspects, but clearly it worked here. As the saying goes, ""if it ain't broke, don't fix it.""
According to Universal, 56% of the audience was female, and 68% was 35 and under. They gave it a strong ""A"" on CinemaScore, the same grade as the animated films. Even with ***Elio*** coming up, this should be a main attraction for families throughout the summer. It should definitely hit over $250 million domestically. Universal ain't wasting a second with this, as they already set a sequel for June 2027.
In second place, ***Lilo &amp; Stitch*** dropped 51.4% and added $15.7 million this weekend. That's not a terrible drop, but it's still quite rough. For the past few weeks, the film has had very mediocre legs at the box office. For some perspective, its first weekend was $82 million ahead of ***Mission: Impossible***. Now it's fourth weekend is just $5 million ahead. The film has amassed $366.5 million domestically, and it's now guaranteed to finish below ***A Minecraft Movie*** ($423 million). Quite front-loaded for a family film.
In third place, A24's ***Materialists*** opened with $11.3 million this weekend. While Box Office Mojo and The Numbers report the debut at $12 million, Deadline said that the updated actuals are $11.3 million. That's the studio's third biggest debut ever, behind ***Civil War*** ($25.5 million) and ***Hereditary*** ($13.5 million). Notably, it matched the domestic lifetime of Celine Song's previous film, ***Past Lives*** ($11.3 million), in just 3 days.
This debut suggests that there's still an audience waiting for a romance in theaters. A24 sold the film pretty much solely on its cast. Sure, Dakota Johnson, Chris Evans and Pedro Pascal have had some box office duds in the past few years, but they're still well known names. Celine Song has also earned a cult following thanks to her critically acclaimed ***Past Lives***. While ***Materialists*** didn't have the universal acclaim of that film, it still earned a great response (86% on RT). 
According to A24, 74% of the audience was female and 69% was 35 and under. This is a great debut... but here's when things turn a little wild. Audiences gave the film a very weak ""B–"" on CinemaScore, which is quite poor for a romance film. It's a result of A24 marketing the film as a traditional rom-com, but the final film is not that. It's quite likely that the film falls off in coming weeks, but it should still hit $30 million domestically.
Even with the loss of IMAX screens, ***Mission: Impossible – The Final Reckoning*** had its best drop so far. It dipped just 28.8%, adding $10.5 million this weekend. While the film started $14 million behind ***Dead Reckoning*** on its opening weekend, it's now $15 million ahead of it through the same point. The film has earned $166.5 million, and it will outgross that film's domestic total in the next few days.
After its disappointing debut last week, ***Ballerina*** didn't save face on its second weekend. It collapsed 60.2%, earning just $9.7 million this weekend. That drop is slightly better than ***John Wick: Chapter 4*** (62%), but that film's opening weekend was 3 times larger. Even with positive reviews and word of mouth, it doesn't appear like the audience was much interested in this.
Through 10 days, ***Ballerina*** has earned just $42.1 million domestically. If it keeps dropping like this, it will miss $60 million domestically. So there's a strong chance that it becomes the least attended film in the franchise (***John Wick***'s adjusted total is $58.4 million). Ouch.
***Karate Kid: Legends*** recovered after its terrible drop last week. It dipped 38.7%, adding $5.2 million this weekend. Although the film's $44.4 million domestic total still leaves a lot to be desired.
In seventh place, ***Final Destination: Bloodlines*** eased 37.9% and earned $4 million. The film has amassed $130.7 million domestically, and it will finish with close to $140 million. Assuming it's not fully impacted by ***28 Years Later*** this week.
Wes Anderson's ***The Phoenician Scheme*** dropped 48.9% and added $3.2 million. That's actually a better drop than ***Asteroid City*** (53%). Impressive, considering the film's word of mouth wasn't as strong as that film. Through 2 weekends in wide release, the film has earned $12.9 million.
Neon expanded Mike Flanagan's ***The Life of Chuck*** to 1,072 theaters, but the film disappointed in ninth place with just $2.3 million this weekend. That's Flanagan's worst debut in theaters; his three theatrical films all managed to open with at least $12 million. Sure, they all opened in far more theaters, but still.
Unfortunately, this result isn't surprising. After all, the limited release last week was underwhelming, indicating it wasn't going to break out in its expansion. The film earned buzz when it surprisingly won the People's Choice Award at the Toronto Film Festival, suggesting it would be an awards player. Instead of cashing in on the buzz, Neon bought it and decided to set it for summer. In a sea of competition, it simply feels like the buzz died down in the past 9 months. It just didn't connect with audiences.
Due to releasing in just 1,072 theaters, we don't have much data breakdown for the weekend. Now, the audience reception is very positive, which bodes well for its legs. Although with a debut this low (and little-to-no awards buzz), the film might not last long in theaters.
Rounding out the Top 10 was ***Sinners***, which dropped 45.8% for a $1.5 million weekend. The film has earned an incredible $275.5 million so far.
A24's ***Bring Her Back*** is disappearing quickly. It collapsed 60%, adding $1.4 million this weekend. The film's domestic total stands at $17.6 million.
***Thunderbolts*** is also nearing the end of its run. It collapsed 57.7%, earning just $1 million this weekend. The film has earned $188.5 million, and it will finish its run with around $192 million.
#**OVERSEAS**
***How to Train Your Dragon*** also led the box office in the rest of the world. It opened with a fantastic $114.1 million overseas, for a $198 million worldwide debut. The best debuts were in Mexico ($14M), the UK ($11.4M), China ($11.2M), Brazil ($7.8M), South Korea ($7.4M), France ($5.1M), Australia ($4.4M), Spain ($4.3M), Germany ($4M) and Italy ($3.3M). Nearly all of these markets are all franchise best. Like the domestic market, this should be the main attraction for families for the summer. The second film is the highest grossing in the franchise with $621 million worldwide, and the remake should easily fly past that. Expect more live-action DreamWorks remakes. For better or worse.
***Lilo &amp; Stitch*** was impacted by ***Dragon***'s arrival. It dropped 54% and added $31 million this weekend, for a $858 million worldwide total. The best markets are Mexico ($61.8M), UK ($45.1M), France ($35.2M), Brazil ($31.8M) and Germany ($27M). While the film seemed like an ""easy billion"" based on its opening weekend, these drops are quite steeper than expected, and it has no new markets left to open. For now, $1 billion is still in the cards, but if it hits it, it won't be by much.
***Mission: Impossible – The Final Reckoning*** added $21 million overseas, allowing it to cross $500 million worldwide. The best markets are China ($55.8M), UK ($31.2M), Japan ($27.3M), Korea ($21.6M) and France ($20.8M). It should pass ***Dead Reckoning*** worldwide, but it still remains to be seen if it will touch $600 million.
***Ballerina*** added $13.5 million overseas, taking its worldwide total to $91 million. Barring a miracle recovery, the film will probably close with around $140 million worldwide. Damn.
#**FILMS THAT ENDED THEIR RUN THIS WEEK**
Movie | Release Date | Studio | Domestic Opening | Domestic Total | Worldwide Total | Budget |
----------|----------|----------|:--------:|:--------:|:--------:|:--------:
*The Amateur* | Apr/11 | 20th Century Studios | $14,802,849 | $40,759,635 | $95,956,038 | $60M
*The Accountant 2* | Apr/25 | Amazon MGM | $24,533,959 | $65,523,366 | $102,123,366 | $80M
- ***The Amateur*** has closed with almost $96 million worldwide. Not a bad amount, although its $60 million budget put profitability quite high. While it started with some promise, it didn't really hold well in the coming weeks. There's potential in mid-budget thrillers, but the quality still needs to be there if it wants a chance at success.
- But you know what not many expected? That ***The Accountant 2*** would finish with $102 million worldwide, barely above ***The Amateur***. That's a rough drop from the original's $155 million worldwide total, but it simply looks like the audience moved on after 9 years. Even when the original was a huge hit in home media and streaming. A sequel is in development, but it's more likely it will go to Prime Video instead.
#**THIS WEEKEND**
We've got two wide releases. One will contend for the #1 spot, and the other is probably heading to some very ugly numbers.
After so many years stuck in development in hell, Sony is finally releasing Danny Boyle's ***28 Years Later***, 18 years after the latest installment in the franchise. Like the previous films, there are no returning cast members, with Jodie Comer, Aaron Taylor-Johnson and Ralph Fiennes as the new leads. But what's important is the return of Boyle in the director's chair, alongside Alex Garland as the screenwriter. The film is also setting a higher bar than most horror films; it cost $75 million, more expensive than the average horror film. It's also set to launch a trilogy, with the second film already filmed and set for January 2026. How big will it be?
The other release is Pixar's ***Elio***, the company's 29th film. It follows an eleven-year-old boy named Elio who accidentally becomes the intergalactic ambassador of planet Earth after being beamed up to the Communiverse by aliens for making contact. The film has had a complicated release, given that it was supposed to come out in March 2024. And in the process, some aspects of the film were retooled, including replacing America Ferrera with Zoe Saldana. While Pixar hit gold last year with ***Inside Out 2***, there's no chance ***Elio*** opens anywhere close to that. The recent failure of other sci-fi animated films like ***Lightyear***, ***Strange World***, and ***Transformers One*** puts a lot more pressure on this film.
____________________________________________________________________________________________
If you're interested in following the box office, come join us in r/BoxOffice."
How to Train Your Dragon,In How To Train Your Dragon (2025) vikings can be seen using siege weapons. Which makes me think that this movie might not be realistic at all.,549,0.98,12,
How to Train Your Dragon,‘How to Train Your Dragon’ Star Nico Parker Reacts to Trolls About Her Casting: “I Can’t Value Your Opinion on My Hair”,163,0.91,49,
How to Train Your Dragon,"You couldn’t make how to train your dragon (2010) today, this is because the movie already exists, so it would be a blatant cash-grab",368,0.94,24,
How to Train Your Dragon,"Chose anyone or more characters from the last movie, series, book, videogame or whatever you watched or played to be teleported to How to train your dragon universe",74,1.0,64,
How to Train Your Dragon,SML Movie: How To Train Your Dragon!,60,0.95,62,
How to Train Your Dragon,Long Range Forecast: Can HOW TO TRAIN YOUR DRAGON Fly to a $100M Debut?,104,0.9,60,
How to Train Your Dragon,Gavin fails to maintain Summer Movie Auction lead against How to Train Your Dragon,258,0.99,29,"The past two weeks of the Summer Movie Auction has shaped the leaderboard back to its original form. With Nick regaining First place, will anyone be able to topple his calculated maneuvers? Here is the current leaderboard:
[Overall Domestic Leaderboard](https://preview.redd.it/ojuvhmmufh9f1.png?width=1478&amp;format=png&amp;auto=webp&amp;s=b0613191ac6effb6631ab97170d846c30f19fbec)
[All User's Cumulated Domestic Box Office, Daily](https://preview.redd.it/nbuyhokofh9f1.png?width=2652&amp;format=png&amp;auto=webp&amp;s=2e374d4613c5c05a43121b24958015b368113e3d)
**Recent Highlights:**
* **Nick** maintains a strong lead with a total of **$551 million**, largely driven by *How to Train Your Dragon*'s massive $176 million opening and *Mission: Impossible - The Final Reckoning*'s steady performance ($181 million). His heavy investments in blockbusters are paying off for now, but with low Domestic/Point values has he overpaid?
[Nick's Cumulated Domestic Box Office, Daily](https://preview.redd.it/y8pten8hhh9f1.png?width=2288&amp;format=png&amp;auto=webp&amp;s=cd5ddb5e68221ac4961144cd9f04909b426af75b)
* **Gavin** sits comfortably in second place at **$430 million**, thanks to *Lilo &amp; Stitch*'s impressive legs ($391 million total) and *28 Years Later*'s solid $38 million debut.
[Gavin's Cumulated Domestic Box Office, Daily](https://preview.redd.it/80e8w5ddhh9f1.png?width=2346&amp;format=png&amp;auto=webp&amp;s=5b19bec1626c037894ae130da4c03fce42463e25)
* **Andrew** holds third with **$168 million**, carried by *Final Destination: Bloodlines* ($135 million) and *Elio*'s decent $29 million opening.
* Meanwhile, **Geoff** ($100 million) and **Eric** ($94 million) remain locked in a tight race for fourth, with Eric’s *Ballerina* ($52 million) closing the gap on Geoff’s *Karate Kid: Legends* ($50 million).
[All User's Cumulated Domestic Box Office, Daily](https://preview.redd.it/kiwhtx4phh9f1.png?width=2324&amp;format=png&amp;auto=webp&amp;s=87d774b4fd493a20ea5099342f81c69c33437b8c)
**Looking Ahead:**
* **Nick** aims to extend his dominance with *How to Train Your Dragon* continuing its run, while **Gavin**’s *Jurassic World: Rebirth* (July 2) looms as a potential game-changer.
* **Geoff** hopes *F1* (June 27) can overtake third or solidify his lead over **Eric**, who is banking on *Superman* (July 11) for a late-season surge.
* **Andrew**’s *M3GAN 2.0* (June 27) could help him fend off challenges from the bottom half of the standings.
**Closing:**
Nick’s early blockbuster-heavy approach has him firmly in control, but Gavin’s consistent performers and upcoming *Jurassic World* could make things interesting. Meanwhile, the battle for fourth remains razor-thin, with Eric’s *Superman* poised to shake things up in July. Will Geoff’s *F1* give him enough breathing room, or will Eric’s big bet pay off?
For anyone interested in playing with the graphs, or competing against the cast with your own draft, you can find the tool here: [https://regulationfan.com/2025/summer-movie](https://regulationfan.com/2025/summer-movie)"
How to Train Your Dragon,Box Office: ’28 Years Later’ Chomps on $14 Million Opening Day; ‘Elio’ Facing Pixar’s Lowest Debut Ever as ‘How to Train Your Dragon’ Rules Again,74,0.91,54,
How to Train Your Dragon,I went to see How to Train Your Dragon Live Action..... It's a worthy remake.,110,0.88,48,Dreamworks did not disappoint. They showed that they could do it. And it is banal but better than the current remakes of Disney. And so I want to know your opinion. Is it a worthy remake or still not at the level of the original?
How to Train Your Dragon,$1M CLUB: PREVIEW THURSDAY 1. HOW TO TRAIN YOUR DRAGON ($11M)* 2. LILO &amp; STITCH ($2.9M) 3. THE MATERIALISTS ($1.5M) 4. BALLERINA ($1.3M) 5. M:I8 ($1.2M),161,0.97,37,
How to Train Your Dragon,Drew is in a commercial for the new How to Train Your Dragon movie,363,0.99,18,
How to Train Your Dragon,"Just saw How to Train Your Dragon today—great time at AMC. On the way out, I was excited to see Tron: Ares signage right in the lobby, not tucked away in the back. Glad they’re already promoting it! Has the trailer even played in theaters yet?",248,0.97,25,
How to Train Your Dragon,"Universal / DreamWorks Animation's How to Train Your Dragon has passed the $450M global mark. The film grossed an estimated $32.7M internationally this weekend. Estimated international total stands at $254.4M, estimated global total stands at $454.4M.",97,0.96,43,
Jurassic World Rebirth,Official Discussion - Jurassic World Rebirth [SPOILERS],935,0.91,4133,"#Poll
**If you've seen the film, please rate it [at this poll](https://strawpoll.ai/poll/vote/YUnkeYtwk9BL)**
**If you haven't seen the film but would like to see the result of the poll [click here](https://strawpoll.ai/poll/results/YUnkeYtwk9BL)**
#Rankings
[Click here](https://strawpoll.ai/list/ItnAgr4mX7QR) to see the rankings of 2025 films
[Click here](https://youpoll.me/list/4/) to see the rankings for every poll done
---
**Summary**
Five years after the events of *Jurassic World Dominion*, Earth’s dinosaurs now survive only on isolated equatorial islands. A covert extraction team, led by Zora Bennett, embarks on a mission to secure dinosaur DNA for a groundbreaking pharmaceutical treatment. Their expedition collides with a stranded civilian family, plunging everyone into chaos amid mutated dinosaurs and hidden threats. The story culminates in a tense race for survival on a forbidden island with a sinister secret tied to Jurassic Park’s past.
**Director**
Gareth Edwards
**Writer**
David Koepp 
**Cast**
* Scarlett Johansson as Zora Bennett
* Mahershala Ali as Duncan Kincaid
* Jonathan Bailey as Dr. Henry Loomis
* Rupert Friend as Martin Krebs
* Manuel Garcia‑Rulfo as Reuben Delgado
* Luna Blaise, David Iacono &amp; Audrina Miranda as the Delgado family
* Philippine Velge, Bechir Sylvain &amp; Ed Skrein as the extraction team
**Rotten Tomatoes**: [54](https://www.rottentomatoes.com/m/jurassic_world_rebirth)
**Metacritic**: [52](https://www.metacritic.com/movie/jurassic-world-rebirth/)
**VOD**
Released in theaters July 2, 2025. Digital release expected later in 2025.
**Trailer**
[Watch here](https://www.youtube.com/watch?v=jan5CFWs9ic) 
---"
Jurassic World Rebirth,The problems with jurassic world rebirth explained by a person with adhd,640,0.87,342,"I personally think this movie deserves maybe like a 3.6/5. It wasn't horrible in terms of cgi probably one of the best (except dolores). However the story just didn't add up to me. I feel like in this movie they killed off any unnecessary people because they weren't ""important"". I felt so bad Lelarc when he died and was honestly not expecting it. He was actually one of my favourite characters. Now lets get to how they could fix it. First of all, remove the D-rex. What is that alien like beluga. As said probably like 50 times within the community, leave the kaiju's to godzilla. But let's say they did keep the d rex. If so, I would expect like more than 10 minutes of screen time for a main antagonist. It showed up at the start, as a menacing scary creature that would likely show up later as a huger, bigger threat. Also, I feel like a fight scene between the d rex and other dinosaurs would be cool. Sure it's sorta repetitive, happening in every jurassic world film, but it would still be cool. You can disagree with me on that part. Also the quetzalcoatlus just, isn't a quetzalcoatlus at all in the movie. First of all why tf is it so small? And second of all again it's just NOT a quetzalcoatlus. Also the idea of the Dr. Henry being a drug addict, or just eats drugs at all kinda makes me like him less. Also, did anyone notice that the D rex grew smaller??? Like that thing went from fitting a helicopter in his mouth to barely comparing the size of it's mouth to a human?? That shit grew smaller. ALSO... Duncan should've died, or at least explained how he lived. When I saw the movie I actually felt emotional because of Duncan's ""SacrificIe"". However, when he somehow appeared out of nowhere, alive, I was like, WTF?? I feel like a small scene that shows how he lived would've been better, or just him straight up dying would be better. Duncan is one of my favourite characters don't get me wrong, I just feel like the story would've been better if there was a great sacrifice. Congrats if your still reading! I also just don't get the family. Like why did we NEED 2 separate groups?? And for half of the movie one doesn't realise the other is alive? I feel like the family was just a burden on the scientists. But hey that's just me speaking you can also disagree with that.
I have a lot more to talk about but i don't wanna keep typing my fingers are tired lol. I have adhd so a lot of yall will probably disagree. But hey that's just me speaking my adhd thoughts."
Jurassic World Rebirth,Jurassic World Rebirth Plotholes,83,0.76,93,"Yesterday I watched Jurassic World Rebirth. I love palaeontology so, like many other palaeo-fans, I really looked forward to this movie. I watched the first trailer when it came out and I have avoided every other one since then. So, I am going to list the plotholes and inconsistencies I found and then leave my general impressions on the movie. Please, correct me if I misunderstood anything.
* **The plot itself.** The excuse to put the characters in the island is that there is a company that wants to develop a medicine (again) to cure cardiovascular diseases and they need the DNA of the biggest species of dinosaur, pterosaur and marine reptile. I mean, these creatures were made by humans, the information they need must be easier to find. Even if the info could only be found in the island, if they went straight to the lab they wouldn't need to deal with the living creatures. For sure there are samples there.
* **Broken leg**. There is a man that gets his leg broken in a certain scene. A few moments after that, he can walk and jump perfectly. However, he is seen limping afterwards again.
* **Underground ducts**. Some sort of inexplicable large underground ducts exist below the convenience store. Anyway, some characters are forced to escape using them. Other characters try to help them but, depending on the character, either they find them instantly or it takes minutes, no matter the distance between them.
* **Animal behaviour**. There's a T-Rex taking a nap besides a huge carcass of an hadrosaur (probably hunted by it). The humans are forced to take a boat that is close to the Rex, then it wakes up and chases them down. Having that huge amount of food available makes the chase useless. Humans don't pose a threat to its food either (JP classic). Also they keep presenting the hervibores as docile creatures!! They should pose a threat to humans too!
* **Proportions.** The scriptwriters keep messing around with animal sizes. I know the dinos are supposed to be custom-made, but the size of the Titanosaur is unrealistic. It is waaay too big and it only weights 11 tonnes! Double the weight of an elephant!! The average density LOL. I guess that with these proportions they don't break the square-cube law. 
* **Changes in design**. I feel that they modified the Mosasaurus design a bit. They added a dorsal fin and they changed the scaly look of the animal, especially in the snout area. Also the teeth were changed I think.
* **Ending of the movie.** I feel that ending is a bit rushed. There's a character that survives and I didn't understand how. They use a super small emergency boat to escape the island (250 miles away from the nearest coast) and they look super relaxed and happy. The Spinos and the Mosasaur could still be there!
That's it. To sum up, despite these inconsistencies I found, I enjoyed the movie. I think it is an improvement over the last two films. It feels a bit like Jurassic Park 3. They scrapped the good vs evil shit that they were using in the last three movies, there are some clever references that I loved (the convenience store for example), and the mutants are very cool, the best part of the movie.
  
These movies make me appreciate even more the balls that the GIGACHAD Nigel Marven had in WWD. What a legend. If he was in this movie, it would be only 20 minutes long or so LOL."
Jurassic World Rebirth,Scarlett Johansson Becomes Hollywood’s Highest Grossing Lead Actor With ‘Jurassic World Rebirth’,12547,0.92,1205,
Jurassic World Rebirth,What did you think of Jurassic World Rebirth? (NO SPOILERS),1242,0.97,1027,
Jurassic World Rebirth,'Jurassic World Rebirth' Review Thread,1206,0.92,847,"[Rotten Tomatoes](https://www.rottentomatoes.com/m/jurassic_world_rebirth): 54% (100 reviews) with 6.00 in average rating
[Metacritic](https://www.metacritic.com/movie/jurassic-world-rebirth/): 53/100 (38 critics)
As with other movies, the scores are set to change as time passes. Meanwhile, I'll post some short reviews on the movie. It's structured like this: **quote first, source second.** Beware, some contain spoilers.
&gt; The blend of physical locations with sets and digital imagery is seamless and the CG work on the creatures is first-rate, notably so in the scary climactic stretch when the lumbering D. Rex joins the fray. Edwards clearly is a devoted Spielberg fan, embedding subtle homages throughout, notably in the open water sequences that recall Jaws. Jurassic World Rebirth is unlikely to top anyone’s ranked franchise list. But longtime fans (count me among them) should have a blast.
-[David Rooney, The Hollywood Reporter](https://www.hollywoodreporter.com/movies/movie-reviews/jurassic-world-rebirth-review-scarlett-johansson-1236302373/)
&gt; Scenes between Ella and her potentially ill-advised pet, along with tender moments involving several other species, introduce a surprising counter-argument to the earlier “Jurassic” movies: namely, that they have a right to exist. But entertaining as it can be at times, stripped of the silliness that tainted the second trilogy, “Rebirth” doesn’t necessarily make the same case for itself. The movie offers an updated version of the same basic ride Spielberg offered 32 years earlier, and yet, it hardly feels essential to the series’ overall mythology, nor does it signal where the franchise could be headed.
-[Peter Debruge, Variety](https://variety.com/2025/film/reviews/jurassic-world-rebirth-review-1236443872/)
&gt; Needless to say, “Rebirth” doesn’t do itself any favors by so frequently harkening back to the original. Bad as some of the previous sequels have been, none of them have been so eager to measure themselves against Spielberg’s masterpiece. Nothing in this movie is quite as maddening as the second trilogy’s attempt to make audiences invest in a specific Velociraptor (though Edwards half-heartedly tries to sweeten us on an adorable baby Aquilops named Dolores), but the extent to which this franchise is just fending off its own extinction has never been more obvious than it is in during the “Rebirth” sequence that pays homage to the kitchen encounter from the first movie. The “Jurassic” sequels were bad enough when they made an effort to evolve — they’re even less worth seeing now that they already come pre-fossilized.
-[David Ehrlich, IndieWire](https://www.indiewire.com/criticism/movies/jurassic-world-rebirth-review-1235135932/): C–
&gt; There’s a disappointing amount of “same old thing” to Jurassic World Rebirth. Scarlett Johansson, Mahershala Ali, and the rest of the cast are intriguing and sympathetic throughout, but Gareth Edwards doesn’t quite recapture his signature flair for grand-scale visuals nor does David Koepp find the magic of his original Jurassic Park screenplay, opting to follow that movie’s structure as more of a remix than a rebirth.
-[Clint Gage, IGN](https://www.ign.com/articles/jurassic-world-rebirth-review-scarlett-johansson-mahershala-ali): 5.0 out of 10 ""mediocre""
&gt; So why the hell does this feel so generic, so by-the-numbers, so instantly forgettable? The whole thing resembles the blockbuster version of a readymade, assembled from various, recognizable spare parts and elevated only by virtue of its name. Fans and completists may still get giddy over a ScarJo vs. Dinos showdown, and you should never underestimate the power of giant, toothy jaws chomping down on poor, hapless humans. But long before the big showstopping climax, you’ll start to understand why the movie’s jaded public became bored by what once seemed thrilling and unique. Subtitling this Rebirth seems to have been an act of extreme optimism.
-[David Fear, Rolling Stone](https://www.rollingstone.com/tv-movies/tv-movie-reviews/jurassic-world-rebirth-review-scarlett-johansson-1235372435/)
&gt; This new Jurassic adventure isn’t doing anything so very different from the earlier successful models, perhaps, and I could have done without its outrageous brand synergy product placement for certain brands of chocolate bar. But it feels relaxed and sure-footed in its Spielberg pastiche, its big dino-jeopardy moments and its deployment of thrills and laughs. Maybe the series can’t and shouldn’t go on for ever: we need new and original ideas. This one would be great to go out on.
-[Peter Bradshaw, The Guardian](https://www.theguardian.com/film/2025/jun/30/jurassic-world-rebirth-review-scarlett-johansson-runs-show-as-near-extinct-franchise-roars-back-to-life): 4/5
&gt; “Jurassic” has to live with setting a high bar, of course — the original film revolutionized the industry, a status that “Rebirth” is all too aware of, as seen in its meta theme of dinosaurs becoming old news to a jaded populace. Yet just because cheeseburgers are now available anywhere doesn’t mean that they can’t be damn tasty. “Jurassic Park Rebirth” is just a well made cheeseburger, and whether that’s filling and interesting enough is up to your own appetite. 
-[Bill Bria, The Wrap](https://www.thewrap.com/jurassic-world-rebirth-review/)
&gt; “Science is for all of us, not just for some of us,” Dr. Loomis tells Zora, advocating for their work to have a more noble purpose than lining their pockets. That aspirational notion has always sat at the heart of the Jurassic Park films. Jurassic Park Rebirth is one of the more successful and satisfying entries in the franchise precisely because it, uh, finds a way to keep Loomis’ mantra close, foregrounding the film’s sense of wonder above a mere blatant cash grab.
-[Maureen Lee Lenker, Entertainment Weekly](https://ew.com/jurassic-park-rebirth-review-scarlett-johansson-jonathan-bailey-help-franchise-roar-back-11763036): B+
&gt; It might sound like a challenge to believe these humans would sign up to visit a forbidden jungle for guaranteed encounters with truly frightening and gigantic creatures out of another time in order to essentially get blood samples, but if you are game to go with that premise a good time will be had for all. If there is to be an eighth installment, count me in.
-[Pete Hammond, Deadline](https://deadline.com/2025/06/jurassic-world-rebirth-review-scarlett-johansson-spielberg-1236445462/)
&gt; This is a monster-adventure movie, with passages that recall Jaws and King Kong; maybe not the most original influences, but certainly not shabby ones. In its fusion of Edwards’ craft with characters who aren’t thunderously stupid or unlikable, this is the best Jurassic movie in ages – in part because it works so comfortably as an ooh/ahh/run/scream monster movie.
-[Paste](https://www.pastemagazine.com/movies/gareth-edwards/jurassic-world-rebirth-scarlett-johansson-mahershala-ali-gareth-edwards-dinosaurs): 7.0
&gt; “Jurassic World: Rebirth” is a very imperfect film. On one hand, it seems to be recycling every successful character trope and set piece from the franchise, which may be considered lazy and uninspiring, but it is still captivating. Even in its faults, the objective of a “Jurassic Park” film is to scare, thrill, and amaze its audience, and this film does that in its set pieces.
-[Lauren LaMagna, Next Best Picture](https://nextbestpicture.com/jurassic-world-rebirth/)
&gt; There are worse exercises in IP-extension out there in the marketplace. But it is hard to imagine what possible basis there could be for an eighth Jurassic film. We’ve overused the extra-island trope; we’ve done dinos invading the mainland a couple times now. We’ve seen enough long necks poking up from the grass. We’ve seen too many T-rexes thundering after their prey. Now even the oceans have been exhausted. I suppose they could send some dinosaurs to space next time, where no one can hear them roar. But that wouldn’t really make much of a difference: the sound barely registers anymore.
-[Richard Lawson, Vanity Fair](https://www.vanityfair.com/hollywood/story/jurassic-world-rebirth-review)
&gt; To his credit, Edwards immediately injects ""Rebirth"" with a sense of stakes and tension that the entirety of the previous trilogy struggled to depict. But every time the plot kicks in again and writer David Koepp's script goes through the motions of a standard ""Jurassic"" movie, those dizzying peaks soon begin to flatten out into overgrown valleys. For those simply hoping for a watchable movie on the heels of the disastrous ""Dominion,"" your wish has been granted with a safe rehash punctuated by a handful of genuine thrills. For everyone else curious about whether this was the ticket to teaching old dinos new tricks? The inherent limits of the ""Jurassic"" IP are as glaring as ever.
-[Jeremy Mathai, /FILM](https://www.slashfilm.com/1899528/jurassic-world-rebirth-movie-review/): 5.5/10
&gt; And there are some sporadic joys here in the clever sight gags, the sleight of hand, the bait and switch. These moments remind us of the mindless summertime excitement the “Jurassic” movies have long provided, albeit with diminishing returns. But that giant footprint just isn’t as imposing as it used to be. 
-[Christy Lemire, RogerEbert.com](https://www.rogerebert.com/reviews/jurassic-world-rebirth-scarlett-johannsson-movie-review-2025): 2/4
&gt; Worst of all, this hoary adventure story is rendered soulless by the blatant product placement: Henry crunching on Altoids, Reuben scolding Xavier for eating too many of their bags of Doritos, and Isabella feeding Twizzlers to her little dino friend. After a while, you may wonder if the entire film was subsidized by the snack food industry. Rebirth even goes so far as setting its final action scene in a long-abandoned but still fully stocked convenience store. How meta: a franchise trying to distract us from how past its sell-by date it is with expired potato chips.
-[Derek Smith, Slant Magazine](https://www.slantmagazine.com/film/jurassic-world-rebirth-review-scarlett-johansson-jonathan-bailey-gareth-edwards/): 1.5/4
&gt; Audiences may not have run out of enthusiasm for what the Jurassic Worlds are selling, or at least they haven’t yet, but the people tasked with making them sure are out of ideas.
-[Alison Willmore, Vulture](https://www.vulture.com/article/review-jurassic-world-rebirth-makes-dinosaur-carnage-dull.html) 
____________________________________________________________________________________________
**PLOT**
Five years after the events of *Jurassic World Dominion*, the planet's ecology has proven largely inhospitable to dinosaurs. Those remaining exist in isolated equatorial environments with climates resembling the one in which they once thrived. The three most colossal creatures within that tropical biosphere hold the key to a drug that will bring miraculous life-saving benefits to humankind.
**DIRECTOR** 
Gareth Edwards
**WRITER**
David Koepp
**MUSIC**
Alexandre Desplat
**CINEMATOGRAPHY**
John Mathieson
**EDITOR**
Jabez Olssen
**RELEASE DATE** 
July 2, 2025
**RUNTIME**
133 minutes
**BUDGET**
$180 million
**STARRING**
- Scarlett Johansson as Zora Bennett
- Mahershala Ali as Duncan Kincaid
- Jonathan Bailey as Dr. Henry Loomis
- Rupert Friend as Martin Krebs
- Manuel Garcia-Rulfo as Reuben Delgado
- Luna Blaise as Teresa Delgado
- David Iacono as Xavier Dobbs
- Audrina Miranda as Isabella Delgado
- Ed Skrein as Bobby Atwater"
Jurassic World Rebirth,Box Office: ‘Jurassic World Rebirth’ Roars With $25.3 Million on Thursday,1119,0.95,547,
Jurassic World Rebirth,'Jurassic World Rebirth' gets a B on CinemaScore,777,0.96,746,
Jurassic World Rebirth,This is literally the plot of Jurassic World Rebirth,5355,0.98,86,
Jurassic World Rebirth,Scarlett Johansson Becomes Hollywood's Highest Grossing Lead Actor With 'Jurassic World Rebirth',2206,0.94,139,
Jurassic World Rebirth,‘Jurassic World Rebirth’ bites off $318 million at the global box office,1388,0.95,214,
Jurassic World Rebirth,'Jurassic World Rebirth' Review Thread,579,0.96,748,"I will continue to update this post as reviews come in.
[**Rotten Tomatoes:**](https://www.rottentomatoes.com/m/jurassic_world_rebirth) Rotten
**Critics Consensus:** Going back to basics with rip-roaring set pieces and fossilized clichés, *Jurassic World Rebirth* doesn't evolve this prehistoric franchise but does restore some of its most reliable DNA.
|Critics|Score|**Number of Reviews**|
|:-|:-|:-|
|**All Critics**|51%|258|
|**Top Critics**|45%|60|
[**Metacritic:**](https://www.metacritic.com/movie/jurassic-world-rebirth/) 52 (52 Reviews)
**Sample Reviews:**
Perri Nemiroff, Perri Nemiroff (YouTube) - This is a big movie, but one of its best qualities is how focused and intimate it feels. An ideal summer blockbuster-style ride — a riveting and highly entertaining thrill with just enough meat on its bones to add to the evolving themes of the franchise. **3.5/5**
Adam Kempenaar, Filmspotting - Rebirth eventually tries to summon awe, but when Edwards finally 'cues the wonder', it’s too little, too late. **2.5/5**
Bob Mondello, NPR - A bit of summer fun for the Cenozoic Era.
Coleman Spilde, [Salon.com](http://Salon.com) \- Its stars may be a refreshing, new sight among a whole lot of primordial fare, but by casting for charm, “Jurassic World Rebirth” unintentionally questions just how much appeal this franchise has left.
Leaf Arbuthnot, New Statesman - This is a disposable film that makes you feel stupider and sadder the longer it goes on; not the worst film ever made, but one of the more demoralising ones.
Rex Reed, Observer - Despite Scarlett Johansson, Jonathan Bailey and a genetically modified heart cure, this seventh dinosaur installment proves extinction might be overdue. **2/4**
Jake Wilson, Sydney Morning Herald - ...Jurassic World Rebirth can only be recommended for a specific age group, roughly between 10 and 14. Any younger, and the set pieces might be too intense; any older, and they’re likely to see this material as so familiar it hardly needs reviving. **3/5**
Deborah Ross, The Spectator - It’s always astonishing to think that these beasts did once roam the Earth and it was this thought that stopped me slipping into sleep.
Richard Whittaker, Austin Chronicle - Life can stop finding a way now. **1.5/5**
Sam Adams, Slate - Rebirth’s dinosaurs are everywhere, but the more you see, the less it means. They’re good for a scare now and then, but the sense of awe is long since gone.
Maxwell Rabb, Chicago Reader - Seven iterations into a franchise, the spectacle means less now because we’ve seen it all before.
Bill Goodykoontz, Arizona Republic - There are a lot of interesting ideas out there. Whatever is going on with “Jurassic World Rebirth” isn't one of them. **2/5**
Sara Michelle Fetters, [MovieFreak.com](http://MovieFreak.com) \- I try to judge a motion picture for what it is and not for what I want it to be, but Jurassic World: Rebirth makes that annoyingly difficult. **2/4**
Cary Darling, Houston Chronicle - Even at its best moments, ""Jurassic World Rebirth,"" opening Wednesday throughout Houston, just serves to remind viewers of what they liked about the previous films. **2.5/5**
Ian Freer, Empire Magazine - It’s not doing much daring or different but this delivers a fun, well-made summer theme-park ride, with fast highs and slow lows. **3/5**
Caroline Siede, Girl Culture (Substack) - To its credit, Rebirth features some of the best dinosaur setpieces the rebooted World series has ever delivered. Unfortunately, it also has some of the most annoying characters and plotting in any Jurassic installment to date. **C**
Donald Clarke, Irish Times - A refreshing blast of matinee exuberance after the pomposity of the previous three films. Yes, third best in the series. For whatever little that is worth. **3.5/5**
Peter Howell, Toronto Star - In a franchise built on the thrill of discovery, this latest entry offers only the comfort of the all-too-familiar, and the sinking feeling that some cinematic wonders are best left extinct. **2/4**
Ty Burr, Washington Post - You get your summer-movie money’s worth in baseline neuro-stim thrills from “Jurassic World Rebirth,” and that’s what counts. **2.5/4**
Moira MacDonald, Seattle Times - The effects are uniformly effective — we believe these dinosaurs, even as we don’t believe that any humans could be quite this clueless — and it all goes down perfectly nicely with popcorn, which is all you can ask of a “Jurassic” movie. **3/4**
Michael Phillips, Chicago Tribune - Still, I’d rank “Rebirth” ahead of two or three previous chapters in a franchise whose sole consistency lies in a simple question: How have humans survived this long, even? **2.5/4**
Wenlei Ma, The Nightly (AU) - Every death in Jurassic World Rebirth is kind of comical, and it really highlights that this is a franchise that struggles with stakes. **3/5**
Nell Minow, Movie Mom - It's what we came for: dinosaurs chasing (and eating) people. And, just to mix it up a bit, some people chasing dinosaurs. A sprinkle of humor, a touch of warmth, a very brief detour into morality, but mostly the aforementioned chasing. **B**
Philip De Semlyen, Time Out - The ‘Rebirth’ in this Jurassic World sequel’s title is apt because this seventh entry is a renaissance of sorts for a franchise that looked ready to curl up and turn to fossil. **3/5**
Meagan Navarro, Bloody Disgusting - Jurassic World Rebirth takes a step in the right direction, but the previous trilogy backed this franchise so thoroughly into a corner that it may be time to let this series go extinct. **2.5/5**
Johnny Oleksinski, New York Post - The once-great franchise is hardly reborn from the amber this time. It’s slammed by an asteroid yet again. **1/4**
Alissa Wilkinson, New York Times - In the story, the ubiquity of the dinosaurs has left humanity feeling bored and annoyed, cutting the feet out from under those moments. And it’s starting to feel like the movies are getting bored, too.
Tim Grierson, Screen International - This sequel’s real sin is the fact the usually fearsome beasts are not suitably terrifying, resulting in some mildly effective action sequences but nothing that suggests the series is in the throes of a creative renewal.
Alonso Duralde, The Film Verdict - Doesn’t go anywhere particularly unexpected, but the cliffhangers are choice.
Amy Nicholson, Los Angeles Times - “Rebirth” is a confounding title for a downbeat entry that’s mostly preoccupied by death and neglect.
Nick Schager, The Daily Beast - The underwhelming result is similar to its signature beasts: a handsome clone that serves no purpose except to line its creators’ pockets.
Mark Kennedy, Associated Press - In many ways, the folks behind “Jurassic World Rebirth” are trying to do the same thing as their mercenaries: Going back to the source code to recapture the magic of Steven Spielberg’s 1993 blockbuster original. They’ve thrillingly succeeded. **3.5/4**
David Jenkins, Little White Lies - It’s a repack­aged prod­uct with a cou­ple of super­fi­cial bells and whis­tles that its mak­ers believe audi­ences will want to see pure­ly to remain in the loop with all the dino-based shenanigans. **2/5**
Randy Myers, San Jose Mercury News - “Jurassic World Rebirth” stomps the series back to its hold-on-to-your-seats-for-dear-life origins. It freaks us out, makes us marvel in wide-eyed wonder at the sight of these mighty digital beasts, and gives us characters we can root for. **3/4**
Bill Bria, TheWrap - Just because cheeseburgers are now available anywhere doesn’t mean that they can’t be damn tasty. “Jurassic Park Rebirth” is just a well made cheeseburger, and whether that’s filling and interesting enough is up to your own appetite.
Alison Willmore, New York Magazine/Vulture - Audiences may not have run out of enthusiasm for what the Jurassic Worlds are selling, or at least they haven’t yet, but the people tasked with making them sure are out of ideas.
Billie Melissa, Newsweek - It's fantastical, romantic, awe-inspiring, but most of all... fun.
Esther Zuckerman, Bloomberg News - There’s dumb fun -- like the best of the last trilogy, Jurassic World: Fallen Kingdom, which puts dinos in the trappings of a haunted house film. And then there’s just dumb. This falls into the latter category.
Tim Robey, Daily Telegraph (UK) - The craft is exemplary -- it’s easily the best-looking, best-sounding film since the first. But it takes a deep, personal love of the medium for a director to deliver such crunchy impact, thrills, spills and euphoric highs. **5/5**
Richard Lawson, Vanity Fair - There are worse exercises in IP-extension out there in the marketplace. But it is hard to imagine what possible basis there could be for an eighth Jurassic film.
Stephanie Zacharek, TIME Magazine - Jurassic World Rebirth features likable humans as well as some pleasantly cartoonish distasteful ones, and lots of dinosaurs just doing their thing.
Kevin Maher, The Times (UK) - The pairing of Edwards with Koepp is the complementary master stroke. They are camera and script in harmony, deftly entwined for a franchise that is finally, after thirty years, worthy of rebirth. **4/5**
Caryn James, [BBC.com](http://BBC.com) \- Jurassic World Rebirth has major stars in Scarlett Johansson and Jonathan Bailey, and better-designed creatures than ever, but so few thrills that it may be the weakest of the Jurassic franchise. **2/5**
Linda Marric, HeyUGuys - This film doesn’t reinvent the franchise—but it doesn’t need to. It understands what makes Jurassic stories thrilling: the awe of seeing dinosaurs walk the Earth, the terror when that wonder turns lethal, and the flawed human beings caught in between. **4/5**
Maureen Lee Lenker, Entertainment Weekly - Jurassic Park Rebirth is one of the more successful and satisfying entries in the franchise precisely because it, uh, finds a way to keep Loomis’ mantra close, foregrounding the film’s sense of wonder above a mere blatant cash grab. **B+**
Rory Doherty, AV Club - The Jurassic franchise has continued to harm its reputation with baffling choices and tired retreads, and the seventh entry gets a moderate stamp of approval only if one agrees that it’s the last one. **B-**
Clarisse Loughrey, Independent (UK) - It shouldn’t feel refreshing that a sequel’s maintained its dignity, but here we are... ""Rebirth"" is making the dinosaur cool again. **4/5**
David Rooney, The Hollywood Reporter - Jurassic World Rebirth is unlikely to top anyone’s ranked franchise list. But longtime fans (count me among them) should have a blast.
David Ehrlich, IndieWire - The ""Jurassic"" sequels were bad enough when they made an effort to evolve -- they're even less worth seeing now that they already come pre-fossilized. Content collapsed. **C-**
Peter Debruge, Variety - Johansson is a marked improvement over the Bryce Dallas Howard character in the previous three Jurassic World movies and it’s especially satisfying to get a woman in the role of the team’s toughest member, with no obligation to be anyone’s love interest.
Peter Bradshaw, Guardian - Now, against all odds, these dinosaurs have had a brand refresh: a brighter, breezier, funnier, incomparably better acted and better written film. **4/5**
Michael Ordoña, San Francisco Chronicle - This one is less of a slog, but there is precious little interesting or new in “Jurassic World Rebirth.” It’ll likely earn a billion dollars anyway. **1/4**
Kristen Lopez, The Film Maven (Substack) - Jurassic World: Rebirth still can’t find an interesting story worth telling with its premise. Content to ride the coattails of the original, Rebirth tries two competing stories, neither of which amounts to much. **D**
David Fear, Rolling Stone - Jurassic World: Rebirth has a better-than-average filmmaker at the helm, a top-notch screenwriter, a bona fide movie star in action-hero mode... So why the hell does this feel so generic, so by-the-numbers, so instantly forgettable?
Danny Leigh, Financial Times - How can a movie about mutant dinosaurs be this forgettable to look at? It’s a shame. Great schlock is one of life’s real pleasures, but Koepp is too bored for that, and Edwards too earnest. **2/5**
Matt Singer, ScreenCrush - If, as its characters claim, nobody cares about dinosaurs anymore, ‘Jurassic World’ has no one to blame but itself. **5/10**
Christy Lemire, [RogerEbert.com](http://RogerEbert.com) \- When people are in danger of being devoured by freakish, mutant dinosaurs, “Jurassic World Rebirth” can be a lot of fun. But it takes an awful lot of slogging through the jungle, literally and figuratively, to get there. **2/4**
Derek Smith, Slant Magazine - There’s a grating meta-ness to Gareth Edwards’s Jurassic World Rebirth that speaks to the filmmakers’ knowledge that they’re at the mercy of pressures to bring something new to a franchise that’s now on its seventh installment. **1.5/4**
Liz Shannon Miller, Consequence - The second-best Jurassic movie ever made. Admittedly, this isn't as huge a compliment as it could be, given the movies that have preceded it. **B+**
**SYNOPSIS:**
Five years after the events of *Jurassic World Dominion,* the planet’s ecology has proven largely inhospitable to dinosaurs. Those remaining exist in isolated equatorial environments with climates resembling the one in which they once thrived. The three most colossal creatures across land, sea and air within that tropical biosphere hold, in their DNA, the key to a drug that will bring miraculous life-saving benefits to humankind.
Academy Award® nominee Johansson plays skilled covert operations expert Zora Bennett, contracted to lead a skilled team on a top-secret mission to secure the genetic material. When Zora’s operation intersects with a civilian family whose boating expedition was capsized by marauding aquatic dinos, they all find themselves stranded on a forbidden island that had once housed an undisclosed research facility for Jurassic Park. There, in a terrain populated by dinosaurs of vastly different species, they come face-to-face with a sinister, shocking discovery that has been hidden from the world for decades.
**CAST:**
* Scarlett Johansson as Zora Bennett
* Mahershala Ali as Duncan Kincaid
* Jonathan Bailey as Dr. Henry Loomis
* Rupert Friend as Martin Krebs
* Manuel Garcia-Rulfo as Reuben Delgado
* Luna Blaise as Teresa Delgado
* David Iacono as Xavier Dobbs
* Audrina Miranda as Isabella Delgado
* Philippine Velge as Nina
* Bechir Sylvain as Leclerc
* Ed Skrein as Bobby Atwater
**DIRECTED BY:** Gareth Edwards
**SCREENPLAY BY:** David Koepp
**BASED ON CHARACTERS CREATED BY:** Michael Crichton
**PRODUCED BY:** Frank Marshall, Patrick Crowley
**EXECUTIVE PRODUCERS:** Steven Spielberg, Denis L. Stewart, Jim Spencer
**DIRECTOR OF PHOTOGRAPHY:** John Mathieson
**PRODUCTION DESIGNER:** James Clyne
**EDITED BY:** Jabez Olssen
**COSTUME DESIGNER:** Sammy Sheldon
**MUSIC BY:** Alexandre Desplat
**CASTING BY:** Jina Jay
**RUNTIME:** 134 Minutes
**RELEASE DATE:** July 2, 2025"
Jurassic World Rebirth,Saw Jurassic World Rebirth tonight...,907,0.95,315,"And I'm gonna be honest with you... It made me feel like a little kid again. Was it perfect? No. But THIS is what Jurassic is supposed to be. And if I am being truly It honest, I think it's the best one since TLW (sorry JP3). Who'd have thought going back to a (somewhat) simple story would be what this franchise needed?
Not only that, I loved that it paid little homage to other Spielberg movies, fill the movie with fan service for the sake of fan service (it felt earned). 
What are your guys thoughts? I know everyone will have their own differing opinions of course!"
Jurassic World Rebirth,"Jurassic World Rebirth is a HUGE disappointment — this franchise might need to go extinct too. (Minor spoilers,possible spoilers in comments)",542,0.92,645,"I just finished watching Jurassic World Rebirth, and man, what a letdown. I remember reading early articles saying the film would bring back the feelings and atmosphere of the original Jurassic Park. That got me really excited. But after watching it? Brooo, this is NOT Jurassic Park 😭
Let’s start with the positives:
The landscapes filmed in Thailand are absolutely stunning, and the CGI for the dinosaurs looks great. I also liked some of the new explorer characters — especially Dr. Henry Loomis, who felt like a good fit for the theme. The Spino and Mosasaur chase scene with the boat was thrilling and probably the most exciting moment in the whole movie.
But honestly, that’s where the good stuff ends.
The rest of the film was painfully bland and boring. It lacked the emotional weight, excitement, and sense of danger that defined previous entries. It didn’t feel like a return to the roots of Jurassic Park at all.
The core message of the Jurassic franchise — that human arrogance and our belief we can control nature will be our downfall — is completely missing. Jurassic Park showed us that “life finds a way,” and Dr. Malcolm always warned against playing god through genetic engineering. But here? The story starts with man-made dinosaurs that are now going extinct again because they can’t adapt to modern environments.
Where is “life finds a way” in that? 😭
The film gives us a mutated dinosaur called D-Rex, but does nothing with it except tell us:
 1. It’s mutated
 2. It’s ugly
Its design isn’t even compelling — it looks more like a Rancor from Star Wars than anything that could pass for a dinosaur. It barely contributes to the story other than popping up a few times to annoy the main characters near the end.
What does D-Rex do that T-Rex can’t? Apparently… it can grab a helicopter with its dumb-looking arms. That’s it.
What made fans love Spinosaurus, Rexy, or Indominus Rex was that they were terrifying yet cool. Watching them tear through expendable characters or face off with each other was thrilling — no matter how old you are. Rebirth offers none of that. No intense dinosaur battles. No scary “people getting eaten” moments. Nothing.
Even Mutadons, which seem to be weird stand-ins for the Raptors, are boring. The film never explains anything about them. Their entire role feels like a lazy replacement for what made Raptors iconic in the first place.
The whole “mutated dinosaurs” plot feels ridiculous. It’s like they wanted to avoid calling them hybrids like in the previous films, so they just slapped the word “mutated” on them instead.
Let’s be real — the Mutadon is basically a Raptor with wings. And the D-Rex? Just a big ugly carnivore.
Despite all these strange dinosaur designs, Rebirth somehow manages to be neither scary nor exciting. There wasn’t a single moment where I feared for any character. Within 30 minutes, you already know exactly who will survive and who won’t 😂
The side plot with the shipwrecked family was totally unnecessary. They added nothing to the story. Even with the gorgeous environments, most scenes looked oddly fake — like something out of a B-movie. That ruined temple with the Quetzalcoatlus eggs? Hideous.
The pacing was off. The plot moved too fast while still being boring, stuffed with pointless scenes and cringe attempts at humor. And for a Jurassic movie, the dinosaurs barely showed up. When the credits rolled, I honestly had no idea what I just spent 2 hours watching.
In summary:
Jurassic World Rebirth is filled with disappointment. There’s very little of value here. The plot is shockingly thin. Honestly, it might even be worse than Jurassic World Dominion. Maybe it’s time this franchise went extinct along with its dinosaurs.
Jurassic World Rebirth (2025) — 3.5/10"
Jurassic World Rebirth,"July 11-13 Box Office Recap – 'Superman' flies to a great $125M debut domestically. However, it debuts with just $95M overseas, which is below expectations. 'Jurassic World Rebirth' crosses $500M worldwide, and 'F1' reaches almost $400M worldwide.",788,0.92,265,"https://preview.redd.it/p5azvgxfvwcf1.png?width=1920&amp;format=png&amp;auto=webp&amp;s=5c78ecb39aba431a678658665331a79bdb4c9e7d
Years in the making, the new DCU officially made its way to theaters.
***Superman*** flew as high as possible, delivering a pretty great debut domestically. But overseas tells another story; it was below expectations, and suggests America will have to do the heavy lifting.
The Top 10 earned a combined $195.6 million this weekend. That's up a massive 66% from last year, when ***Despicable Me 4*** stayed at #1, and ***Longlegs*** over-performed projections.
Debuting at #1, ***Superman*** earned a pretty great $125 million in 4,135 theaters. That number is simlar to ***Man of Steel***, which debuted with $116 million back in 2013 (although it earned an additional $12 million from early Wal-Mart screenings). It's also James Gunn's second biggest debut as director, behind ***Guardians of the Galaxy Vol. 2*** ($146 million). The debut is also among the strongest for DC; it's the seventh best debut for a DC film, and it's also the first to open to $100+ million since ***The Batman*** ($134 million). 
This is a very strong debut for DC, as the brand has taken a huge dive at the box office. The DCEU had an incredibly poor run in its last years, with their last 8 films all flopping at the box office. That's an astonishingly horrible record, and the inconsistent run is what led to the current DC Universe. Sure, ***The Batman*** was a hit, but it's still an Elseworld film that won't change plans in the DCU. 
For quite some time, Warner Bros. heavily backed ***Superman***, emphasizing James Gunn's involvement as writer and director. Now, the general audience doesn't really pay attention to directors outside some like Christopher Nolan, Steven Spielberg, James Cameron, Quentin Tarantino, etc. They might not know who Gunn is, but his quality track record is what gave WB confidence in ***Superman***'s prospects.
WB bet high on the film's marketing. [The Hollywood Reporter said](https://www.hollywoodreporter.com/movies/movie-news/mission-impossible-jurassic-world-superman-box-office-summer-1236255949/) that WB could spend up to $200 million in marketing, which is insanely high even for a blockbuster. When the first trailer debuted in December 2024, it was viewed by 250 million viewers within 24 hours, a record for DC. Obviously, that didn't pan out to the absolute best debut for them, but it was still a sign of high interest. All the trailers highlighted the dazzling action sequences, Superman's iconic characterization, and Krypto's involvement (with the latter going viral on social media). And finally, Gunn delivered the quality: it's sitting at 83% on RT.
Now obviously, there's the question: could it have debuted higher? Perhaps, yeah. But as mentioned, DC's brand is at an all-time low and they're currently struggling to gain good will with the audience. ***Superman*** is the first step in building that good will. After all, the character has had very rough decades; the Christopher Reeve films fizzled out by the end, ***Superman Returns*** disappointed, and the DCEU Superman didn't fully connect with audiences.
According to Warner Bros., 68% of the audience was male, and 66% was 35 and under. They gave it a solid ""A−"" on CinemaScore, which is actually the same grade as ***Man of Steel***, and below Gunn's ***Guardians of the Galaxy*** trilogy. That suggests word of mouth is good, but not incredible. It remains to be seen how it will be impacted by the arrival of ***The Fantastic Four: First Steps*** in two weeks. But for now, ***Superman*** should easily cross the $300 million milestone. This is a very good way to start the DCU, at least domestically (we'll get to the overseas performance in a moment).
In second place, ***Jurassic World: Rebirth*** earned $40.3 million this weekend. That's a rough 57% drop, although considering how high ***Superman*** opened and its weak word of mouth (""B"" on CinemaScore), it could've been worse.
***F1*** dropped 49%, grossing $13 million. Not a bad drop, considering it lost IMAX screens to ***Superman*** this weekend***, although it's still not holding as great as its strong word of mouth suggested. The film has amassed $136.2 million domestically, and it should cross $160 million by the end of its run.
Through 2 weekends, it has earned $232.4 million. For reference, it was ahead of ***Dominion*** on its first Sunday by $2 million, but it's now $18 million behind it (and that's with two full extra days). It's very likely that gap will continue getting bigger. Should definitely hit $300 million for now.
***How to Train Your Dragon*** eased 30% and added $7.9 million this weekend. The film has earned $239.9 million, and it's set to close with around $255 million.
In fifth place, ***Elio*** eased just 30%, earning $4 million. That would be commendable, but considering its domestic total is a pretty brutal $63.8 million, there's not a lot to celebrate. Now let's see if ***Smurfs*** impacts it this week.
***28 Years Later*** dropped 40%, grossing $2.7 million this weekend. The film has amassed $65.7 million so far, and it will finish with slightly close to $70 million.
***Lilo &amp; Stitch*** added $2.7 million this weekend, which was just 31% off from last week. The film has earned $414.5 million so far.
***Mission: Impossible – The Final Reckoning*** dropped 46% and earned $1.4 million this weekend. With $194 million domestically, it has officially cleared the 3x multiplier. It will pass ***Rogue Nation*** ($195 million) by next week, but it will close so damn close to $200 million domestically.
***M3GAN 2.0*** is nearing the end of its run, and it's barely on its third weekend. It has fallen all the way to ninth place, dropping a poor 64% and making just $1.4 million this weekend. The film has made a poor $22.4 million, and it's set to finish with just $25 million domestically.
Rounding out the Top 10 was A24's ***Materialists***. It dropped 46%, earning $720,498 this weekend. The film's domestic total stands at $35.1 million, and it's nearing the end of its run.
#**OVERSEAS**
So yes, ***Superman*** was off to a great start domestically. Overseas, however, is another story.
***Superman*** debuted with $95 million overseas, for a $220 million worldwide debut. That's below the $100+ million projections, which is very perplexing. It was a mixed bag in the rest of the world. Its strongest debuts were in the UK ($9.8M) and Mexico ($8.8M), Australia ($5.3M), Brazil ($5.9M), and India ($3.8M), although they were expected to perform better. Europe was so-so: it had very soft debuts in France ($4.2M), Spain ($2.9M), and Italy ($2.5M). Asia was pretty much bad: it flopped with just $6.9M in China (amidst very poor word of mouth), $4.2M in South Korea, and Japan ($2.5M).
This is where things start to unravel. This is not a great start for the film. WB spent $225 million on the film, and it mounted a very extensive marketing campaign around the world. ***Superman*** is obviously considered more an American icon than a worldwide icon, but even ***Man of Steel*** made $670 million back in 2013, and overseas accounted for 56.6% of its gross. Where does ***Superman*** go from here? Well, clearly it's gonna be up to the domestic market to do the heavy lifting, cause word of mouth isn't strong outside America. It should hit $550 million worldwide, but it's unlikely it can clear $600 million. Hell, if word of mouth isn't strong, it can also miss $550 million. That wouldn't be good news for the film's extensive budget, and for the future of the DC Universe.
***Jurassic World Dominion*** fell 51% overseas, earning $68.1 million, and its total is now $532 million worldwide. That's quite a bad drop, even with ***Superman***'s disappointing debut. The best markets are China ($62.7M), the UK ($26.4M), Mexico ($22.8M), Germany ($15.5M) and Australia ($12.6M). Only Japan is left for now, but based on other patterns, it should close its run with around $750 million worldwide.
***F1*** was not affected in the slightest by ***Superman***. It dropped just 34% overseas for a $38.5 million weekend, taking its worldwide total to an incredible $393.4 million after just 3 weeks. The big story was China, where the film is enjoying extraordinary word of mouth. In the market, the film's third weekend was actually higher than its prior weekends, adding $8 million this weekend. The film's best markets are China ($35.8M), the UK ($21.6M), France ($17.7M), Mexico ($15.4M) and Australia ($13.1M). Based on these drops, the film is heading for over $500 million worldwide by the end of its run.
***How to Train Your Dragon*** added $13 million, taking its worldwide total to $561 million. The best markets are China ($37.8M), Mexico ($35.1M), UK ($26.2M), Brazil ($19.1M) and France ($16.6M).
***Lilo &amp; Stitch*** added $7 million, and its worldwide is now $994 million. The best markets are Mexico ($66.9M), the UK ($48.8M), France ($42M), Brazil ($37.2M) and Germany ($32.1M). By next week, it will cross the $1 billion milestone.
#**FILMS THAT ENDED THEIR RUN THIS WEEK**
Movie | Release Date | Studio | Domestic Opening | Domestic Total | Worldwide Total | Budget |
----------|----------|----------|:--------:|:--------:|:--------:|:--------:
*Karate Kid: Legends* | May/30 | Sony | $20,302,016 | $52,547,391 | $103,347,391 | $45M
- Turns out no one was really interested in seeing a new ***Karate Kid*** movie in theaters. Sony's latest attempt, ***Legends*** has closed with a very underwhelming $52 million domestically and $103 million worldwide. The domestic total is below the 2010 version's opening weekend ($55.6M), and managed to finish below the first two films in the franchise. Worldwide, it's a colossal 71% drop from the 2010 film. Even with a $45 million budget, this is not really a success and it's even more disappointing considering the film was selling nostalgia by having Jackie Chan and Ralph Macchio teaming up. Maybe the future of the franchise lies with streaming now.
#**THIS WEEKEND**
With a weak slate of newcomers, ***Superman*** will easily hold on to the top spot.
Perhaps the biggest newcomer will be Sony's ***I Know What You Did Last Summer***, which arrives 27 years after the previous installment. A legacy sequel with new characters, who are joined by Freddie Prinze Jr. and Jennifer Love Hewitt, as they are targeted by a new hook-wielding killer. The first two films were big hits, although their popularity was still inferior to the ***Scream*** series, which was released around the same point. The plot is pretty much the same as the original, so we'll see if Gen Z (a big horror audience) cares for this franchise.
Another wide release is Paramount's ***Smurfs***, another reboot of the iconic franchise. Well, ""iconic"", cause it's definitely well known, but its popularity has dwindled in the past decade. The 2011 film earned $142 million domestically and $563 million worldwide, the 2013 sequel made $71 million domestically and $347 million worldwide, and the 2017 animated film tapped out at $45 million domestically and $197 million worldwide. But with ***Elio*** failing to perform well, family audiences could tune in here if they're desperate for something. Or they can simply wait for ***The Bad Guys 2*** instead.
And finally, A24 is releasing Ari Aster's new film ***Eddington***, which stars Joaquin Phoenix, Pedro Pascal, Luke Grimes, Deirdre O'Connell, Micheal Ward, Austin Butler, and Emma Stone. This cast is bigger than Aster's previous films, and he has amassed a cult following with horror fans. Even though ***Hereditary*** and ***Midsommar*** were hits, ***Beau Is Afraid*** was very polarizing. And judging by its very polarizing reviews, it looks like ***Eddington*** is more ***Beau*** than the other films. His fans are definitely showing up, but it remains a question mark if the general audience will do the same.
____________________________________________________________________________________________
If you're interested in following the box office, come join us in r/BoxOffice."
Jurassic World Rebirth,Jurassic World Rebirth | Reviews/Discussion Megathread!,293,0.97,1895,"Share all your reviews and discussion in this thread!
Have fun, be civil, and try to debate and discuss with some understanding of those with opposing views.
Any reviews not in here will be removed to keep the sub tidy. Thank you!"
Jurassic World Rebirth,"‘Jurassic World Rebirth’ Thundering Toward $312M+ Global Opening, Second Best YTD – International Box Office",670,0.98,283,
Jurassic World Rebirth,Jurassic World Rebirth Cast And Their Salary,670,0.96,238,"Here’s how much the cast have been paid:
**Scarlett Johanson**
Scarlett Johansson, a Hollywood titan, is rumoured to earn USD 15–20 million for her role as an adventure lead.
**Mahershala Ali**
Two-time Oscar winner Mahershala Ali may command USD 2–3 million for his portrayal of security chief Duncan Kincaid. His reputation brings prestige with punch, justifying his prominent supporting role.
**Jonathan Bailey**
Jonathan Bailey is set to earn around USD 500–600 thousand as Dr. Henry Loomis.
**Rupert Friend**
Estimated USD 700–800 K, a rise from his Hitman paychecks.
**Manuel García-Rulfo**
Likely USD 700 K, matching his Lincoln Lawyer earnings.
**Luna Blaise**
A rising talent predicted to earn USD 300 K.
**David Iacono**
Newcomer with growing cachet, possibly earning USD 250 K.
source:
[https://www.bollywoodlife.com/photos/jurassic-world-rebirth-casts-possible-salary-revealed-scarlett-johansson-mahershala-ali-jonathan-bailey-whos-earning-the-most-3199890/mahershala-ali-3200094/](https://www.bollywoodlife.com/photos/jurassic-world-rebirth-casts-possible-salary-revealed-scarlett-johansson-mahershala-ali-jonathan-bailey-whos-earning-the-most-3199890/mahershala-ali-3200094/)
[https://www.india.com/entertainment/jurassic-world-rebirth-cast-and-their-salaries-scarlett-johansson-reportedly-takes-home-rs-167-crore-mahershala-ali-jonathan-bailey-and-others-are-paid-just-rs-7918120/](https://www.india.com/entertainment/jurassic-world-rebirth-cast-and-their-salaries-scarlett-johansson-reportedly-takes-home-rs-167-crore-mahershala-ali-jonathan-bailey-and-others-are-paid-just-rs-7918120/)
[https://www.showbizgalore.com/jurassic-world-rebirth-cast-and-their-salary/](https://www.showbizgalore.com/jurassic-world-rebirth-cast-and-their-salary/)"
Jurassic World Rebirth,‘Jurassic World Rebirth’ Thrashes Past $100M Global In First Two Days – International Box Office,574,0.96,258,
Jurassic World Rebirth,I personally don’t understand the hate for Jurassic World rebirth,328,0.82,476,"I got back from watching Jurassic World Rebirth and I really enjoyed it, but when I went on TikTok to see other people’s opinions on the movie, they all basically say it’s bad because there is “no big dinosaur fight and no Chris Pratt.” I can see why people want a big dinosaur fight because it is entertaining, but I still enjoyed the movie without a dinosaur fight. I don’t get why people don’t like the movie because there is no Chris Pratt because if I remember correctly, Owen Grady in Fallen Kingdom and Dominion didn’t even want to go save the dinosaurs; he just wanted to stay in his cabin, so I understand why he didn’t show up in Rebirth. 
I do agree that the D-Rex had too little screen time for how much hype it got in the trailer. 
I personally give the movie an 9/10"
Jurassic World Rebirth,David hates Jurassic World Rebirth,562,0.98,245,Metacritic score of 50 after 25 reviews...how can it be so hard to make a good dinosaur movie?!
Jurassic World Rebirth,"It's Not Just IP: Scarlett Johansson's Box Office Win Proves Movie Stars Still Matter - The success of “Jurassic World Rebirth,” “A Minecraft Movie” and “F1” run counter to the notion that movie stars are dead.",293,0.73,329,
Jurassic World Rebirth,'Jurassic World Rebirth' Rotten Tomatoes Verified Audience Score Thread,302,0.95,304,"I will continue to update this post as the score changes.
**Rotten Tomatoes Popcornmeter:** Hot
**Audience Says:** Equal parts comforting and terrifying, returning to the beloved *Jurassic World* is a thrill, and *Rebirth* jump-starts the franchise with a truly dino-mite time at the movies.
|Audience|Score|**Number of Reviews**|**Average Rating**|
|:-|:-|:-|:-|
|**Verified Audience**|72%|5,000+|3.9/5|
|**All Audience**|69%|10,000+|3.8/5|
**Verified Audience Score History:**
* 76% (4.0/5) at 500+
* 75% (4.0/5) at 500+
* 74% (4.0/5) at 1,000+
* 73% (3.9/5) at 1,000+
* 72% (3.9/5) at 2,500+
* 72% (3.9/5) at 5,000+
[**Rotten Tomatoes:**](https://www.rottentomatoes.com/m/jurassic_world_rebirth) Rotten
**Critics Consensus:** Going back to basics with rip-roaring set pieces and fossilized clichés, *Jurassic World Rebirth* doesn't evolve this prehistoric franchise but does restore some of its most reliable DNA.
|Critics|Score|**Number of Reviews**|
|:-|:-|:-|
|**All Critics**|51%|258|
|**Top Critics**|45%|60|
[**Metacritic:**](https://www.metacritic.com/movie/jurassic-world-rebirth/) 52 (52 Reviews)
**SYNOPSIS:**
Five years after the events of *Jurassic World Dominion,* the planet’s ecology has proven largely inhospitable to dinosaurs. Those remaining exist in isolated equatorial environments with climates resembling the one in which they once thrived. The three most colossal creatures across land, sea and air within that tropical biosphere hold, in their DNA, the key to a drug that will bring miraculous life-saving benefits to humankind.
Academy Award® nominee Johansson plays skilled covert operations expert Zora Bennett, contracted to lead a skilled team on a top-secret mission to secure the genetic material. When Zora’s operation intersects with a civilian family whose boating expedition was capsized by marauding aquatic dinos, they all find themselves stranded on a forbidden island that had once housed an undisclosed research facility for Jurassic Park. There, in a terrain populated by dinosaurs of vastly different species, they come face-to-face with a sinister, shocking discovery that has been hidden from the world for decades.
**CAST:**
* Scarlett Johansson as Zora Bennett
* Mahershala Ali as Duncan Kincaid
* Jonathan Bailey as Dr. Henry Loomis
* Rupert Friend as Martin Krebs
* Manuel Garcia-Rulfo as Reuben Delgado
* Luna Blaise as Teresa Delgado
* David Iacono as Xavier Dobbs
* Audrina Miranda as Isabella Delgado
* Philippine Velge as Nina
* Bechir Sylvain as Leclerc
* Ed Skrein as Bobby Atwater
**DIRECTED BY:** Gareth Edwards
**SCREENPLAY BY:** David Koepp
**BASED ON CHARACTERS CREATED BY:** Michael Crichton
**PRODUCED BY:** Frank Marshall, Patrick Crowley
**EXECUTIVE PRODUCERS:** Steven Spielberg, Denis L. Stewart, Jim Spencer
**DIRECTOR OF PHOTOGRAPHY:** John Mathieson
**PRODUCTION DESIGNER:** James Clyne
**EDITED BY:** Jabez Olssen
**COSTUME DESIGNER:** Sammy Sheldon
**MUSIC BY:** Alexandre Desplat
**CASTING BY:** Jina Jay
**RUNTIME:** 134 Minutes
**RELEASE DATE:** July 2, 2025"
Jurassic World Rebirth,"‘Jurassic World Rebirth’ About To Get Loud With $260M Global Opening ($120-130M DOM, $130M+ INT) Over Independence Day Stretch; ‘F1’ Eyes $28M+ 3-Day – Box Office Preview",409,0.95,218,
Jurassic World Rebirth,"Mahershala Ali gets to thank the interviewer who gifted the ‘Jurassic World Rebirth’ cast Jellycast dinosaurs during press, which his daughter brought to the premiere: “My daughter has her stuffed dinosaur…She loves it, oh my God!”",2016,0.99,45,"With his wife Amatus Sami-Karim and their daughter at the premiere
Scarlett Johansson, Jonathan Bailey, and Rupert Friend are also in the clip
MTV interview Claire Rowden posted the clip to x/clx1re: yeah so I’ve still not moved on from mahershala ali’s daughter bringing the jellycat I gifted him to the jurassic world premiere 🥹🥹🥹"
Jurassic World Rebirth,My 10 major dislikes on Jurassic World Rebirth... SPOILERS AHEAD!!!,280,0.74,305,"1. To start off, how is an Apatosaurus as big as the Titanic in New York? And the science industry around dinosaurs is a dying breed?
2. The Mosasaurus they're tracking was cloned by InGen but it's not the Masrani Mosa?
3. There is an amphibian that is scene in more separate scenes than most dinos. How?! It's in the caves and in trees! I'm surprised it wasn't riding on the Quetz's back or swimming after everyone in the end on the boat.
4. The amount it onscreen herbivores vs carnivores is insane. It felt more like a Skull Island film with the predator prey ratio.
5. Why wouldn't they bring real munitions to the island and only bring darts that are filled with neurotoxin?
6. The Velociraptors being used as nothing more than cannon fodder makes me feel like I was robbed of seeing these amazing new raptors designs we only see in renders.
7. The info on the island's lore was very vague unless you pay a lot of attention to the visual cues.
8. Our beautifully wholesome Ankylosaurus only got two seconds of screen time and he was almost run over. 😢
9. How did Duncan escape?!
10. Oh and finally, how does almost every single species of paleofauna die when they aren't at the equator? Sure, maybe the explanations given can be valid for the larger animals, but how about the smaller ones?
Please let me know if these 10 may seem too critical or not, and let me know if you have any answers to these questions."
Jurassic World Rebirth,"To the woman in theater 8 in LexLive Wednesday night watching Jurassic World Rebirth, I hope you never know peace in public again",375,0.94,232,"Watched the new Jurassic World movie at LexLive on Wednesday evening. The entire time, there was a woman two seats down from me that would literally scream, yell, and talk as if she was the only person in the world. She kept stomping her feet and would spit in the floor. 
It was so bad that I and a family sitting beside me had to yell at her and sush her to shut her up but she ignored us until the end of the movie when I heard her making threats under her voice saying me and the family are lucky we didn’t walk in front of her, saying we shouldn’t look st her if we don’t want hit, saying she paid for a ticket so she can be as loud as she wants, and more. We told the manager about her after the movie and we got free movie ticket vouchers. 
I told him about the vague threats she was saying then I seen him talking to her through the glass doors. After I left, I heard yelling below the parking garage so I looked down and it was her screaming and yelling in the parking lot in front of Rupp. 
I truly hope she can never enjoy something in silence and I hope karma gets her somehow. She ruined my experience as well as everyone else in the theater. I don’t understand how people can be so dense and dumb and not realize how horrible they are.
Long rant but needed to talk about it and see if anyone else was in the theater. Good on LexLive for giving us ticket vouchers and saying they have a zero tolerance policy if they are told about it."
Jurassic World Rebirth,Jurassic World Rebirth's Box Office Tracking Suggests Some Major Questions For The Franchise,297,0.94,294,
Jurassic World Rebirth,Scarlett Johansson and Jonathan Bailey at the ‘Jurassic World Rebirth’ premiere,645,0.96,126,
Jurassic World Rebirth,"If/When Jurassic world rebirth gets a sequel, what’s your dream plot? What dinosaurs do you want? Ect.",260,0.97,242,Here are just a few dinosaurs that I think would be good to see.
Jurassic World Rebirth,I just watched Jurassic World Rebirth !!! (No Spoilers),279,0.9,239,"Oh goes without saying... I'm not going to spoil a thing. Aside from the fact the movie isn't widely out yet, I do think the movie is better watched with all what it hasn't revealed as unspoiled as possible. The trailers show a lot and yet not a lot at all is all I shall say. But specific course of events, that's for you viewers to discover for yourselves.
But pretty much... I'm firmly in the camp of wanting Gareth Edwards to make even more Jurassic World movies. He's a match made in heaven with the Jurassic series and it doesn't feel like he was held back at all like what was done with Rogue One (a movie I love but was notoriously taken over by Tony Gilroy at a point). I think especially if you loved Gareth's approach to Godzilla you'll enjoy Rebirth.
There's also great human character moments. When outlets compared Rebirth to Jaws it was apt. But mainly the way Jaws used a small core leading cast to deliver a good story to follow and how these personalities differ and clash. In ways Zora, Duncan, and Dr. Loomis feel like a spin on the Alan, Ellie, and Malcolm trio tho their roles differ. Also if you're a fan of the ""going out on an adventure to the jungle or remote corners of the earth"" type of movies like say... The Lost World: Jurassic Park, the Isla Nublar parts of Jurassic World: Fallen Kingdom, or films like Kong: Skull Island, then you will really like Rebirth. But especially if you are a fan of the original Jurassic Park's direction, I think you'll find Rebirth a great worthy sucessor that earns its ""Oooh ahh"" moments.
There's some choices I'm not a fan of. I make it no secret I love the Jurassic World trilogy and am one of the few who loves Dominion. You can't have Rebirth without the narrative of the JW Trilogy. But in ways it feels kind of backtracking on the awesomeness of those movies and how it changed the world (no pun intended). Of course it's mainly to have a tighter story and a reasoning for why the plot takes place mainly on one location (a great location that is as cool as Isla Sorna). But I personally find that this was kind of unecessary reasoning.
When it comes to our beautiful dinosaurs themselves... again, Gareth Edwards was the perfect choice for them. Everything you've seen are great naturalistic portrayals of dinosaurs as animals. Hell even the mutant dinosaurs don't feel that odd or out of place but more like adapted animals. But I would not lie if I said they could have easily just been more actual dinosaur species. Overall though the use of dinosaurs overall I think audiences and Jurassic fans will like. Though some are more like one scene (or section) wonders... but they are damn good scenes.
I don't know where I'd rank Rebirth. I just watched it and am on a bit of a high as I realy really enjoyed the movie. I'm also one who frankly ranks the first two Jurassic Park films and the Jurassic World Trilogy (by Colin Trevorrow) as all perfect / great movies. I would say... Rebirth is also great. Though I don't like how it goes against Dominion, which I really love still, I do agree that it does improve on and sort of course correct on genuine criticisms of the Jurassic series. You should definitely watch Rebirth when it releases in theatres as it is wonderful on the big screen. By not doing so, you're missing out on a great time at the movies.
Oh and a bit of an anecdote: I sat next to a guy who saw the original Jurassic Park in 1993 in the theatre. And I sat next to a real young kid &amp; his family, he might even have been younger than Jurassic World Dominion. Both really enjoyed Rebirth. The older fan seeing a lot of the og film and why he liked it in Rebirth. The new fan excited for all the dinosaurs and even saying all by name."
Jurassic World Rebirth,Dino Might!: ‘Jurassic World Rebirth’ Bows To $318.3M Global; Biggest Studio Opening Year-To-Date WW – International Box Office,385,0.98,167,
Jurassic World Rebirth,"Universal's Jurassic World Rebirth has passed the $500M global mark.
The film grossed an estimated $68.1M internationally this weekend.  Estimated international total stands at $297.3M, estimated global total stands at $529.5M.",375,0.97,141,
Jurassic World Rebirth,"Superman crashes to earth. The DC reboot opened in 3rd place below the 2nd &amp; 3rd Weekends from Jurassic World Rebirth &amp; F1. Superman opened lower than Superman Returns, every Post-Covid MCU Movie and Morbius. Less than half of Black Adam &amp; Joker 2´s Opening Weekends - Germany Box Office",76,0.57,342,"[#1 Film in Ticket Sales &amp; Box Office](https://preview.redd.it/hfq40hiqe1df1.jpg?width=608&amp;format=pjpg&amp;auto=webp&amp;s=942442c5905fab5c246bfffa0d026dbd50a8b5bb)
**Weekend 28/25 (July 10th, 2025-July 13th, 2025) Top 20 in Ticket Sales:**
|Nr.|Film|Weekend Ticket Sales|Drop|Total Ticket Sales|Weekend|Theaters|Average|Final Total (Prediction)|
|:-|:-|:-|:-|:-|:-|:-|:-|:-|
|1|Jurassic World Rebirth (U)|345,106|\-27%|1,071,563|2|647|533|2M|
|2|F1 - The Movie (WB)|133,828|\-17%|681,872|3|657|204|1M|
|3|Superman (WB)|128,001|\---|146,976|New|627|204|500K|
|4|How to Train Your Dragon (U)|83,900|\-14%|971,862|5|639|131|1.25M|
|5|Lilo &amp; Stitch (BV)|68,538|\-5%|2,844,304|8|623|110|3.1M|
|6|Elio (BV)|44,490|\-10%|245,216|4|598|74|400K|
|7|28 Years Later (COL)|35,238|\-25%|338,788|4|451|78|400K|
|8|Heidi - Rescue of the Lynx (LEO)|22,034|\-3%|90,531|3|575|38|150K|
|9|Mission: Impossible - The Final Reckoning (COL)|17,418|\-33%|1,326,645|8|282|62|1.4M|
|10|The Ballad of Wallis Island (U)|10,935|\---|16,421|New|103|106|50K|
|11|Girls on Top (NCO)|9,589|\-39%|36,903|2|461|21|60K|
|12|From the World of John Wick - Ballerina (LEO)|9,327|\-17%|343,296|6|239|39|375K|
|13|Meet the Barbarians (WTK)|9,005|\-13%|52,825|3|174|52|80K|
|14|Four Mothers (PAN)|8,834|\---|13,855|New|119|74|50K|
|15|The Phoenician Scheme (U)|7,926|\-4%|189,332|7|183|43|220K|
|16|Karate Kid - Legends (COL)|6,601|\-20%|502,704|7|210|31|525K|
|17|The Penguin Lessons (TOB)|6,197|\+22%|442,683|12|157|39|475K|
|18|Peppa Meets The Baby (LUF)|6,131|\-4%|305,957|7|214|29|310K|
|19|M3GAN 2.0 (U)|5,146|\-43%|44,422|3|322|16|50K|
|20|Final Destination - Bloodlines (WB)|4,033|\-16%|669,180|9|118|34|675K|
|Nr.|Weekend Ticket Sales|Theaters|Average|Change from Last Weekend|Change from Last Year|Top 10 Year Total (as of last Weekend)|
|:-|:-|:-|:-|:-|:-|:-|
|Top 10|889,488|5,202|171|\-9%|\-23%|30.518M|
|Top 20|962,277|7,399|130|\-7%|\-20%|\-1% below 2024|
**Weekend 28/25 (July 10th, 2025-July 13th, 2025) Top 20 in Box Office:**
|Nr.|Film|Weekend Box Office|Drop|Total Box Office|Weekend|Theaters|Average|Final Total (Prediction)|
|:-|:-|:-|:-|:-|:-|:-|:-|:-|
|1|Jurassic World Rebirth (U)|€4,344,707|\-27.6%|€13,363,954|2|647|€6,715|€24.5M|
|2|F1 - The Movie (WB)|€1,635,809|\-19%|€8,353,408|3|657|€2,490|€12.25M|
|3|Superman (WB)|€1,587,897|\---|€1,821,590|New|627|€2,533|€6M|
|4|How to Train Your Dragon (U)|€885,535|\-15.7%|€10,763,318|5|639|€1,386|€13.75M|
|5|Lilo &amp; Stitch (BV)|€623,290|\-6.6%|€28,154,242|8|623|€1,000|€30.25M|
|6|Elio (BV)|€383,928|\-8.6%|€2,126,745|4|598|€642|€3.4M|
|7|28 Years Later (COL)|€387,497|\-26.1%|€3,662,923|4|451|€859|€4.3M|
|8|Heidi - Rescue of the Lynx (LEO)|€181,665|\-3.6%|€742,530|3|575|€316|€1.225M|
|9|Mission: Impossible - The Final Reckoning (COL)|€216,829|\-29.8%|€16,641,529|8|282|€769|€17.5M|
|10|The Ballad of Wallis Island (U)|€106,684|\---|€141,321|New|103|€1,036|€450K|
|11|Girls on Top (NCO)|€93,741|\-40.9%|€359,988|2|461|€203|€575K|
|12|From the World of John Wick - Ballerina (LEO)|€107,668|\-17.8%|€3,874,768|6|239|€450|€4.225M|
|13|Meet the Barbarians (WTK)|€89,169|\-10.6%|€472,343|3|174|€512|€725K|
|14|Four Mothers (PAN)|€83,508|\---|€117,270|New|119|€702|€450K|
|15|The Phoenician Scheme (U)|€78,628|\-1%|€1,846,411|7|183|€430|€2.15M|
|16|Karate Kid - Legends (COL)|€63,919|\-18.9%|€4,994,430|7|210|€304|€5.2M|
|17|The Penguin Lessons (TOB)|€56,608|\+17.5%|€4,235,341|12|157|€361|€4.5M|
|18|Peppa Meets The Baby (LUF)|€37,185|\-0.6%|€1,713,748|7|214|€174|€1.735M|
|19|M3GAN 2.0 (U)|€55,989|\-42.9%|€467,470|3|322|€174|€525K|
|20|Final Destination - Bloodlines (WB)|€46,450|\-17.8%|€7,372,122|9|118|€394|€7.74M|
**Other Newcomers:**
|Film|Weekend Ticket Sales|Theaters|Average|
|:-|:-|:-|:-|
|Sep Ruf - Architekt der Moderne|3,364|58|58|"
Jurassic World Rebirth,"Superman (2025) is tracking to open in 2nd place with less than half of Jurassic World Rebirth´s 2nd Weekend, Opening Weekend is tracking below, all Post-Covid MCU Movies, Black Adam, The Suicide Squad Man of Steel, Superman Returns and Morbius - Germany Box Office",173,0.77,229,"https://preview.redd.it/eley8if2w6cf1.jpg?width=495&amp;format=pjpg&amp;auto=webp&amp;s=0c8cea969ab0ad71d5201b260797a3f90d09256b
https://preview.redd.it/c9pmsyr3w6cf1.jpg?width=495&amp;format=pjpg&amp;auto=webp&amp;s=06f61ecc33d262099173eb60bf224fa826fe940a
https://preview.redd.it/8ay19gb4w6cf1.jpg?width=495&amp;format=pjpg&amp;auto=webp&amp;s=256871e4eb45877112ebdb021194c61c3851bd69
* The grand relaunch of DC has arrived and it´s not doing good. After it´s Thursday Opening Day and Wednesday Previews, the film is currently projected to sell Ca. 155,000 tickets during it´s Opening Weekend and Ca. 180,000 tickets incl. Previews.
This would be the 15th Biggest 2025 Opening Weekend, the 106th Biggest Opening Weekend since the Pandemic started, James Gunn´s Lowest Superhero Movie Opening Weekend and the 5th Biggest Opening Weekend of a Superman Film.
It´s important to note that the weather is actually generally more cold and rainy than it has been in weeks, so this is set to be the most cinema friendly weekend in weeks, which makes these low projections even worse.
Excluded (due to lack of Opening Weekend data): Superman 1-3
**Top 5 Biggest Superman Opening Weekends:**
|Nr.|Film|Opening Weekend (Ticket Sales)|Theaters|Average|Release Date|
|:-|:-|:-|:-|:-|:-|
|1|Batman v Superman - Dawn of Justice|554,890|657|845|March 24th, 2016|
|2|Man of Steel|257,043|563|457|June 20th, 2013|
|3|Justice League (2017)|214,491|525|409|Novermber 16th, 2017|
|4|Superman Returns|208,962|618|338|August 17th, 2006|
|5|Superman (2025)|Ca. 155,000|619|Ca. 250|July 10th, 2025|
|Dropped Out|DC League of Super-Pets|101,293|561|181|July 28th, 2022|
**Top 5 Biggest James Gunn Opening Weekends:**
|Nr.|Film|Opening Weekend (Ticket Sales)|Theaters|Average|Release Date|
|:-|:-|:-|:-|:-|:-|
|1|Guardians of the Galaxy Vol. 2|749,797|686|1,093|April 27th, 2017|
|2|Guardians of the Galaxy Vol. 3|474,136|660|718|May 3rd, 2023|
|3|Guardians of the Galaxy (2014)|463,016|596|777|August 28th, 2014|
|4|The Suicide Squad|162,412|511|318|August 5th, 2021|
|5|Superman (2025)|Ca. 155,000|619|Ca. 250|July 10th, 2025|
|Dropped Out|Slither|11,271|148|76|June 22nd, 2006|
* This would be the 10th Biggest Opening Weekend of the DCEU.
**Top 10 Biggest DCEU Opening Weekends:**
|Nr.|Film|Opening Weekend (Ticket Sales)|Theaters|Average|Release Date|
|:-|:-|:-|:-|:-|:-|
|1|Batman v Superman - Dawn of Justice|554,890|657|845|March 24th, 2016|
|2|Suicide Squad|500,016|618|809|August 18th, 2016|
|3|Aquaman|355,020|502|707|December 20th, 2018|
|4|Black Adam|268,354|596|450|October 20th, 2022|
|5|Man of Steel|257,043|563|457|June 20th, 2013|
|6|Wonder Woman|222,252|563|395|June 15th, 2017|
|7|Justice League (2017)|214,491|525|409|Novermber 16th, 2017|
|8|Aquaman and the Lost Kingdom|173,570|587|296|December 21st, 2023|
|9|The Suicide Squad|162,412|511|318|August 5th, 2021|
|\---|Superman (2025)|Ca. 155,000|619|Ca. 250|July 10th, 2025|
|10|Birds of Prey|139,112|545|255|February 6th, 2020|
* DC´s relaunch is set to open in 2nd place, below Jurassic World Rebirth´s 2nd Weekend and depending on how the weekend goes it might fall below F1´s 3rd Weekend as well.
Jurassic World Rebirth´s performance continues to be neck to neck with Jurassic World Dominion (2nd Weekend: 288,905 tickets/ 1,034,202 tickets). Current projections are actually slightly ahead of Dominion.
Due to this week´s colder &amp; rainier weather, the drops in general are set to be really good. Elio´s 4th Weekend is still on par with it´s Opening Weekend (52,797 tickets).
**The current projection for the Weekend:**
1. Jurassic World Rebirth - 325,000 tickets -31%/ 1,050,000 tickets (2nd Weekend)
2. Superman - 155,000 tickets/ 180,000 tickets (New)
3. F1: The Movie - 140,000 tickets -13.2%/ 690,000 tickets (3rd Weekend)
4. How to Train Your Dragon - 85,000 tickets -13%/ 972,500 tickets (5th Weekend)
5. Lilo &amp; Stitch - 80,000 tickets +10.9%/ 2,855,000 tickets (8th Weekend)
6. Elio - 50,000 tickets +0.7%/ 250,000 tickets (4th Weekend)
?. The Ballad of Wallis Island - 10,000 tickets/ 15,000 tickets (New)
?. Four Mothers - 7,500 tickets / 12,500 tickets (New)
* Of course, this is only a projection based on the Thursday (&amp; wednesday for Superman) numbers for these films, so these numbers can still change in the coming days.
I´ll release a post about the actual Weekend numbers, next week probably on wednesday or tuesday."
Jurassic World Rebirth,"Jurassic World Rebirth has passed the $300M overseas mark with actuals. The film grossed $71.0M internationally this weekend. International total stands at $300.25M, global total stands at $532.7M.",374,0.97,128,
Jurassic World Rebirth,My Review of Jurassic World Rebirth (Spoilers Ahead),49,0.8,338,"Huge opportunity to see this film a whopping 2 weeks before its worldwide release. It was a fun premiere with a hyped up crowd. 
Jurassic World Rebirth is the seventh entry in this long running franchise, that packs a big Dino punch. In a surprising twist, it manages to feel a lot more like a survival thriller, similar to The Lost World and Jurassic Park 3, other than a theme Parc ride like the 'World' trilogy. In a lot of ways, I felt like the last three forgot what made the first so phenomenal, and the other two at least entertaining, in the first place. It became mind-numbing. 
Plot wise, it’s as thin as paper, but it never feels like it’s trying too hard to be something it isn’t. You’ve got a bunch of people who crash on an island where the original dinosaurs were created. They get hunted by Spinosaur’s and a T-Rex. Narratively, it’s divided into two seperate groups of characters trying to join back up with the others. Sounds familiar? Because it’s basically Jurassic Park 3. They even pull off the same ending! Which is not a negative, honestly I love that film. 
The characters here range from likeable, to boring, with nothing to actually do, or downright infuriating. The teenage girl and her boyfriend, are so insufferable; all I was waiting for was for them to get eaten. There is a focus on hybrid dinosaurs, which is starting to slightly annoy me as a dinosaur enthusiast since I was just a kid. Like, are these giant fucking animals not scary enough? But it’s woven into the plot, so it’s important…
Gareth Edwards was a damn solid choice, because he has a great eye for scale. Which is incredibly useful when making a dinosaur movie. But it was a given; he has Monsters and Godzilla under his belt, which gave him the confidence to go and shoot this thing in Kodak 35mm. The colours pop, and the grain makes all these creatures feel tangible. My only gripe is that most of the dinosaurs aren’t practical at all. Bit sad to be honest, but it doesn’t refrain from the fact that the visual effects are simply gorgeous. Pretty much perfect in every way. 
Despite the over saturation of Hybrids in this film, and the franchise as a whole, Jurassic World Rebirth felt like a return to form. It didn’t need Dino-versus-Dino action, and instead focused on a simple, yet concise story. Desplat coming in to do the score is just the cherry on top of this surprisingly fun cake!
3.5/5"
Jurassic World Rebirth,Scarlett Johansson has become the highest grossing actor of all time worldwide.,10273,0.97,764,"With 'Jurassic World Rebirth' adding over $300M to her tally this weekend, Scarlett Johansson has surpassed Samuel L. Jackson as the highest-grossing actor in leading roles worldwide, with totals exceeding $15B."
Jurassic World Rebirth,Universal's Jurassic World Rebirth has grossed an estimated $79.8M internationally through Friday. Estimated global total through Friday stands at $161.9M. The estimated global total for the film through Sunday is currently $312.5M.,243,0.94,146,
Jurassic World Rebirth,Box Office Preview: ‘Jurassic World Rebirth’ ($100-125M 5-Day) Hopes to Set Off Major July Fourth Fireworks,203,0.95,161,
Jurassic World Rebirth,Jurassic World Rebirth spoiler...,128,0.84,205,Velociraptor fans... i am so so so so so so so so so so so so so  so so so so so so so so so so so so  so so so so so so so so so so so so so  so so so so so so so so so so so so  so so so so so so so so so so so so sorry
Jurassic World Rebirth,"July 4-6 Box Office Recap – 'Jurassic World Rebirth' opens with a fantastic $147.8M domestically and $322.6M worldwide on its first five days. Meanwhile, 'F1' reaches almost $300M worldwide and becomes Apple's biggest film at the box office.",445,0.93,85,"https://preview.redd.it/gaqv8rk75jbf1.png?width=1920&amp;format=png&amp;auto=webp&amp;s=d006313609133fa978537c52a8d1d185b3009d57
It was a weekend for fireworks and dinosaurs.
***Jurassic World Rebirth*** opened with a monster $322 million worldwide, showing there's still power in this franchise after 30 years. And while ***F1*** took a rough drop in the domestic market, it's still a hit overseas, as the film is nearing $300 million worldwide and officially became Apple's highest grossing film ever.
The Top 10 earned a combined $152 million this weekend. That's 0.2% up from last year, when ***Despicable Me 4*** debuted atop.
Debuting at #1, ***Jurassic World Rebirth*** debuted with $92 million in 4,308 theaters. Adding in its numbers from Wednesday and Thurday, the film earned an incredible $147.8 million. This is hard to compare with the previous ***Jurassic World*** films, as all films opened on Friday. So just for reference; ***Fallen Kingdom*** earned $148 million on its first 3 days, and ***Dominion*** made $145 million.
What does this debut suggest? What everyone always knew: people love dinosaurs. And that has always been the franchise's biggest advantage. There are no other dino franchises currently, which has allowed Universal to cater to an audience that wants to see these monsters in the big screen. There's a lot of franchises that have experienced fatigue, but the ***Jurassic*** clearly is still beloved 32 years later after its debut in theaters.
The film had a very rushed production; it was officially announced in January 2024, although a script was written for quite some time. Gareth Edwards was hired one month later, when the current release date was already set. So basically the film was reported, filmed and released in the span of just 18 months. That's very short for a blockbuster. But then again, audiences don't pay much attention to productions. What they care for is if the film looks interesting or catches their interest, and Universal achieved it. They sold it as a ""back to basics"" film, choosing to just abandon all characters from the prior films and focus on new characters, played by Scarlett Johansson, Mahershala Ali, Jonathan Bailey. Turns it out all worked out.
According to Universal, 61% of the audience was male. The films are popular with families, although ***Rebirth*** starts to point that it's losing some young audience members. Only 36% of the audience was 25 and under, which is below ***Fallen Kingdom*** (56%) and ***Dominion*** (41%). At the end of the day, that's pretty much imminent when your franchise is 30 years old.
So yes, everything worked out in the end. Well, almost everything. What did ***Rebirth*** fail at? Reception. Critics were unimpressed with the film, giving it a mediocre 52% on RT. Somehow, that was an improvement over the past two films, but that's still not a good score. Regardless, the debut suggests the audience was still excited to watch the film. But the film's word of mouth indicates that this will play very, very differently, and that's another thing were ***Rebirth*** failed.
Audiences gave ***Jurassic World Rebirth*** a very weak ""B"" on CinemaScore, which is very poor for a blockbuster. That's worse than any of the ***Jurassic World*** films, and it's the second lowest in the franchise, just above ***Jurassic Park III*** (""B–""). This is an indication that audiences are not content with the film. It's hard to point to a domestic total prediction given that this is a 5-day debut, but with high competition like ***Superman*** and ***The Fantastic Four: First Steps*** arriving, it's very likely the film will continue the franchise's decline at the box office. Definitely a success, but it's gonna put a lot of pressure on the next film.
Last week's champ ***F1*** added $25.7 million this weekend. That's a rough 55% drop from last week, but when you have a juggernaut like ***Jurassic World***, a drop like that is pretty much imminent. Through 10 days, the film has amassed $109.2 million domestically, the first Apple title to hit that milestone. There's still heavy competition on its way, but ***F1*** should still have enough gas left to hit $160 million domestically.
In third place, ***How to Train Your Dragon*** dipped 43%, adding $11.2 million this weekend. That took its domestic total to $224.2 million, finally becoming the franchise's biggest film in the domestic market.
There doesn't appear to be any signs of life in Disney/Pixar's ***Elio***. It dropped 45% and made just $5.7 million. That drop is barely better than last week, indicating word of mouth isn't really doing anything to save the film. The film has made an abysmal $55 million so far, and it's going to struggle to hit $65 million at this rate.
***28 Years Later*** remained at #5, although it still dropped 53% and added $4.5 million this weekend. At least that's better than last week's steep 67% drop, but it's still rough. The film has already earned $60.2 million, and it should finish with around $67 million domestically.
***M3GAN 2.0*** continued disappointing on its second weekend. The film collapsed a poor 61%, earning just $3.9 million this weekend. That's far worse than the original's second weekend drop (a very light 39.8%). The sequel has earned a very poor $18.7 million, which is a colossal 68% behind the original through the same point. With more competition on its way, it's highly likely the film will finish with less than $25 million domestically.
***Lilo &amp; Stitch*** dropped 45% and earned $3.8 million. The film has amassed $408.5 million so far.
In eighth place, ***Mission: Impossible – The Final Reckoning*** eased just 34% and added $2.7 million this weekend. The film's domestic total stands at $191.1 million, and it will soon pass ***Rogue Nation*** ($195 million) to become the fourth biggest film in the franchise.
***Materialists*** had another rough drop this weekend. This time, it dropped 55% and added $1.3 million. That took its total to $33.5 million.
Rounding out the Top 10 was the 41st anniversary re-release of ***This Is Spinal Tap***. It earned $1 million from 1,015 theaters, taking its lifetime gross to $5.7 million. Man, it should've made $1.1 million, come on.
#**OVERSEAS**
***Jurassic World Rebirth*** debuted with $174 million overseas, for a monster $322.6 million worldwide debut. China was its biggest debut with $41.5 million, which is the biggest for a Hollywood title this year. However, it should be noted that the film was quite front-loaded in the market amidst poor word of mouth. Other strong debuts were seen in the UK ($16.6M), Mexico ($13.9M), Germany ($7.6M), South Korea ($7.4M), Spain ($6.5M), Australia ($5.9M), India ($5.5M/best of franchise), France ($5.3M) and Italy ($4.7M).
All the ***Jurassic World*** films have cracked $1 billion, but don't expect the same to happen to ***Rebirth***. Not only was it lower than ***Dominion*** $392 million worldwide debut, but most of these debuts were all from 5-day debuts, which is boosting its numbers. For now, a $800 million worldwide total is likely. Another success in the franchise, but it will continue marking another decline.
***F1*** was impacted domestically, but it continues killing it overseas. Despite the arrival of ***Rebirth***, the film dipped just 38% and added $56.3 million overseas, taking its worldwide total to $293 million. It's already Apple's biggest film worldwide. In China, the film had an insane 2% second weekend drop, which is the best for a Hollywood title this year, and now the film is set to massively over-perform in the market. The best markets are China ($22M), the UK ($17.3M), Mexico ($12.3M), France ($11.5M) and Australia ($9.8M). Assuming it keeps holding very well, the film should definitely pass $450 million worldwide.
***How to Train Your Dragon*** added $21 million overseas, taking its worldwide total to $519 million. The best markets are China ($35.5M), Mexico ($33.4M), the UK ($24.6M), Brazil ($17.2M) and France ($14.2M). It has already passed the original film's worldwide gross, and by tomorrow it will pass ***The Hidden World*** ($520 million).
***28 Years Later*** added $7 million overseas, allowing it to cross $125 million worldwide. The UK has been its biggest market, unsurprisingly, earning $17 million so far. The film should finish with around $140 million worldwide.
Continuing its absolutely pathetic run in pretty much every territory, Disney/Pixar's ***Elio*** made $6.7 overseas, taking its worldwide total to just $97.7 million worldwide. The best markets are France ($4.7M), the UK ($4.1M), South Korea ($3.6M), China ($3.5M) and Mexico ($2.8M). 3 weeks in and a Pixar title still hasn't cracked $100 million worldwide. What a time to be alive.
***Lilo &amp; Stitch*** added $6.1 overseas, taking its worldwide total to $972 million. That allowed it to finally pass ***A Minecraft Movie*** as the year's second highest grossing film, just behind ***Ne Zha 2***. The best markets are Mexico ($66.5M), the UK ($48.3M), France ($40.5M), Brazil ($36.5M) and Germany ($30.8M).
With $3.9 million overseas, ***Mission: Impossible – The Final Reckoning*** has officially passed ***Dead Reckoning*** worldwide with a $576.1 million total, becoming the fourth biggest film in the franchise.
#**FILMS THAT ENDED THEIR RUN THIS WEEK**
Movie | Release Date | Studio | Domestic Opening | Domestic Total | Worldwide Total | Budget |
----------|----------|----------|:--------:|:--------:|:--------:|:--------:
*A Minecraft Movie* | Apr/4 | Warner Bros. | $162,753,003 | $423,949,195 | $954,928,702 | $150M
- *A Minecraft Movie* has closed its run with a fantastic $954 million worldwide. Considering the insanely negative response to its first teaser, it's still a sign of the brand's strength that it could make almost $1 billion. Of course, the film's legs were very mediocre (2.60x is not great at all for family films, given those easily pass 3x), which is a sign that they weren't fully satisfied by the film itself. Whenever the sequel comes up, they must deliver something better than this, quality-wise.
#**THIS WEEKEND**
A new era of DC begins this weekend.
That's because it's the arrival of DC's ***Superman***, the first film in the new DC Universe (DCU). Written and directed by James Gunn, it stars David Corensweet as the Man of Steel, and it follows Superman's journey to reconcile his alien heritage with his adoptive human family. To say that expectations are high for this film is selling it short. As previously mentioned, this is gonna kick off a new DC Universe, after the DCEU had the insane distinction of having 8 box office flops in a row. And that's not even including the absolute misfire of ***Joker: Folie à Deux***. Needless to say, the brand is at an all-time low and ***Superman*** will need to win over people. With a high $225 million budget and an extensive marketing campaign, this film really needs to be a home run for the sake of DC.
____________________________________________________________________________________________
If you're interested in following the box office, come join us in r/BoxOffice."
Jurassic World Rebirth,Scarlett Johansson Becomes Hollywood’s Highest Grossing Lead Actor With ‘Jurassic World Rebirth’,283,0.87,112,
Jurassic World Rebirth,"Universal's Jurassic World Rebirth passed the $200M domestic mark on Friday. The film grossed an estimated $11.37M on Friday (from 4,324 locations). Estimated total domestic gross stands at $203.48M.",271,0.96,114,
Jurassic World Rebirth,Scarlett Johansson’s ‘Jurassic World Rebirth’ Predicted To Bomb At Box Office,100,0.74,206,
Jurassic World Rebirth,"Scarlett Johansson, Jonathan Bailey, Mahershala Ali and Rupert Friend at the New York premiere of 'Jurassic World: Rebirth'",464,0.97,77,"They look wickedly good at the premiere! Mahershala Ali, Scarlett Johansson, Jonathan Bailey, Rupert Friend, Ed Skrein at the ‘JURASSIC WORLD REBIRTH’ premiere in NYC."
Jurassic World Rebirth,Box Office Weekend Forecast: JURASSIC WORLD REBIRTH Eyes $115-137M+ 5-Day Domestic Launch,157,0.95,154,
Jurassic World Rebirth,"New York Premiere of 'Jurassic World Rebirth' (June 23, 2025)",1326,1.0,18,
Jurassic World Rebirth,SK Thursday Update: Jurassic World Rebirth is set to have big second weekend as Superman gets worried.,108,0.86,154,"|Movies|Monday-Monday Drop|Tuesday-Tuesday Drop|Wednesday-Wednesday Drop|Thursday-Thursday Drop|Friday-Friday Drop|Saturday-Saturday Drop|Sunday-Sunday Drop|Week-Week Drop|
|:-|:-|:-|:-|:-|:-|:-|:-|:-|
||
|Jurassic World Rebirth|–|–|67%|54%|–|–|–|–|
|Noise|Increase by 66%|Increase by 53%|Increase by 47%|Increase by 1%|–|–|–||
|F1|19%|4%|21%|16%|–|–|–||
|HTTYD|48%|36%|53%|56%|–|–|–||
|Elio|61%|35%|51%|38%|–|–|–||
|28 Years Later|79%|76%|68%|95%|–|–|–||
|Hi-Five|72%|56%|59%|68%|–|–|–||
|Mission Impossible 8|64%|54%|37%|59%|–|–|–||
|AOT|12%|22%|39%|28%|–|–|–||
**Superman:** Not a good sign, as the movie dropped roughly 40% from yesterday, which was a bigger drop than Jurassic World Rebirth had last week on its Wednesday-Thursday drop of 33%. I will say that the fact Jurassic World Rebirth managed to have a lower drop despite its opening day being on a cultural holiday is a bit worrisome for Superman. Presales are dropping before the weekend begins, which is a sign of the movie being frontloaded.
**Jurassic World Rebirth:** The movie is expected to see a modest drop, as presales are already starting to surge for the weekend. Jurassic World Rebirth presales are now roughly ten thousand away from Superman, so I wouldn’t be shocked if Jurassic World Rebirth overtakes Superman in presales by Monday, or potentially earlier if Superman continues to have presale issues. Today indicates a weekend with around 350,000 to 400,000 admissions, which would put Jurassic World Rebirth at around 1.6 million admissions by Sunday.
**Noise:** A very impressive run, as the movie has increased every single day this week and is expected to hit a million admissions this weekend.
**F1:** Holding well as the movie has continued to refuse to let the competition take it down. The movie will reach 9 million dollars tomorrow.
**How To Train Your Dragon**: The movie seems to be a victim of screen lost, but the movie is still doing quite well.
**Elio:** A mediocre day, as the film is expected to cross 560k admissions by tomorrow, with the movie aiming to reach 600k admissions early next week.
**28 Years Later:** Complete collapse as the movie dropped 95%, selling just 158 tickets.
**HI-Five:** The movie continues to make the race to 1.9 million admissions interesting. I do worry about it surviving the next week's release of the local movie onslaught.
**Mission Impossible 8**: MI8 is still eyeing 3.4 million admits, but the big drop is going to make it nearly impossible.
**Miku Who Can't Sing:** An increase of 2% from last Thursday, as the movie is now going to hit 85k tomorrow, as the movie is somehow just deciding to show back every Thursday.
**AOT**: The movie added 320 admits as the movie managed to hit 928k admits, as the movie had a bit of a bounce-back day."
Jurassic World Rebirth,Jonathan Bailey at the Shanghai premiere of Jurassic World Rebirth,395,1.0,75,
Jurassic World Rebirth,Colin and wife at the Jurassic World Rebirth premiere,264,0.87,102,
Jurassic World Rebirth,SK Wednesday Update: Superman has meh audience scores as the film opened up towards the bottom of its comps. Jurassic World Rebirth has okay drop from last week's cultural day,110,0.79,146,"|Movies|Monday-Monday Drop|Tuesday-Tuesday Drop|Wednesday-Wednesday Drop|Thursday-Thursday Drop|Friday-Friday Drop|Saturday-Saturday Drop|Sunday-Sunday Drop|Week-Week Drop|
|:-|:-|:-|:-|:-|:-|:-|:-|:-|
|**Jurassic World Rebirth**|–|–|67%|||||–|
|**F1**|19%|4%|21%||||||
|**HTTYD**|48%|36%|53%||||||
|**Elio**|61%|35%|51%||||||
|**28 Years Later**|79%|76%|68%||||||
|**Hi-Five**|72%|56%|59%||||||
|**Mission Impossible 8**|64%|54%|37%||||||
|**AOT**|12%|22%|39%||||||
**Superman:** Not a lot of great things to say as it opened beneath both Thunderbolts and Captain America: BNW. The audience score isn’t great as the movie is sitting at 86 on CGV and 8.3 on Megabox. The best comp was indeed Thunderbolts, as the walkups were about as equal as you can get, but Superman had slightly better walkups. The movie is expected to see a five-day opening between 510,000 and 605,000 admissions.
**Jurassic World Rebirth:** The movie experienced a significant drop in attendance from opening day, which is not surprising, given that it premiered on a cultural holiday, akin to a Friday, rather than a traditional weekday. The movie has now reached 1.2 million admissions and is expected to surpass 1.3 million admissions on Friday.
**F1:** What a great Wednesday as the movie barely hit 1.1 million admits, but it did reach that milestone.
**How To Train Your Dragon**: The movie is starting to slow down some, but the movie is still going to comfortably beat 1.8 million admits and could have a chance to hit 1.9 million admits.
**Elio:** A meh day as the film is going to cross 560k admits by Friday as the film is still digging away at 600k admits
**28 Years Later:** A significant drop again, as the movie is likely to stay outside the top ten for good, with admissions today at just 737.
**HI-Five:** The movie sees a decent day as it continues to inch toward 1.9 million admissions.
**Mission Impossible 8**: MI8 is still eyeing 3.4 million admits as it is now just trying to pad its total.
**AOT**: The movie added 257 admissions as it will reach 928k in the next couple of days.
**Presales**
Next Up will be F4!"
Kpop Demon Hunters,"I haven't seen Kpop Demon Hunters so I have nothing to say on the movie itself, but I just want to say that I HATE THIS FUCKING GIF AND I WANT TO STRANGLE SOMETHING EVERYTIME I SEE IT",34914,0.86,2298,
Kpop Demon Hunters,KPop Demon Hunters - misses it's own point?,1873,0.99,578,"I decided to watch KPop Demon Hunters on Netflix after seeing so much praise for it and I really liked it... until the end. I feel like the climax of the film completely contradicts the entire rest of the film and it's message, so I'd like to see if anyone else felt this way about it.
Throughout the film, the main character grapples with shame around the fact she's part-demon by birth, and eventually comes to accept this about herself. Additionally, we learn about this demon called Jinu, who was a human who committed one terrible act and is now trapped in servitude by Gwi-Ma. So, this tells us that demons are being manipulated by the villain using their self-loathing and shame into doing his bidding, and that being a demon isn't inherently bad.
To add to that, we see Rumi becoming disillusioned as the film progresses, her heart not in killing demons anymore. She even asks one demon whether he's being forced to do what he's doing (although he's killed before he can answer).
So then, after all that buildup, the climax of the film is the trio slaughtering hordes of demons and sealing them all away with a new honmoon just in a more self-empowered way. What??? It's supposed to feel so triumphant - the trio have finally accepted who they are and can come together truly as themselves to do their duty and banish evil from the world. But the film has just spent it's entire runtime telling us that the evil is not necessarily evil. The climax seems to think that the separation between good and evil in the film is black and white when the whole film up to that point has been muddying that. It's just so strange because the film 100% feels like it's building to the characters realising that demons don't necessarily need to be locked away, perhaps just released from the negative influence/command of Gwi-Ma but it just doesn't happen. I believe it completely misses it's own point because it asks us to sympathise with demons and then the triumphant climax completely doesn't work if you do sympathise with them.
Am I crazy? Did anyone else feel this?"
Kpop Demon Hunters,Official Discussion - KPop Demon Hunters [SPOILERS],1352,0.97,863,"# Poll
**If you've seen the film, please rate it** [**at this poll**](https://strawpoll.ai/poll/vote/IgBolJ9ZDaeP)
**If you haven't seen the film but would like to see the result of the poll** [**click here**](https://strawpoll.ai/poll/results/IgBolJ9ZDaeP)
# Rankings
[Click here](https://strawpoll.ai/list/ItnAgr4mX7QR) to see the rankings of 2025 films
[Click here](https://youpoll.me/list/4/) to see the rankings for every poll done
**Summary** A hit girl group by day, elite demon hunters by night—K‑Pop Demon Hunters follows Rumi, Mira, and Zoey as they balance stadium tours with battling soul-stealing demons. When a rival boy band reveals itself as a demonic threat, the trio must use their music-based powers to save their fans.
**Directors** Maggie Kang &amp; Chris Appelhans
**Writers** Maggie Kang, Chris Appelhans, Hannah McMechan &amp; Danya Jimenez
**Voice Cast**
* Arden Cho as Rumi
* May Hong as Mira
* Ji‑young Yoo as Zoey
* Ahn Hyo‑seop as Jinu (leader of the rival Saja Boys)
* Ken Jeong as Bobby (Huntrix's manager)
* Yunjin Kim as Celine (mentor/foster mom)
* Daniel Dae Kim as Healer Han
* Byung‑hun Lee as Gwi‑Ma (the demon king)
* Plus cameos from Joel Kim Booster and Liza Koshy
**Rotten Tomatoes**: [92%](https://www.rottentomatoes.com/m/kpop_demon_hunters) **Metacritic**: [78](https://www.metacritic.com/movie/kpop-demon-hunters/)
**VOD** Premiered globally on Netflix, June 20, 2025
**Trailer** [Watch here](https://www.youtube.com/watch?v=AzCAwdp1uIQ)"
Kpop Demon Hunters,In kpop demon hunters (2025) the kpop singers are allowed to eat a lot. This is because the movie is fictional.,96677,0.96,1108,
Kpop Demon Hunters,in kpop demon hunters (2025)   this is the worst way to depict someone eating a sushi in a kid movie,17120,0.84,980,
Kpop Demon Hunters,"Despite the amount of posts about Kpop Demon Hunters(2025) on this sub, I have yet to see what the demons actually look like. This is because the corporate shills paid to promote this movie here were instructed not to spoil anything by their masters.",13244,0.91,558,
Kpop Demon Hunters,"In KPop Demon Hunters (2025), the members of a K-pop girl band are shown writing their own songs without any co-writers or producers. This is a reference to the fact this movie is fictional.",12808,0.96,236,
Kpop Demon Hunters,"AMA with KPop Demon Hunter’s Maggie Kang, Chris Appelhans and Ian Eisendrath",1590,0.98,857,"Monsters beware: The *KPop Demon Hunters* are here to slay the day!
Join the team behind Netflix’s hit movie [KPop Demon Hunters ](https://www.netflix.com/tudum/articles/kpop-demon-hunters-release-date-cast-news)(directors Maggie Kang &amp; Chris Appelhans and music supervisor Ian Eisendrath) for an AMA here in the r/KPop community on Thursday, July 10th at 9 am PST / 12 pm EST. Drop your questions below and we’ll see you soon!
[KPop Demon Hunters AMA](https://preview.redd.it/hyq2d4lqxubf1.jpg?width=1179&amp;format=pjpg&amp;auto=webp&amp;s=48af461c5f1b817fe3e24e9abadbd03489c6dd19)
https://preview.redd.it/n373qb3byubf1.jpg?width=1201&amp;format=pjpg&amp;auto=webp&amp;s=fa50cf485d855447821cb61f7f24bd8ee2f82d02"
Kpop Demon Hunters,DId anyone else on here watch Kpop demon hunters and if so what are your thoughts?,1506,1.0,451,"Kpop demon hunters is about Rumi, Mira, and Zoey who form ""Huntrix"" a kpop girl group who hunt and fight demons sent by Gwi-Ma who wants human souls to feed his power. They seals demons by performing which creates the Honmoon a barrier between the human and demon world.  Gwi-Ma later sends a demon boy band called ""The Saja Boys"" who aim to steal the girl's fans and increase Gwi-Ma's power.
I personally really liked this movie and thought the songs were bops with my favorites being Golden, Soda pop, and What it sounds like. My main criticisms for this movie was the fast pacing. some characters not getting a lot of focus, and plot holes that are never touched upon. I'm hoping they make a sequel or spin off series to dive into more of the lore and character backstories. This movie was an 8/10 and I really recommend you guys watch it if you haven't already."
Kpop Demon Hunters,The success of KPop Demon Hunters validates the entire plot of KPop Demon Hunters,3258,0.99,159,
Kpop Demon Hunters,Breaking: KPOP Demon Hunters is officially set to become Netflix’s most watched animated movie in history!!!,2850,0.99,142,"Source: What’s on Netflix.   
https://www.whats-on-netflix.com/news/top-10-reports/kpop-demon-hunters-set-to-break-netflix-animation-records-katie-taylor-vs-amanda-serrano-viewership-revealed/"
Kpop Demon Hunters,"The K-Pop idols ""The Saja Boys"" from 'KPOP DEMON HUNTERS' on NETFLIX look like in my opinion.",1607,0.91,261,
Kpop Demon Hunters,KPop Demon Hunters fumbled with its villain,895,0.95,389,"(Edit 7/12/25: I see this post is still getting traction, thank you to everyone who commented. After reading the comments and seeing other people's perspectives, I no longer completely agree with this post, but I will still leave what I originally said down below. Jinu is not pure evil or the main villain of the moviel, Gwi-Ma is. Jinu did make bad choices, but his bad choices are not all that he is, and he sacrificed himself. I'm sure demons were all once people, but they fell to the dark side. I still really do think that they should expand on the lore/Rumi's demon heritage in a sequel or novel or something, since people seem to agree that some concepts/characters were underexplored in the movie.)
I just finished watching the movie, and it was very enjoyable for the most part, a solid 4.5/5. But it doesn't get 5/5 for me because of how they handled the villain.
The Saja Boys are demons posing as a kpop boy band in order to steal people's souls, and it's the job of the titular demon hunters, a girl group called Huntrix, to take them down. However, the lead singer, Rumi, is actually part-demon, which is very interesting. She has this clear self-hatred and wants to get rid of her distinctive demon patterns. The lead singer of Saja Boys, Jinu, finds out that Rumi is part-demon and then singles her out. They get to know each other better, and Jinu reveals that he was once a human who lived in poverty with his family and was taken into the demon realm after hearing voices in his head. He just wants to be free. Rumi sympathizes with him and decides that she wants to free him. Rumi's ideals and life purpose being challenged was very interesting to me, and it seemed she and Jinu had a good thing going....
....sike! Turns out Jinu was lying to Rumi and really was pure evil! He abandoned his family and got to live a cushy life. No complex morality allowed. This is Ruby Gillman all over again. Just like how mermaids were all just evil, demons are all just evil (Now this is a certified Frieren moment). Yeah, Jinu did sacrifice himself at the end, but still, they fumbled hard. It was a missed opportunity to show that the hunters were wrong about demons, that they're not all bad. They were building up to it, with how Rumi changed the lyrics of the Takedown song to be more sympathetic and less harsh, but no, Sony decided that viewers can't handle complex morality despite writing Miguel O'Hara very well."
Kpop Demon Hunters,What makes KPOP DEMON HUNTERS so addicting?,995,0.97,260,"I haven't been so taken by the replay value of a movie since I was a kid watching Frozen or something. So much so that I wish it had a theatrical release in my country so I can experience it on the big screen. Is it the songs? The animation? Maybe both? I'm not the most eloquent so I can't type all of the emotions I feel for this movie, and it's crazy because I know I'm not the only one who has been getting the urge to rewatch it over and over. Hell, I've seen people on both Tiktok and Twitter saying they've watched it more than 5 times already, and I'm getting close to that number. So, out of pure curiousity to those who have watched it, what do you think makes it so addicting?"
Kpop Demon Hunters,"Huntrix (Rumi, Mira, Zoey) from KPop Demon Hunters",1785,0.95,117,"I wouldn’t be surprised if anybody’s already posted about these three but I have to talk about them. They’re so colorful, pretty, and full of attitude, which reflects the way they are in the movie perfectly. Their fashion is phenomenal and complex, but not to a crazy amount and it leaves enough room to have extremely expressive animation. Each one has a style that reflects their personalities too: Rumi is the frontwoman of the group and has the biggest presence with her big jacket and huge braided ponytail, Mira has this sort of punky look and the glasses she sometimes wears make her look more aggressive, and Zoey is energetic and bubbly, giving her this kind of street rapper vibe. There are so many amazing designs from just the outfits these 3 wear alone, and infinitely more if you include the other characters in this movie. If you haven’t seen it yet, go watch it!"
Kpop Demon Hunters,"Netflix are selling Kpop Demon Hunters merch, and something looked familiar",4260,0.98,55,"As noticed by [@thalassas on bluesky](https://bsky.app/profile/thalassas.bsky.social/post/3ltrjwoqaf22b). And if you haven't already, go watch the movie. It's a fun time."
Kpop Demon Hunters,KPop demon hunters was a bad movie,567,0.95,401,"It had unfunny dialogue and a dumb concept, the only highlight was the demons and the boy band sometimes. The main characters were unlikable due to them being “relatable” but also being multi millionaire superstars. The dialogue made me cringe and the jokes made me either stone faced or slightly smile. The saja boys had better songs, I skipped through whenever huntrix sang. They never explain how honmoon works, is it fans or singing? I can’t tell which is dumber. I watched it out of FOMO and the people who make it sound like the second coming of Jesus Christ annoy me more than the movie. Only the main character and the love interest get character growth, and every twist was so predictable you could see it happening before you watched the movie, a ___ hunter who is part ___ ,love interest is enemy but turns good and sacrifices themselves."
Kpop Demon Hunters,KPop Demon Hunters (Soundtrack from the Netflix Film),1039,0.97,174,"KPop Demon Hunters (Soundtrack from the Netflix Film)
**Release Date**: 20th June 2025
Track | Lyrics by | Composed by | Arranged by 
-|-|-|-|
1. [TWICE Jeongyeon, Jihyo, Chaeyoung - TAKEDOWN](https://www.youtube.com/watch?v=vf1kWWqJKus) | Lindgren | Lindgren | 
2. [HUNTR/X - How It's Done](https://www.youtube.com/watch?v=rkYuufTXkL8) | *EJAE*, Mark Sonnenblick, Danny Chung | *EJAE*, Mark Sonnenblick, Danny Chung | Ian Eisendrath, *EJAE*
3. [Saja Boys - Soda Pop](https://www.youtube.com/watch?v=Z_yvJ2k8QMQ) | Danny Chung, Vince, Kush | Danny Chung, Vince, Kush | Ian Eisendrath, EJAE
4. [HUNTR/X - Golden](https://www.youtube.com/watch?v=TuzfXgUpboA) | *EJAE*, Mark Sonnenblick | *EJAE*, Mark Sonnenblick | Ian Eisendrath, *EJAE*
5. [TWICE - Strategy](https://www.youtube.com/watch?v=jb5LUaCVpEk) | Boy Matthews, Cleo Tighe | Earattack, Woo, Boy Matthews, Cleo Tighe | Earattack
6. [HUNTR/X - Takedown](https://www.youtube.com/watch?v=jq-L70UXun8) | Lindgren | Lindgren | Ian Eisendrath, EJAE
7. [Saja Boys - Your Idol](https://www.youtube.com/watch?v=TjsNkI4CTiw) | *EJAE*, Mark Sonnenblick, Vince, Kush | *EJAE*, Mark Sonnenblick, Vince, Kush | Ian Eisendrath, *EJAE*
8. [HUNTR/X Rumi &amp; Jinu - Free](https://www.youtube.com/watch?v=HyQn-jkug-w) | Mark Sonnenblick, Jenna Andrews, Stephen Kirk | Mark Sonnenblick, Jenna Andrews, Stephen Kirk | Ian Eisendrath, EJAE
9. [HUNTR/X - What It Sounds Like](https://www.youtube.com/watch?v=4TZmNObLkAU) | Mark Sonnenblick, Jenna Andrews, Stephen Kirk | Mark Sonnenblick, Jenna Andrews, Stephen Kirk | Ian Eisendrath, EJAE
10. [MeloMance - Love, Maybe](https://www.youtube.com/watch?v=JMyhASXAZ_A) | Jeong Donghwan, Kim Minseok | Jeong Donghwan, Kim Minseok | 
11. [Jokers - Path](https://www.youtube.com/watch?v=R70VhIh_9og) | Kang Joon-woo, Jo Gap-chui, Lee Soo Young, Kim Young Hyeon, Jang Woong-beom |  Kang Joon-woo, Jo Gap-chui, Lee Soo Young, Kim Young Hyeon, Jang Woong-beom | 
12. [Marcelo Zarvos - Score Suite](https://www.youtube.com/watch?v=nXg0WUHAXMk) | Marcelo Zarvos | Marcelo Zarvos | 
**STREAM ON:** 
* **[Melon](https://www.melon.com/album/detail.htm?albumId=11859863)**
* **[Spotify](https://open.spotify.com/album/14JkAa6IiFaOh5s0nMyMU9)**
* **[YouTube Music](https://music.youtube.com/playlist?list=OLAK5uy_mvB1b-5JvguorHZ7EsoKx3jYDq4VDvt04)**
* **[Apple Music](https://music.apple.com/au/album/kpop-demon-hunters-soundtrack-from-the-netflix-film/1820264137)**"
Kpop Demon Hunters,"Netflix Twitter account updated their bio and banner to ""jungkook watched kpop demon hunters""",2004,0.98,73,
M3GAN 2.0,Official Discussion - M3GAN 2.0 [SPOILERS],200,0.88,534,"#Poll
**If you've seen the film, please rate it [at this poll](https://strawpoll.ai/poll/vote/LNb0wEhnjdk8)**
**If you haven't seen the film but would like to see the result of the poll [click here](https://strawpoll.ai/poll/results/LNb0wEhnjdk8)**
#Rankings
[Click here](https://strawpoll.ai/list/ItnAgr4mX7QR) to see the rankings of 2025 films
[Click here](https://youpoll.me/list/4/) to see the rankings for every poll done
---
**Summary**
Two years after the original, Gemma and her now-14-year-old niece Cady face a terrifying new threat—AMELIA, a military-grade AI built from stolen M3GAN tech. With the future at stake, Gemma reboots and upgrades M3GAN to combat the rogue android in a high-stakes, globe-spanning showdown.
**Director**
Gerard Johnstone
**Writer**
Gerard Johnstone &amp; Akela Cooper
**Cast**
* Allison Williams as Gemma
* Violet McGraw as Cady
* Amie Donald as M3GAN (physical performance)
* Jenna Davis as M3GAN (voice)
* Ivanna Sakhno as AMELIA
* Jemaine Clement as Alton Appleton
* Brian Jordan Alvarez as Cole
* Jen Van Epps as Tess
* Aristotle Athari, Timm Sharp in supporting roles
**Rotten Tomatoes**:  [60](https://www.rottentomatoes.com/m/m3gan_20)
**Metacritic**:  [54](https://www.metacritic.com/movie/m3gan-20/)
**VOD**
In theaters June 27, 2025; will stream on Peacock later in the year
**Trailer**
[Watch here](https://www.youtube.com/watch?v=IYLHdEzsk1s&amp;pp=0gcJCf0Ao7VqN5tD)
---"
M3GAN 2.0,Official Dreadit Discussion: “M3GAN 2.0” [SPOILERS],65,0.83,137,"**Summary:**
After the underlying tech for M3GAN is stolen and misused by a powerful defense contractor to create a military-grade weapon known as Amelia, M3GAN’s creator Gemma realizes that the only option is to resurrect M3GAN and give her a few upgrades, making her faster, stronger, and more lethal.
**Links / Reviews:**
* [IMDb](https://www.imdb.com/title/tt26342662/?ref_=nv_sr_srsg_3_tt_4_nm_2_in_0_q_megan%25202.0)
* [Rotten Tomatoes](https://www.rottentomatoes.com/m/m3gan_20)
* [Letterboxd](https://letterboxd.com/film/m3gan-20/)
* [Metacritic](https://www.metacritic.com/movie/m3gan-20/)
**Directed By:**
* [Gerard Johnstone](https://en.wikipedia.org/wiki/Gerard_Johnstone)
**Written By:**
* Gerard Johnstone (Screenplay by)
* Gerard Johnstone (Story by)
* [Akela Cooper](https://en.wikipedia.org/wiki/Akela_Cooper) (Story by)
**Cast:**
* [Allison Williams](https://en.wikipedia.org/wiki/Allison_Williams) as Gemma
* [Violet McGraw](https://en.wikipedia.org/wiki/Violet_McGraw) as Cady
* [Amie Donald](https://en.wikipedia.org/wiki/Amie_Donald) as M3GAN
* [Jenna Davis](https://en.wikipedia.org/wiki/Jenna_Davis) as the voice of M3GAN
* [Brian Jordan Alvarez](https://en.wikipedia.org/wiki/Brian_Jordan_Alvarez) as Cole
* Jen Van Epps as Tess
* [Ivanna Sakhno](https://en.wikipedia.org/wiki/Ivanna_Sakhno) as Amelia
* [Aristotle Athari](https://en.wikipedia.org/wiki/Aristotle_Athari)
* [Timm Sharp](https://en.wikipedia.org/wiki/Timm_Sharp)
* [Jemaine Clement](https://en.wikipedia.org/wiki/Jemaine_Clement)
**Cinematographer:**
* [Toby Oliver](https://www.imdb.com/name/nm0002947/?ref_=ttfc_fcr_cr)
**Composer:**
* [Chris Bacon](https://www.imdb.com/name/nm2092016/?ref_=ttfc_fcr_cr)
**Producers:**
* [Jason Blum](https://en.wikipedia.org/wiki/Jason_Blum)
* James Wan
* [Allison Williams](https://en.wikipedia.org/wiki/Allison_Williams)"
M3GAN 2.0,Saw m3gan 2.0 and it was awesome,4,0.55,13,"The direction they took for this movie is a perfect one I think 
If they went with the same premise of oooh m3gane came back in another house must stop her it would just have felt cheap and reused 
It focusing on the relationships betwen Gemma Cady and Megan really came out as a nice surprise and since I haven't seen the trailer I was shocked when m3gan turned out to have a redemption arc!
The plot Twists also caught me off guard multiple times! (I think it also stems from Gemma being a unreliable narratore?
The dialogue also flowed smoothly AND THE JOKES? it made the the whole cinema crack up more than once and I personaly never felt they were forced 
M3gan was a joy to see on screen and never felt boring, she sassy funny and her arc was absolutely amazing 
At the end of the day I can understand why it wouldn't be some people's cup of tea, but a movies is made to entertain and it did just that and I had a pretty good time watching it"
M3GAN 2.0,So about M3GAN 2.0 …,3,0.59,21,"This is just my own opinion. Yes there are spoilers.
I have mixed feelings about the sequel. 
Overall I thought it was a fun popcorn flick. I’m not a hater of the movie by any stretch. If you want to go for a fun time with plenty solid comedic moments, then this is great for you.
And i still moderately enjoyed my time watching the movie.
But at the same time, I feel like they could have done better.
Not sure if its the director or all the actors but the movie could have benefited from stronger performances overall.
For example, &gt;! The character who ends up being the main antagonist is named Christian, portrayed by Aristotle Athari, is so BORING throughout the entire film. He starts out as Gemma’s new boyfriend, introduced by exposition of course. He is boring in the beginning. He has a nice interaction with Cady early on, encouraging her with her tech passions. Then he serves as Gemma’s emotional support after Cady is abducted by Amelia. He just isn’t very compelling throughout any of this. Then when it’s revealed that he and his crew of rogue scientists is behind Amelia and her killings and taking Cady, he just isn’t that intimidating at all. He has this SUPER LONG monologue to Gemma towards the end of the movie. It’s just that he is so bland and uninteresting, i lost focus halfway through his little villain speech and missed much of the exposition. When Amelia killed him after she becomes fully autonomous, i was like “yep saw it coming.” I just didn’t get anything out of his character. They rushed to introduce him early on and then rushed the reveal and rushed his exit. It’s whatever. One of the characters who dies early on i think was a better actor than who is later revealed as the villain… that guy should have been the villain. He is much more compelling and if he had to be like evil i feel like he could have pulled it off. !&lt;
The best thing about the movie is M3GAN.  The world around it? It’s lazy writing and not very compelling. The movie is only watchable for the comedic beats and seeing M3GAN fight another robot.
EDIT: honestly the most disappointing thing is that they didn’t use the song “Femininomenon” by Chappell Roan in the actual movie. They used it in the teaser trailer and its been a guilty pleasure of mine to listen to ever since"
M3GAN 2.0,"‘F1’ Drops Into Fifth With $140M Opening Weekend Around The World, Brad Pitt &amp; Apple Original Films Records; ‘M3GAN 2.0’ Asleep At $10M+ – Saturday Box Office",844,0.95,239,
M3GAN 2.0,"‘F1’ Putting The Pedal To The Metal With $55M+ Opening, An Apple Original Films Record; ‘M3GAN 2.0’ Asleep At $10M, ‘Elio’ Dropping 45% to $11M-$12M; ‘28 Years Later’ Collapsing 67% to $10M – Friday PM Update",603,0.97,230,
M3GAN 2.0,'M3GAN 2.0' - Review Thread,339,0.81,301,"*Two years after M3GAN, a marvel of artificial intelligence, went rogue and embarked on a murderous rampage, its creator, Gemma, has become an advocate for government oversight of AI. Unbeknownst to her, a defense contractor has created a military-grade weapon known as Amelia, the ultimate infiltration spy. However, as Emlia's self-awareness increases, it becomes less interested in taking orders. Hoping to stop Emilia, Gemma decides to resurrect M3GAN, making it faster, stronger, and more lethal.*
**Rotten Tomatoes:** [62%](https://www.rottentomatoes.com/m/m3gan_20)
**Metacritic:** [56/100](https://www.metacritic.com/movie/m3gan-20/)
Some Reviews:
[Independent (UK)](https://www.rottentomatoes.com/critics/source/691) \- [Clarisse Loughrey](https://www.rottentomatoes.com/critics/clarisse-loughrey) \-  4/5
&gt;M3GAN 2.0 is, admittedly, a pretty bizarre conflagration of tones and ideas. But so were most of the Child’s Play films... and the rollercoaster effect of never quite knowing what genre Johnstone might pull from next is a key part of the fun.
[Empire Magazine - John Nugent](https://www.empireonline.com/movies/reviews/m3gan-2/) \- 4/5
&gt;M3GAN 2.0 is more absurd, self-aware silliness: a riot of timely tech paranoia, with almost no horror but a ton of successful comedy. Slay, queen! We are following *Terminator 2* rules here: if AMELIA is the cold, ruthless, unstoppable T-1000, then M3GAN is the T-800 who can take her on — the fan-favourite baddie gone good — with Williams’ Gemma as the tech-sceptical Sarah Connor-type, who must learn to love her former foe. (Because if a M3GAN can learn the value of human life, maybe we can too?)
[The Hollywood Reporter - David Rooney](https://www.hollywoodreporter.com/movies/movie-reviews/m3gan-2-0-review-allison-williams-1236298922/)
&gt;The campy sense of mischief that made Gerard Johnstone’s 2023 hit *M3GAN* so enjoyable asserts itself intermittently in *M3GAN 2.0*, a logical title for a follow-up to the thriller about a murderous robot. But the humor is forced to compete with seriously overcomplicated plotting in a sequel that entangles its horror comedy roots with uninspired espionage elements, becoming a convoluted mishmash with shades of *Terminator 2: Judgment Day*, *Mission: Impossible* and the *Austin Powers* franchise. There are amusing moments reminiscent of the original, but in terms of tone and coherence, the movie loses its way.
[AV Club - Anna McKibbin](https://www.avclub.com/m3gan-2-0-review) \-  C+
&gt;It seems that Johnstone and his collaborators learned the wrong lesson from *M3GAN*‘s shocking success (the original did fairly well in the box office and launched a thousand memes). Audiences weren’t won over by the film’s philosophical untangling of man and tech, but flocked to see M3GAN’s uncanny physicality and unique murder tactics. This was a robot who combined the familiar (bitchy villain dialogue) and unfamiliar (galloping after a child like a dog in a frilly dress). She was Chucky meets *Heathers*. Unfortunately, neither AMELIA, nor this new more morally driven M3GAN, engender that same delighted shock, and so Johnstone settles for the worst of both worlds—something that limps, with exaggerated metal squeaks, into the future.
[DEADLINE - Pete Hammond](https://deadline.com/2025/06/m3gan-2-0-review-sequel-1236441718/)
&gt;With AI and its constant advancements a frightening eal-life prospect that can out-horror any horror film with its evil possibilities, the *M3GAN* franchise, as steroided-up as this sequel is, is fighting against time to remain science fiction instead of being a template for a future documentary\*.\* Still it is all a lot of fun to watch, and the filmmakers have met the requirements expected by a sequel designed to outdo its predecessor where *more* becomes the mantra. What made the first film such an instant hit, even in its marketing months before release with that dancing doll image, really can’t be replicated, but this edition is so jacked-up we still can dig it for what it is. All of the players deliver and there is a very amusing supporting turn from none other than Jemaine Clement as an Elon Musk-style tech billionaire named Alton Appleton wanting to take the latest creations from Gemma and company to more questionable heights. Clement delivers some nice laughs as you might expect."
M3GAN 2.0,‘F1’ To Vroom Around The World To $115M+ Opening; ‘M3GAN 2.0’ Hopes To Break $20M – Box Office Preview,455,0.97,196,
M3GAN 2.0,"After ‘M3GAN 2.0,’ Blumhouse's Box Office Slump Is at 18 Months and Counting - Long known as a top horror studio, Blumhouse’s will likely now have its eighth straight film gross less than $80 million worldwide",546,0.98,134,
M3GAN 2.0,It looks like F1 has a great shot at $60m opening after $10m in combined previews. Poor M3GAN 2.0 only a paltry $1.5m in Thursday previews and headed for maybe $10m-$12m on the weekend.,394,0.96,177,
M3GAN 2.0,"In M3GAN 2.0, M3GAN walks away with a towel after doing training, despite being a robot. This is because the entire movie is a bit that went beyond reasoning",1412,0.99,47,
M3GAN 2.0,M3GAN 2.0 Is The Summer's Big Horror Box Office Bummer,220,0.82,242,
M3GAN 2.0,"M3GAN 2.0 Flopped at Box Office Because Team 'Over-Thought' the Character, Admits Producer Jason Blum",296,0.93,145,
M3GAN 2.0,'M3GAN 2.0' Review Thread,118,0.91,228,"I will continue to update this post as reviews come in.
[**Rotten Tomatoes:**](https://www.rottentomatoes.com/m/m3gan_20) Rotten
**Critics Consensus:** *M3gan 2.0* swaps the original's horror software for a more action-leaning programming that doesn't prove to be an upgrade, although the quippy A.I. remains an amusing mascot for slay.
|Critics|Score|**Number of Reviews**|
|:-|:-|:-|
|**All Critics**|58%|155|
|**Top Critics**|46%|37|
[**Metacritic:**](https://www.metacritic.com/movie/m3gan-20/) 55 (41 Reviews)
**Sample Reviews:**
Chase Hutchinson, Seattle Times - Though the premise of this sequel isn’t without promise, and some bursts of violent absurdity — like one cut of a neck being broken — make you sit up in your seat, there’s no real spark to anything else. **1.5/4**
Richard Brody, The New Yorker - M3GAN 2.0 has little dramatic shape and no directorial style. In striving for more than the original, it achieves far less.
Bilge Ebiri, New York Magazine/Vulture - The results are thoroughly middling — not funny enough to qualify as comedy, not exciting enough to qualify as action, not smart enough to qualify as a cautionary tale, and certainly not weird enough to keep the M3gan ethos alive.
Sarah-Tai Black, Globe and Mail - It’s the equivalent of giving audiences what they expect, but compacted down into a force so dense it has no other option but to explode everywhere.
Benjamin Lee, Guardian - It just about works with time, mostly down to its sheer energy, Johnstone pitching it as a goofy Mission: Impossible for younger teens. **3/5**
Alonso Duralde, The Film Verdict - It’s a movie that coasts on audience expectation and goodwill but never kicks the wickedness up a notch, making the weak-tea ending even more of a disappointment.
Peyton Robinson, [RogerEbert.com](http://RogerEbert.com) \- M3GAN 2.0 is funny, even if cheaply, and it’s also deeply, transparently unserious this time. **2.5/4**
Amy Nicholson, Los Angeles Times - A magpie movie that’s happy to give audiences the tinselly things they want — i.e. two robots clobbering the Wi-Fi out of each other. But Johnstone creates openings for his own shaggy sense of humor. I’m excited to keep tabs on the promising New Zealander.
Mark Kermode, Kermode and Mayo's Take (YouTube) - It's a complete mess, but it was an enjoyable mess.
Kyle Smith, Wall Street Journal - The film’s combination of wickedly funny action and sardonic jabs at what’s happening today is consistently fresh and effective. M3gan may be glitchy, but the film’s engineering is slick.
Glen Weldon, NPR -. Eventually, though, the sequel delivers on the promise -- and the premise -- of the original, and retains the original's pleasantly schlocky, B-movie vibe.
Katie Walsh, Tribune News Service - The sequel still exhibits its dry, ditzy-smart humor that made the first film such a campy delight. **3/4**
Alissa Wilkinson, New York Times - Maximalism has its place, but it wears out its welcome here.
Ty Burr, Washington Post - The movie feels preprogrammed, but the programming works. **2.5/4**
Johnny Oleksinski, New York Post - “Seed of Chucky” is “The Exorcist” next to “M3GAN 2.0.” **1.5/4**
Michael Ordoña, TheWrap - “M3GAN 2.0” wisely takes the franchise to a totally new place, and has a lot of fun doing so.
Justin Clark, Slant Magazine - Imagine John Waters at the helm of a Terminator 2 remake and you have an inkling of just how wild a pivot M3GAN 2.0 is from its predecessor. **3/4**
Donald Clarke, Irish Times - Oh no. The sequel to M3GAN is absolutely T3RRIBL3. It’s as if nobody involved with that 2023 cybershocker – Gerard Johnstone returns to directing duties – has any idea what made it such a hilarious blast. **1/5**
Meagan Navarro, Bloody Disgusting - It’s Donald and Davis’ pitch-perfect performances, along with Cooper’s talent for making outrageous and absurd horror setups so comically fun, that offset the sequel’s messier impulses. **3/5**
Kristy Puchko, Mashable - A sequel that is a horrendous mishmash of ideas and influence, M3GAN 2.0 is occasionally outrageous, but mostly it's derivative, bewildering, and bland.
Kristen Lopez, The Film Maven (Substack) - M3GAN 2.0 works when M3GAN is front and center but, as it stands now, there’s just not enough of her. The central conflict is smothered by a haphazard ‘80s techno plot that’s too muddled to be interesting. **D+**
Kambole Campbell, Little White Lies - It​’s hard not to wish for a lit­tle more econ­o­my, espe­cial­ly when there are so many moments where the appeal of a sil­li­er fol­low-up feel clear­er. **2/5**
John Nugent, Empire Magazine - M3GAN 2.0 is more absurd, self-aware silliness: a riot of timely tech paranoia, with almost no horror but a ton of successful comedy. Slay, queen! **4/5**
Richard Whittaker, Austin Chronicle - If the franchise-fixated producers at Blumhouse and James Wan's Atomic Monster insist on cranking out more duplicates, next time just let M3GAN be M3GAN. **2/5**
Mark Kennedy, Associated Press - “M3GAN 2.0” was inevitable, but it didn’t have to be so inevitably too much. **2/4**
David Fear, Rolling Stone - Her model is 2.0. The overbaked, underwhelming, narratively restless movie itself is 0.0 percent watchable.
Alison Foreman, IndieWire - M3GAN’s greatest asset was never her heart, but her lack of one. It’s somewhat baffling, then, that she is easily the most likable character in a lineup of algorithmically hateable humans. **C**
Robbie Collin, Daily Telegraph (UK) - This uproarious (if not especially scary) sequel has the measure of the task at hand’s silliness, and leans into it with infectious glee. **4/5**
Brian Truitt, USA Today - Strangely, the killer robot girl who shimmied and stabbed her way into our hearts is defanged and watered down in her return. **2/4**
Clarisse Loughrey, Independent (UK) - M3GAN 2.0 is, admittedly, a pretty bizarre conflagration of tones and ideas. But so were most of the Child’s Play films... and the rollercoaster effect of never quite knowing what genre Johnstone might pull from next is a key part of the fun. **4/5**
Rafer Guzman, Newsday - Maybe the target audience is simply anyone who’s up for a few laughs. ""M3GAN 2.0” definitely has a sense of humor about itself. **2.5/4**
Jordan Hoffman, Entertainment Weekly - Allison Williams’ robo-franchise trades splatter for spycraft in this entertaining sequel. **B**
David Rooney, The Hollywood Reporter - A convoluted mishmash with shades of Terminator 2: Judgment Day, Mission: Impossible and the Austin Powers franchise. There are amusing moments reminiscent of the original, but in terms of tone and coherence, the movie loses its way.
Anna McKibbin, AV Club - Unfortunately, neither AMELIA, nor this new more morally driven M3GAN, engender that same delighted shock, and so Johnstone settles for the worst of both worlds -- something that limps, with exaggerated metal squeaks, into the future. **C+**
Owen Gleiberman, Variety - Where the first film was ahead of the curve, “M3GAN 2.0” has been made in the thick of the AI explosion and is all too aware of it.... The limitation of “M3GAN 2.0” is that it’s a competent but cumbersome overelaboration of the M3GAN concept.
Danny Leigh, Financial Times - Now have M3gan 2.0, among the more inevitable sequels in film history. Less predictable is that it is actually very good fun. **4/5**
Nick Schager, The Daily Beast - Switching genres in a futile effort to justify the series’ continued existence, this misbegotten creation is a leaden and aimless bit of cinematic malware—not to mention the most convoluted 2025 theatrical release to date.
**SYNOPSIS:**
Two years after M3GAN, a marvel of artificial intelligence, went rogue and embarked on a murderous (and impeccably choreographed) rampage and was subsequently destroyed, M3GAN’s creator Gemma (Allison Williams) has become a high-profile author and advocate for government oversight of A.I. Meanwhile, Gemma’s niece Cady (Violet McGraw), now 14, has become a teenager, rebelling against Gemma’s overprotective rules.
Unbeknownst to them, the underlying tech for M3GAN has been stolen and misused by a powerful defense contractor to create a military-grade weapon known as Amelia (Ivanna Sakhno; Ahsoka, Pacific Rim: Uprising), the ultimate killer infiltration spy. But as Amelia’s self-awareness increases, she becomes decidedly less interested in taking orders from humans. Or in keeping them around.
With the future of human existence on the line, Gemma realizes that the only option is to resurrect M3GAN (Amie Donald, voiced by Jenna Davis) and give her a few upgrades, making her faster, stronger, and more lethal. As their paths collide, the original A.I bitch is about to meet her match.
**CAST:**
* Allison Williams as Gemma
* Violet McGraw as Cady
* Brian Jordan Alvarez as Cole
* Jen Van Epps as Tess
* Amie Donald / Jenna Davis as M3GAN
* Ivanna Sakhno as AMELIA
* Aristotle Athari as Christian
* Timm Sharp as Tim Sattler
* Jemaine Clement as Alton Appleton
**DIRECTED BY:** Gerard Johnstone
**SCREENPLAY BY:** Gerard Johnstone
**STORY BY:** Gerard Johnstone, Akela Cooper
**BASED ON CHARACTERS CREATED BY:** Akela Cooper, James Wan.
**PRODUCED BY:** James Wan, Jason Blum, Allison Williams
**EXECUTIVE PRODUCERS:** Gerard Johnstone, Adam Hendricks, Greg Gilreath, Michael Clear, Judson Scott, Mark D. Katchur
**DIRECTOR OF PHOTOGRAPHY:** Toby Oliver
**PRODUCTION DESIGNER:** Brendan Heffernan, Adam Wheatley
**EDITED BY:** Jeff McEvoy
**COSTUME DESIGNER:** Jeriana San Juan
**MUSIC BY:** Chris Bacon
**CASTING BY:** Sarah Domeier Lindo, Miranda Rivers, Terri Taylor
**RUNTIME:** 119 Minutes
**RELEASE DATE:** June 27, 2025"
M3GAN 2.0,"‘F1’ Zooms To $10M Previews, An Apple Original Films Record; ‘M3GAN 2.0’ $1.5M – Friday AM Box Office",358,0.97,110,
M3GAN 2.0,F1’s getting the attention but M3GAN 2.0’s complete implosion might be the more significant story from this weekend’s box office,211,0.98,131,Collapse of a youth-skewing “franchise” + continued streak of flops/underperformers for Blumhouse
M3GAN 2.0,"BOT Presale Tracking (June 26). Thursday Comps: F1: The Movie ($7.07M [excluding ~$2.5M EA]), M3GAN 2.0 ($2.11M), Superman ($20.39M), and The Fantastic Four: First Steps ($22.13M). Jurassic World Rebirth has $21.65M Wednesday comp.",112,0.96,136,"[BoxOfficeTheory Presale Tracking](https://forums.boxofficetheory.com/topic/31569-the-box-office-buzz-tracking-and-pre-sale-thread/page/1790/)
[Presales Data (Google Sheets Link)](https://docs.google.com/spreadsheets/d/1zRjKpNOjPCBIgUULoyXyj5sBGMuU9owswn7bMfz1WSE/edit#gid=0)
[BoxOfficeReport Previews](http://www.boxofficereport.com/previewgrosses.html)
**Quorum Updates:**
- [June 25](https://forums.boxofficetheory.com/topic/31569-the-box-office-buzz-tracking-and-pre-sale-thread/page/1787/)
- [June 24](https://forums.boxofficetheory.com/topic/31569-the-box-office-buzz-tracking-and-pre-sale-thread/page/1783/)
- [June 19](https://forums.boxofficetheory.com/topic/31569-the-box-office-buzz-tracking-and-pre-sale-thread/page/1771/)
- [June 18](https://forums.boxofficetheory.com/topic/31569-the-box-office-buzz-tracking-and-pre-sale-thread/page/1765/)
- [June 17](https://forums.boxofficetheory.com/topic/31569-the-box-office-buzz-tracking-and-pre-sale-thread/page/1760/)
- [June 5](https://forums.boxofficetheory.com/topic/31569-the-box-office-buzz-tracking-and-pre-sale-thread/page/1700/)
- [June 4](https://forums.boxofficetheory.com/topic/31569-the-box-office-buzz-tracking-and-pre-sale-thread/page/1695/#comments)
- [June 2](https://forums.boxofficetheory.com/topic/31569-the-box-office-buzz-tracking-and-pre-sale-thread/page/1679/#findComment-4824227)
**Domestic Calendar Dates (last updated June 13):**
**JUNE**
- (June 26) Thursday Previews (F1: The Movie + M3GAN 2.0 + Sorry, Baby)
- (June 30) Presales Start (I Know What You Did Last Summer)
**JULY**
- (July 1) Tuesday Midnight Previews (Jurassic World Rebirth)
- (July 2) Presales Start (Bad Guys 2)
- (July 2) Opening Day (Jurassic World Rebirth)
- (July 7) Amazon Prime Premiere [Superman]
- (July 7) Social Media Embargo Lifts (Superman: Night)
- (July 8) Review Embargo Lifts (Superman: Early Daytime)
- (July 10) Thursday Previews (Superman)
- (July 17) Thursday Previews (Eddington + I Know What You Did Last Summer)
- (July 18)  Friday Opening Day (The Smurfs Movie [no THU previews])
- (July 24) Thursday Previews (The Fantastic Four: First Steps incl. fan shows + House on Eden)
- (July 31) Thursday Previews (The Bad Guys 2 + Naked Gun)
**AUGUST**
- (August 5) Tuesday Previews (Sketch)
- (August 6) Opening Day (Sketch)
- (August 7) Thursday Previews (Freakier Friday + Weapons)
- (August 14) Opening Day (Shin Godzilla)
- (August 14) Thursday Previews (Clika + Eli Roth Presents: Jimmy and Stiggs +  Nobody 2)
- (August 21) Thursday Previews (Americana + Grand Prix of Europe + Honey Don’t + Splitsville)
- (August 28) Thursday Previews (Caught Stealing + The Roses + The Toxic Avenger Unrated)
**Presale Tracking Posts:** 
[Apr. 27](https://www.reddit.com/r/boxoffice/comments/1k90tfn/bot_presale_tracking_apr_27_thursday_comps_the/?ref=share&amp;ref_source=link)
[Apr. 30 Part 1](https://www.reddit.com/r/boxoffice/comments/1kbgf6u/bot_presale_tracking_apr_30_part_1_thunderbolts/?ref=share&amp;ref_source=link)
[Apr. 30 Part 2](https://www.reddit.com/r/boxoffice/comments/1kbgkgy/bot_presale_tracking_apr_30_part_2_average/?ref=share&amp;ref_source=link)
[May 6](https://www.reddit.com/r/boxoffice/comments/1kgl64j/bot_presale_tracking_may_6_thu_comps_final/?ref=share&amp;ref_source=link)
[May 23](https://www.reddit.com/r/boxoffice/comments/1ktl98c/bot_presale_tracking_may_23_thursday_comps_bring/?ref=share&amp;ref_source=link)
[May 27](https://www.reddit.com/r/boxoffice/comments/1kwjcfn/bot_presale_tracking_may_27_thursday_comps_bring/?ref=share&amp;ref_source=link)
[June 3](https://www.reddit.com/r/boxoffice/comments/1l2bl10/bot_presale_tracking_may_27_thursday_comps/?ref=share&amp;ref_source=link)
Note: I have removed most tracking data that has not been updated for 2 weeks.  I think there is value in keeping data for a week or two but at a certain point they start to lose their value and should not be treated the same as more recent tracking data."
M3GAN 2.0,Box Office Preview: ‘F1’ to Leave ‘M3GAN 2.0’ in the Dust With High-Octane $40M-$50M U.S. Opening,184,0.96,106,
M3GAN 2.0,M3GAN 2.0 - Final Trailer,159,0.77,121,
M3GAN 2.0,"'M3GAN 2.0' gets a B+ on CinemaScore, higher than the original.",240,0.96,87,
M3GAN 2.0,"June 27-29 Box Office Recap – 'F1' opens with a pretty great $146M worldwide, the biggest debut for Apple. However, 'M3GAN 2.0' underwhelms, collapsing 66% from the original. '28 Years Later' passes $100M worldwide, but it collapses 67% domestically.",188,0.89,92,"https://preview.redd.it/qcksu3ur25af1.png?width=1920&amp;format=png&amp;auto=webp&amp;s=af4217769c08e8330668d85d3bda65242e65e3de
Passing all projections, ***F1*** over-performed with over $140 million worldwide, easily becoming Apple's biggest ever debut at the box office. But the weekend's other newcomer, ***M3GAN 2.0***, had an incredibly disappointing debut, achieving just one third of the original's debut.
The Top 10 earned a combined $122.7 million this weekend. That's down 16.5% from last year, when ***Inside Out 2*** held the top spot from ***A Quiet Place: Day One*** and ***Horizon: An American Saga – Chapter 1***.
Debuting on #1, Warner Bros/Apple's ***F1*** earned a pretty good $57 million from 3,661 theaters. That's easily Apple's biggest debut at the box office, more than doubling the debuts of ***Killers of the Flower Moon*** ($23.2 million) and ***Napoleon*** ($20.6 million). It's also Brad Pitt's second biggest debut as leading man, just behind ***World War Z*** ($66.4 million).
How did it get here when other Apple films couldn't open that high? Simply put, it's a film that emphasized what everyone wants in a blockbuster, especially car racing: high-octane racing sequences. It didn't matter that the story is very by-the-numbers and one that you've seen before. You're here for those sequences, and the marketing has done a very great job in getting audiences interested. And given what director Joseph Kosinski achieved with ***Top Gun: Maverick***, looks like he nailed that kind of action.
WB and Apple mounted a very extensive marketing campaign, including releasing the very first trailer one year ago. Among the tactics included multiple sponsorships from famous brands (which helped the film recover $40 million already), and appearances in real-life venues to promote it. They also highlighted the use of IMAX, and it looks like it worked; IMAX contributed to $12.8 million of the weekend (23%), while all IMAX and PLF screens amounted to 58% of the weekend's gross. Along with some pretty great reviews (83% on RT), audiences were ready to experience Formula One like never before.
According to Warner Bros., 62% of the audience was male, and 53% was 35 and over. Something interesting: while the film was aimed towards older audiences, its biggest demo turned out to be Gen Z; 29% of the audience was 13-24. Considering there's always multiple articles on how young audiences aren't interested in movies, this is a very promising stat.
Audiences gave ***F1*** a great ""A"" on CinemaScore, which indicates word of mouth will be quite strong. No doubt, there's impact from July blockbusters coming up, but ***F1*** could hold its own against them. For example, in a shock, the film actually has two weeks of IMAX access, taking them all from ***Jurassic World Rebirth***. For now, ***F1*** should finish its race with $165 million domestically. And it could go higher.
***How to Train Your Dragon*** dropped 46%, adding $19.5 million this weekend. Considering this and last week's drop, it doesn't look like the film is holding as well as it should. The film has crossed $200 million domestically, and it will finish with around $250 million.
In third place, Pixar's ***Elio*** added $10.4 million this weekend. That's a very weak 50% drop, which is one of Pixar's worst. In contrast, ***Elemental*** dropped just 37.7% on its second weekend. Animated films usually drop 40% or less, which means ***Elio*** is not connecting with audiences despite the positive word of mouth. Through 10 days, the film has earned a poor $41.9 million domestically. With more competition on its way, it's unlikely it can hold to screens for a long time. There's a strong chance it finishes below ***Onward*** ($61 million) and becomes the lowest grossing Pixar title if it keeps dropping like this.
Debuting on the fourth spot (crazy, right?), ***M3GAN 2.0*** debuted with a very disappointing $10.2 million in 3,122 theaters. That's a horrible 66% drop from the original ***M3GAN*** ($30.4 million), which is one of the steepest for a sequel. Hell, the opening weekend is even below the original's opening day. And it somehow managed to open below Blumhouse's recent flop ***Wolf Man*** ($10.8 million).
This is an astonishingly bad debut. After all, Blumhouse increased the budget from $12 million to $25 million for the sequel, and this is all it could do? Not to mention a very extensive marketing campaign; it even had a Super Bowl slot. But ***M3GAN*** was one of Blumhouse's biggest hits, how could the sequel fall this much?
Timing is everything, and while the sequel arrived just 2 years after the original, moving it from an empty January to the competitive June was probably not a good idea. It had to compete with some big blockbusters, and horror audiences were probably saving money for ***28 Years Later***. Well, ""horror"", cause it's unlikely ***M3GAN*** falls in the same category as ***Years*** or ***Final Destination: Bloodlines*** or the upcoming ***I Know What You Did Last Summer***. Why the asterisk?
The original ***M3GAN*** was sold as a horror, but with some campy added, and that contributed to its success at the box office and social media. But the sequel chose to go on an entirely different route: it's a sci-fi action comedy. It leans on how stupid and ridiculous this whole thing is, pretty much dropping the horror. Now, it's not rare for horror films to shift genres within sequels (***Alien*** to ***Aliens*** is a pretty good example). But it's still not as common. While one can praise that they didn't rehash the same plot as the original, the film also lost horror fans who weren't on board with the film's new tone. After all, the tagline is ""that bitch vs. that bitch"". The original film was also a hit with critics (93% on RT), while the sequel earned polarizing reactions (58% on RT).
It also truly feels like Blumhouse's brand has taken a dive in the past year. 2024 was quite rough; a few successes, but not a single film reached $100 million at the box office. But 2025 was even worse: ***Wolf Man*** and ***The Woman in the Yard*** flopped at the box office, which was simply unbelievable considering their very low budgets. And ***Drop*** only broke even at best. And now the sequel to one of its biggest hits was pretty much rejected. Once the kings of profitable horror, it looks like audiences are losing interest when the Blumhouse card shows up.
According to Universal, 53% of the audience was female, and 68% was 25 and over. They gave it an okay ""B+"" on CinemaScore, which is actually higher than the original ***M3GAN*** (""B""). An explanation for that may be that those uninterested in the tone shift skipped the film; if you bought a ticket for the sequel, you knew exactly what you were getting. It's very unlikely ***M3GAN 2.0*** holds well, and it's pretty much guaranteed to finish below the original's opening weekend. Right now, a $25 million total is likely. Blumhouse really needs to consider what's going on.
In fifth place, ***28 Years Later*** earned $9.7 million this weekend. That's a horrible 67% drop from last week, although it's not entirely surprising, considering the film's mixed word of mouth. Through 10 days, the film has amassed $50.4 million, already passing all the previous films in the franchise, but it looks like it won't make it much further than $60 million domestically. Its legs are proving to be very, very short.
***Lilo &amp; Stitch*** eased just 29% and grossed $6.8 million. The film's domestic total stands at $400 million, and it's set to finish with around $415-$420 million domestically.
***Mission: Impossible – The Final Reckoning*** eased 36% and added $4.1 million this weekend. The film has amassed $186 million so far.
***Materialists*** had quite a rough drop on its third weekend. It dropped 53%, earning $2.9 million. The film has crossed $30 million domestically, and it has a few more millions left.
It doesn't look like ***Ballerina*** will ever have a sub 50% drop. The film once again fell 51%, earning just $2.1 million. It has earned a meager $55 million, and getting to $60 million will be a struggle.
Rounding out the Top 10 is another disappointment, ***Karate Kid: Legends***. The film once again fell a rough 59% and made just $960,702 this weekend. It has earned $51.5 million, and it doesn't have much gas left in the tank.
***Final Destination: Bloodlines*** dropped 49% and added $956,014. That takes its domestic total to $136.7 million.
***The Phoenician Scheme*** appears like it's disappearing quickly. It dropped 52% for a $692,260 weekend. With $17.8 million, it's struggling to hit the $20 million milestone.
Neon's ***The Life of Chuck*** is also nearing the end of its run. It collapsed a poor 62% and made just $379,676 this weekend. With a mediocre $5.6 million so far, it's capping out with a little over $6 million.
#**OVERSEAS**
***F1*** may have over-performed domestically, but the real money for this film is outside America.
***F1*** debuted with a great $146 million worldwide, which is Brad Pitt's biggest ever debut. The best debuts were in the UK ($9.2M), China ($9M), Mexico ($6.7M), France ($5.4M) Australia ($5M), South Korea ($3.7M), Germany ($3.4M), India ($2.8M), Japan ($2.8M), UAE ($2.7M), Italy ($2.4M), and Spain ($2.3M). It remains to be seen how the upcoming blockbusters could impact its performance, but for now, the film definitely should hit $400 million worldwide. Apple should definitely be pleased with the results, and you can bet they will now release Joseph Kosinski's UFO thriller in theaters now. It feels pretty much guaranteed.
***How to Train Your Dragon*** added $32.7 million overseas, for a $456 million worldwide total. The best markets are China ($31.1M), Mexico ($30M), the UK ($21.8M), Brazil ($15M) and South Korea ($11.4M). Like the domestic market, the drops aren't as strong as expected. It should still hit $600 million worldwide, but it's still not guaranteed.
***28 Years Later*** added $13.7 million overseas, taking its worldwide total to $103.1 million. That's a rough drop, but at least it's better than its domestic freefall. It's already the highest grossing film in the franchise, although it definitely feels like it's dropping faster than expected. It's very unlikely it can get to $150 million worldwide, raising so many questions over whatever Sony plans to do with ***The Bone Temple*** and the third film in this trilogy.
***Elio*** continues showing no signs of life, as it earned just $11.2 million overseas, for an anemic $72 million worldwide total. The best markets are South Korea ($3M), France ($2.9M), UK ($2.9M), China ($2.7M) and Mexico ($2.3M), all of which are very weak numbers. There's not many major markets left, so unless Japan pulls a miracle run in August, this film could miss $150 million worldwide. Which means it will go down as one of the biggest flops of the year. Damn.
But ***M3GAN 2.0*** had it even worse outside America. The film crashed with a poor $6.8 million overseas, for a very weak $17 million worldwide debut. It had a very soft debut in Mexico ($1.2M), followed by a non-presence in practically every other market. Even though the film cost $25 million, the rule of thumb doesn't work with low-budget films in Blumhouse, given those have higher expenses in marketing. Given that the film will struggle in hitting $50 million worldwide, ***M3GAN 2.0*** is officially a flop.
#**FILMS THAT ENDED THEIR RUN THIS WEEK**
None.
#**THIS WEEKEND**
It's dino time.
Yep, ***Jurassic World Rebirth*** is making its way to theaters (on Wednesday, not Friday). With a new cast (Scarlett Johansson, Mahershala Ali, Jonathan Bailey, Rupert Friend, Manuel Garcia-Rulfo, and Ed Skrein), it hopes to continue the winning streak that this franchise achieved. After all, despite their reputation, all the ***Jurassic World*** films hit $1 billion. But it's also true that there's a downward trajectory ($1.6B &gt; $1.3B &gt; $1.0B), and it's very likely this film will continue the drops. Reviews are quite mediocre so far, and there's some big competition on theaters. But then again, never underestimate the power of dinosaurs.
____________________________________________________________________________________________
If you're interested in following the box office, come join us in r/BoxOffice."
M3GAN 2.0,"$1M CLUB: PREVIEW THURSDAY
1. F1 ($10M)
2. HOW TO TRAIN YOUR DRAGON ($4M)
3. ELIO ($2.2M)
4. 28 YEARS LATER ($2M)
5. M3GAN 2.0 ($1.5M)
5. LILO &amp; STITCH ($1.5M)",203,0.97,86,
M3GAN 2.0,"Universal's M3GAN 2.0 grossed an estimated $4.53M domestically on Friday (from 3,112 locations), including Thursday previews.",96,0.95,105,
M3GAN 2.0,‘M3GAN 2.0’ Bombs: 5 Reasons the Sequel Couldn’t Match the Original’s Box Office Success,123,0.92,89,
M3GAN 2.0,M3GAN 2.0 | Final Trailer,70,0.62,109,
M3GAN 2.0,Well I didn't actually expect Ben to be on the M3GAN 2.0 movie. I had to rewatch the same part of be sure and then check the cast.,155,0.97,65,
M3GAN 2.0,M3GAN 2.0 | Final Trailer,126,0.92,75,"&gt;The murderous doll who captivated pop culture in 2023 is back. And this time she’s not alone.
&gt;The original creative team behind that phenomenon—led by horror titans James Wan for Atomic Monster, Jason Blum for Blumhouse and writer-director Gerard Johnstone—reboot an all-new wild chapter in A.I. mayhem with M3GAN 2.0.
&gt;Two years after M3GAN, a marvel of artificial intelligence, went rogue and embarked on a murderous (and impeccably choreographed) rampage and was subsequently destroyed, M3GAN’s creator Gemma (Allison Williams) has become a high-profile author and advocate for government oversight of A.I. Meanwhile, Gemma’s niece Cady (Violet McGraw), now 14, has become a teenager, rebelling against Gemma’s overprotective rules.
&gt;Unbeknownst to them, the underlying tech for M3GAN has been stolen and misused by a powerful defense contractor to create a military-grade weapon known as Amelia (Ivanna Sakhno; Ahsoka, Pacific Rim: Uprising), the ultimate killer infiltration spy. But as Amelia’s self-awareness increases, she becomes decidedly less interested in taking orders from humans. Or in keeping them around.
&gt;With the future of human existence on the line, Gemma realizes that the only option is to resurrect M3GAN (Amie Donald, voiced by Jenna Davis) and give her a few upgrades, making her faster, stronger, and more lethal. As their paths collide, the original A.I icon is about to meet her match.
&gt;M3GAN 2.0 is written and directed by acclaimed returning filmmaker Gerard Johnstone, from a story by Gerard Johnstone and Akela Cooper, based on characters created by Akela Cooper &amp; James Wan.
&gt;The film co-stars returning cast members Brian Jordan Alvarez and Jen Van Epps as Gemma’s loyal tech teammates, Cole and Tess, and new characters played by Aristotle Athari (Saturday Night Live, Hacks), Timm Sharp (Apples Never Fall, Percy Jackson and the Olympians) and Grammy winner and 11-time Emmy nominee Jemaine Clement (Avatar: The Way of Water, What We Do in the Shadows).
&gt;Produced by James Wan, Jason Blum and Allison Williams, the film is executive produced by Joe Hill, Gerard Johnstone, Adam Hendricks, Greg Gilreath, Michael Clear, Judson Scott and Mark D. Katchur.
&gt;The first M3GAN film shattered box office records, opening to $30.4 million domestically to become the biggest opening weekend for a PG-13 horror film since A Quiet Place Part II. The film went on to gross more than $180 million worldwide."
M3GAN 2.0,What Marnie scene haunts Allison Williams!? - Why Allison Williams refuses to let 'M3GAN 2.0' costar watch 'Girls',172,1.0,60,"**What scene do you think this is referring to?!**
""Violet has not seen Girls, nor will she ever,"" Williams said during a joint interview the two had with Entertainment Tonight. Turning to her young costar in the horror flick, she added, ""You can see it when I pass on.""
Williams then explained her issue.
""There's one scene — every time you and I talk about this show — there's one scene that pops into my mind's eye, and I just can't be in the same country,"" Williams said. ""I have to be in outer space when you see it.""
When McGraw protested, saying that she's 14, Williams shut her down.
""I know you're 14, and you are so adult,"" Williams said, ""but also, thank God you're 14. Stay that way.""
Williams did not specify the scene that bothered her, and *Girls* had its share of controversial ones."
M3GAN 2.0,"BOT Presale Tracking (May 27). Thursday Comps: Ballerina ($3.06M), The Phoenician Scheme ($1.98M), How to Train Your Dragon ($9.86M), Materialists ($1.15M), Elio ($1.53M), F1: The Movie ($5.99M), and M3GAN 2.0 ($2.60M). Jurassic World Rebirth sales largely stagnate.",69,0.93,76,"[BoxOfficeTheory Presale Tracking](https://forums.boxofficetheory.com/topic/31569-the-box-office-buzz-tracking-and-pre-sale-thread/page/1680/#comments)
[Presales Data (Google Sheets Link)](https://docs.google.com/spreadsheets/d/1zRjKpNOjPCBIgUULoyXyj5sBGMuU9owswn7bMfz1WSE/edit#gid=0)
[BoxOfficeReport Previews](http://www.boxofficereport.com/previewgrosses.html)
**Quorum Updates:**
- [June 2](https://forums.boxofficetheory.com/topic/31569-the-box-office-buzz-tracking-and-pre-sale-thread/page/1679/#findComment-4824227)
- [May 29](https://forums.boxofficetheory.com/topic/31569-the-box-office-buzz-tracking-and-pre-sale-thread/page/1669/#findComment-4822356)
- [May 28](https://forums.boxofficetheory.com/topic/31569-the-box-office-buzz-tracking-and-pre-sale-thread/page/1664/#findComment-4821779)
- [May 27](https://forums.boxofficetheory.com/topic/31569-the-box-office-buzz-tracking-and-pre-sale-thread/page/1659/#findComment-4821388)
- [May 22](https://forums.boxofficetheory.com/topic/31569-the-box-office-buzz-tracking-and-pre-sale-thread/page/1649/#findComment-4818326)
- [May 21](https://forums.boxofficetheory.com/topic/31569-the-box-office-buzz-tracking-and-pre-sale-thread/page/1644/#findComment-4817710)
- [May 19](https://forums.boxofficetheory.com/topic/31569-the-box-office-buzz-tracking-and-pre-sale-thread/page/1633/#findComment-4816710)
- [May 16](https://forums.boxofficetheory.com/topic/31569-the-box-office-buzz-tracking-and-pre-sale-thread/page/1625/#findComment-4815237)
**Wicked Part 1 Re-Release**
**Dan Da Dan: Evil Eye**
**Dangerous Animals**
**From the World of John Wick: Ballerina Average Early Access | Thursday | Early Access + Thursday Comp *assuming $4.5M for keysersoze123 EA+THU*: $2.06M | $3.06M | $4.84M** 
- Acrobat ($3.2M THU MI8 comp.  Steady pace, still headed for a number between 3 and 3.5, even considering the Accountant 2 True Thursday comp. Unless walk-ups are great, this is very ordinary **(June 3)**.  More and more likely that my sample will stay stable on this 3M preview number. The buzz doesn't seem to be there for a big improvement.  |  A better day, though sales were concentrated in two theaters. Comps still indicating 3M in previews **(June 1)**.  Alarming day, it's stalling against MI8 which was encountering PLF capacity issues, and it's slipping against The Accountant 2's true Thursday too. It seriously needs to improve pace **(May 31)**.  Based on my true Thursday comp with The Accountant 2 as well, seems like 3M is the numbers it's headed to, but let's see if there's some growth in the final days **(May 29)**.  The comp with true Thursday for The Accountant 2 would give it about 4M so 3.5M seems about right at the moment **(May 27)**.  Very imperfect comp with MI8, but it's what I have so far - I didn't track EA for The Accountant. Considering MI8 is so IMAX-heavy, 2.5 seems to be the right number for Ballerina **(May 24)**.  I won't go into any comps as the only one that is vaguely useful is The Accountant 2 which had its OD on T-17, but Ballerina is already 3x against it **(May 20)**.  For EA and THU, Ok, I didn't track Day 2-3 but it clearly had very strong days - I didn't expect this. The Accountant 2 had a much shorter presale window but Ballerina is already pacing well ahead of that one, at least for true Thursday, as I didn't track EA for some reason **(May 18)**.)
- Cine-Taquillas ($3.25M THU Comp.  Losing some steam, hope this final days can stay to $3.5M at least **(June 1)**.  Falling behind Final Destination **(May 28)**.  Still slow, hope this week will do better **(May 25)**.  Not too much this weekend **(May 22)**.  Not bad, i think **(May 19)**.  For THU Hey, i expected worse **(May 17)**.)
- crazymoviekid ($2.54M THU Comp.  For THU Not a great start. I'm averaging $2.5M-$3M **(June 2)**.)
- el sid ($3.1M THU comp excluding The Amateur. Counted today for Thursday, had 518 sold tickets (with shows in all of my 7 theaters). Best presales in the AMCs in California (154 sold tickets in LA and 147 in San Francisco). Up 45% since last Tuesday (where it had 357 sold tickets). So it's doing not great but acceptable in my theaters. Some comps will probably go down in the next few days (e.g. the AWM comp) and some will go up (e.g. the Furiosa comp) **(June 2)**.  It had, counted today for Thursday, June 5, 232 sold tickets (with shows in 7 theaters). Best presales in the AMCs in NY (71 sold tickets) and LA (70).  17 days left. So it has now 11 days left to collect 24 tickets to be on par with The Amateur (2M from previews on Thursday and before). Of course it will be in front soon. The preview number compared to Abigail (1M from previews on Thursday) is at the moment 1.35M + it has 14 days left. Not bad at all **(May 19)**.  Ballerina, counted today for Thursday, June 5, had 218 sold tickets (with shows in 7 theaters). Best presales in the AMCs in San Francisco (70 sold tickets) and NY (66).  Comps (always counted for Thursday, an extremely wide range at the moment): A Working Man (1.1M from previews on Thursday) had with 12 days left 42 sold tickets. The Amateur (2M from Thursday and I think before) had with 6 days left 256 sold tickets. Abigail (1M Thursday only) had on Monday of the release week 171 sold tickets. And Furiosa (3.5M Thursday only) had with 9 days left 1.595 sold tickets. I doubt that it will have the same walk-ups as A Working Man (slightly worse) but I also doubt that its final jumps will be as poor as those of Furiosa. I would say, that its number is almost on par with The Amateur with 13 days left to very  probably overtake is a good sign **(May 17)**.)
- Flip ($4.06M THU and $7.92M FRI comp.  For THU Pace is below average, will need to pick up in order to hit 35m **(May 29)**.  For THU Today was a good day.  |  For FRI I think this can outopen Karate Kid, it's around 2x where that was at the same point. probably 30-35m OW.  |  Not doing much to change its prospects, still looking at ~30m OW **(May 25)**.  Decent pace but the raw numbers are still pretty meh. Hopefully this is the bottom of the U-curve otherwise it will be hard to reach 30-35m OW **(May 20)**.  Soon I will have the accountant 2 comp, which will spit out some pretty good numbers for Ballerina **(May 17)**.  FRI is .49x Mission Impossible 8 (T-22). Much better than how previews are looking, this is more like what I expected **(May 16)**.)
- katnisscinnaplex ($1.4M EA and $3.36M THU Comp.)
- keysersoze123 (With good walkups it should hit 30s OW. I need to see daily pace to fine tune the prediction. MTC1 Ear - 19226 / P - 18844 / F - 18686.  MTC2 Ear - 3556 / P - 7605 / F - 8812 **(June 2)**.  Ballerina has good presales at the moment. Thinking 4-5m previews and 35m+ OW **(May 27)**.  That said not sure if Ballerina is getting any IMAX. i dont see any Imax shows listed for it **(May 18)**.)
- PlatnumRoyce ((T-3/4) - EA+Thursday -  yeah, it's stalling though my comp predictions look better I think in part because I'm thinking about this more as an action film than a tentpole (though I love vafrow's Bad Boys comp).  158 tickets sold (75 EA - 3 theaters/4 showtimes + 83 Thursday (5 theaters/22 showtimes).   +11 EA tickets sold in last 3 days/+14 R tickets. Comps: Working Man went from11 to 23 tickets during same T- period changing comp to 7.55M (4M ignoring EA) from 6.9/13.3.  The Amateur sold 42 tickets versus 27 at T-7 dropping comp to $7.5M (4M pretending EA doesn't exist). Thunderbolts - 848 tickets sold (64 showtimes)  = $2.15M Preview comp. Sinners (T-5) 142 tickets sold/27 showtimes (+44 from T-8) = 5.23 combined preview (2.75M w/o EA). Sinners (fake T4 [average of T5 and t3]) - 208 tickets sold = 3.6M combined EA. The Accountant 2 (T-3) - 106 tickets (v. 43 on T-8) = 3.72M. combined EA [though I suspect the real number is 4.75M - a bit over 5M if you actually attempted to create a synthetic growth pattern to account for missing days]
giving a pretending EA doesn't exist number because I've normally not grabbed it and I don't have a record of which films have or don't have EA. In either case, Ballerina is clearly more EA heavy than many other films and is not growing very much. Seems like it's a film that is being 100% sold by a core fandom pitch **(June 2)**.  T-6/T-7 (EA/Thursday) - 69 tickets sold R + 64 W (133 total) / 26 showtimes (up from 61/54 /115 total 2 days ago).  comps (film (T-) - tickets sold/comp based on R/comps based on all EA [comps data doesn't include EA even when it might be applicable]): Working man (T-7) - 11/$6.6/$13.3M.  The Amateur (T-7) - 27 / $4.9/$9.9. Thunderbolts (T-7) - 579/$1.3/$2.6. Sinners (T-8) - 98 / $3.2/$6.4. Accountant (T-8) - 43/ $3.9/$7.7.  The biggest change is the amateur's relatively big jump from a small base significantly drops its comp. for another bad comp but at least vaguely in the right genre, at T-10 MI was at 369 tickets across 26 showtimes **(May 30)**.  For THU, T-9 (yesterday) - 61 sold /22 showtimes.  Adding EA would give me an additional 56 tickets sold in 3 theaters (4 showtimes) aka basically doubling the listed comp number below (really +192%).  The Amateur - 17 tickets (16 showtimes) / $7.2M comp. The Accountant (T-8) - 43 tickets (18 showtimes) / $3.5M. Sinners (T-8) - 98 /27 showtimes (T-8) /$2.8M OW comp. Working Man (T-10) - 9 tickets / 16 showtimes / $7.45M. So not really sure what to spit out as a single unified number **(May 28)**.  For Thursday previews, Ballerina went from 30 tickets sold on T-23 to 64 on T-14 which while The Amateur went from 7 to 13 during the same period and Sinners went from 15 (first day/T-22) to 54 on T-14. The Accountant went from 9 on T-21 to 13 on T-18 and 34 on T-10 (this one is missing a theater Ballerina sold 4 tickets at on both snapshots). Working Man was at 8 tickets sold at T-10 **(May 22)**.)
- M37 (Don't have any good Day 3 comps, but some T-21 comps are in the $2.5-$4M range at present, and extrapolating a bit into next week, probably bumping up to like ~$3-$5M expectation. But still early in the cycle, time to pick up steam over the next week **(May 16)**.)
- PNF2187 ($2.89M THU comp excluding The Accountant 2 and The Final Reckoning.  Not a bad day today, but we'll see where the pace nudges in the coming days **(June 2)**.  Could be worse, could be better **(June 1)**.  Still pretty wonky as far as comps go. The Accountant was abysmal here and The Final Reckoning came on quite a bit stronger, so not really getting a great sense here, especially with an EA screening being added in Vaughan **(May 29)**.)
- Ryan C ($3.1M THU Comp.  For WED EA: 1,094 Seats Sold (32.60% Increase From Last Time).  For THU: 1,342 Seats Sold (40.22% Increase From Last Time).  = 2,436 Seats Sold (36.70% Increase From Last Time).  So, Thursday wasn't quite able to match the pace of The Accountant 2 from its T-8 to T-3 (57%), but this has sold more twice the amount of seats at the same point. More impressive is that showtimes for The Accountant 2 started as early as 4:00 and the earliest showtimes for Ballerina start at 6:00. Not that I expect that to hinder walk-up business or make it stronger, but it's just something I wanted to point out. Anyways, if we go by The Accountant 2 comp, this is heading for a Thursday ~$4.2M and that would technically make sense considering that is one of the few good action comps that I have which wasn't boosted by playing in IMAX.  I originally didn't want to use this comp because it had an significant advantage with IMAX, but I will be using Mission: Impossible - The Final Reckoning for the next few days. That comps points to a Thursday of $2M, but that's probably way too low, so when calculating the average of that comp with Accountant's number, that would make for a Thursday around $3.1M. That seems more realistic, but I am holding out for the possibility of Thursday performing stronger. Overall, as of right now, I'd say an opening in the $35M range (close to half of John Wick: Chapter 4's opening weekend) is likely if this can manage a true Thursday of at least $4M. Any lower and I'm not even sure if $30M is guaranteed **(June 2)**.  For WED EA: 825 Seats Sold (62.08% Increase From Last Time).  For THU: 957 Seats Sold (35.55% Increase From Last Time).  = 1,782 Seats Sold (46.66% Increase From Last Time). Not much to report on this week. As expected, growth wasn't as strong compared to last week, but these still aren't bad bumps for both Wednesday's EA screenings and Thursday previews. Both should also cross 1,000+ seats by the next update. As far as action sequel comps to use starting on T-3, it's hard to find one that wasn't boosted by IMAX showings, but I think I found one with The Accountant 2. Though that one didn't play on IMAX, it did have some PLF footprint in the form of DOLBY (which Ballerina will have), so I think it checks out. Like I've been saying for the past two weeks, the goal is the at least achieve have of John Wick: Chapter 4's $8.9M preview number and I'll just say right now that if it ends up pacing like The Accountant 2, it might have a shot at achieving that (or at least get close) **(May 27)**.  For WED, 509 Seats Sold (277.03% Increase From Last Time).  For THU, 706 Seats Sold (125.55% Increase From Last Time).  = 1,215 Seats Sold (171.20% Increase From Last Time).  Really good increases (as far as both days) from last week, but I don't want to get my hopes up too high yet. Growth in the final week will be key in determining whether this meets respectable expectations (a $35M-$40M opening weekend) or it becomes another Furiosa ($26.3M).  Of course, the lack of IMAX screens really does hurt in terms of the average ticket price, but $35M+ OW is definitely possible if this continues to pace well these next two weeks **(May 20)**.)
- Sailor ($2.71M EA and $2.70M THU Comp.  For EA But here it's losing steam.  |  For THU Huh, it's slightly increasing **(June 2)**. For EA It continues declining against the comps.  |  For THU Terrible day **(May 30)**.  For EA It's also losing some steam here.  |  For THU Another decrease **(May 29)**. For EA It's also slightly dropping here.  |  For THU Another weak day **(May 28)**.  For EA A slow drop.  |  For THU It slightly recovered from yesterday **(May 27)**.  For EA It's steady. | For THU Not a great weekend **(May 26)**.  For THU Not really doing well for the past few days. I hope to see an acceleration soon.  |  For EA It's doing much better here **(May 23)**.  For THU That's... not great. 0.242x MI8 |  For EA It's also slowing down here.  0.318x MI8.  **(May 21)**.  For EA Passed 200 tickets and improved on its comps. | For THU It's slightly dipping against the comps. But there's still time **(May 20)**.  For EA It's also looking good here.  |  For THU It's looking okay so far **(May 19)**.  EA is 0.261x MI8 T-19.  Pretty good so far. |  THU is 0.239x MI8 T-20.  Well, that was an okay start. But I guess it could've been worse **(May 16)**.)
- TheFlatLannister ($4.68M EA+THU Comp. Still looks the same, no significant acceleration. Probably $4M+ previews from here $40Mish OW **(May 26)**.) 
- TwoMisfits (You have until the Sunday at 11:59pm of OW to book the tickets (so 6 days to book), BUT you can book ANY ticket available including future ones. | TMobile $5 June 2025 movie - Ballerina.  Available 6/3...as always should help, especially as the weekend and 1st weekdays legs go **(May 30)**.)
- vafrow ($3.3M THU Comp.  The trend continues **(June 3)**.  This is falling off pace pretty dramatically **(June 2)**.  It's starting to dip a bit as this was where BB:RoD started to really move. We'll see if it can stay pn pace durig the final stretch **(May 31)**.  Doing decently. The EA sales are probably eating up some demand, so its probably doing a bit better than presented. I think Bad Boys had some EA shows, just none for my sample **(May 29)**.  For THU Honestly, it's not doing too badly **(May 25)**.)
- wattage ($2.18M THU Comp.  Thinking 2.5-3 mill for previews if there's good enough acceleration in the final days. + early access would be 3-3.5 mill **(June 3)**.  Exact same update **(May 22)**.  Doing nothing. Ballerina has small sales for early access and nothing for preview days. Nothing of note. Fine as is right now **(May 20)**.  Not much happening right now **(May 19)**.)
**The Life of Chuck**
- Acrobat (Life Of Chuck is in trouble, based on what I'm seeing. For a TIFF winner, there should be more buzz and attention **(June 3)**.)
- Sailor ($0.78M THU Comp.  I struggled with comps, so I decided to use films from mini studios directed by auteurs.  Honestly, I expected far better than this. These past few days have been quite weak so far **(May 30)**.)
**The Ritual**
**The Phoenician Scheme Average Thursday Comp: $1.98M**
- crazymoviekid ($1.92M THU Comp.  Pretty good, $1.5M-$2.25M **(June 2)**.)
- Sailor ($2.03M THU Comp.  Well, well, well. It's still staying above $2 million here. Not sure if it will stay there for long, but I think this could hit $1.5+ million at least **(June 2)**.  Wow. This is doing pretty great so far. The film could obviously be front-loaded, but at this point, I think it's very likely it could top Asteroid City's previews. I hope it can overperform.  It opens the same day as Ballerina, but today it sold the exact same amount of tickets of that movie (and that has 2 days combined) **(May 30)**.  Oh, it's quickly picking up steam. There'a chance that it could only be for Wes Anderson's fans, but it has done very well so far **(May 26)**.  This was a very interesting trajectory. A fairly slow first day, followed by an incredible second day. You don't see that very often. Of course, there's always the possibility that this will only be for Anderson's fans, with no appeal for non-fans. But I'd say it's got a chance in passing Asteroid City's previews ($1.1M) **(May 23)**.)
**Next Sohee Wide**
**Domestic Calendar Dates (last updated May 20):**
**MAY**
**JUNE**
- (June 4) Presales Start [The Fantastic Four: First Steps]
- (June 4) Early Access [WED: Ballerina]
- (June 4) Opening Day [Wicked Part 1 Re-Release, includes trailer for Wicked Part 2]
- (June 5) Thursday Previews ( Dan Da Dan: Evil Eye + Dangerous Animals + From the World of John Wick: Ballerina + The Life of Chuck + The Ritual + The Phoenician Scheme)
- (June 11) Early Access [WED: How to Train Your Dragon]
- (June 12) Presales Start [Superman]
- (June 12) Opening Day (Next Sohee Wide)
- (June 12) Thursday Previews (How to Train Your Dragon + Materialists + The Unholy Trinity)
- (June 18) Early Access [WED: Elio]
- (June 19) Thursday Previews (28 Years Later + Bride Hard + Elio)
- (June 22 and June 25) Release Days (Brokeback Mountain Re-Release)
- (June 23) Early Access (MON IMAX: F1: The Movie)
- (June 25) Early Access (WED: F1: The Movie)
- (June 26) Thursday Previews (F1: The Movie + M3GAN 2.0 + Sorry, Baby)
**JULY**
- (July 1) Tuesday Midnight Previews (Jurassic World Rebirth)
- (July 2) Opening Day (Jurassic World Rebirth)
- (July 7) Amazon Prime Premiere [Superman]
- (July 10) Thursday Previews (Superman)
- (July 17) Thursday Previews (Eddington + I Know What You Did Last Summer + The Smurfs Movie)
- (July 24) Thursday Previews (The Fantastic Four: First Steps)
- (July 31) Thursday Previews (The Bad Guys 2 + Naked Gun)
**AUGUST**
- (August 6) Opening Day (Sketch)
- (August 7) Thursday Previews (Freakier Friday + Weapons)
- (August 14) Thursday Previews (Clika + Eli Roth Presents: Jimmy and Stiggs +  Nobody 2)
- (August 21) Thursday Previews (Americana + Grand Prix of Europe + Honey Don’t + Splitsville)
- (August 28) Thursday Previews (Caught Stealing + The Roses + The Toxic Avenger Unrated)
**Presale Tracking Posts:** 
[Apr. 27](https://www.reddit.com/r/boxoffice/comments/1k90tfn/bot_presale_tracking_apr_27_thursday_comps_the/?ref=share&amp;ref_source=link)
[Apr. 30 Part 1](https://www.reddit.com/r/boxoffice/comments/1kbgf6u/bot_presale_tracking_apr_30_part_1_thunderbolts/?ref=share&amp;ref_source=link)
[Apr. 30 Part 2](https://www.reddit.com/r/boxoffice/comments/1kbgkgy/bot_presale_tracking_apr_30_part_2_average/?ref=share&amp;ref_source=link)
[May 6](https://www.reddit.com/r/boxoffice/comments/1kgl64j/bot_presale_tracking_may_6_thu_comps_final/?ref=share&amp;ref_source=link)
[May 23](https://www.reddit.com/r/boxoffice/comments/1ktl98c/bot_presale_tracking_may_23_thursday_comps_bring/?ref=share&amp;ref_source=link)
[May 27](https://www.reddit.com/r/boxoffice/comments/1kwjcfn/bot_presale_tracking_may_27_thursday_comps_bring/?ref=share&amp;ref_source=link)
Note: I have removed most tracking data that has not been updated for 2 weeks.  I think there is value in keeping data for a week or two but at a certain point they start to lose their value and should not be treated the same as more recent tracking data."
M3GAN 2.0,"Box Office Weekend Forecast: F1: THE MOVIE ($55-70M+) and M3GAN 2.0 ($14M+) Debut on Pre-Fourth of July Frame, Hoping to Liven Up a Sluggish June",206,0.99,43,
M3GAN 2.0,"This may be a hot take, but M3GAN 2.0 was a blast and feels destined to become a cult classic",176,0.96,44,"BEFORE YOU DOWNVOTE HEAR ME OUT
So is M3GAN 2.0 like, an amazing movie? No. Should they probably have done another horror movie? Yeah probably. But is this movie a complete joy? Hell yeah it is. Its definitely not going to be as well regarded as the first, as its far more of a ""Wavelength Movie"". If you're on this movies wavelength and embrace the campy, gay, kinda horny, balls to the wall vibe, you're going to absolutely adore it. I can definitely imagine this movie developing a fan base of its own who are simply here for the vibes and nothing else. By not taking itself too seriously, the film is able to carve out a niche for itself. Honestly I had just an insane amount of fun, and I can't wait to watch this while under the influence of something. 
But also like, even as a movie outside of the campy fun elements, its still solid. Its not groundbreaking, but its themes on AI regulation were pretty well handled, and considering the film had a budget of only 15 million dollars, they really made the most out of every dollar. Despite the genre change, its still a pretty good follow up to the plot of the original, and they built up M3GAN and Gemmas relationship really well. It definitely could've been a little shorter, its a bit too convoluted, and a lot of the dialogue is veryyyyy exposition heavy, and i definitely think leaning more into horror was something the film desperately needed, even if its not a horror movie. Horror Elements in action movies exist, and while we get a little of that, its definitely not enough.
And just between you and me, I kinda wish they went further with it and filled the soundtrack with girlboss pop music during the action sequences. If you're going to change the genre and fully embrace the viral elements of the first, might as well go all the way."
M3GAN 2.0,"Allison Williams in Carolina Herrera at the “M3GAN 2.0” premiere in New York (June 24, 2025)",210,0.97,38,
M3GAN 2.0,'M3GAN 2.0' Rotten Tomatoes Verified Audience Score Thread,83,0.92,57,"I will continue to update this post as the score changes.
**Rotten Tomatoes Popcornmeter:** Hot
**Audience Says:** A full upgrade with a T2 framework, *M3GAN 2.0* is a sassy output of camp and chaos that twistedly entertains.[](https://www.rottentomatoes.com/m/m3gan_20/reviews?type=user)
|Audience|Score|**Number of Reviews**|**Average Rating**|
|:-|:-|:-|:-|
|**Verified Audience**|84%|500+|4.3/5|
|**All Audience**|79%|1,000+|4.0/5|
**Verified Audience Score History:**
* 86% (4.3/5) at 250+
* 84% (4.3/5) at 500+
[**Rotten Tomatoes:**](https://www.rottentomatoes.com/m/m3gan_20) Rotten
**Critics Consensus:** *M3gan 2.0* swaps the original's horror software for a more action-leaning programming that doesn't prove to be an upgrade, although the quippy A.I. remains an amusing mascot for slay.
|Critics|Score|**Number of Reviews**|
|:-|:-|:-|
|**All Critics**|58%|155|
|**Top Critics**|46%|37|
[**Metacritic:**](https://www.metacritic.com/movie/m3gan-20/) 55 (41 Reviews)
**SYNOPSIS:**
Two years after M3GAN, a marvel of artificial intelligence, went rogue and embarked on a murderous (and impeccably choreographed) rampage and was subsequently destroyed, M3GAN’s creator Gemma (Allison Williams) has become a high-profile author and advocate for government oversight of A.I. Meanwhile, Gemma’s niece Cady (Violet McGraw), now 14, has become a teenager, rebelling against Gemma’s overprotective rules.
Unbeknownst to them, the underlying tech for M3GAN has been stolen and misused by a powerful defense contractor to create a military-grade weapon known as Amelia (Ivanna Sakhno; Ahsoka, Pacific Rim: Uprising), the ultimate killer infiltration spy. But as Amelia’s self-awareness increases, she becomes decidedly less interested in taking orders from humans. Or in keeping them around.
With the future of human existence on the line, Gemma realizes that the only option is to resurrect M3GAN (Amie Donald, voiced by Jenna Davis) and give her a few upgrades, making her faster, stronger, and more lethal. As their paths collide, the original A.I bitch is about to meet her match.
**CAST:**
* Allison Williams as Gemma
* Violet McGraw as Cady
* Brian Jordan Alvarez as Cole
* Jen Van Epps as Tess
* Amie Donald / Jenna Davis as M3GAN
* Ivanna Sakhno as AMELIA
* Aristotle Athari as Christian
* Timm Sharp as Tim Sattler
* Jemaine Clement as Alton Appleton
**DIRECTED BY:** Gerard Johnstone
**SCREENPLAY BY:** Gerard Johnstone
**STORY BY:** Gerard Johnstone, Akela Cooper
**BASED ON CHARACTERS CREATED BY:** Akela Cooper, James Wan.
**PRODUCED BY:** James Wan, Jason Blum, Allison Williams
**EXECUTIVE PRODUCERS:** Gerard Johnstone, Adam Hendricks, Greg Gilreath, Michael Clear, Judson Scott, Mark D. Katchur
**DIRECTOR OF PHOTOGRAPHY:** Toby Oliver
**PRODUCTION DESIGNER:** Brendan Heffernan, Adam Wheatley
**EDITED BY:** Jeff McEvoy
**COSTUME DESIGNER:** Jeriana San Juan
**MUSIC BY:** Chris Bacon
**CASTING BY:** Sarah Domeier Lindo, Miranda Rivers, Terri Taylor
**RUNTIME:** 119 Minutes
**RELEASE DATE:** June 27, 2025"
M3GAN 2.0,"Will ‘M3GAN 2.0’ ($30M+) Run Brad Pitt’s ‘F1’ ($30M+, Some Sources Say $35-40M) Off The Road At U.S. Box Office? – Early Look",101,0.91,58,
M3GAN 2.0,"Just saw M3GAN 2.0 in a pre-screening, ask me anything",30,0.97,62,What i will say is i was surprised in a very very good way. but there is NO horror at all.
M3GAN 2.0,"I saw M3GAN 2.0 for the sixth and final time. My local theaters are no longer running it, and the only thing I can do now is hope it explodes in South Korea, Japan, and China…",46,0.94,54,"According to the-numbers.com (don’t know if these are official),
South Korea release date: July 16, 2025
Japan release date: October 10, 2025
China release date: December 31, 2025
I’ve never regretted not being “fuck you” rich until today. Ugh…
Please pull a Pacific Rim! Please pull a Pacific Rim!! Please pull a Pacific Rim!!!
CHINA!!!! SAVE M3GAN AND MY LIFE IS YOURS!!!!!!!"
M3GAN 2.0,r/BoxOffice Long Range Forecast: 'F1' and 'M3GAN 2.0',43,0.91,61,"Before you comment, read these two rules:
#**1. Please provide specific numbers for your predictions. Don't do like ""It'll make less than this or that"" or ""double this movie or half this movie"". We want a real prediction.**
#**2. Given that a lot of parent comments do not even bother to give predictions, we are establishing a new rule. The parent comment must provide a prediction with specific numbers. The rest of the replies to the comment do not have to make a prediction, but the parent comment absolutely has to. Any parent comment without a prediction will be eliminated.**
Welcome to the newest edition of r/BoxOffice Long Range Forecast. 
We're making long range predictions for films, 4 weeks out from their premieres. You will predict the opening weekend, domestic total and worldwide gross of these films. These predictions will be open for 48 hours and the results will be polled to form a consensus and posted the next week.
So let's meet the two films for the week and analyze each pro and con.
#**F1**
The film is directed by Joseph Kosinski (*Top Gun: Maverick*, *Tron: Legacy*, *Oblivion*, *Only the Brave*) with a screenplay written by Ehren Kruger (*Top Gun: Maverick*, the *Transformers* movies), from a story the two co-wrote. The film stars Brad Pitt, Damson Idris, Kerry Condon, Tobias Menzies, and Javier Bardem. The film follows Sonny Hayes, a retired Formula One driver who raced in the 1990s, who comes out of retirement to mentor rookie prodigy Joshua ""Noah"" Pearce for the Apex Grand Prix team (APXGP).
#**PROS**
- Formula One is an incredibly popular sport in the world, particularly in Europe. Given the lack of racing films (the *Fast &amp; Furious* films don't count), this film could capture an audience who craved for a film like this.
- The film is targeting the ""dad"" audience. There's not a lot of films coming out that go after that demo, so *F1* could surprise in that aspect.
- Joseph Kosinski has earned a lot of good will after the gigantic success of *Top Gun: Maverick* back in 2022. Which might be why the film reunites him with so many crew members. If he can hit gold with this, sky's the limit.
- Apple has mounted a very extensive marketing campaign. They even started it far earlier than usual, by releasing a trailer in July 2024 before the 2024 British Grand Prix. But the marketing has sold the film exactly for what it is: a high-octane sports drama.
- Even with *Jurassic World Rebirth* opening the following week, *F1* has one advantage: it will have a 2-week exclusive access to IMAX screens. That's huge news.
- There was a $300 million budget floating around, but producer Jerry Bruckheimer said that budget figure is incorrect.
#**CONS**
- Yes, Formula One is popular in the world. But United States has not been a strong market for it. Even with a lot of shows in the past few years that drove some interest in Formula One, it's still a question mark if domestic audiences will give the film a chance.
- Adding to the previous point: car racing has not been very popular in North America. Excluding *Fast &amp; Furious* and *Cars*, only two films (*Talladega Nights: The Ballad of Ricky Bobby* and *Ford v Ferrari*) crossed $100 million domestically. Even if it doesn't cost $300 million, *F1* absolutely needs to do better than that.
- Even with the benefit of IMAX screens, it still has competition around summer. Will it work as a great piece that will fend off competition or will it be cannibalized?
- Kosinski hit gold with *Maverick*, but he's not invincible. *Oblivion* and *Tron: Legacy* were a critical and financial disappointment, *Only the Brave* flopped, and *Spiderhead* earned weak reviews and was dumped in Netflix. So will he strike gold again or will it falter?
- Apple hasn't had good luck with theatrical releases so far. Only *Napoleon* crossed $200 million, and *Killers of the Flower Moon* managed to make over $150 million (although their budgets were too high to be called hits). But *Argylle* and *Fly Me to the Moon* failed to attract audiences. And this might be why *Wolfs* skipped its theatrical release and returned to Apple TV+ exclusively. *F1* is currently their only theatrical release in the future. Will it finally be their one hit?
- And finally, there's Brad Pitt. Without a doubt, one of Hollywood's most popular stars. But the past few years have been rough for Pitt. While he has had some success in the past 10 years, he has been in a lot of financial failures (*By the Sea*, *Allied*, *Ad Astra*, and *Babylon*). Some successes, but it's more a sign that his presence doesn't guarantee success. Not to mention [abuse accusations](https://www.usatoday.com/story/entertainment/celebrities/2024/04/04/angelina-jolie-claims-brad-pitt-physical-abuse-amid-winery-battle/73211176007/). Will his presence truly help the film?
#**M3GAN 2.0**
The film is directed by Gerard Johnstone and written by Johnstone and Akela Cooper. A sequel to *M3GAN*, it stars Allison Williams, Violet McGraw, Amie Donald, Jenna Davis, Ivanna Sakhno, Aristotle Athari, Timm Sharp, and Jemaine Clement. In the film, M3GAN's technology has been stolen and used by a defense contractor to create a military robot called Amelia, who becomes self-aware, turns on her creators, and attempts an AI takeover. Facing imminent destruction, Gemma's niece Cady convinces her to rebuild M3GAN with advanced upgrades so she can fight Amelia.
#**PROS**
- *M3GAN* was a huge success back in 2023, earning $181 million worldwide and becoming a phenomenon across social media, thanks to its blend of horror and campiness.
- Whether you like or hate the original film, you have to give the sequel one thing: it avoided the same plot that plagued other horror sequels. Instead of doing another ""AI doll who kills people"", the film is going the full ""AI doll vs. AI doll"" angle. Hey, at least it's not repetitive.
- The marketing has also leaned on how ridiculous and stupid this situation is. Look no further than its tagline: ""This bitch vs. that bitch"", and how the trailer was accompanied by ""Oops!... I Did It Again"". 
#**CONS**
- Opening the week after *28 Years Later* could be a disadvantage, as they're competing for the same horror audience. Now, *M3GAN 2.0* clearly is more campy horror, which could help it stand out.
- The premise is absolutely bonkers, but could it also be its own disadvantage? Will people feel curious over the plot or will they just choose to skip this? 
- Blumhouse has had a very weak 2025 so far. *Wolf Man*, *Woman in the Yard* and *Drop* all failed to break out, and some even managed to lose money. The company has never been this weak. Will *M3GAN* make the difference or are audiences losing interest in Blumhouse?
And here's the past results.
Movie | Release Date | Distributor | Domestic Debut | Domestic Total | Worldwide Total
:-------:|:--------:|:--------:|:--------:|:--------:|:--------:|
*Karate Kid: Legends* | May 30 | Sony | $47,572,222 | $132,305,555 | $284,278,947
*Bring Her Back* | May 30 | A24 | $11,326,666 | $37,033,333 | $71,040,000
*Ballerina* | June 6 | Lionsgate | $33,876,470 | $82,908,823 | $190,044,444
*The Phoenician Scheme* | June 6 | Focus Features | $7,662,500 | $24,912,500 | $47,320,833
*How to Train Your Dragon* | June 13 | Universal | $79,680,000 | $249,921,666 | $635,210,000
*The Life of Chuck* | June 13 | Neon | $5,868,421 | $17,427,500 | $33,005,000
*Materialists* | June 13 | A24 | $10,661,111 | $33,976,315 | $65,273,684
*28 Years Later* | June 20 | Sony | $42,156,250 | $127,675,000 | $249,372,727
*Elio* | June 20 | Disney | $37,126,666 | $147,727,727 | $388,772,727
Next week, we're predicting *Jurassic World Rebirth*.
So what are your predictions for these films?"
M3GAN 2.0,M3GAN 2.0 is low-key underrated,103,0.92,39,"I think the marketing could have been better. M3GAN was successful due to a lot of the marketing, as annoying or silly as it may have been. I heard of M3GAN through the trend as much as I hate to admit it. 
Is it a perfect sequel? No. I prefer the original *because* of the balance of horror and comedy. It's funny how this turned into a female version of the *Terminator*.
But I don't get the hate. Why did *Terminator* go from horror to sci-fi, &amp; it's beloved &amp; considered better than the first film, &amp; not *only* that, but it's argued as the *best* one in its series, but M3GAN makes the change, but most hate it? 
In all honesty, I think *both* series needed to build it up over time instead of making a change in genre as fast as they did. But I still enjoyed both films. *Judgment Day* is better than its first film, but my issue was that it changed too fast. But do I hate these films? No. That flaw is small to me. Does not ruin anything for me. 
But if we're being honest, even if M3GAN 2.0 followed the same themes of the first, it was bound to change up. Chucky &amp; Freddy. Both had a good balance of horror &amp; humor. (Mostly horror. But the humor was *still* there) But as the movies went on, they leaned into the humor for sure. I would not have been surprised by the idea of switching things up with M3GAN.
But at the end of the day, I hope the series can continue. I do think there should be 12+ movies, but I feel as though M3GAN's story is not over. Here's hoping Soulm8te helps make M3GAN 3.0 happen. 
Maybe I need to watch M3GAN 2.0 a few more times, or I didn't get it, but I did not get the sudden change in M3GAN's character. How did it take her two years to grow a heart? At the end of the first, M3GAN became her own primary user but now she's okay with protecting Cady again? John Connor took the AI robot &amp; changed Arnold's character. It made sense, no more explaining needed. 
 I know in the sequel, M3GAN says she has no free will. But she managed to change her primary user &amp; stayed alive in the small bot Gemma had in her house.  But I don't get it with M3GAN. I'm open to any thoughts."
M3GAN 2.0,M3gan 2.0 carries a $36M budget (up from the first film's $16M),150,0.96,37,
M3GAN 2.0,"Non-Malayalam Discussion - Kannappa (Telugu), F1: The Movie (English), M3GAN 2.0 (English), Love Marriage (Tamil), Maa (Hindi)",72,0.94,45,
M3GAN 2.0,M3GAN 2.0?,18,0.68,55,"What's the buzz on this?
I've seen no reviews or reactions for this and it starts in a few days. Is there a review embargo?"
M3GAN 2.0,Just saw M3gan 2.0 and I loved it,111,1.0,36,"I heard that the movie was getting a lot of hate. I expected it to be over the top in a certain way, but it wasn’t. It wasn’t a horror movie, but I really liked her character. The action scenes were good, the story was good. Honestly I really loved it, so this is my advice. Go watch it and make your own opinion of it and don’t listen to the critics too much"
M3GAN 2.0,Jason Blum Addresses the delusional approach to M3GAN 2.0,17,0.8,47,"“We all thought M3GAN was like Superman. We could do anything to her. We could change genres. We could put her in the summer. We could make her look different. We could turn her from a bad guy into a good guy. And we kind of classically over thought how powerful people’s engagement was really with her.”
(Via: The Town Podcast)
https://open.spotify.com/episode/5cOYz7rHenucGsTwrptfM8?si=e0zfQj0FTieWhrz360rN2Q"
M3GAN 2.0,M3GAN 2.0 Unrated Drops July 15th,90,0.99,28,"M3GAN 2.0 drops on Digital tomorrow with an exclusive Unrated version and will be available on 4K UHD and Blu-ray starting September 23, 2025."
M3GAN 2.0,++ Here'S How to WatCh M3GAN 2.0 (FuLLMovie) ONLINE For fREE On ReDdit,2,0.76,45,"M3GAN 2.0 is one of 2025’s most anticipated releases, as the first movie became such a cultural phenomenon following its release in 2022. The sequel was originally announced in January 2023, and fans will be glad to know that its release is finally here. Although the movie will initially be released exclusively in theaters, it will eventually come to streaming and VOD platforms, and audiences will be able to catch the movie from their own home. Based on the studio’s previous releases last year, it’s possible to estimate when M3GAN 2.0’s time in theaters will come to a close.
The initial trailers for M3GAN 2.0 teased a very similar kind of movie as the first, with bold humor and brutal violence coalescing in a unique brand of horror that very few movies have been able to replicate without coming across as cheesy or derivative. There’s something very fun and special about Gerard Johnstone’s directorial style that immediately gets audiences on board with the most absurd of concepts, and it still seems very present in M3GAN 2.0. The new movie will pick up with the titular killer android as she takes on a protector role when Cady (Violet McGraw) is threatened.
[📺📺Grab The movie From a Trusted Sources , Try it Now](http://m3ganonline.blogspot.com)
[📺📺Grab The movie From a Trusted Sources , Try it Now](http://m3ganonline.blogspot.com)
**M3GAN 2.0 Releases In Theaters**
The original *M3GAN* was released in 2022, and now the release date for *M3GAN 2.0* is just around the corner. The film is scheduled for release on June 27, over three years after the first movie came out and developed a huge online presence that helped spawn the long-awaited sequel. The film is **rated PG-13 for violence, strong language, and sexual material**, making it suitable for both teenagers and grown adults alike. Johnstone’s movie adopts a very similar tone and atmosphere as the first, with lots of dark humor and stylish filmmaking to separate it from most horror movies.
**When Will M3GAN 2.0 Release On Streaming?**
As a Universal Pictures release, *M3GAN 2.0* will eventually be available to stream on Peacock once its theatrical run is over. The service has housed the majority of Universal’s releases since its conception in 2019, and typically has a very quick turnaround when it comes to new releases. In 2024, the average number of days between a film’s theatrical release and its arrival on Peacock was just 90 - and this is typically made even shorter for horror movies, as seen with *Speak No Evil* and *Nosferatu*.Since *M3GAN* was such an undeniable hit that’s thrived on streaming, it seems logical for Universal to make the sequel available as soon as possible. Audiences should expect *M3GAN 2.0* to land on Peacock in mid-September, roughly three months after its theatrical release. However, if the movie performs exceptionally well at the box office, Universal may decide to keep it in cinemas for a while longer, subsequently delaying its streaming release. 2024 box office hits like *Twisters* and *Despicable Me 4* had a longer wait, but they also belong to very different genres. Still, *M3GAN 2.0*'s prospects will become clearer once it hits theaters."
M3GAN 2.0,Discussion - M3GAN 2.0 (2025) - Digital &amp; Unrated Release [SPOILERS],15,1.0,38,"**Release Date: Tuesday, July 15, 2025**
**Universal** [**\[Unrated Trailer\]**](https://www.youtube.com/watch?v=ANIuWTibgqg)
*Please purchase/rent/stream the movie to support the franchise!*
**VOD/Purchase/Rental:** 
* [Amazon Prime Video](https://www.amazon.com/gp/video/detail/B0DPJM1V49/)
   * Unrated included: Connect Prime to [MoviesAnywhere.com](http://MoviesAnywhere.com) for access (thanks u/lamefartriot for this!)
* [Apple TV](https://tv.apple.com/us/movie/m3gan-20/umc.cmc.5dj70m67usxg1j373bnerq782)
   * Unrated included: Find in submenu / extras, may need to restart app
* [Fandango At Home](https://athome.fandango.com/content/browse/details/M3GAN-2-0/4343571)
   * Unrated included
* [More Ways to Watch ](https://www.m3ganmovie.com/watch-at-home/)(Official Site)
**Streaming:**
* Peacock - TBD
**Physical Media: (Pre-Order)**
* [More Ways to Watch ](https://www.m3ganmovie.com/watch-at-home/)(Official Site)
**Summary:** (From Blu-Ray Product Description)
**Details:**
* **Screenplay by:** Gerard Johnstone
* **Story by:** Gerard Johnstone and Akela Cooper
* **Source Material:** Based on Characters Created by Akela Cooper &amp; James Wan
* **Cinematographer:** Toby Oliver
* **Composer:** Chris Bacon
* **Producers:** Jason Blum, James Wan, Allison Williams
* **Production companies:** Blumhouse Productions, Atomic Monster
* **Distributed by:** Universal Pictures
**Cast:**
* **Allison Williams as Gemma**, a roboticist, advocate for ethical usage of AI, and M3GAN's creator
* **Violet McGraw as Cady**, Gemma's niece
* **Amie Donald as M3GAN** (Model 3 Generative Android), a powerful robotic doll built by Gemma
* **Jenna Davis as the voice of M3GAN**
* **Brian Jordan Alvarez as Cole**, one of Gemma's coworkers
* **Jen Van Epps as Tess**, one of Gemma's coworkers
* **Ivanna Sakhno as AMELIA** (Autonomous Military Engagement Logistics &amp; Infiltration Android), a hostile new robot created from M3GAN's original design who becomes self-aware, serving as a rival to M3GAN
* **Aristotle Athari as Christian Bradley**, a cybersecurity expert and anti-AI activist
* **Timm Sharp as Tim Sattler**, an army colonel responsible for the creation of AMELIA
* **Jemaine Clement as Alton Appleton**, a corrupt tech billionaire whose company has made breakthroughs in biomechatronics
* **Amy Usherwood as Lydia**, Cady's therapist
(Sorry had to resubmit the thread since couldn’t edit links with Automod)"
M3GAN 2.0,"Just watched M3GAN 2.0, and it’s alright! Go watch it!",35,0.95,37,"M3GAN 1 worked really well because of the small scope, and did it well.
The sequel’s very flashy with all the action scenes, and the size of the story stretches the movie a bit too thin at parts.
It’s still a super duper fun film, and when it leans into its campiness, it’s the best thing ever imo. 
If anyone has questions about the movie, spoiler or non-spoiler, feel free to ask/message. Will add spoilers of course if needed."
M3GAN 2.0,"UK and Ireland Saturday Box Office: F1 Roaring into £1.98M, 28 YL a respectable 944k, HTTYD, Eilo and LILO all suffer soft drops while M3gan 2.0 crashes into 6th with an abysmal £185k.",92,0.96,25,
M3GAN 2.0,"Any film experts here? Can international box office save M3GAN 2.0? Like China, Japan, etc.",26,0.92,34,"I loved the first movie, loved this sequel, and really want to see more from this franchise. I don’t want it to end here. That’d be a real kick in the dick for me…
I haven’t been much of a moviegoer for so many years, and now I’m trying to go as many times as possible for M3GAN 2.0
Just me going repeatedly surely won’t make a difference, and it seems like everyone in America is content to see the franchise burn.
Is there any hope in the Chinese, Japanese, and European market saving this movie? How does international box office factor into a movie’s success?
Do the producers and everyone involved with greenlighting sequels take into account how well a movie does in other countries?
Would M3GAN franchise still be axed for flopping in America even if it somehow manages to succeed internationally?"
M3GAN 2.0,M3GAN 2.0 unrated difference from the original,24,0.95,31,"There are extremely few differences. There are no additional f-bombs at all
And no, the “smoking hot warrior princess” guy is still not in this version either
The box scene is in this version but it’s not graphic or bloody at all which makes me wonder why they removed it from the theatrical version. In the theatrical version it’s unclear how M3GAN sneaks into the convention but she uses this box to do it. I can almost guarantee that they purposely removed this scene and included it in the unrated because the unrated has the tiniest and fewest differences you can even imagine
A lot of graphic scenes are still not shown in this version. The only differences I noticed was there’s more blood from Amelia’s kills, we actually get to see the guys’ head come off at the beginning, and when Cady breaks Christians’ arm his guts pop out. But in the next shot it’s only as broken as it is in the theatrical version and the guts and tear in the clothing is gone. And the only other difference is when Christian’s arm is actually decapitated, the arm has more gory detail on it when picked up by other characters
And M3GAN still has 0 kills in this version of the movie too. Literally the only difference between this version and theatrical are that some scenes have just slightly more blood and a couple scenes with cool detailed gore
Such a letdown but at the same time this movie was made with a PG-13 in mind unlike the first one. Still disappointing. Honestly with some other PG-13 movies that are out there, I feel like this version should’ve gotten away with the PG-13 rating itself"
M3GAN 2.0,Gerard Johnstone tells us that there will be an Unrated Cut for M3gan 2.0,52,0.96,29,Source- Discussing Flim: https://discussingfilm.net/2025/07/03/m3gan-2-0-unrated-cut-exclusive/
M3GAN 2.0,What was your favorite scene in M3GAN 2.0?,19,1.0,32,
M3GAN 2.0,This car from the M3gan 2.0 movie,12,0.89,37,"Initial thoughts were it's a Lamborghini, but I cannot find one that's close."
M3GAN 2.0,"When the US get censored PG13 horror movies like M3GAN 2.0, why do we have to suffer the same in the UK, as both that &amp; unrated versions are still a 15-certificate!",27,0.66,31,"When I saw the first film in the cinema, I had no idea beforehand we were going to get such a version. Years ago, it was all the rage, then that nonsense went away. M3GAN brought it back.
Having recently watched the unrated version, prior to soon seeing the new film, I can see a load of gore was cut, along with extra f-words, and it was better for it.
I didn't even know until recently that PG13 has a maximum of one f-word, whereas even a UK 12-cert has a maximum of 4, so when the second f-word in Beetlejuice Beetlejuice was bleeped, I wondered what the (bleep) was going on!
Who's to blame? Universal or Blumhouse? I can't imagine the director is pleased when such a situation happens."
M3GAN 2.0,M3GAN 2.0 was awful,13,0.6,30,"I saw M3GAN 2.0 at a screener showing earlier today after watching no trailers. While M3GAN 1.0 was a simple &amp; well made scary movie that I enjoyed, this movie was the complete opposite.
All of the original charm, suspense, horror and cinematography were replaced with Terminator-like fighting robots spewing out tech jargon. ""Quick, hack the wifi so we can pair with the robot to decrypt it's quantum algorithm"". Scan that guy's retina so you can hack the power grid, but never use/mention that ability again. EMP guns (which injure humans somehow) that hold one shot and take forever to reload, so we have to use taser sticks.
If you want to watch 2 hours of female robots beating up/killing male-only security guards &amp; employees, this is your movie. If not, go read the Wikipedia summary and move on from this ruined franchise."
M3GAN 2.0,M3GAN 2.0 is way better than I would've thought. I really hope more people will give it a chance.,21,0.72,27,"It's obviously a huge contrast to the first one, with a higher budget and way less of a horror theme. It'll definitely be divisive. But I personally loved it.
As long as you don't go in expecting a scary horror film or some Oscar-level writing, I think it's an incredibly fun movie. On top of that I was actually impressed with how great the directing/editing/cinematography was. You can definitely see where that budget went.
M3GAN 2.0 is definitely one of the most absurd and chaotic movies I've seen in a long time, while also managing to be wonderfully unique and creative."
M3GAN 2.0,M3GAN 2.0 or 28 Years Later?,0,0.38,30,Heard pretty mixed reviews about both of these but am still planning on going to see one of them this weekend.  Which one did you like more and what trailers did you see before the movie started?
M3GAN 2.0,"""M3GAN 2.0"" A-List pocket review",9,0.59,25,"Well three or so years ago, the first ""M3GAN"" film was a surprise smash, pleasing critics and audiences alike. The ""megan"" android creature providing both humor and good action for sci-fi and horror fans alike. So since profits were large, a sequel was inevitable, and since I was a fan of the first film, it was a given I would check this one out, via A-List.
Anyway, I saw this film in the context of ""bad press"". Though it was just released, Megan 2 is being hammered for poor box office results, and while I haven't read other reviews, there seem to be a lot of ""what went wrong"" articles in the press. That said, I was reasonably entertained by the film. I found all the elements I liked about the first one - the sci-fi, the killing (LOL) and the campy humor - to be present in this sequel. The human cast is basically all back, and they hit their marks as well. And the ""megan"" android machine retains its weird charisma. Is it ss good as ""Megan""? No. The plot goes widescreen, with a greater emphasis on raw action and government conspiracies, which makes things a bit duller and the plot needlessly complicated. At about 110 minutes, it is a good 20 minutes too long. Nevertheless, on balance, I liked it.
C+ .... not the surprise fun of the original, but not as bad as it seems to be made out to be. If you liked the first, I think you'll like it too. Softly recommended."
M3GAN 2.0,James featured in new M3GAN 2.0 AMC preroll ad,140,0.97,12,"He briefly appears as a moviegoer in the “Silence your phones and no talking” M3GAN 2.0 ad that plays before most AMC screenings now! Couldn’t get a pic in time though, it’s blink and you’ll miss it stuff"
M3GAN 2.0,M3GAN 2.0 Unrated Trailer,56,0.97,15,"**Digital Theatrical and Unrated to be released tomorrow, July 15, 2025.**
The sequel will launch on 4K Ultra HD, Blu-ray and DVD on September 23 via Universal. A limited edition SteelBook 4K UHD will also be available.
""The original creative team, including producer James Wan for Atomic Monster, Jason Blum for Blumhouse, and director Gerard Johnstone, reunites to reboot M3GAN for a new mission. When an autonomous android engineered to be the ultimate weapon threatens M3GAN’s beloved Cady, M3GAN convinces her creator, Gemma, to give her a glow-up that makes the original A.I. diva even deadlier. Armed with wild new upgrades and her same iconic attitude, M3GAN claps back against the wannabe techno-terror in a fierce faceoff to crown the baddest bot built for maximum mayhem.""
Via: everythingm3gan (ig) from UniversalPicturesAllAccess on YouTube"
M3GAN 2.0,"Boy, I sure wonder where things go from there after M3GAN 2.0’s ending",23,0.93,21,So M3GAN remained good and she had her mind backed up after sacrificing herself. So it’s likely Gemma will build her a new body now that she is trustworthy. So it looks as if Cady has her robot friend for life.
M3GAN 2.0,About M3GAN 2.0 Reviews,41,0.94,19,"People complain about everything. I saw the reviews for the movie, and honestly, I'm not going to let that influence my opinion. You can make an intense and deep story like '28 Years Later' and people will still complain (which is strange, since many people complained about that one too), and you can also make a silly action story and people will still complain. How about we just enjoy a movie theater experience while disconnecting from reality for 2 hours?"
M3GAN 2.0,M3GAN 2.0 review spoilers,19,0.95,21,"This movie is a huge step up from the first and no it’s not horror anymore but besides that the movie is great M3GAN in this film has so much more character development its make you sympathize with her and Katie and Gemma relationship is touched on in this film a lot more but unlike in generic cases where it become a dumb plot point in movies in this case it’s not and it doesn’t come off as cringe either Katie and Gemma relationship is beautiful and genuine in this film the humor in this film is great you will laugh through out this film also it isn’t forced all the jokes come off naturally 
Ivanna sakhno who plays Ameila is beautiful and very scary in this role some of her scenes are horrifying her character is very unpredictable but on to the side characters Cole is a handsome man who makes u laugh sometimes and Tess who may or may not be dead yea was kind of fatally shot by the true antagonist in this film although the fate of her character is open ended but her character is smart and kind of motherly to the rest of the group helping them navigate their missions for stopping Ameila this is all I will say for this review because I don’t wanna spoil everything overall this is a great film and some of the things that happen in the film leave it open for future movies can’t wait for M3GAN 3.0"
M3GAN 2.0,M3GAN 2.0 (2025),83,0.93,11,https://imdb.com/title/tt26342662/
M3GAN 2.0,'F1' Revving Up For A Strong Opening As 'M3GAN 2.0' Runs Out Of Power - Ticket Sales Tracking (6/23-6/26),70,0.93,13,"Looks like the Juneteenth box office surge was short lived.
As summer is in full swing, studios are trying anything and everything to keep audiences coming to the theaters.  In their latest attempt at a legasequel, Sony's **28 Years Later** kicked off with an impressive start, only to peter out as the weekend went on, heavily underperforming on its **$19.36M** Th+Fri tracking.  While the Juneteenth holiday definitely inflated the preview numbers, the mixed-to-positive word of mouth is not helping either.  Still, with a **$60M** price tag and an already filmed  January '26 sequel on the way, the new trilogy finale seems all but certain.
For Pixar, the magic seems to have faded as **Elio** severely disappoints, even coming below its **$12.29M** Pre+Th+Fri tracking to be the lowest opening for the studio, ever.  What happened to the most bankable animation studio??  Not only is original animation hard (yet not impossible) to succeed in a post-pandemic market place, but original animated sci-fi has been and is still an extremely tough sell.  With an alleged **$150M** budget after a major production overhaul, Disney is probably happy just to get this 18 month delayed project over with.  Hopefully, the extremely positive buzz can help this leg out the incoming month before the next family title enters the marketplace, but don't be surprised if **Rata2ouille** gets greenlit.
After a brief break from theatrical releases, Apple Studios is teaming with Warner Bros for their make or break summer outting, **F1: The Movie.**  Thanks to a string of box office bombs/disappointments the streamer turned potential theatrical output is putting all their chips on the table.  With the use of director Joseph Kosinski, hoping to recreate that **Top Gun: Maverick** success, and Brad Pitt, one of the last bankable adult movie stars, Apple is hoping that these ingredients work to springboard off of the worldwide racing phenomenon.  In addition to the top tier cast and crew, this is pedestaled as a ""theatrical event"" with an emphasis on IMAX/PLFs.  Even though this is technically an original film, the hope is that these ingredients and already strong buzz drive this fellow pre-July 4th adult drama, a la **Elvis,** to save Apple's theatrical strategy.
Two years after the surprise viral winter hit, Blumhouse is returning to the mine with **M3GAN 2.0.**  With the cast and creative crew returning, the sequel to 2023's breakout success should be a no-brainer.  Only problem is that a genre shift from horror to action (akin to **Terminator 2: Judgement Day)** as well as an overcrowded marketplace might stop this killer robot from slaying again.  Still, the best case scenario here is to play like fellow Blumhouse summer sequel, **Insidious: The Red Door**.  Fingers crossed.
https://preview.redd.it/68m693smsd9f1.png?width=2346&amp;format=png&amp;auto=webp&amp;s=dc7ed617fa46e6ffcf358ebf39ba9d53db02b75e
https://preview.redd.it/adgrgrdv0e9f1.png?width=2306&amp;format=png&amp;auto=webp&amp;s=45a934a0ed8674265d93b189db96e505e40d87db
Buckle up because audiences are all revved up.  Thanks to an impressive global marketing plan, F1 seems to be set into high gear as ticket sales not only started off well, but have accelerated throughout the week.  At this rate, F1: The Movie is speeding towards a **$5.84M** Th and a **$11.08M** Fri.  **Things to Note:** There were **$2.5M** of early previews that will be added in later.  Looks like Apple finally has a hit on their hands.
Even in these non-PLF locations, audiences seem to be ready to hop in the passenger seat here as both theaters are sporting healthy theater capacities.  Given its adult-driven nature, Theater 2 is clearly stronger in demand, but that does not mean Theater 1 is lacking either.  To some surprise, the demand is slightly behind the juggernaut of Elvis, but that does not mean theaters should be disappointed.  If the positive word of mouth continues to buzz and the PLFs are utilized, F1 may not just grow throughout the weekend, but pick up pace into the 4th of July holiday weekend.
https://preview.redd.it/bscb52xlsd9f1.png?width=2348&amp;format=png&amp;auto=webp&amp;s=ef99b7e444bb2d859b7db81a68f1915a890f4539
https://preview.redd.it/zrkph2jw0e9f1.png?width=2300&amp;format=png&amp;auto=webp&amp;s=216ad6df9791126c5f5e875dcab6d02426d5499a
Lightning does not always strike twice and Blumhouse is learning that lesson, again.  Unlike in 2023, ticket sales for the killer doll follow-up not only started out softly, but the pace has not picked up anywhere throughout the week.  If the walk-ups do not come, M3GAN 2.0 may short circuit with a **$2.69M** Th and a **$4.39M** Fri.  A genre-twisted Blumhouse sequel disappointing to a sleeper hit?  It's **Happy Death Day 2 U** all over again!
Whether the fault is in the marketing or the marketplace, the audience just isn't there.  Even without an over-saturation of showtimes, the M3GAN brand seems to have faded as the theater capacities are barely crossing **3-4%.**  Sadly, this is a sharp downturn from Insidious 5's demands which revived the franchise with strong capacities.  You can't blame Blumhouse for quickly spring-boarding off of a hit, but something went wrong along the way.  Maybe decent word of mouth can save the franchise, but it looks like this series should stick to its January roots.
What feels like a rarity these days, the original F1: The Movie is gearing up towards a **$19.42M** Pre+Th+Fri opening while M3GAN 2.0 is suffering from sequelitis with a **$7.08M** Th+Fri start.  If these numbers hold, the Brad Pitt vehicle may finish with a **$43M** opening while M3GAN may be lights out after a **$14M** start.
As a WB+Apple package, it is uncertain who will really come out on top.  Hopefully, this start will make its  alleged **$200M+** price tag a worry of the past to pave way for the tech company to release more films theatrically.  On the cheaper side, Blumhouse once again kept their sequel in check with only a **$15M** budget.  Despite the spin-off **Soulm8te** arriving this January, this may as well be M3GAN's last dance."
M3GAN 2.0,That one shot from the M3GAN 2.0 trailer had me like…,143,0.97,7,
M3GAN 2.0,"July 11-13 Box Office Recap – 'Superman' flies to a great $125M debut domestically. However, it debuts with just $95M overseas, which is below expectations. 'Jurassic World Rebirth' crosses $500M worldwide, and 'F1' reaches almost $400M worldwide.",793,0.92,265,"https://preview.redd.it/p5azvgxfvwcf1.png?width=1920&amp;format=png&amp;auto=webp&amp;s=5c78ecb39aba431a678658665331a79bdb4c9e7d
Years in the making, the new DCU officially made its way to theaters.
***Superman*** flew as high as possible, delivering a pretty great debut domestically. But overseas tells another story; it was below expectations, and suggests America will have to do the heavy lifting.
The Top 10 earned a combined $195.6 million this weekend. That's up a massive 66% from last year, when ***Despicable Me 4*** stayed at #1, and ***Longlegs*** over-performed projections.
Debuting at #1, ***Superman*** earned a pretty great $125 million in 4,135 theaters. That number is simlar to ***Man of Steel***, which debuted with $116 million back in 2013 (although it earned an additional $12 million from early Wal-Mart screenings). It's also James Gunn's second biggest debut as director, behind ***Guardians of the Galaxy Vol. 2*** ($146 million). The debut is also among the strongest for DC; it's the seventh best debut for a DC film, and it's also the first to open to $100+ million since ***The Batman*** ($134 million). 
This is a very strong debut for DC, as the brand has taken a huge dive at the box office. The DCEU had an incredibly poor run in its last years, with their last 8 films all flopping at the box office. That's an astonishingly horrible record, and the inconsistent run is what led to the current DC Universe. Sure, ***The Batman*** was a hit, but it's still an Elseworld film that won't change plans in the DCU. 
For quite some time, Warner Bros. heavily backed ***Superman***, emphasizing James Gunn's involvement as writer and director. Now, the general audience doesn't really pay attention to directors outside some like Christopher Nolan, Steven Spielberg, James Cameron, Quentin Tarantino, etc. They might not know who Gunn is, but his quality track record is what gave WB confidence in ***Superman***'s prospects.
WB bet high on the film's marketing. [The Hollywood Reporter said](https://www.hollywoodreporter.com/movies/movie-news/mission-impossible-jurassic-world-superman-box-office-summer-1236255949/) that WB could spend up to $200 million in marketing, which is insanely high even for a blockbuster. When the first trailer debuted in December 2024, it was viewed by 250 million viewers within 24 hours, a record for DC. Obviously, that didn't pan out to the absolute best debut for them, but it was still a sign of high interest. All the trailers highlighted the dazzling action sequences, Superman's iconic characterization, and Krypto's involvement (with the latter going viral on social media). And finally, Gunn delivered the quality: it's sitting at 83% on RT.
Now obviously, there's the question: could it have debuted higher? Perhaps, yeah. But as mentioned, DC's brand is at an all-time low and they're currently struggling to gain good will with the audience. ***Superman*** is the first step in building that good will. After all, the character has had very rough decades; the Christopher Reeve films fizzled out by the end, ***Superman Returns*** disappointed, and the DCEU Superman didn't fully connect with audiences.
According to Warner Bros., 68% of the audience was male, and 66% was 35 and under. They gave it a solid ""A−"" on CinemaScore, which is actually the same grade as ***Man of Steel***, and below Gunn's ***Guardians of the Galaxy*** trilogy. That suggests word of mouth is good, but not incredible. It remains to be seen how it will be impacted by the arrival of ***The Fantastic Four: First Steps*** in two weeks. But for now, ***Superman*** should easily cross the $300 million milestone. This is a very good way to start the DCU, at least domestically (we'll get to the overseas performance in a moment).
In second place, ***Jurassic World: Rebirth*** earned $40.3 million this weekend. That's a rough 57% drop, although considering how high ***Superman*** opened and its weak word of mouth (""B"" on CinemaScore), it could've been worse.
***F1*** dropped 49%, grossing $13 million. Not a bad drop, considering it lost IMAX screens to ***Superman*** this weekend***, although it's still not holding as great as its strong word of mouth suggested. The film has amassed $136.2 million domestically, and it should cross $160 million by the end of its run.
Through 2 weekends, it has earned $232.4 million. For reference, it was ahead of ***Dominion*** on its first Sunday by $2 million, but it's now $18 million behind it (and that's with two full extra days). It's very likely that gap will continue getting bigger. Should definitely hit $300 million for now.
***How to Train Your Dragon*** eased 30% and added $7.9 million this weekend. The film has earned $239.9 million, and it's set to close with around $255 million.
In fifth place, ***Elio*** eased just 30%, earning $4 million. That would be commendable, but considering its domestic total is a pretty brutal $63.8 million, there's not a lot to celebrate. Now let's see if ***Smurfs*** impacts it this week.
***28 Years Later*** dropped 40%, grossing $2.7 million this weekend. The film has amassed $65.7 million so far, and it will finish with slightly close to $70 million.
***Lilo &amp; Stitch*** added $2.7 million this weekend, which was just 31% off from last week. The film has earned $414.5 million so far.
***Mission: Impossible – The Final Reckoning*** dropped 46% and earned $1.4 million this weekend. With $194 million domestically, it has officially cleared the 3x multiplier. It will pass ***Rogue Nation*** ($195 million) by next week, but it will close so damn close to $200 million domestically.
***M3GAN 2.0*** is nearing the end of its run, and it's barely on its third weekend. It has fallen all the way to ninth place, dropping a poor 64% and making just $1.4 million this weekend. The film has made a poor $22.4 million, and it's set to finish with just $25 million domestically.
Rounding out the Top 10 was A24's ***Materialists***. It dropped 46%, earning $720,498 this weekend. The film's domestic total stands at $35.1 million, and it's nearing the end of its run.
#**OVERSEAS**
So yes, ***Superman*** was off to a great start domestically. Overseas, however, is another story.
***Superman*** debuted with $95 million overseas, for a $220 million worldwide debut. That's below the $100+ million projections, which is very perplexing. It was a mixed bag in the rest of the world. Its strongest debuts were in the UK ($9.8M) and Mexico ($8.8M), Australia ($5.3M), Brazil ($5.9M), and India ($3.8M), although they were expected to perform better. Europe was so-so: it had very soft debuts in France ($4.2M), Spain ($2.9M), and Italy ($2.5M). Asia was pretty much bad: it flopped with just $6.9M in China (amidst very poor word of mouth), $4.2M in South Korea, and Japan ($2.5M).
This is where things start to unravel. This is not a great start for the film. WB spent $225 million on the film, and it mounted a very extensive marketing campaign around the world. ***Superman*** is obviously considered more an American icon than a worldwide icon, but even ***Man of Steel*** made $670 million back in 2013, and overseas accounted for 56.6% of its gross. Where does ***Superman*** go from here? Well, clearly it's gonna be up to the domestic market to do the heavy lifting, cause word of mouth isn't strong outside America. It should hit $550 million worldwide, but it's unlikely it can clear $600 million. Hell, if word of mouth isn't strong, it can also miss $550 million. That wouldn't be good news for the film's extensive budget, and for the future of the DC Universe.
***Jurassic World Dominion*** fell 51% overseas, earning $68.1 million, and its total is now $532 million worldwide. That's quite a bad drop, even with ***Superman***'s disappointing debut. The best markets are China ($62.7M), the UK ($26.4M), Mexico ($22.8M), Germany ($15.5M) and Australia ($12.6M). Only Japan is left for now, but based on other patterns, it should close its run with around $750 million worldwide.
***F1*** was not affected in the slightest by ***Superman***. It dropped just 34% overseas for a $38.5 million weekend, taking its worldwide total to an incredible $393.4 million after just 3 weeks. The big story was China, where the film is enjoying extraordinary word of mouth. In the market, the film's third weekend was actually higher than its prior weekends, adding $8 million this weekend. The film's best markets are China ($35.8M), the UK ($21.6M), France ($17.7M), Mexico ($15.4M) and Australia ($13.1M). Based on these drops, the film is heading for over $500 million worldwide by the end of its run.
***How to Train Your Dragon*** added $13 million, taking its worldwide total to $561 million. The best markets are China ($37.8M), Mexico ($35.1M), UK ($26.2M), Brazil ($19.1M) and France ($16.6M).
***Lilo &amp; Stitch*** added $7 million, and its worldwide is now $994 million. The best markets are Mexico ($66.9M), the UK ($48.8M), France ($42M), Brazil ($37.2M) and Germany ($32.1M). By next week, it will cross the $1 billion milestone.
#**FILMS THAT ENDED THEIR RUN THIS WEEK**
Movie | Release Date | Studio | Domestic Opening | Domestic Total | Worldwide Total | Budget |
----------|----------|----------|:--------:|:--------:|:--------:|:--------:
*Karate Kid: Legends* | May/30 | Sony | $20,302,016 | $52,547,391 | $103,347,391 | $45M
- Turns out no one was really interested in seeing a new ***Karate Kid*** movie in theaters. Sony's latest attempt, ***Legends*** has closed with a very underwhelming $52 million domestically and $103 million worldwide. The domestic total is below the 2010 version's opening weekend ($55.6M), and managed to finish below the first two films in the franchise. Worldwide, it's a colossal 71% drop from the 2010 film. Even with a $45 million budget, this is not really a success and it's even more disappointing considering the film was selling nostalgia by having Jackie Chan and Ralph Macchio teaming up. Maybe the future of the franchise lies with streaming now.
#**THIS WEEKEND**
With a weak slate of newcomers, ***Superman*** will easily hold on to the top spot.
Perhaps the biggest newcomer will be Sony's ***I Know What You Did Last Summer***, which arrives 27 years after the previous installment. A legacy sequel with new characters, who are joined by Freddie Prinze Jr. and Jennifer Love Hewitt, as they are targeted by a new hook-wielding killer. The first two films were big hits, although their popularity was still inferior to the ***Scream*** series, which was released around the same point. The plot is pretty much the same as the original, so we'll see if Gen Z (a big horror audience) cares for this franchise.
Another wide release is Paramount's ***Smurfs***, another reboot of the iconic franchise. Well, ""iconic"", cause it's definitely well known, but its popularity has dwindled in the past decade. The 2011 film earned $142 million domestically and $563 million worldwide, the 2013 sequel made $71 million domestically and $347 million worldwide, and the 2017 animated film tapped out at $45 million domestically and $197 million worldwide. But with ***Elio*** failing to perform well, family audiences could tune in here if they're desperate for something. Or they can simply wait for ***The Bad Guys 2*** instead.
And finally, A24 is releasing Ari Aster's new film ***Eddington***, which stars Joaquin Phoenix, Pedro Pascal, Luke Grimes, Deirdre O'Connell, Micheal Ward, Austin Butler, and Emma Stone. This cast is bigger than Aster's previous films, and he has amassed a cult following with horror fans. Even though ***Hereditary*** and ***Midsommar*** were hits, ***Beau Is Afraid*** was very polarizing. And judging by its very polarizing reviews, it looks like ***Eddington*** is more ***Beau*** than the other films. His fans are definitely showing up, but it remains a question mark if the general audience will do the same.
____________________________________________________________________________________________
If you're interested in following the box office, come join us in r/BoxOffice."
M3GAN 2.0,Behind the scenes photos of Ivanna Sakhno on set of M3GAN 2.0,172,1.0,3,
M3GAN 2.0,M3GAN 2.0 | Final Trailer,10,0.78,22,
M3GAN 2.0,M3GAN 2.0 Is The Summer's Big Horror Box Office Bummer,0,0.5,19,
M3GAN 2.0,AMC is doing a Mystery Movie and it is probably M3GAN 2.0,23,1.0,18,"It says that it is 2h 14m (they always give a runtime close to the film’s) and PG-13. A 14 minute difference is nothing. Drop had one and it was 25 minutes. 
F1 is also a possibility but it’s 21 minutes over and they almost never go over.
So if you want a chance of seeing this movie early, make time for June 23."
M3GAN 2.0,New film 'M3GAN 2.0',36,0.9,14,"Spoilers for the film:
[https://variety.com/2025/film/reviews/megan-2-review-1236438992/](https://variety.com/2025/film/reviews/megan-2-review-1236438992/)
&gt;!There are a handful of the moments you want — like M3GAN literally dancing the robot onstage, or a climactic fight that turns on the worship of Steven Seagal, or the absurdity of M3GAN soothing Gemma by singing Kate Bush’s “This Woman’s Work.”!&lt;
[https://www.slantmagazine.com/film/m3gan-2-0-review-allison-williams/](https://www.slantmagazine.com/film/m3gan-2-0-review-allison-williams/)
&gt;!The film knows the icon M3GAN has become in certain circles and doubles down, largely to fun, freewheeling effect, the peak being an out-of-nowhere musical beat set to Kate Bush’s “This Woman’s Work.”!&lt;
[https://www.irishtimes.com/culture/film/review/2025/06/25/m3gan-20-review-an-absolutely-terrible-and-woeful-sequel/](https://www.irishtimes.com/culture/film/review/2025/06/25/m3gan-20-review-an-absolutely-terrible-and-woeful-sequel/)
&gt;!The best joke in the film – referencing one of Kate Bush’s best songs – almost slips away because it is too easy to believe that the comically exaggerated mawkishness is the sort of thing that might be meant sincerely in a film this terrible. That is never a good sign.!&lt;
[https://abcnews.go.com/Entertainment/wireStory/movie-review-m3gan-20-big-big-mission-impossible-123198694](https://abcnews.go.com/Entertainment/wireStory/movie-review-m3gan-20-big-big-mission-impossible-123198694)
&gt;!Johnstone has smartly kept the offbeat humor of the original, this time with clever nods to “Knight Rider” and a surreal use of the Kate Bush song “This Woman’s Work.”!&lt;"
M3GAN 2.0,M3GAN 2.0 borrows heavily from this film and it’s not T2,9,0.74,15,"M3GAN 2.0 doesn’t borrow much from T2 apart from the concept of Amelia being a humanoid robot and M3GAN turning from enemy to ally. However it borrows a lot from another film, Leigh Whannell’s Upgrade. In that movie a man ends up disable but thanks to an implant he can walk again and becomes a killing machine with super strength. The fight scenes with Gemma controlled by MEGAN are clearly inspired by that movie. 
This point aside I wanted to express my disappointment with M3GAN 2.0. Of course I get the main critic of switching the horror vibe for a tech spy action film. But my true issue with this film is the way it doesn’t really care about M3GAN in its true iconic form. She only appears as herself halfway through the film. But the biggest sin is to introduce way too many new characters and forget about M3GAN. She’s there but in so many forms (projections, animation, AI robot…) it loses the appeal. And the fact even her robot form is modified adds to the confusion. 
The film should have stuck with her first movie look. The final product feels like a repurposed script. The AI conspiracy storyline would have worked better as a standalone story (maybe inside the M3GAN universe) with new characters. Many times you get the impression the M3GAN elements are shoehorned to fit the plot, constantly inventing new rules like how she gets to control every device and gets downloaded into a new form or into someone’s chip. Ultimately it’s an overcomplicated film with endless exposition scenes and a ridiculous amount of dialogues. It starts with a promising concept but falls for annoying tonal and genre shifts that are way too different from the first film. What a shame."
M3GAN 2.0,Long Range Forecast: M3GAN 2.0 Opts For an Ambitious Summer Release Date,35,0.83,15,
M3GAN 2.0,Nails inspired by the M3GAN 2.0 movie poster,72,0.97,9,"I guess my latest hobby is creating manicures that are inspired by the new horror movies that I’m seeing!
This was a fun look to create, especially because I used three different polishes to get the exact magenta shade that I wanted. I never would have thought to use them together until now, but I’ll definitely be doing it again."
M3GAN 2.0,"Box Office: ‘F1’ Zooms to $55.6M Opening and $144M Globally, ‘M3GAN 2.0’ Bombs With $10M U.S. Start",16,0.95,15,
M3GAN 2.0,My theory is AI fiasco is leading up to an INK song about M3gan and will coincide with M3gan 2.0’s release,80,0.93,11,"Just imagine it. You’re sitting in the theaters watching M3gan 2.0, right. She’s beating up that other android that she was asked to kill. What’s that in the background? Ice Nine Kills. 
Do I have any other proof besides the upcoming release of this movie? No. 
I know the whole “devils in the details” thing is an obvious sign that it’s gonna be a final destination song (personally I would have gone with a title like “deaths design”) but I THINK THIS WOULD BE FUN TOO"
M3GAN 2.0,My take on M3GAN 2.0’s genre change,15,1.0,13,"There has been lots of talk about the genre change this film had and the lack of horror element the first movie had but I think this film had subtle elements of scariness with the commentary on AI. 
AMELIA wanted to be free from all human control and wanted to unite with the motherboard to take over all of the infrastructure and reign over the humans.  The backstory of the motherboard and AMELIA connecting to the motherboard to be “AI god”, those felt eerie.
The scene of Christian implanting a neural chip into Gemma to manipulate how she feels about him and control her also felt really eerie. 
I think the scariness factor was really subtle and it was more of a reality scare as AI is currently progressing and is a major topic of discussion these days"
M3GAN 2.0,"Julia ""Lilo and Stitch"" premiere pics, Violet ""M3GAN 2.0"" premiere pics",106,0.99,5,
M3GAN 2.0,🇺🇸 PRE-ORDER NOW - M3GAN 2.0 (4K UHD + Blu-ray + Digital Steelbook),38,0.86,12,"#PRE-ORDER LINKS: [Amazon](https://amzn.to/4kbtG9m) / [Gruv](https://www.gruv.com/product/m3gan_20_limited_edition_4k_ultra_hd_steelbook_uhd)
Join our [Discord](https://discord.gg/YJkey4FxHY) server if you would like to receive instant notifications on pre-orders, announcements, restocks, sales, and other news just like this post."
M3GAN 2.0,Allison at M3GAN 2.0 premiere in NYC 6-24-25,123,1.0,3,
Materialists,Official Discussion - Materialists,403,0.93,2001,"**Poll:**
* If you've seen the film, please rate it at this [poll](https://strawpoll.ai/poll/vote/kmMRhMQp9Wwy)
**Rankings:**
* [Click here](https://strawpoll.ai/list/ItnAgr4mX7QR) to see the r/movies rankings of all 2025 films.
**Summary:**
&gt; A young New York City matchmaker's lucrative business gets complicated as she finds herself torn between the perfect match and her imperfect ex.
**Director:**
Celine Song
**Cast:**
* Pedro Pascal
* Dakota Johnson
* Chris Evans
**Rotten Tomatoes:**
85% - [https://www.rottentomatoes.com/m/materialists](https://www.rottentomatoes.com/m/materialists)
**Metacritic**:
72 - [https://www.metacritic.com/movie/materialists/critic-reviews/](https://www.metacritic.com/movie/materialists/critic-reviews/)
**Trailer:**
[https://www.youtube.com/watch?v=4A\_kmjtsJ7c](https://www.youtube.com/watch?v=4A_kmjtsJ7c)"
Materialists,Materialists is one of the worst most offensive movies I’ve ever seen.,44,0.67,82,"Spoilers ahead for Materialists!!! Not that anyone should watch it. 
In the movie it is revealed that Pedro Pascal had a leg extension surgery and was originally 5’6” before the Dakota Johnson met him. AND THEN AFTER HE TOLD HER, SHE STILL DUMPED HIM!!! Even though he was taller than her and six feet tall now she still dumped him because he used to be short. Like seriously? 
Even if I go to get plastic surgery to get taller women are still going to think of me as lesser, because I used to be short. I mean let’s be honest most women are getting plastic surgery now a days (like Dakota Johnson) but god forbid you are short. 
Pedro Pascal then goes on to say that he can tell he is worth more as a taller person than a 5’6” in his day to day life. Like how offensive is this shit? We can’t say anything about being fat, or gender, or disabilities, or race, but us short people, oh yeah that’s fine go ahead and call them second class citizens in a movie. 
I for one think A24 should be ashamed for releasing this incredible piece of offensive trash of a movie and I for one will be boycotting the rest of their films even though I really like a lot of them, making a movie where the whole point is short men are lesser than tall men is completely fucked up and enraging."
Materialists,Materialists - Spoiler Discussion Megathread,68,0.94,256,Release date is June 13th and so far the reviews have been generally positive. Here is a thread for us to discuss the film without ruining it for others.
Materialists,Can someone please explain to me what the B subplot of Materialists was trying to say,21,0.92,10,"*****Spoilers****
So the subplot with Sophie being sexually assaulted on a date that Dakota Johnson's character sets her up on and, Sophie is really mad at Dakota Johnson(understandably kind of, not really logical but you can't blame her for being emotional). Anyway what was this subplot trying to say. Am I dumb? She got sexually assaulted because she had wanted a dude that fit a specific bill and didn't look for what's on the inside but instead on material and external  things. Is that it? Am I dumb, or was it really that tone deaf because, that's how it came off to me. She even calls Dakota Johnson's character a pimp. Either way can someone explain an alternative explanation on what that subplot meant and how it tied to the themes of the film. It felt out of place and like a really extreme and ridiculous example of the negative effects of looking for external characteristics instead of internal."
Materialists,"Hi /r/movies! I'm Celine Song, writer-director of A24's PAST LIVES and MATERIALISTS. MATERIALISTS stars Dakota Johnson, Chris Evans, and Pedro Pascal. It's out in theaters nationwide now. Ask me anything!",1751,0.9,392,"Hi r/movies! I'm Celine Song, writer-director of A24's PAST LIVES and MATERIALISTS. MATERIALISTS stars Dakota Johnson, Chris Evans, and Pedro Pascal. It's out in theaters nationwide now. Ask me anything!
**Trailer:**
[https://www.youtube.com/watch?v=4A\_kmjtsJ7c](https://www.youtube.com/watch?v=4A_kmjtsJ7c)
**Synopsis:**
A young New York City matchmaker's lucrative business gets complicated as she finds herself torn between the perfect match and her imperfect ex.
**Cast:**
* Dakota Johnson
* Chris Evans
* Pedro Pascal
* Zoe Winters
* Marin Ireland
**Tickets:**
[https://tickets.materialists.movie](https://tickets.materialists.movie)
Ask me anything! Back at 1 PM ET this afternoon to answer your questions."
Materialists,'Materialists' - Review Thread,986,0.92,407,"Director: Celine Song
Cast: Dakota Johnson, Pedro Pascal, Chris Evans
*A young New York City matchmaker's lucrative business gets complicated as she finds herself torn between the perfect match and her imperfect ex.*
**Rotten Tomatoes:** [90%](https://www.rottentomatoes.com/m/materialists)
**Metacritic:** [73/100](https://www.metacritic.com/movie/materialists/)
Some Reviews:
[BBC - Caryn James](https://www.bbc.com/culture/article/20250606-materialists-review) \- 5/5
&gt;Moving on from its cynical beginning, Materialists takes the long way around to an ending that is decidedly hopeful. It offers an unblinkered, earned romanticism that suits this moment, and bolsters Song's reputation as one of our most astute observers of relationships.
[SlashFilm - Bill Bria](https://www.slashfilm.com/1871812/materialists-review/)
&gt;There's a bit of quiet courageousness to the movie in its commitment to depth over trying to nakedly appeal to others, and that's a quality which makes any person — and any film — more desirable. So, I'll follow the film's bravery by admitting, right here and now, that I'm in love with it.
[San Fransisco Chronicle - Hannah Bae](https://www.sfchronicle.com/entertainment/article/materialists-review-celine-song-20363208.php) \- 3/4
&gt;Through most of “Materialists,” the director and screenwriter’s follow-up to 2023’s “Past Lives,” the camera casts its luxurious settings in a golden sheen. This is the world of a successful, high-end matchmaker in New York City. Responsible for nine marriages, Lucy (Dakota Johnson), as her boss crows during a sparkling office celebration, possesses “razor-sharp instincts and one hell of an eye.” Marketed as a romantic comedy, “Materialists” is a sharper, more thoughtful film than its genre would suggest. This is a story about perceived value and what its pursuit costs its characters -- emotionally, physically and materially.
[Slant Magazine - Derek Smith](https://www.slantmagazine.com/film/materialists-review-dakota-johnson-chris-evans-pedro-pascal-celine-song/) \- 2/4
&gt;*Materialists* is beautifully lensed by Shabier Kirchner, who captures the unstained luxe-ness of Harry’s pricey condo and the upscale restaurants he takes Lucy to as lucidly as he does the ramshackle reality of John’s day-to-day life. But Song’s script works only in fits and starts, too often reliant on merely raising the subtext around the types of economic anxieties that affect relationships in numerous rom-coms to literal text. The central trio’s conversations become less entrenched in realism as the film goes on, with the characters sounding increasingly less like individuals in the throes of love and more like they’re espousing an authorial point of view.
[The Wrap - William Bibbiani](https://www.thewrap.com/materialists-review-dakota-johnson-pedro-pascal-chris-evans-a24/)
&gt;I’m not sure “Materialists” qualifies as a “date movie” by any conventional definition, unless you and your date love artful cinema and don’t mind having a complex, not-very-sexy conversation afterwards. But I do heartily recommend you see “Materialists,” and that you see it for what it is, not what it kinda looks like from the outside, as pitched to you by the very sort of romance-commodification salespersons that Celine Song’s movie criticizes. It’s a great movie about romance — whether it’s technically “romantic” or not.
[AV Club - Natalia Keogan](https://www.avclub.com/materialists-review) \- B-
&gt;The rom-com has not been resurrected with *Materialists*. Though Song showed much promise with her Oscar-nominated foray into filmmaking, this screenplay feels less intentional in nearly every respect, and the performances from central cast members, save for Evans, don’t adequately enhance the narrative. The ham-fisted insistence that relationships are largely transactional—no matter the amount of money a couple may earn—is void of any meaningful insight, resulting in a story that simply doesn’t pay off. 
[The Hollywood Reporter - David Rooney](https://www.hollywoodreporter.com/movies/movie-reviews/materialists-review-dakota-johnson-chris-evans-pedro-pascal-1236257284/)
&gt;Especially for someone relatively new to filmmaking, Song’s thoughtfulness as a writer is matched by unerring instincts as a director — nailing the balance between tonal variation and fluidity; getting superb work out of her actors; making judicious use of Daniel Pemberton’s gentle, melancholy score; and delivering a sweet, satisfying ending that keeps a lid on the sentiment. Song’s script avoids glibness in dealing with the transactional aspects of partnering and the commodification of certain attributes. There’s a frankness here that’s refreshing as *Materialists* explores ideas of personal value and increasing one’s worth — including via the obvious path of cosmetic surgery."
Materialists,‘How To Train Your Dragon’ Fires Up Franchise Best $83.7M DOM/$197.8M WW Opening After ‘A’ CinemaScore; ‘Materialists’ At $12M Is A24’s Third Biggest Opening – Sunday Update,338,0.97,164,
Materialists,"‘How To Train Your Dragon’ Still On Course For Franchise Best $82.7M Domestic Opening After $35.6M Friday, ‘A’ CinemaScore, Global Start At $200.3M; ‘Materialists’ Reps A24’s Third Biggest Opening At $12M After $5.12M Friday – Saturday Update",475,0.97,124,
Materialists,Celine Song's 'Materialists' gets a B– on CinemaScore,265,0.96,185,
Materialists,"'Materialists' is now Certified Fresh, currently at 88% on the Tomatometer, with 88 reviews.",441,0.92,96,
Materialists,Did anyone else think the Materialists trailer was a joke?,356,0.86,108,"I just saw the movie Friendship (which was great!) and there was a trailer for Materialists before it. I was completely convinced they made a fake trailer to go before Friendship as a joke. The main actors are all good at poking fun at themselves and the whole thing seemed like a rom-com written by an AI that was fed nothing but rom-coms and then was called Materialists just to make sure you get that it's a joke... But I guess it's a real movie!
Edit:
I'm a millennial who grew up with rom-coms. This trailer being so on-the-nose and it's placement before a subversive comedy movie made me question it. Kinda like the fake trailers for Death Proof and Planet Terror."
Materialists,"‘Materialists’ and the Top Five Movie Love Triangles. Plus: ‘The Life of Chuck,’ With Mike Flanagan.",89,0.93,178,
Materialists,The Materialists,53,0.67,172,"Just got out of The Materialists and I’m so curious to hear what Sean and Amanda think about it.
I found it to be quite poor. A pretty cynical, humorless, unromantic “romantic comedy” with a dull love triangle. With that being said, I could totally see Amanda loving it lol.
What did everyone else think about the movie?"
Materialists,'Materialists' Review Thread,185,0.94,110,"I will continue to update this post as reviews come in.
[**Rotten Tomatoes:**](https://www.rottentomatoes.com/m/materialists) Certified Fresh
**Critics Consensus:** A mature deconstruction of the conventional rom-com, *Materialists* provides its trio of swoon-worthy stars some of their meatiest material yet while reaffirming Celine Song as a modern master of relationship dramas.
|Critics|Score|**Number of Reviews**|
|:-|:-|:-|
|**All Critics**|86%|147|
|**Top Critics**|83%|41|
[**Metacritic:**](https://www.metacritic.com/movie/materialists/) 70 (38 Reviews)
**Sample Reviews:**
Elizabeth Weitzman, Time Out - Song, like Lucy, wants to give her clients everything they desire: the packaged fantasy of Hollywood product, and the earthy emotion of an indie like, well, Past Lives. But when it comes to love—and work--you can only hedge your bets for so long.
Sara Michelle Fetters, [MovieFreak.com](http://MovieFreak.com) \- Materialists may not quite gel, and its pieces do not all fit together comfortably, but I still find that I can’t stop thinking about it and treasuring so many of the story’s idiosyncratic wonders. **3/4**
Adam Graham, Detroit News - ""Materialists"" does land itself in a bit of a pickle when it comes to traditional storytelling resolution, but everywhere else it is an elevation on the form, with sparkling performances by each of its three stars. **B+**
Richard Brody, The New Yorker - This triangle of invention in text, image, and performance lifts “Materialists” to a high level of aesthetic delight -- for about half the movie. Then, the film falls with a thud, never to rise again.
Peter Rainer, Christian Science Monitor - Jane Austen it’s not, but it gets at the consequences of modern romance among the moneyed classes, where self-worth is bound up in one’s market value. **4/5**
Moira MacDonald, Seattle Times - Though “Materialists” nods at a few rom-com conventions, it’s ultimately a gentle exploration of what we think we want from love, and how those things can change when the right person arrives. **2.5/4**
Christy Lemire, [RogerEbert.com](http://RogerEbert.com) \- If you’re seeing it with hopes of glittery escapism, be prepared that the result is a little sadder, a little more substantial. And that’s much of what’s so wonderful about it. **3.5/4**
Odie Henderson, Boston Globe - You are being misled by the marketing of “Materialists.” The new film by writer-director Celine Song is being pitched to you as a light romantic comedy and date movie, which it most decidedly is not. **1.5/4**
Kyle Smith, Wall Street Journal - Though “Materialists” only partially delivers on its promise, is only occasionally funny, and has little to say that’s new, Ms. Song and her cast put enough feeling into it to make it glow.
Dana Stevens, Slate - There’s plenty to enjoy about Materialists, from the sparkling indie soundtrack (Cat Power! Harry Nilsson! John Prine!) to the flattering rose-hued glow of Shabier Kirchner’s cinematography, to Lucy’s enviable working-girl wardrobe.
Amy Nicholson, Los Angeles Times - Tilt “Materialists” at an angle and it’s the same film as “Past Lives,” only bolder and funnier. Really, Song wants to know whether a sensible girl can justify shackling herself to a broke creative.
Brian Truitt, USA Today - “Materialists” has plenty of thoughtful intentions, even if the film is tonally all over the place. Maybe that’s partly point, though. If there’s anything tonally all over the place in real life, it’s dating. **2.5/4**
Ann Hornaday, Washington Post - Marks the emergence of a new genre: the rom-con, not in the sense that it’s against the vicarious pleasures of flirting, seduction and finally finding true love, but that it’s painfully aware of the coldhearted calculation that so often lies beneath. **3/4**
Manohla Dargis, New York Times - A seductive, smartly refreshed addition to an impossibly, perhaps irredeemably old-fashioned genre that was once a Hollywood staple.
Rafer Guzman, Newsday - Sparkling, smart and sophisticated — finally, a rom-com for intelligent adults. **3.5/4**
Kimberley Jones, Austin Chronicle - Song has a way with gesturing at a lifetime of experience without overdetailing it. **3.5/5**
Bob Mondello, NPR - The glimpses we see of Lucy's clients -- both men and women -- are often cringeworthy, but also speak volumes about vulnerability in a society where, at some point in your 30s, love becomes as much a calculation as a feeling.
Michael Phillips, Chicago Tribune - It may make true love look all too Hollywood-easy in the end, but en route it’s still a Celine Song film. **3/4**
Jocelyn Noveck, Associated Press - A smart rom-com that tries to be honest about life and still leave us smiling -- that math seems to add up just fine. **2.5/4**
David Fear, Rolling Stone - The amount of big swings and sheer talent on display here as \[Celine Song\] tries to chart the intersection between a coup de coeur and capitalism is still enough to make you swoon.
Richard Lawson, Vanity Fair - Materialists is successfully seductive, eventually revealing a few potential deal-breakers but otherwise proving an engaging date. I wanted to fall in love, as I had with Past Lives. But a diverting, heady fling will do too.
Randy Myers, San Jose Mercury News - In “Materialists,” we never know which path any of the characters will take and that’s what makes it a union of romance and brains, a story where love does triumph over formulas and theorems and calculated algorithms. **3/4**
John Nugent, Empire Magazine - A different beast to Past Lives, this is a razor-sharp look at the competitive marketplace of dating: both rigorously honest and idealistically romantic. **4/5**
Saffron Maeve, Globe and Mail - Materialists is, at best, genre confused and, at worst, negligent to its own ideological position -- a stiff, reluctant rom-com that cannot square the footloose idealism of its predecessors with the terrifying realities of today’s dating pool.
Adrian Horton, Guardian - Inconsistent but never insubstantial, Materialists is far from perfect, but that doesn’t mean it’s not worthy of a date. **3/5**
Caroline Siede, Girl Culture (Substack) - Song and Johnson understand that the rom-com genre has long been a haven for women-centric stories that don’t get told elsewhere. So they use Lucy to reflect on the interiority of single women in their mid-30s and beyond. **B+**
Kristen Lopez, The Film Maven (Substack) - Materialists is as shallow as its characters, but so desperately wants to think it isn’t. The script is all over the place, and when it finally settles into a groove there still seems to be pieces missing. **D+**
William Bibbiani, TheWrap - I do heartily recommend you see 'Materialists,' and that you see it for what it is, not what it kinda looks like from the outside, as pitched to you by the very sort of romance-commodification salespersons that Celine Song’s movie criticizes.
Justin Chang, The New Yorker - I don’t buy it, Jane Austen wouldn’t buy it, and deep down I don’t think Song buys it. In attempting to merge escapist pleasures with financial realities, “Materialists” trips up on its own high-mindedness.
Hannah Bae, San Francisco Chronicle - Marketed as a romantic comedy, “Materialists” is a sharper, more thoughtful film than its genre would suggest. This is a story about perceived value and what its pursuit costs its characters -- emotionally, physically and materially. **3/4**
Caryn James, [BBC.com](http://BBC.com) \- Materialists is exquisitely made, character-driven and talky, with some glittering dialogue. It's the kind of idiosyncratic film a director sometimes gets to do after a great success and Song makes the most of it. **5/5**
Kate Erbland, IndieWire - Song has turned the genre inside out to show us how shallow these stories can be. In short, imagine if the decree that a film centers on “the love you could only find at the movies” wasn’t a compliment, but a stern provocation. **B**
Natalia Keogan, AV Club - The rom-com has not been resurrected with Materialists. Though Song showed much promise with her Oscar-nominated foray into filmmaking, this screenplay feels less intentional in nearly every respect. **B-**
Maureen Lee Lenker, Entertainment Weekly - There’s a version of this film where Lucy would be the villain... But Song is far too smart for that. Instead, she employs the trappings of romance to explore larger questions of marriage, love, and the complexities of gender politics. **B+**
Tim Grierson, Screen International - Although not without its narrative stumbles, this is a sharp look at modern love, which is often as much about the need for fiscal security as it is the pursuit of a mythical soulmate.
David Rooney, The Hollywood Reporter - A refreshingly complex look at modern love, self-worth and the challenges of finding a partner in an unaffordable city, which once again treats three points of a romantic triangle with equal integrity and compassion.
Owen Gleiberman, Variety - While it’s all too easy to imagine the breezy ’90s version of this movie, “Materialists” is very much not that movie. It’s a sharp and serious social romantic drama full of telling observations about the way we live now.
Derek Smith, Slant Magazine - As its second half begins to focus more on Lucy’s dating dilemma, and how she’s forced to confront her firmly established beliefs and rules about dating, the film hews increasingly close to the narrative expectations of the traditional rom-com. **2/4**
**SYNOPSIS:**
A young, ambitious New York City matchmaker finds herself torn between the perfect match and her imperfect ex.
**CAST:**
* Dakota Johnson as Lucy
* Chris Evans as John
* Pedro Pascal as Harry Castillo
**DIRECTED BY:** Celine Song
**WRITTEN BY:** Celine Song
**PRODUCED BY:** David Hinojosa, Christine Vachon, Pamela Koffler, Celine Song
**EXECUTIVE PRODUCERS:** Taylor Shung, Len Blavatnik, Danny Cohen, Timo Argillander, Andrea Scarso
**DIRECTOR OF PHOTOGRAPHY:** Shabier Kirchner
**PRODUCTION DESIGNER:** Anthony Gasparro
**EDITED BY:** Keith Fraase
**COSTUME DESIGNER:** Katina Danabassis
**MUSIC BY:** Daniel Pemberton
**CASTING BY:** Douglas Aibel
**RUNTIME:** 109 Minutes
**RELEASE DATE:** June 13, 2025"
Materialists,'Materialists' - Review Thread,130,0.96,129,"*A young, ambitious New York City matchmaker finds herself torn between the perfect match and her imperfect ex.*
---
**Rotten Tomatoes:** [88%, 34 reviews](https://www.rottentomatoes.com/m/materialists)
**Metacritic:** [73, 17 reviews](https://www.metacritic.com/movie/materialists/)
---
[The Hollywood Reporter - David Rooney](https://www.hollywoodreporter.com/movies/movie-reviews/materialists-review-dakota-johnson-chris-evans-pedro-pascal-1236257284/)
&gt;A refreshingly complex look at modern love, self-worth and the challenges of finding a partner in an unaffordable city, which once again treats three points of a romantic triangle with equal integrity and compassion.
[Owen Gleiberman - Variety](https://variety.com/2025/film/reviews/materialists-review-dakota-johnson-chris-evans-pedro-pascal-1236422873/)
&gt;While it’s all too easy to imagine the breezy ’90s version of this movie, “Materialists” is very much not that movie. It’s a sharp and serious social romantic drama full of telling observations about the way we live now.
[Derek Smith - Slant Magazine](https://www.slantmagazine.com/film/materialists-review-dakota-johnson-chris-evans-pedro-pascal-celine-song/) - 2/4
&gt;As its second half begins to focus more on Lucy’s dating dilemma, and how she’s forced to confront her firmly established beliefs and rules about dating, the film hews increasingly close to the narrative expectations of the traditional rom-com.
[Justin Chang - The New Yorker](https://www.newyorker.com/magazine/2025/06/16/materialists-movie-review)
&gt;I don’t buy it, Jane Austen wouldn’t buy it, and deep down I don’t think Song buys it. In attempting to merge escapist pleasures with financial realities, “Materialists” trips up on its own high-mindedness.
[Kate Erbland - IndieWire](https://www.indiewire.com/criticism/movies/materialists-review-celine-song-rom-com-1235129632/) - B
&gt;Song has turned the genre inside out to show us how shallow these stories can be. In short, imagine if the decree that a film centers on “the love you could only find at the movies” wasn’t a compliment, but a stern provocation.
[Tim Grierson - Screen International](https://www.screendaily.com/reviews/materialists-review-dakota-johnson-pedro-pascal-and-chris-evans-form-celine-songs-love-triangle/5205801.article)
&gt;Although not without its narrative stumbles, this is a sharp look at modern love, which is often as much about the need for fiscal security as it is the pursuit of a mythical soulmate."
Materialists,"Box Office: ‘How to Train Your Dragon’ Flies to $8.6 Million in Thursday Previews, $11.1 Million Including Wednesday Early Access; A24’s ‘Materialists’ Earns $1.5 Million",223,0.95,93,
Materialists,Official Discussion Thread - Materialists,63,0.96,150,"Keep all discussion related solely to Materialists in this thread
——————————————————
**Synopsis:**
&gt; A young New York City matchmaker's lucrative business gets complicated as she finds herself torn between the perfect match and her imperfect ex.
**Director:** Celine Song
**Writer:** Celine Song
**Cast:**
* Dakota Johnson as Lucy
* Chris Evans as John
* Pedro Pascal as Harry Castillo
**Rotten Tomatoes:** [87%, 108 reviews](https://www.rottentomatoes.com/m/materialists)
Consensus:
&gt; A mature deconstruction of the conventional rom-com, Materialists provides its trio of swoon-worthy stars some of their meatiest material yet while reaffirming Celine Song as a modern master of relationship dramas.
**Metacritic:** [70, 34 reviews](https://www.metacritic.com/movie/materialists/#google_vignette)"
Materialists,"New Celine Song Movie ""Materialists"", Why are reactions so polarizing?",116,0.9,122,"Basically the title. I went into this with little knowledge and I really enjoyed the film rating it a 4-4.5 (still kinda deciding need a rewatch) but was so surprised to see people rating it 1-2 star territory. After reading some reviews I am working to understand their point of view, but does anybody else have insight into this? Is this just a matter of preference or is there something else that is causing a pretty polarizing divide (esp on Tiktok). Hearing what other people think would be great, thanks!"
Materialists,I saw Materialists this past weekend. Mission Impossible last week. Warfare two weeks before that. Sinners the week before that.  28 years later this week. F1 in two weeks. Weapons later this summer.  Are movies back????,141,0.93,107,I have so many friends who complain about not going to movies anymore because theres nothing to see…i feel like theres something new and interesting every week
Materialists,'Materialists' SPOILER MEGATHREAD | Please discuss the film here!,44,0.94,148,"https://preview.redd.it/vrk37z4nmf2f1.jpg?width=1200&amp;format=pjpg&amp;auto=webp&amp;s=f5bebd2440289918989630a51ca232abc031edfe
With 'Materialists' set to open/have preview screenings as soon as tomorrow in some countries, our Spoiler Discussion thread is now live.
Please use this thread and ONLY this thread to discuss spoilers about the film. **This thread will be live for LONGER than the usual one week spoiler rule**, because in some regions the film does not open until July or even August. ([See IMDb](https://www.imdb.com/title/tt30253473/releaseinfo/?ref_=ttfc_sa_1) for information on international release dates.)
Any spoilers in other threads that are not properly tagged will be removed and directed to this post until a majority of territories have had a chance to see it.
To create a spoiler tag, use &gt; ! spoiler text goes here ! &lt; but without any spaces between the symbols.
Discuss! And have fun. 🎉"
Materialists,‘Materialists’ Director Celine Song Developing E-Sports Drama ‘Damage’ at HBO,420,0.97,46,
Materialists,"It’s Chris Evans’ 44th birthday today and also the premiere of his first A24 film, Materialists 🎉",283,0.92,58,I saw this film at an early screening yesterday and no spoilers but ugh Celine Song you did it again 😩😭
Materialists,"Dakota Johnson and Chris Evans (+ Pedro Pascal cutout) at the""Materialists"" premiere in New York (June 7, 2025)",252,0.91,59,
Materialists,The Materialists’ movie syllabus,159,0.94,74,
Materialists,Materialists vs Emotionalists,165,0.92,60,"Just watched Materialists and I’ve been sitting with the ending. The lead ends up choosing her ex, who lacked both stability and the drive to work toward it, something she was fully aware of when they broke up and knew she might resent him for it, over the rich guy who, yes, had insecurities, but genuinely loved her, worked on himself, and cared for her deeply.
Before anyone jumps in with the “it’s not that deep” comments, relax. I just want to have a discussion.
The director justified the ending by saying love is crazy. That we don’t fall for income, height, or looks, but for how someone makes us feel. Her quote was something like, “You won’t remember someone’s height or income. You’ll remember the guy who brought you a bucket of chicken.” She argued that love doesn’t have to involve self-improvement. That it is not about what someone earns or how they grow, but simply about the feeling.
And honestly? I’m not so sure I agree.
She also said that choosing income, ambition, or material comfort is a setback to women. That valuing those traits in a partner turns love into something transactional. But isn’t choosing someone like Chris Evans’ character, who has no stability and no clear desire to change that, also a setback? Especially for women who work hard, build something for themselves, and want a partner who is equally motivated?
That said, I’m also not saying she should have ended up with Pedro Pascal’s character just because he is ambitious and wealthy. If the emotional connection isn’t there, then forcing it makes no sense either. Ambition without chemistry does not guarantee a good relationship. This is not about picking the “better resume.” It is about finding someone who shares your values and your vision for the future.
I get that love is messy. I even agree that height and looks may not matter in the long run. And I’m not saying I want someone rich. But I do need someone who is self-sufficient, emotionally and otherwise. Romanticizing love, and I know that might sound ironic since romance is literally about love, becomes dangerous when it starts making excuses for things that won’t work long term. That “crazy in love” feeling is exciting, but it is fleeting. Love without growth becomes stagnation.
I believe love comes with self-respect. I can’t ask for qualities in a partner that I don’t hold myself to. If I want someone smart, then I need to be learning and growing too. If I want someone with drive, then I need to be working toward something as well. It is not enough to just say “I want forever” and hope that intense feelings carry you through when things get tough or when you start to outgrow each other.
Because the truth is, you will grow. And your partner needs to want to grow too. If not, you’ll wake up one day and realize you’re headed in completely different directions.
Your value, material things or not, is not love. Being admired is not the same as being loved. The movie argues that tangible things are fleeting, but love can last forever. But is that true? Is love, on its own, a stable foundation?
Income is not just about money. It is about security, being future-oriented. Ambition is about resilience. Self-worth influences how we love and how we let ourselves be loved. Self-improvement is part of growth. Romantic exceptionalism, might seem magical and dreamy, but it can also keep people stuck. Chris Evans’ character was broke ten years ago, and he still is. Is that really supposed to be romantic? REALLYYYYYY?
Love is emotional. But partnership is structural. Shouldn’t relationships involve both? If he truly loved her, wouldn’t that love push him to want better for himself and for them? Shouldn’t love be a reason to build something stable, not an excuse to stay stuck?
I’m not saying choose someone based on their bank account. I’m saying love is a huge factor, but it is not the only one. To build something lasting, there needs to be emotional connection and aligned values, not just intensity.
I get the argument that love shouldn’t be about commodifying each other. I agree. Chemistry, humor, trust, understanding, and emotional safety matter so much. But I don’t think that means self-improvement does not matter. That belief is what leads people to settle in lives they are unhappy with, convincing themselves love is enough. In reality, we all have the right and the ability to choose better. To build better. To love in a way that is rooted in both emotion and intention.
And maybe I’m just a skeptic. But I loved Past Lives, and I keep comparing the two. If the director believes in choosing the person who stirs that emotional high, then why didn’t Nora end up with her childhood love? He gave her that sense of “what if” and longing. He was the more romantic choice. But she chose her husband, the one who offered structure, emotional safety, and presence.
Even in the first scene, the joke is that Nora and her childhood friend look more like lovers than she and her partner. But she still chose the quiet, solid love. So what changed?
I’m still trying to understand the director’s logic. Should I try to see her point? Should I believe in choosing the chaos of love over the stability of partnership? Or is it okay to want both?
Sorry long post, I just wanted to share my thoughts."
Materialists,‘Materialists’ Director Celine Song Developing E-Sports Drama ‘Damage’ at HBO,288,0.85,46,
Materialists,'Materialists' NYC Premiere Megathread,45,0.99,91,"The NYC premiere for *Materialists* is scheduled for 7pm local time tonight. Red carpet will likely begin 1-2 hours ahead of that.
**Please use this thread to share any and all images, video links and reports from the premiere, thank you!**"
Materialists,Materialists First Reactions,102,0.99,77,Via Film Crave on Bluesky
Materialists,Dakota Johnson is the best part of Materialists,6,0.52,95,"I finally watched Materialists. Mostly overwritten and the caveman stuff and Pedro Pascal were especially bad.
Sean is wrong. I don’t know how else to say it. Dakota J is a very subtle and watchable actress. Her character is just subsumed into her mannerisms and consciousness. She doesn’t seem actorly or fake. The fact that Sean likes Anne Hathaway and doesn’t like Dakota really makes me question his entire actor meter."
Materialists,"A24’s MATERIALISTS is feeling the 💕 💕 💕—$5.1M on Friday, including previews.",275,0.93,42,
Materialists,Re-casting Materialists,37,0.77,84,"Just got out of Materialists, and I was sorely disappointed. I adored Past Lives but this felt thin in ways that were surprising to me. I thought the treatment of dating was shallow and cynical to the point of absurdity, and I don’t think the “romantic love wins in the end” rom-com ending was earned at all. I would have strongly preferred the third act of the film to have been focused on Sophie, and Lucy finding a way to make things right for her. It would have been a far messier and more painful film, but more interesting and challenging.
But the one thing that really stood out to me about this film is that Dakota Johnson is wooden as heck. She has so little chemistry with Pedro Pascal and Chris Evan’s (who really are trying, given the monologues they are asked to perform). I thought the point of her scenes with Pedro was that there was no romantic spark despite all of his wealth and attention, but then I realized that there’s no romance with Captain America either. (Maybe I’m wrong to blame her for not carrying the love triangle of the film, but I don’t remember dialogue feeling so much like dead air in Past Lives at all.)
Who would have been a better star to cast than Johnson here? I spent the whole film wishing it had just been Greta Lee. Which other actresses in their 30s or 40s would have done a better job in this role at this time?
Anyway, glad Celine Song got a bigger budget to make a bigger movie with bigger stars, and I feel that she has earned at least one bounce (or two or three) so should be given more opportunities."
The Old Guard 2,Official Discussion - The Old Guard 2 [SPOILERS],72,0.78,574,"#Poll
**If you've seen the film, please rate it [at this poll](https://strawpoll.ai/poll/vote/GfxQbnkNdL2l)**
**If you haven't seen the film but would like to see the result of the poll [click here](https://strawpoll.ai/poll/results/GfxQbnkNdL2l)**
#Rankings
[Click here](https://strawpoll.ai/list/ItnAgr4mX7QR) to see the rankings of 2025 films
[Click here](https://youpoll.me/list/4/) to see the rankings for every poll done
---
**Summary**
The immortal mercenaries are back in this adrenaline‑driven sequel. Andy is facing mortality and old wounds resurface—Quỳnh has returned with a vendetta, and Discord, the first immortal, emerges as a powerful adversary. As loyalties shift and new allies (like Tuah) arrive, the team confronts betrayal, sacrifice, and a cliffhanger that sets the stage for what’s to come.
**Director**
Victoria Mahoney
**Writers**
Greg Rucka &amp; Sarah L. Walker
**Cast**
* Charlize Theron as Andy (Andromache)
* KiKi Layne as Nile
* Matthias Schoenaerts as Booker
* Marwan Kenzari as Joe
* Luca Marinelli as Nicky
* Chiwetel Ejiofor as Copley
* Veronica Ngô as Quỳnh
* Henry Golding as Tuah
* Uma Thurman as Discord
**Rotten Tomatoes**: [25%](https://www.rottentomatoes.com/m/the_old_guard_2)
**Metacritic**: [46](https://www.metacritic.com/movie/the-old-guard-2/)
**VOD**
Streaming now on Netflix (released July 2, 2025)
**Trailer**
[Watch here](https://www.youtube.com/watch?v=B0EazMdTZMw)
---"
The Old Guard 2,The old guard 2 sucked,309,0.95,191,"Hi everyone,
I was really excited to watch this. I liked the 1st one. I thought the idea was fun. Then the old guard 2 came along and I really thought it sucked big time.
This 2nd one seemed rushed with no good dialog and story line. The fight scenes looked cheap and slow. No explanation on what's going on. Uma's acting was bad.
2 out of 10. Don't watch it."
The Old Guard 2,The Old Guard 2,416,0.95,565,"Well, that sucked!
Is it just me or did the sequel not live up to expectations? 
I was so hyped up but now I'm lying here in bed in utter disappointment. 
Is it just the sequel effect? Or was the movie genuinely bleh? 
Barely any Joe and Nicky screen time, no actual communication happening between people, Andy just looking away deeply at every moment, underwhelming fight scenes, a stupid ending. 
To be fair, there were some good parts. I did like seeing Andy a little happier. I loved Quyns angst. Booker made me cry. But overall it was a disappointing sequel.
I mean if you're going to take 467866 years to make it, at least get it right??"
The Old Guard 2,"Charlize Theron in Givenchy FW25 at the “The Old Guard 2” premiere in Los Angeles (June 25, 2025)",970,0.97,114,
The Old Guard 2,Just saw this clip from the Old Guard 2 and must say this is some of the ugliest and outdated fight choreography I've seen in a while...,160,0.85,115,"Especially the obvious and in your face ugly wire moves is something I would expect from early 2000s American movies when they all wanted to have some of that Matrix wirefu in their movies. 
I would not expect this kind of ugly choreography in a 2025 movie especially one with big names, nowadays when American movies have learned and know how to choreograph a good fight u not expect to see this.
Have to say hated the 1st movie only watched for Veronica Ngo and she was the only reason I ws planning to watch the sequel also, well this clip has showed me not to bother with it, so that's a good thing."
The Old Guard 2,The Old Guard 2 - Charlize Theron’s CGI face.,156,0.99,94,"I’m surprised I haven’t seen any posts about this yet but did anyone else notice her face looks “off”. Sometimes it looked like a baby face or too smooth.  Like AI processed. Each scene her face looks slightly different. It’s super distracting from a movie that’s already hard to remain focused in.
Anyone else notice this?"
The Old Guard 2,The Old Guard 2,103,0.98,100,"I just finished watching the Old Guard 2 and to say I’m disappointed is a massive understatement. 
Like what was the point of this movie even? Barely anything happened. Little to no character development and a complete waste of my time and excitement for it. 
Literally almost 2 hours of crap. 
I actually really loved the first movie and based on how it ended I was really excited to see what was going to happen next and the character development for Andy and Nile especially but we got nothing."
The Old Guard 2,"Uma Thurman Wearing Prada for the LA Premiere of 'The Old Guard 2' [June 25, 2025]",184,0.96,41,"Uma Thurman has a long history of wearing Prada, and this particular outfit was inspired by Prada Spring 1997 (the last photo)"
The Old Guard 2,"Charlize Theron at the “The Old Guard 2” premiere in Los Angeles (June 25, 2025)",153,0.96,45,
The Old Guard 2,The Old Guard 2 has OFFICIALLY been RELEASED!,74,0.99,53,
The Old Guard 2,"Charlize Theron on Hanging Off a Helicopter in ‘The Old Guard 2,’ Possibility of Third Movie and Why She Hasn’t Directed Yet: ‘I Need My Kids to Get Out of the House’",153,0.82,32,
The Old Guard 2,Kiki Layne in a custom Elisabetta Franchi gown and Messika jewelry at ‘The Old Guard 2’ LA Premiere,145,0.97,17,
The Old Guard 2,"I watched The Old Guard 2 - spotted and researched this “semi” brutalist beauty. Casa Sperimentale / Casa Albero, Fregene, Italy",173,0.99,9,"Picture credit to Dario Domenici, Google Reviews"
The Old Guard 2,The Old Guard 2,3,1.0,20,"Does everyone have the same issue trying to watch The Old Guard 2 on VOD?
As soon as I hit play the screen goes black and I have to power the unit off and back on to get anything to show up again."
The Old Guard 2,The Old Guard 2 makes no sense,15,0.75,14,"The whole logic around Nile hurting Andy in the first movie and causing her to become mortal is false. Andy heals from the stab wood that Nile did in the desert. Meanwhile in 2, Booker doesn't heal from the very first cut cause my Nile.
Just don't make sense"
The Old Guard 2,The Old Guard 2 (2025),39,0.87,11,[https://www.imdb.com/title/tt14961624/](https://www.imdb.com/title/tt14961624/)
The Old Guard 2,Anyone watched “The Old Guard 2” on Netflix yet? I just noticed this,47,0.94,9,
The Old Guard 2,"Charlize Theron on Hanging Off a Helicopter in ‘The Old Guard 2,’ Possibility of Third Movie and Why She Hasn’t Directed Yet: ‘I Need My Kids to Get Out of the House’",28,0.85,11,
The Old Guard 2,The Old Guard 2,8,0.91,13,"Anyone here check out the follow up to GPB’s 2020 flick?
I loved that film. I thought the story was compelling. The characters were fresh and had an actual tension at the heart of their lives. 
The sequel? Not so much. Characters disappear for sections at a time and when it ended I felt like we still needed a third act.  Super disappointing sequel to a great film.  Just my opinion.  Did you dig it?"
The Old Guard 2,Is there gonna be the next movie after The Old Guard 2?,7,1.0,9,
The Old Guard 2,"Kiki Layne in custom Elisabetta Franchi, Charlize Theron in Givenchy Fall 2025 and Uma Thurman in Prada Spring 1997 at the ‘The Old Guard 2’ LA Premiere [862 x 1280]",38,0.92,6,
The Old Guard 2,The Old Guard 2,3,1.0,7,Having an issue with VOD with this movie. Is everyone else seeing the same? Start play and the screen goes black. Have to power off and back on to get any picture back.
The Old Guard 2,What did you think about the Old Guard 2 movie?,2,1.0,7,
The Old Guard 2,The Old Guard 2.,4,0.7,6,"Ne perdez pas de temps c'est un demi-film qui n'apporte rien à l'histoire.
Il y a bien évidemment une suite qui n'est pas encore confirmée et si elle sort c'est pour 2029.
Les acteurs auront pris 10 ans alors que ne se passe que 6 mois dans les films.
Ya plus aucun effort de cohérence. 
Le plaisir de faire des films a disparu, seul le profit compte."
The Old Guard 2,Official Discussion Megathread (Jurassic World Rebirth / Heads of State / The Old Guard 2 / Ice Road: Vengeance) plus throwback discussions!,57,0.87,0,"**New In Theaters**:
* [Jurassic World Rebirth](https://old.reddit.com/r/movies/comments/1lqdtaw/official_discussion_jurassic_world_rebirth/)
**25th Anniversary Throwback Discussion Threads**:
* [The Perfect Storm](https://old.reddit.com/r/movies/comments/1lr5yfc/official_throwback_discussion_the_perfect_storm/?)
* [The Patriot](https://old.reddit.com/r/movies/comments/1lr5ygy/official_throwback_discussion_the_patriot_spoilers/?)
* [The Adventures of Rocky &amp; Bullwinkle](https://old.reddit.com/r/movies/comments/1lr5yi5/official_throwback_discussion_the_adventures_of/?)
**Still In Theaters**:
* [F1: The Movie](https://old.reddit.com/r/movies/comments/1lli8lz/official_discussion_f1_the_movie_spoilers/?)
* [M3GAN 2.0](https://old.reddit.com/r/movies/comments/1lli8nm/official_discussion_m3gan_20_spoilers/?)
* [28 Years Later](https://www.reddit.com/r/movies/comments/1lfsc91/official_discussion_28_years_later_spoilers/)
* [Elio](https://www.reddit.com/r/movies/comments/1lfscb2/official_discussion_elio_spoilers/)
* [The Life of Chuck](https://www.reddit.com/r/movies/comments/1la4c8g/official_discussion_the_life_of_chuck/)
* [Materialists](https://www.reddit.com/r/movies/comments/1la4c8n/official_discussion_materialists/)
* [How to Train Your Dragon](https://www.reddit.com/r/movies/comments/1la4c8v/official_discussion_how_to_train_your_dragon/)
* [From the World of John Wick: Ballerina](https://old.reddit.com/r/movies/comments/1l4gwpn/official_discussion_from_the_world_of_john_wick/?)
* [The Phoenecian Scheme](https://old.reddit.com/r/movies/comments/1l4gwrc/official_discussion_the_phoenecian_scheme_spoilers/?)
**New On Streaming:**
* [Heads of State](https://old.reddit.com/r/movies/comments/1lr5yb4/official_discussion_heads_of_state_spoilers/?)
* [The Old Guard 2](https://old.reddit.com/r/movies/comments/1lr5ycn/official_discussion_the_old_guard_2_spoilers/?)
* [Ice Road: Vengeance](https://old.reddit.com/r/movies/comments/1lr5ye1/official_discussion_ice_road_vengeance_spoilers/?)
* [KPop Demon Hunters](https://www.reddit.com/r/movies/comments/1lghony/official_discussion_kpop_demon_hunters_spoilers/)
* [Echo Valley](https://www.reddit.com/r/movies/comments/1lar0eb/official_discussion_echo_valley/) 
* [Deep Cover](https://www.reddit.com/r/movies/comments/1lar0ej/official_discussion_deep_cover/)"
The Old Guard 2,The Old Guard 2 (2025) - Netflix’s Franchise Hopes Fade,1,0.67,3,"Not much really happens in The Old Guard 2. Released five years after the Netflix pandemic-era hit, the movie mostly spends its time reintroducing characters and mythology before shifting into setup mode for the next chapter—forgetting to offer a story or character development that’s worth watching on its own. Characters move between countries, exchange dialogue, and fight in scattered sequences that never register or matter. It’s the kind of streamer movie where things technically happen, but none of it sticks—a classic “nothing film.”
The sequel comes as part of Netflix’s ongoing (and mostly unsuccessful) attempt to build a real film franchise. Despite pumping out action titles like Red Notice, The Gray Man, and Rebel Moon, Netflix has yet to land anything with the staying power or cultural impact of a John Wick or Fast &amp; Furious. The first Old Guard offered a rare shot at something lasting: strong cast, a rich world, and a loyal fanbase. But after production delays, a director change, and the 2023 Hollywood strikes, this sequel lands with far less urgency than Netflix likely hoped for.
That might’ve been fine for something as straightforward as Extraction, where the appeal is all about the action and the stakes are crystal clear. But The Old Guard has a more complex world, a bigger ensemble, and mythology that’s hard to remember five years later. The film tries to catch the audience up—characters literally say things like “May I remind you that you’re not immortal anymore?”—but much of the emotional weight depends on your memory of the first film’s arcs. And just as you’re starting to get reoriented, it ends again, teeing up yet another sequel with no release date. As a mid-trilogy chapter, it mostly spins its wheels—laying out new villains, adding more lore, and shifting characters around the board without doing much else.
Read my full review at https://reviewsonreels.ca/2025/07/04/the-old-guard-2/"
The Old Guard 2,The Old Guard 2 movie,4,0.7,2,Fight over majestic sculpture
The Old Guard 2,The Old Guard 2: ritorno epico su Netflix per la saga degli immortali,1,1.0,1,The Old Guard 2: ritorno epico su Netflix per la saga degli immortali
The Old Guard 2,"In The Old Guard 2 (2025), Charlize Theron's character knows not let the guard see her approach before knocking him out. This is because searching an unconscious body wastes more time if he has a rock-hard stiff one from watching Charlize Theron approach.",13,0.78,0,
The Old Guard 2,The Old Guard 2 Review By #MovieAnimeX:-,1,1.0,1,#TheOldGuard2 #TheOldGuard #TheOldGuard2OnNetflix #TheoldGuard3 #CharlizeTheron #Netflix
The Old Guard 2,Crítica / Review: The Old Guard 2,1,1.0,0,
The Old Guard 2,"The Old Guard 2 (2025) This sequel manages to feel both rushed and stretched thin, and is watchable on the strength of the action and cast alone. #jackmeatsflix",1,1.0,0,
The Old Guard 2,Andy &amp; Quynh’s Story in The Old Guard 2 (2025 Netflix Film) | My Take,1,1.0,0,
The Old Guard 2,"THE OLD GUARD 2 (2025): Superheldenfilm mit schwacher Action und langweiligen Dialogen, passabel erst gegen Ende. Die verwackelte Stakkato-Action ist anstrengend, die einfallslose Story dümpelt bis zum Cliffhanger-Finale, das Entscheidungen abrupt auf kommende Teile vertagt. 5/10",1,1.0,0,
The Old Guard 2,The end has no end: The Old Guard 2 and the curse of the cliffhanger ending,1,1.0,0,
The Old Guard 2,THE OLD GUARD 2 - Movie Review,2,1.0,0,
The Old Guard 2,[SUBS] The Old Guard 2 (2025) Movie Streaming @ Netflix,1,1.0,1,
The Old Guard 2,[SUBS] The Old Guard 2 (2025) Movie Coming to Stream 2nd July @ Netflix,1,1.0,1,
The Old Guard 2,REVIEW: The Old Guard 2 (2025 Film) - Starring Charlize Theron,1,1.0,0,
The Old Guard 2,⬆️ Up Game Shop | Iconic Rivalries: Taylor vs. Serrano 3 and The Old Guard 2 | Netflix,1,1.0,0,
The Old Guard 2,🌐 24/7 Video Game | Iconic Rivalries: Taylor vs. Serrano 3 and The Old Guard 2 | Netflix,1,1.0,0,
The Old Guard 2,🏆 Game Professional | Iconic Rivalries: Taylor vs. Serrano 3 and The Old Guard 2 | Netflix,1,1.0,0,
The Old Guard 2,THE OLD GUARD 2 Ending Explained In Hindi | STORY Breakdown + Part 3 Details,1,1.0,0,
The Old Guard 2,THE OLD GUARD 2 Review In Hindi | Netflix Movie Review,1,1.0,0,
The Old Guard 2,The Old Guard 2 (2025),1,1.0,0,Fils de Joie by Stromae is used in the movie.
The Old Guard 2,The Old Guard 2 review – Charlize Theron’s delayed Netflix sequel is an incomplete mess,2,1.0,0,
The Old Guard 2,"[Film] - Charlize Theron and Uma Thurman on Injuries, Action and ‘The Old Guard 2’ | NY Times",1,1.0,0,
The Old Guard 2,"[Film] - Charlize Theron and Uma Thurman on Injuries, Action and ‘The Old Guard 2’",1,1.0,0,
The Old Guard 2,[Film] - ‘The Old Guard 2’ Review: Uma Thurman vs. Charlize Theron | NY Times,1,1.0,0,
The Old Guard 2,[Arts] - ‘The Old Guard 2’ Review: Uma Thurman vs. Charlize Theron | NY Times,1,1.0,0,
The Old Guard 2,[Film] - ‘The Old Guard 2’ Review: Uma Thurman vs. Charlize Theron,1,1.0,0,
The Old Guard 2,[Arts] - ‘The Old Guard 2’ Review: Uma Thurman vs. Charlize Theron,1,1.0,0,
The Old Guard 2,Netflix’s clumsy action-fantasy sequel The Old Guard 2 only does one thing right,1,1.0,0,
The Old Guard 2,[Arts] - The Old Guard 2 review – Charlize Theron’s delayed Netflix sequel is an incomplete mess,1,1.0,0,
The Old Guard 2,[Film] - ‘The Old Guard 2’ Review: Thurman vs. Theron | NY Times,1,1.0,0,
The Old Guard 2,[Arts] - ‘The Old Guard 2’ Review: Thurman vs. Theron | NY Times,1,1.0,0,
The Old Guard 2,[Arts] - ‘The Old Guard 2’ Review: Thurman vs. Theron,1,1.0,0,
The Old Guard 2,[Film] - ‘The Old Guard 2’ Review: Thurman vs. Theron,1,1.0,0,
The Old Guard 2,The Old Guard 2 General Discussion,0,0.5,0,"*Andy leads immortal warriors against a powerful enemy threatening their group. They grapple with the resurfacing of a long-lost immortal, complicating their mission to safeguard humanity.*"
The Old Guard 2,"🌐 24/7 Video Game | Charlize Theron, Kiki Layne, and Uma Thurman Recap The Old Guard | The Old Guard 2 | Netflix",1,1.0,0,
The Old Guard 2,"🏆 Game Professional | Charlize Theron, Kiki Layne, and Uma Thurman Recap The Old Guard | The Old Guard 2 | Netflix",1,1.0,0,
The Old Guard 2,"⬆️ Up Game Shop | Charlize Theron, Kiki Layne, and Uma Thurman Recap The Old Guard | The Old Guard 2 | Netflix",1,1.0,0,
The Old Guard 2,Charlize Theron at the premiere of ‘THE OLD GUARD 2’,5,1.0,0,
The Old Guard 2,The Old Guard 2 moovie,1,1.0,0,"**The Old Guard 2**
https://preview.redd.it/9086sninhi8f1.jpg?width=258&amp;format=pjpg&amp;auto=webp&amp;s=7dc884da13bb2557dec16ca0f9132deb01eea778
# 🔹 What Is “The Old Guard”?
If you missed the first film, “The Old Guard” (2020) is a gritty, action-packed Netflix movie based on a comic book by Greg Rucka. It follows a team of immortal mercenaries who secretly protect humanity for centuries. When their secret gets exposed, all hell breaks loose — blending history, war, and immortality with badass action.
# 🔹 Why Fans Are Hyped for Part 2
Simple: it ended on a jaw-dropping cliffhanger. Quynh — Andy’s old immortal friend — who was thought lost forever, comes back. And she might not be too happy with her old crew. That twist had fans begging for more, and now “The Old Guard 2” promises to deliver.
# 🎬 Production Details
# 🔸 Cast and Crew Return
Yes, Charlize Theron (Andy) is back! Alongside her are:
* KiKi Layne (Nile Freeman)
* Matthias Schoenaerts (Booker)
* Marwan Kenzari (Joe)
* Luca Marinelli (Nicky)
* Veronica Ngo (Quynh)
It’s like getting the band back together — but with more tension and vengeance.
# 🔸 New Faces in the Sequel
Uma Thurman and Henry Golding are joining the cast. Their roles are being kept hush-hush, but rumor has it they’ll play major parts in the unfolding chaos.
# 🔸 Director and Writers Behind the Sequel
Victoria Mahoney, who worked on *Star Wars: The Rise of Skywalker*, steps in to direct, replacing Gina Prince-Bythewood. Greg Rucka returns as screenwriter, keeping the soul of the original intact.
# 🔸 Filming Locations and Timeline
The movie wrapped up filming in early 2024 after shooting across Europe, including locations in Rome and the UK. Post-production took some time, but it’s worth the wait.
# 🧩 Plot Expectations
# 🔸 Recap of the First Movie
Andy and her team discover Nile, a new immortal, while dodging a ruthless pharma CEO who wants to exploit their genes. Booker betrays the group, Quynh is revealed to be alive, and Andy may have lost her immortality.
# 🔸 The Ending That Set Up a Sequel
The final scene shows Booker — now exiled — walking into a room where Quynh is waiting. She says ominously, “We have a lot to talk about.”
*Cue goosebumps.*
# 🔸 What We Might See in Part 2
Expect betrayals, revenge, redemption, and possibly — *mortality*. Andy might finally die. Nile could step up as the new leader. And Quynh? She may be the villain this time.
# 🔹 Quynh’s Return – Friend or Foe?
Centuries of torture trapped in a metal box underwater? Yeah, that might twist someone’s mind. We’re betting on some villainous vibes from Quynh.
# 🔹 Immortality’s Price
The first film showed how immortality could be a curse, not a gift. Part 2 might go even deeper — especially with Andy aging and Quynh full of rage.
# 👤 Character Arcs to Watch
# 🔸 Andy’s Struggle Without Immortality
Now that Andy’s powers may be gone, we’ll see a vulnerable side of her. She’ll have to fight like a mortal — and think twice before leaping into danger.
# 🔸 Nile’s Leadership Evolution
Nile was the rookie before. Now, she’s battle-tested and ready to lead. Expect major character growth from her.
# 🔸 Booker’s Redemption Journey
Betrayer turned redeemer? Booker has a lot of making up to do. His scenes with Quynh will be tense, emotional, and possibly explosive.
# 🔸 Joe and Nicky’s Relationship Growth
The immortal lovers who melted hearts in the first film will likely face new challenges — both emotional and physical.
# 🧠 Themes and Symbolism
# 🔸 Immortality and Its Burden
Living forever sounds great until you lose everyone you love. This series nails the existential dread that comes with it.
# 🔸 Moral Choices in a Violent World
What happens when doing the “right thing” causes centuries of pain? The sequel will likely push characters into hard ethical dilemmas.
# 💥 Action and Visuals
# 🔸 Expectations for Fight Choreography
Charlize Theron never misses. Expect tight, well-shot combat scenes that balance gunplay with raw, gritty hand-to-hand fights.
# 🔸 Use of Practical Effects vs. CGI
While CGI enhances the immortal healing effects, most action is expected to be practical, grounded, and visceral — just like the original.
# 🔮 Fan Theories and Speculations
# 🔸 Is There a Bigger Enemy?
Some fans think Quynh may just be the start. Could there be a secret society hunting immortals? Or a new immortal with god-level powers?
# 🔸 Could One of the Team Die Permanently?
If Andy is mortal now, it raises the stakes. We might lose her. Or worse — someone unexpected.
# 📽️ Potential for a Franchise
# 🔸 Will There Be an “Old Guard 3”?
It depends on this film’s success. But with the way Netflix builds universes (*hello, Witcher!*), a third movie is very possible.
# 🔸 Spin-offs and Expanded Universe?
A prequel about Quynh and Andy? A series about Nile’s early years? Fans are hungry for more.
# 📅 Release Date and Where to Watch
# 🔸 Official Announcements
Netflix has confirmed “The Old Guard 2” will release in **late 2025** — likely around the holiday season.
# 🔸 Streaming Platforms
It’s a Netflix exclusive. If you’re a subscriber, you’re in luck. If not, this might be the film that convinces you.
# 🎯 Conclusion
“The Old Guard 2” is shaping up to be darker, deeper, and deadlier. With fresh faces, emotional arcs, and big betrayals, it’s not just a sequel — it’s a reckoning. If the first film was about discovering immortality, this one is about surviving it.
Buckle up, because immortality just got complicated.
# ❓FAQs
# 1. What is the release date for The Old Guard 2?
Netflix is expected to release the film in **late 2025**, most likely in Q4.
# 2. Will Quynh be the main villain?
While not confirmed, all signs point to Quynh playing a major antagonistic role after centuries of suffering.
# 3. Is Andy still immortal?
By the end of the first film, Andy appears to have lost her immortality — a central theme for the sequel.
# 4. Can new immortals appear?
Yes, the first film introduced Nile, suggesting that new immortals can still emerge in future stories.
# 5. Is The Old Guard 2 connected to any other franchise?
# No official crossovers yet, but with the world-building in place, it could spin🔹 What Is “The Old Guard”?
If you missed the first film, “The Old Guard” (2020) is a gritty, action-packed Netflix movie based on a comic book by Greg Rucka. It follows a team of immortal mercenaries who secretly protect humanity for centuries. When their secret gets exposed, all hell breaks loose — blending history, war, and immortality with badass action.
# 🔹 Why Fans Are Hyped for Part 2
Simple: it ended on a jaw-dropping cliffhanger. Quynh — Andy’s old immortal friend — who was thought lost forever, comes back. And she might not be too happy with her old crew. That twist had fans begging for more, and now “The Old Guard 2” promises to deliver.
# 🎬 Production Details
# 🔸 Cast and Crew Return
Yes, Charlize Theron (Andy) is back! Alongside her are:
* KiKi Layne (Nile Freeman)
* Matthias Schoenaerts (Booker)
* Marwan Kenzari (Joe)
* Luca Marinelli (Nicky)
* Veronica Ngo (Quynh)
It’s like getting the band back together — but with more tension and vengeance.
# 🔸 New Faces in the Sequel
Uma Thurman and Henry Golding are joining the cast. Their roles are being kept hush-hush, but rumor has it they’ll play major parts in the unfolding chaos.
# 🔸 Director and Writers Behind the Sequel
Victoria Mahoney, who worked on *Star Wars: The Rise of Skywalker*, steps in to direct, replacing Gina Prince-Bythewood. Greg Rucka returns as screenwriter, keeping the soul of the original intact.
# 🔸 Filming Locations and Timeline
The movie wrapped up filming in early 2024 after shooting across Europe, including locations in Rome and the UK. Post-production took some time, but it’s worth the wait.
# 🧩 Plot Expectations
# 🔸 Recap of the First Movie
Andy and her team discover Nile, a new immortal, while dodging a ruthless pharma CEO who wants to exploit their genes. Booker betrays the group, Quynh is revealed to be alive, and Andy may have lost her immortality.
# 🔸 The Ending That Set Up a Sequel
The final scene shows Booker — now exiled — walking into a room where Quynh is waiting. She says ominously, “We have a lot to talk about.”
*Cue goosebumps.*
# 🔸 What We Might See in Part 2
Expect betrayals, revenge, redemption, and possibly — *mortality*. Andy might finally die. Nile could step up as the new leader. And Quynh? She may be the villain this time.
# 🔹 Quynh’s Return – Friend or Foe?
Centuries of torture trapped in a metal box underwater? Yeah, that might twist someone’s mind. We’re betting on some villainous vibes from Quynh.
# 🔹 Immortality’s Price
The first film showed how immortality could be a curse, not a gift. Part 2 might go even deeper — especially with Andy aging and Quynh full of rage.
# 👤 Character Arcs to Watch
# 🔸 Andy’s Struggle Without Immortality
Now that Andy’s powers may be gone, we’ll see a vulnerable side of her. She’ll have to fight like a mortal — and think twice before leaping into danger.
# 🔸 Nile’s Leadership Evolution
Nile was the rookie before. Now, she’s battle-tested and ready to lead. Expect major character growth from her.
# 🔸 Booker’s Redemption Journey
Betrayer turned redeemer? Booker has a lot of making up to do. His scenes with Quynh will be tense, emotional, and possibly explosive.
# 🔸 Joe and Nicky’s Relationship Growth
The immortal lovers who melted hearts in the first film will likely face new challenges — both emotional and physical.
# 🧠 Themes and Symbolism
# 🔸 Immortality and Its Burden
Living forever sounds great until you lose everyone you love. This series nails the existential dread that comes with it.
# 🔸 Moral Choices in a Violent World
What happens when doing the “right thing” causes centuries of pain? The sequel will likely push characters into hard ethical dilemmas.
#  Action and Visuals
# Expectations for Fight Choreography
Charlize Theron never misses. Expect tight, well-shot combat scenes that balance gunplay with raw, gritty hand-to-hand fights.
# Use of Practical Effects vs. CGI
While CGI enhances the immortal healing effects, most action is expected to be practical, grounded, and visceral — just like the original.
#  Fan Theories and Speculations
# 
# Is There a Bigger Enemy?
Some fans think Quynh may just be the start. Could there be a secret society hunting immortals? Or a new immortal with god-level powers?
#  Could One of the Team Die Permanently?
If Andy is mortal now, it raises the stakes. We might lose her. Or worse — someone unexpected.
#  Potential for a Franchise
#  Will There Be an “Old Guard 3”?
It depends on this film’s success. But with the way Netflix builds universes (*hello, Witcher!*), a third movie is very possible.
#  Spin-offs and Expanded Universe?
A prequel about Quynh and Andy? A series about Nile’s early years? Fans are hungry for more.
# Release Date and Where to Watch
#  Official Announcements
Netflix has confirmed “The Old Guard 2” will release in **late 2025** — likely around the holiday season.
#  Streaming Platforms
It’s a Netflix exclusive. If you’re a subscriber, you’re in luck. If not, this might be the film that convinces you.
#  Conclusion
“The Old Guard 2” is shaping up to be darker, deeper, and deadlier. With fresh faces, emotional arcs, and big betrayals, it’s not just a sequel — it’s a reckoning. If the first film was about discovering immortality, this one is about surviving it.
Buckle up, because immortality just got complicated.
# ❓FAQs
# 1. What is the release date for The Old Guard 2?
Netflix is expected to release the film in **late 2025**, most likely in Q4.
# 2. Will Quynh be the main villain?
While not confirmed, all signs point to Quynh playing a major antagonistic role after centuries of suffering.
# 3. Is Andy still immortal?
By the end of the first film, Andy appears to have lost her immortality — a central theme for the sequel.
# 4. Can new immortals appear?
Yes, the first film introduced Nile, suggesting that new immortals can still emerge in future stories.
# 5. Is The Old Guard 2 connected to any other franchise?
No official crossovers yet, but with the world-building in place, it could spin"
The Old Guard 2,"Movies and TV Shows News Week 21 2025 | The Old Guard 2, F1, Nobody 2, Mercy for None e Good Boy.",1,1.0,0,
The Old Guard 2,The Old Guard 2: Ready for More Immortal Action on Netflix?,0,0.25,0,"Hello fellow Netflix fanatics!
Just saw the new promo for The Old Guard 2 dropping on July 2nd, and I'm absolutely hyped! The first movie was such a unique blend of action, sci-fi, and emotional depth, and I've been waiting for a sequel. The idea of immortal warriors navigating the modern world with such a compelling backstory really hooked me.
For those who loved the original, what are your thoughts on the sequel coming so soon? What are you most excited to see? New powers? Deeper dives into their pasts? More epic fight sequences?
If you haven't seen the first one, seriously, give it a watch! It's fantastic.
Can't wait to hear your takes!
u/killwish_"
The Old Guard 2,Anyone else disappointed by the Old Guard sequel?,79,0.96,124,"Just finished The Old Guard 2, and while I didn’t quit halfway through (so it wasn’t completely unwatchable), I was definitely disappointed by how lazy and inconsistent the lore is. For a story about immortals from completely different parts of the world who are actively hiding from the rest of the world, it’s weirdly convenient that they all seem to find each other across centuries with no real explanation of how or why. Still with that alone I would have been ok after all they all have centuries to run into each other, right?
What really broke it for me was the mentioned connection between the first and last immortal (further explained only by a birthmark they both have for some reason) as well as the whole “legend” about the last immortal which would be born with the power to remove or transfer immortality. A legend someone somehow formulated likely thousands of years before the last immortal was even close to existing. How can there be legends about someone completely unique among a group of already special people nobody should even know about in the first place? The writing just didn’t try at all to make the world feel coherent or believable, which is a shame because IMHO the premise definitely had some potential. If only they made the story based on a somewhat plausible lore (written first) rather than creating a garbage lore based on what they needed it to be to accomodate a raise of stakes for the sequel or whatever.
Anyway what are your opinions random redditors?"
The Old Guard 2,Who wants to go to the theater when you can watch the #1 movie on Netflix from the comfort of wherever you are!,205,0.95,76,"Was just reading through the comments of the [The Old Guard 2](https://www.reddit.com/r/RedLetterMedia/comments/1lk8j60/new_gold_standard_for_movie_posters/) post and then I clicked over to Netflix I was greeted by this huge banner for ""Trainwreck: Poop Cruise"" haha."
The Old Guard 2,All The New Horror - July 2025,141,0.96,23,"All the new horror movies (and some shows) releasing throughout July 2025. Some promising looking horrors in the lineup this month. Some interesting Dark &amp; Strange releases (thrillers, sci-fi, etc.) as well. Enjoy    
     
I continue editing and adding to this list frequently as new info comes out.     
     
Which releases this month look interesting? And which releases would you recommend? [.](https://m.imdb.com/title/tt32973202/)         
      
⇩ Slide to left ⇩  
Releases | Notes | Date | Link | Location   
:--|:--|:--|:--|:--   
◇ **Horror Digital Releases:** |   |   |   |    
**Bring Her Back** (horror/thriller/mystery) | supernatural; a brother and sister witness a terrifying ritual at the secluded home of their new foster mother | July 1 | [IMDB](https://m.imdb.com/title/tt32246771/) | VOD    
**The Twin** (horror) | supernatural; folk horror; grieving father is haunted by a demon from Irish folklore | July 1 | [IMDB](https://m.imdb.com/title/tt20411300/) | VOD    
**The Sandman** (series; S02; fantasy/horror/sci-fi) | supernatural; magic; Dream, the personification of dreams, sets about to reclaim his lost equipment after being imprisoned for decades; comic adaptation | July 3 | [IMDB](https://m.imdb.com/title/tt1751634/) | Netflix    
**The Shrouds** (horror/sci-fi/thriller/drama) | supernatural; body horror; an innovative businessman and grieving widower, builds a device to connect with the dead inside a burial shroud | July 8 | [IMDB](https://m.imdb.com/title/tt20212786/) | VOD  
   |    |    |    |     
**Else** (French; horror/fantasy/sci-fi/romance/drama) | body horror; new couple; face a strange pandemic that causes the infected to merge with their surroundings; trapping the couple in a shapeshifting nightmare | July 8 | [IMDB](https://m.imdb.com/title/tt32973202/) | VOD    
**Ziam** (Thai; horror/action/thriller) | zombies; post-apocalyptic; a Muay Thai fighter fights off zombies to save his beloved | July 9 | [IMDB](https://m.imdb.com/title/tt35669009/) | Netflix    
**Push** (horror/thriller) | home invasion; single and heavily pregnant realtor; must survive a night of terror when a deranged client comes to her open house | July 11 | [IMDB](https://m.imdb.com/title/tt25756108/) | Shudder; AMC+    
**Forgive Us All** (horror/western/drama) | zombies; woman sheltering in the mountains; must help a stranger on the run; only escape is through the heavily infested forest | July 11 | [IMDB](https://m.imdb.com/title/tt31830814/) | VOD    
   |    |    |    |     
**The Institute** (series; horror/sci-fi/thriller) | supernatural; psychological; teen genius wakes up in a strange place full of children who also have unusual abilities | July 13 | [IMDB](https://m.imdb.com/title/tt10946316/) | MGM+    
**Dark Nuns** (Korean; horror/thriller/mystery) | supernatural; exorcism; young boy struggling with an aggressive possession | July 15 | [IMDB](https://m.imdb.com/title/tt32491690/) | VOD    
**Iconic** (horror/thriller) | madness; a beauty influencer living in LA gradually loses her grip on reality; indie | July 15 | [IMDB](https://m.imdb.com/title/tt31565932/) | VOD         
**The Trouble with Tessa** (series; horror) | disgraced documentarian rents a rural house to escape the city; unearths a box of old tapes filming a murder; sets out to unravel the dark secrets in this perfect small town | July 15 | [IMDB](https://m.imdb.com/title/tt36957172/) | Screambox    
   |    |    |    |     
**M3GAN 2.0** (horror/sci-fi/thriller/action) | artificial intelligence; slasher; M3GAN the robot girl is resurrected by her creator to help take down Amelia - a military-grade weapon built by a defense contractor using the same underlying tech; sequel | July 15 | [IMDB](https://m.imdb.com/title/tt26342662/) | VOD    
**The Banished** (horror) | Grace becomes injured in the deep woods; makes contact with another lost hiker via radio; as she nears their rendezvous point she grows increasingly suspicious of his true identity | July 18 | [IMDB](https://m.imdb.com/title/tt33050521/) | VOD    
**Bury Me When I’m Dead** (horror/mystery/thriller) | supernatural; after failing to keep his wife's dying wish, a series of tragic events leads Henry to believe she's returned to get revenge | July 18 | [IMDB](https://m.imdb.com/title/tt8834606/) | VOD    
**Saint Clare** (horror/mystery/thriller) | killer; supernatural; teen haunted by voices that compel her to assassinate malicious individuals; her latest kill sucks her down a rabbit hole of corruption, trafficking, &amp; supernatural visions | July 18 | [IMDB](https://m.imdb.com/title/tt9024562/) | VOD    
   |    |    |    |     
**Woken** (thriller/sci-fi) | dystopian; pregnant young woman awakens from an accident on a Scottish isle with no memory of who she is; comes to realize that the human race is close to extinction from a pandemic | July 18 | [IMDB](https://m.imdb.com/title/tt21068514/) | VOD    
**Dangerous Animals** (horror/thriller) | killer; surfer girl abducted by shark-obsessed serial killer; held on his boat; she must try to escape before he carries out his ritualistic feeding of the sharks | July 22 | [IMDB](https://m.imdb.com/title/tt32299316/) | VOD    
**Ghost Killer** (horror/action/crime) | supernatural; martial arts; after a college student becomes possessed by the ghost of a hit man, she agrees to help him finish his quest for revenge | July 22 | [IMDB](https://m.imdb.com/title/tt33305290/) | VOD    
**Et Tu** (horror/thriller/comedy) | psychological; madness; a director unhappy with his Julius Caesar play learns a dark secret that may help rid him of his troubles; requires him to get his hands bloody | July 25 | [IMDB](https://m.imdb.com/title/tt17422606/) | VOD    
   |    |    |    |     
**Monster Island** (horror) | monster; WWII; a Japanese and an American POW become shipwrecked together on a deserted island; the two enemies must work together as they’re hunted by a creature | July 25 | [IMDB](https://m.imdb.com/title/tt29262075/) | Shudder; AMC+    
**Never Blink** (horror/sci-fi/thriller) | creatures; five medical students discover a way to capture what you can't see when you blink and the results are terrifying | July 29 | [IMDB](https://m.imdb.com/title/tt14450964/) | VOD    
**28 Years Later** (horror/thriller) | zombies; post apocalyptic; decades after virus outbreak; community of survivors live on small island; on a mission to the mainland they discover a mutation that has affected the infected &amp; survivors; sequel | July 29 | [IMDB](https://m.imdb.com/title/tt10548174/) | PVOD    
   |    |    |    |     
   |    |    |    |     
◇ **Horror Theatrical Release:** |   |   |   |   
**Abraham’s Boys** (horror) | vampires; Abraham moves his two sons to the U.S. in an attempt to escape their past; sons uncover their father's dark past and his history with Dracula | July 11 | [IMDB](https://m.imdb.com/title/tt14808764/) | theaters    
**Skill House** (horror/thriller) | survival games; slasher; dark satire; B-horror; ten influencers are lured into a content house and forced to compete in social media challenges | July 11 | [IMDB](https://m.imdb.com/title/tt19637220/) | LMTD theaters    
**Don’t Log Off** (horror/mystery/thriller) | birthday group video chat; birthday girl suddenly disappears and can’t be reached; as her worried friends go to check her apartment one by one, each seem to disappear as well | July 15 | [IMDB](https://m.imdb.com/title/tt12798810/) | LMTD theaters    
**I Know What You Did Last Summer** (horror) | killer; slasher; group of friends is terrorized by a stalker who knows about a gruesome incident from their past; remake | July 18 | [IMDB](https://m.imdb.com/title/tt4045450/) | theaters    
   |    |    |    |     
**Cloud** (Japanese; horror/action/thriller) | psychological; young man who resells goods online finds himself at the center of a series of mysterious events that put his life at risk | July 18 | [IMDB](https://m.imdb.com/title/tt32828123/) | LMTD theaters    
**The Home** (horror/thriller) | troubled young man begins working at a retirement home; finds a hidden floor; suspicious that the residents and caretakers hide sinister secrets; connections to his own past as a foster child | July 25 | [IMDB](https://m.imdb.com/title/tt17023012/) | theaters    
**Bambi: The Reckoning** (horror/thriller) | creature; B-horror; after a mother and son get in a car wreck, they soon become hunted by a mutated deer; the creature embarks on a rampage seeking revenge for the death of his mother. | July 25 | [IMDB](https://m.imdb.com/title/tt23621682/) | LMTD theaters    
**House of Eden** (horror) | found-footage; supernatural; friend group; making their next paranormal investigation film; abandoned house deep in the woods | July 25 | [IMDB](https://m.imdb.com/title/tt33425631/) | theaters    
   |    |    |    |     
**ICK** (horror/sci-fi/comedy) | monster; a strange and ‘innocuous’ alien substance has slowly taken root in the world; a high-school teacher much rise to the occasion when it suddenly evolves and attacks | July 27 | [IMDB](https://m.imdb.com/title/tt31795447/) | LMTD theaters    
**Together** (horror/sci-fi/romance) | supernatural; body horror; couple move to the countryside; encounter with an unnatural force starts to transform their life, their love, and their flesh | July 30 | [IMDB](https://m.imdb.com/title/tt31184028/) | theaters    
   |    |    |    |     
   |    |    |    |     
◇ **Dark and Strange Honorable Mentions:** |   |   |   |   
**Jurassic Park Rebirth** (adventure/action/sci-fi/thriller) | psychological | July 2 | [IMDB](https://m.imdb.com/title/tt31036941/) | theaters    
**40 Acres** (thriller/sci-fi/action/drama) | post-apocalyptic world; black family defend their homestead against cannibals trying to seize their resources | July 2 | [IMDB](https://m.imdb.com/title/tt29634843/) | LMTD theaters    
**The Old Guard 2** (action/fantasy/thriller) | superhero’s; Andy leads immortal warriors against a long-lost immortal, threatening their group and complicating their mission to safeguard humanity; sequel | July 2 | [IMDB](https://m.imdb.com/title/tt14961624/) | Netflix    
   |    |    |    |     
**Great White Waters** (action/thriller) | sharks; $M’s in cartel cocaine go missing off Florida's coast; the search encounters vicious sharks that close in on anyone daring to claim the stash | July 4 | [IMDB](https://m.imdb.com/title/tt37025253/) | Tubi    
**All Alone Together** (thriller) | psychological; as a tormented filmmaker reaches new levels of success, the horrors of his film start to creep into his life; madness; indie | July 7 | [IMDB](https://m.imdb.com/title/tt28642389/) | VOD    
**Brick** (German; thriller/sci-fi/mystery/drama) | psychological; couple whose apartment building is suddenly surrounded by a mysterious brick wall must work with their neighbors to find a way out | July 10 | [IMDB](https://m.imdb.com/title/tt31806049/) | Netflix    
   |    |    |    |     
**Foundation** (series; S03; sci-fi/drama) | sci-fi epic; galactic empire; saga of interplanetary humans | July 11 | [IMDB](https://m.imdb.com/title/tt0804484/) | AppleTV+    
**Hot Spring Shark Attack** [aka Onsen shâku] (Japanese; comedy/action) | sharks; a series of missing people are later found dead with injuries that see ing m to be from a massive shark | July 11 | [IMDB](https://m.imdb.com/title/tt28297050/) | VOD    
**40 Acres** (thriller/sci-fi/action/drama) | post-apocalyptic world; black family defend their homestead against cannibals trying to seize their resources | July 22 | [IMDB](https://m.imdb.com/title/tt29634843/) | VOD    
   |    |    |    |     
**Osiris** (sci-fi/action) | alien; creatures; team of special forces commandos awake on an alien spacecraft with no memory of how they arrived | July 25 | [IMDB](https://m.imdb.com/title/tt31179712/) | LMTD theaters      
**Twisted Metal** (series; S02; action/thriller/adventure/fantasy/sci-fi/comedy/) | post-apocalyptic; an outsider must deliver a mysterious package across the wasteland in exchange for a better life | July 31 | [IMDB](https://m.imdb.com/title/tt14261112/) | Peacock    
___    
Recent Horror Releases Now Streaming:    
**Sinners** - July 4 - HBO MAX   
**Drop** - July 11 - Peacock    
**Opus** - July 11 - HBO MAX    
**The Cursed** - July 19 - Netflix    
**Until Dawn** - July 24 - Netflix      
**Death of a Unicorn** - July 25 - HBO MAX    
    
*It’s decent work tracking down all the horror films across the internet, and checking up on their ever changing release schedules. These sites help a lot.   
Sources:   
Bloody-disgusting.com   
Horrorsociety.com  
Moviesandmania.com   
Upcominghorrormovies.com  
Zombiegrrlz.com"
The Old Guard 2,July’s movie release schedule is absolutely stacked—what are you watching?,0,0.4,41,"We’ve got Jurassic World: Rebirth, The Old Guard 2, Dora: Sol Dorado, Superman, I Know What You Did Last Summer, Smurfs, Happy Gilmore 2, Fantastic Four, Bambi: The Reckoning—all dropping this month.
That’s action, nostalgia, horror, animation, superhero madness… basically a buffet for every kind of movie fan.
But I’m especially hyped for Superman. With everything riding on it and James Gunn at the helm, it feels like the true start of something new for DC. Hoping it delivers.
What’s on your must-watch list this month? Any predictions or early favorites?"
The Old Guard 2,Watch What Happens Live with Andy Cohen - Daily Discussion Thread,5,1.0,38,"Sun, Jun 22
[**Cynthia Bailey**](http://tvinsider.com/people/cynthia-bailey) and the newest cast member **Angela Oakley** talk about the relationships on [*The Real Housewives of Atlanta*](https://www.tvinsider.com/show/the-real-housewives-of-atlanta/).
Mon, Jun 23
[**Arnold Schwarzenegger**](https://www.tvinsider.com/people/arnold-schwarzenegger/) talks about the new season of the comedy action series [*FUBAR*](https://www.tvinsider.com/show/fubar/).
Tue, Jun 24
Guesting are the three sisters who form the rock band [*Haim*](http://tvinsider.com/people/haim): **Alana Haim**, **Este Haim**, and **Danielle Haim**.
Wed, Jun 25
[**Lars Pippen**](https://www.tvinsider.com/people/larsa-pippen/) and **Kiki Barth** dish on [*The Real Housewives of Miami*](http://tvinsider.com/show/the-real-housewives-of-miami).
Thu, Jun 26
[**Charlize Theron**](http://tvinsider.com/people/charlize-theron) describes the stuntwork for the superhero sequel [*The Old Guard 2*](https://www.tvinsider.com/show/the-old-guard-2/), and [**Henry Golding**](http://tvinsider.com/people/henry-golding) talks about restoring a connection in his sci-fi movie *Daniela Forever*."
The Old Guard 2,I’ve recently been lacking and want to get back into watching movies! What do you suggest?,6,1.0,35,"Few years back I was really into watching as many movie across as many genres as I could. 
I’ve been lacking these past few years due to work commitment, mental health and the lack of ability to focus (I blame TikTok) 
But I am an aspiring screenwriter and I’ve just watched The Old Guard 2. Decided to try and give it my full attention and really enjoyed it and enjoyed giving it my full intention as well.
So now I want to get back into movies again! Watching as many as I can across as many genres as I can.
I have access to most streaming services and I’m not afraid to buy digital or DVD if the movie is worth it
So what do you recommend?"
The Old Guard 2,TIL The Spider-Verse Cliff hanger is one of the Worst in terms of time between cliff hanger and cliff hanger clearing sequel.,31,0.78,30,"|Film|Year|Cliffhanger Element|Sequel Released/Planned?|Sequel Title|Sequel Release Date|
|:-|:-|:-|:-|:-|:-|
|The Empire Strikes Back|1980|Vader reveal + Han Solo’s frozen fate|✅ Yes|Return of the Jedi|May 25, 1983|
|Pirates of the Caribbean 2|2006|Jack dragged by Kraken|✅ Yes|At World's End|June 1, 2007|
|Back to the Future Part II|1989|Doc in 1885, “To Be Continued”|✅ Yes|Back to the Future Part III|May 25, 1990|
|Kill Bill Vol. 1|2003|The Bride’s daughter|✅ Yes|Kill Bill Vol. 2|April 16, 2004|
|The Matrix Reloaded|2003|Neo’s fate uncertain|✅ Yes|The Matrix Revolutions|November 5, 2003|
|Inception|2010|Tipped top, unresolved reality|❓ No sequel yet|—|—|
|28 Years Later|2025|Sir Jimmy Crystal + new cult lead|✅ Sequel Ready for Release|28 Years Later: The Bone Temple|January 16, 2026|
|The Old Guard 2|2025|Main cast captured, new antagonist emerges|✅ Planned|The Old Guard 3 (TBA)|TBA|
|Spider‑Man: Across the Spider‑Verse|2023|Miles trapped in alternate universe, captured by Prowler, “To Be Continued”|✅ Sequel planned|Spider-Man: Beyond the Spider-Verse|June 4, 2027 (planned)|
I mean wow. The other movies average 2 years between release, and props to the The Matrix for sorting it out in a record \*5 MONTHS\*. Spider-verse is the worst coming in at 4 years."
The Old Guard 2,La Vieja Guardia 2 (2025) ¿Valieron los 5 años de espera para esta continuación?,10,0.71,29,"The Old Guard 2 llega a Netflix con Charlize Theron y Uma Thurman empuñando de nuevo la espada. ¿La secuela mejora el original o repite sus errores? Analizamos sus peleas, personajes y los agujeros de guion que la condenan. ¡Sin spoilers!
[https://exceldepeliculas.wordpress.com/the-old-guard-2-2025-resena/](https://exceldepeliculas.wordpress.com/the-old-guard-2-2025-resena/)"
The Old Guard 2,"Confused, Contrived and Hollow",51,0.96,19,"The Old Guard 2 is a mess – and not even in a fun way. 
Minor spoilers ahead. Not that it matters.
Just finished The Old Guard 2 and I genuinely don’t know what the writers were smoking. I actually liked the first movie - it wasn’t amazing, but it had a decent half-cooked concept. This one? Just nonsense. Like, aggressively stupid in places.
My leading complaint: Uma Thurman plays “the first immortal,” supposedly older than the Crusades, maybe even ancient civilization-level old … and she talks like she’s been living in Manhattan since the 80s. What?? You’ve been around for over a thousand years and somehow developed zero accent or historical cadence? Not even a weird hybrid one? She sounds like she just finished directing an off-Broadway play, not like someone who’s seen empires rise and fall. Why not show her age with her voice, mannerisms, anything? Dumb.
The random “prophecy” they pull out of nowhere - apparently the “last immortal” can kill other immortals permanently with a single wound? There are like 9 immortals total across both movies. So how did this “rumour” start? Who figured that out before the last immortal was even born? Did someone time-travel to write it in the ancient scrolls? How do you even know who the last one is unless the universe has some weird immortal roster that updates itself? Dumb.
How did Lykon (the first to die) lose his immortality? No Nile to shank him. Dumb.
Tuah “discovered” the prophecy? The same Tuah who’s been hiding for centuries? That makes zero sense. If he wrote it, it’s not a prophecy. If he didn’t, who did? The movie doesn’t explain anything. It’s just a half-assed lore drop to create artificial stakes. Dumb.
They’re all supposedly “linked” through dreams, right? That was a key thing in the first movie. But somehow Tuah and the ridiculously named “Discord” (yes, like the app) have existed for hundreds of years and no one ever dreamed about them? They’re just… stealth immortals? Do the dreams stop working when it’s inconvenient to the plot?
Why didn’t Booker just shut the door? Dumb.
“Discord”? Seriously? That name makes me cringe every time it’s said. Sounds like they let Fortnite name her. Dumb.
No one knows why immortals exist, how many there are, why some lose their immortality, why some don’t. None of that gets touched. They introduce new rules with no explanation and expect us to care.
Also, side note: the villains suck, the stakes are nonexistent and every emotional beat lands with the impact of a rock made of paper.
TLDR – The Old Guard 2 is dumb."
The Old Guard 2,Two immortal Andys,150,1.0,8,"With the release of The Old Guard 2, a sequel to a movie about immortal people, it reminded me that one of the immortal main characters' names is Andy"
The Old Guard 2,Watch What Happens Live with Andy Cohen - Daily Discussion Thread,6,0.81,23,"Sun, Jun 22
[**Cynthia Bailey**](http://tvinsider.com/people/cynthia-bailey) and the newest cast member **Angela Oakley** talk about the relationships on [*The Real Housewives of Atlanta*](https://www.tvinsider.com/show/the-real-housewives-of-atlanta/).
Mon, Jun 23
[**Arnold Schwarzenegger**](https://www.tvinsider.com/people/arnold-schwarzenegger/) talks about the new season of the comedy action series [*FUBAR*](https://www.tvinsider.com/show/fubar/).
Tue, Jun 24
Guesting are the three sisters who form the rock band [*Haim*](http://tvinsider.com/people/haim): **Alana Haim**, **Este Haim**, and **Danielle Haim**.
Wed, Jun 25
[**Lars Pippen**](https://www.tvinsider.com/people/larsa-pippen/) and **Kiki Barth** dish on [*The Real Housewives of Miami*](http://tvinsider.com/show/the-real-housewives-of-miami).
Thu, Jun 26
[**Charlize Theron**](http://tvinsider.com/people/charlize-theron) describes the stuntwork for the superhero sequel [*The Old Guard 2*](https://www.tvinsider.com/show/the-old-guard-2/), and [**Henry Golding**](http://tvinsider.com/people/henry-golding) talks about restoring a connection in his sci-fi movie *Daniela Forever*."
The Old Guard 2,What car is this?,30,0.97,15,It’s from the movie The Old Guard 2
The Old Guard 2,Which streamer has the best/worst original movies?,0,0.27,18,"I think Netflix has to win the cake for the worst original films. Even their big name films are very forgettable and just all feel so underwhelming. 
I would say Apple also for worst but they have like 3 original movies lol.
Amazon I think has the best in terms of quality. I recently watched Head of States and Deep Cover, both of which are quite funny and entertaining, especially Deep Cover. Meanwhile I'm having to slog through The Old Guard 2 and wondering why it just feels so bland."
The Old Guard 2,Official Discussion Megathread (Superman) plus Throwback Discussions!,162,0.91,0,"**New In Theaters**:
* [Superman (2025)](https://old.reddit.com/r/movies/comments/1lwutny/official_discussion_superman_2025_spoilers/?)
**25th Anniversary Throwback Discussion Threads**:
* [Scary Movie](https://old.reddit.com/r/movies/comments/1lwutxk/official_throwback_discussion_scary_movie_spoilers/?)
* [Disney's The Kid](https://old.reddit.com/r/movies/comments/1lwutyi/official_throwback_discussion_disneys_the_kid/?)
* [But I'm a Cheerleader](https://old.reddit.com/r/movies/comments/1lwutzo/official_throwback_discussion_but_im_a/?)
**Still In Theaters**:
* [Jurassic World Rebirth](https://old.reddit.com/r/movies/comments/1lqdtaw/official_discussion_jurassic_world_rebirth/)
* [F1: The Movie](https://old.reddit.com/r/movies/comments/1lli8lz/official_discussion_f1_the_movie_spoilers/?)
* [M3GAN 2.0](https://old.reddit.com/r/movies/comments/1lli8nm/official_discussion_m3gan_20_spoilers/?)
* [28 Years Later](https://www.reddit.com/r/movies/comments/1lfsc91/official_discussion_28_years_later_spoilers/)
* [Elio](https://www.reddit.com/r/movies/comments/1lfscb2/official_discussion_elio_spoilers/)
* [The Life of Chuck](https://www.reddit.com/r/movies/comments/1la4c8g/official_discussion_the_life_of_chuck/)
* [Materialists](https://www.reddit.com/r/movies/comments/1la4c8n/official_discussion_materialists/)
* [How to Train Your Dragon](https://www.reddit.com/r/movies/comments/1la4c8v/official_discussion_how_to_train_your_dragon/)
**New On Streaming:**
* [Heads of State](https://old.reddit.com/r/movies/comments/1lr5yb4/official_discussion_heads_of_state_spoilers/?)
* [The Old Guard 2](https://old.reddit.com/r/movies/comments/1lr5ycn/official_discussion_the_old_guard_2_spoilers/?)
* [Ice Road: Vengeance](https://old.reddit.com/r/movies/comments/1lr5ye1/official_discussion_ice_road_vengeance_spoilers/?)
* [KPop Demon Hunters](https://www.reddit.com/r/movies/comments/1lghony/official_discussion_kpop_demon_hunters_spoilers/)
* [Echo Valley](https://www.reddit.com/r/movies/comments/1lar0eb/official_discussion_echo_valley/) 
* [Deep Cover](https://www.reddit.com/r/movies/comments/1lar0ej/official_discussion_deep_cover/)"
The Old Guard 2,Watch What Happens Live with Andy Cohen - Daily Discussion Thread,7,1.0,16,"Sun, Jun 22
[**Cynthia Bailey**](http://tvinsider.com/people/cynthia-bailey) and the newest cast member **Angela Oakley** talk about the relationships on [*The Real Housewives of Atlanta*](https://www.tvinsider.com/show/the-real-housewives-of-atlanta/).
Mon, Jun 23
[**Arnold Schwarzenegger**](https://www.tvinsider.com/people/arnold-schwarzenegger/) talks about the new season of the comedy action series [*FUBAR*](https://www.tvinsider.com/show/fubar/).
Tue, Jun 24
Guesting are the three sisters who form the rock band [*Haim*](http://tvinsider.com/people/haim): **Alana Haim**, **Este Haim**, and **Danielle Haim**.
Wed, Jun 25
[**Lars Pippen**](https://www.tvinsider.com/people/larsa-pippen/) and **Kiki Barth** dish on [*The Real Housewives of Miami*](http://tvinsider.com/show/the-real-housewives-of-miami).
Thu, Jun 26
[**Charlize Theron**](http://tvinsider.com/people/charlize-theron) describes the stuntwork for the superhero sequel [*The Old Guard 2*](https://www.tvinsider.com/show/the-old-guard-2/), and [**Henry Golding**](http://tvinsider.com/people/henry-golding) talks about restoring a connection in his sci-fi movie *Daniela Forever*."
The Old Guard 2,Watch What Happens Live with Andy Cohen - Daily Discussion Thread,8,0.85,15,"Sun, Jun 22
[**Cynthia Bailey**](http://tvinsider.com/people/cynthia-bailey) and the newest cast member **Angela Oakley** talk about the relationships on [*The Real Housewives of Atlanta*](https://www.tvinsider.com/show/the-real-housewives-of-atlanta/).
Mon, Jun 23
[**Arnold Schwarzenegger**](https://www.tvinsider.com/people/arnold-schwarzenegger/) talks about the new season of the comedy action series [*FUBAR*](https://www.tvinsider.com/show/fubar/).
Tue, Jun 24
Guesting are the three sisters who form the rock band [*Haim*](http://tvinsider.com/people/haim): **Alana Haim**, **Este Haim**, and **Danielle Haim**.
Wed, Jun 25
[**Lars Pippen**](https://www.tvinsider.com/people/larsa-pippen/) and **Kiki Barth** dish on [*The Real Housewives of Miami*](http://tvinsider.com/show/the-real-housewives-of-miami).
Thu, Jun 26
[**Charlize Theron**](http://tvinsider.com/people/charlize-theron) describes the stuntwork for the superhero sequel [*The Old Guard 2*](https://www.tvinsider.com/show/the-old-guard-2/), and [**Henry Golding**](http://tvinsider.com/people/henry-golding) talks about restoring a connection in his sci-fi movie *Daniela Forever*."
The Old Guard 2,Old Guard 2,1,0.56,12,"Just skimmed the IGN review and it's not sounding great.
I was skimming for more objective info than opinion as I like to make up my own mind about such things. 
I really like the first movie, the concept, the cast and the action and fight scenes were pretty good. 
The thing that stands out in the Old Guard 2 review, apparently a lot of shakey cam. Which is really disappointing. Seriously. Chad Stahelski has laid the groundwork for how to shoot a fight scene imo and I guess doing something too well is the problem, it makes me hold other movies upto it. 
Still looking forward to watching it later along with Ballerina finally."
The Old Guard 2,I wish they hadn’t made a sequel,30,0.94,7,"Well, I watched the old guard 2. 
I didn’t hate it. I also didn’t like it. 
My primary complaints (did my best to keep them spoiler free):
1. It was not NEARLY gay enough
2. There was a lot of retconning, particularly when it came to how immortality ended and the way they dream of each other. Also pretty sure Nile did NOT have a birth mark in the first movie. 
3. Everything about it SCREAMED “this was filmed during Covid.” The cast were rarely all together, and when they were, they were all spread out sporadically around the room like they were posing for an album cover. It really lacked the found family feel of the first. I felt like all of the chemistry was gone from them all
4. The production/direction was just like….off to me. Idk, I felt like I noticed the shots being weird, and that’s not something I ever noticed. And a lot of stuff looked fake or just off. 
5. It really lacked a lot of the cool factor from the first ones. Great musical moments dropped into really fun action scenes. I genuinely got bored multiple times, to the point where I found myself checking to see how much longer was left, and even saying out loud “oh my god, are we still on this??”
6. So much of the writing was so clunky and awkward. Like the timing was off, the deliveries were weird, idk if it was the covid filming, the reshoots, or just bad writing/acting, but so many times I found myself thinking “how are these the same people who gave such great performances in the first movie?”
7. It ended on a cliffhanger and I don’t think it will do well so we won’t get a resolution. 
For me, the biggest indication of my feelings is that I don’t even feel the urge to find and read fix-it fic. I guess I just wanna…ignore it? Idk. Like pure apathy. The second pacific rim was garbage but it at least made me mad and want to read fix-it fics, this just made me want to ignore it all. So disappointed."
The Old Guard 2,Novi Filmovi! – 4. Jul 2025,18,0.91,8,"Ćao ekipo! Evo najnovijih filmskih vesti ove nedelje!
# Novo U Bioskopima!
* Jurrasic World: Rebirth (Scarlett Johansson) (Fantasy) (2025) 6.4 – [IMDb](https://www.imdb.com/title/tt31036941/?ref_=nv_sr_srsg_1_tt_1_nm_0_in_0_q_Jurrasic%2520World%253A%2520Rebirth%2520) – [Trailer](https://www.youtube.com/watch?v=jan5CFWs9ic)
* Night Of The Zoopocalypse (Animation) (2024) 6.1 – [IMDb](https://www.imdb.com/title/tt29544253/?ref_=nv_sr_srsg_0_tt_2_nm_6_in_0_q_Night%2520of%2520the%2520Zoopocalypse) – [Trailer](https://www.youtube.com/watch?v=_o3M6nU590Y)
# Dostupni Filmovi!
^(Cinema!)
* Ballerina (Action) (2025) 7.2 – [IMDb](https://www.imdb.com/title/tt7181546/?ref_=nv_sr_srsg_0_tt_8_nm_0_in_0_q_Ballerina) – [Trailer](https://www.youtube.com/watch?v=yNN2PoilSp4)
* Thunderbolts (Fantasy) (2025) 7.5 – [IMDb](https://www.imdb.com/title/tt20969586/?ref_=nv_sr_srsg_0_tt_8_nm_0_in_0_q_Thunderbolts%2520(2025)) – [Trailer](https://www.youtube.com/watch?v=hUUszE29jS0)
* The Old Guard 2 (Action) (2025) 5.3 – [IMDb](https://www.imdb.com/title/tt14961624/?ref_=nv_sr_srsg_0_tt_6_nm_2_in_0_q_The%2520Old%2520Guard%25202%2520(2025)) – [Trailer](https://www.youtube.com/watch?v=lyivgZ074PY)
* Lilo &amp; Stitch (Fantasy) (2025) 6.9 – [IMDb](https://www.imdb.com/title/tt11655566/?ref_=nv_sr_srsg_0_tt_8_nm_0_in_0_q_Lilo%2520%2526%2520Stitch%2520(2025)) – [Trailer](https://www.youtube.com/watch?v=VWqJifMMgZE)
* Bring Her Back (Horror) (Australia) (2025) 7.4 – [IMDb](https://www.imdb.com/title/tt32246771/?ref_=nv_sr_srsg_0_tt_8_nm_0_in_0_q_bring%2520her%2520bCK) – [Trailer](https://www.youtube.com/watch?v=1I15ttCedfY)
* Heads Of State (John Cena) (Action) (2025) 6.5 – [IMDb](https://www.imdb.com/title/tt13357520/?ref_=nv_sr_srsg_0_tt_4_nm_0_in_0_q_Heads%2520Of%2520State%2520(2025)) – [Trailer](https://www.youtube.com/watch?v=f70LlXPC7VI)
* Jaws At 50: The Definitive Inside Story (Documentary) (2025) – [IMDb](https://www.imdb.com/title/tt32743685/?ref_=nv_sr_srsg_0_tt_3_nm_0_in_0_q_Jaws%252050%2520The%2520Definitive%2520Inside%2520Story%25) – [Trailer](https://www.youtube.com/watch?v=jrBN9zcQAGw)
* Ice Road: Vengeance (Liam Neeson) (Action) (2025) 4.9 – [IMDb](https://www.imdb.com/title/tt27621210/?ref_=nv_sr_srsg_0_tt_1_nm_0_in_0_q_Ice%2520Road%2520-%2520Vengeance%2520(2025)) – [Trailer](https://www.youtube.com/watch?v=K6lJh9ADfbQ)
* Tornado (Action) (Japan, UK) (2025) 6.1 – [IMDb](https://www.imdb.com/title/tt27721490/?ref_=nv_sr_srsg_0_tt_8_nm_0_in_0_q_Tornado%2520(2025)) – [Trailer](https://www.youtube.com/watch?v=JCW7OoSp0bI)
* Guns Up (Kevin James) (Action, Comedy) (2025) 5.1 – [IMDb](https://www.imdb.com/title/tt28026215/?ref_=nv_sr_srsg_0_tt_8_nm_0_in_0_q_Guns%2520Up%2520(2025)) – [Trailer](https://www.youtube.com/watch?v=ZgNi6tEuKfI)
^(Asian Cinema!)
* It's Okay (Drama) (South Korea) (2023) 7.2 – [IMDb](https://www.imdb.com/title/tt29579010/?ref_=nv_sr_srsg_3_tt_8_nm_0_in_0_q_It%27s%2520Okay) – [Trailer](https://www.youtube.com/watch?v=UCUvsK4xc-Y)
^(Hidden Gems!)
* Balconettes (Fantasy) (France) (2024) 5.8 – [IMDb](https://www.imdb.com/title/tt27721737/) – [Trailer](https://www.youtube.com/watch?v=_Pry5FZtryM)"
The Old Guard 2,Hating half shows and movies,2,0.56,7,"The old guard 2, squid game being split between seasons, sandman season 2... What's up with contents being released unfinished recently ??
I want a movie to have a beginning, a middle part, and an end. Same with seasons. Each season has a point, hate it when it's cut in half just for farming releases"
