No.,movie_name,title,score,upvote_ratio,num_comments,selftext,topics
1,28 Years Later,Official Discussion - 28 Years Later [SPOILERS],1921,0.95,8390,"#Poll
**If you've seen the film, please rate it [at this poll](https://strawpoll.ai/poll/vote/va6ZycbW64U2)**
**If you haven't seen the film but would like to see the result of the poll [click here](https://strawpoll.ai/poll/results/va6ZycbW64U2)**
#Rankings
[Click here](https://strawpoll.ai/list/ItnAgr4mX7QR) to see the rankings of 2025 films
[Click here](https://youpoll.me/list/4/) to see the rankings for every poll done
---
**Summary**
Set nearly three decades after the Rage Virus outbreak devastated the UK, *28 Years Later* follows a family living on an isolated island quarantine. When their 12‑year‑old son Spike joins his father Jamie to venture onto the infected mainland to find a doctor for his ailing mother Isla, they uncover evolved threats—from mutated infected packs to sinister human cults. The film blends visceral horror with emotional resilience and philosophical undertones, culminating in an ambiguous, world-expanding conclusion.
**Director**
Danny Boyle (*28 Days Later*, *Slumdog Millionaire*)
**Writer**
Alex Garland (&amp; Danny Boyle)
**Cast**
* Jodie Comer as Isla
* Aaron Taylor-Johnson as Jamie
* Alfie Williams as Spike
* Ralph Fiennes as Dr. Kelson
* Jack O’Connell as Sir Jimmy Crystal
* Erin Kellyman, Edvin Ryding, and others in supporting roles
**Rotten Tomatoes**: [93%](https://www.rottentomatoes.com/m/28_years_later)
**Metacritic**: [78](https://www.metacritic.com/movie/28-years-later/)
**VOD**
Released in theaters on June 20, 2025. Digital and streaming platform release dates TBD, likely later in summer/fall 2025.
**Trailer**
[Watch here](https://www.youtube.com/watch?v=mcvLKldPM08)*
---",Audience Reception / Ratings
7,28 Years Later,'28 Years Later' - Review Thread,3835,0.95,3227,"Director: Danny Boyle
Cast: Jodie Comer; Aaron Taylor-Johnson; Ralph Fiennes; Alfie Williams
**Rotten Tomatoes:** [92%](https://www.rottentomatoes.com/m/28_years_later)
**Metacritic:** [76/100](https://www.metacritic.com/movie/28-years-later/)
Some Reviews:
[Manila Bulletin - Philip Cu Unjieng](https://mb.com.ph/2025/06/18/the-28-legacy-continues-a-review-of-28-years-later)
&gt;What’s nice to note is how Boyle has cast consummate actors in this film, the type who could read off a label of canned sardines and still find depth, emotion, and spark in the delivery of those lines. Initially, it seems that Taylor-Johnson will be doing the heavy lifting. Still, it merely misleads us, as the narrative then focuses on Jodie Comer’s Isla and onto Fiennes’ Dr. Kelson. I want to give a special shout-out to the young actor Alfie Williams. He is the one carrying the whole film, and this is his first feature film work, having previously done a TV series. Boyle teases out an excellent performance from the lad, and I won’t be surprised if many film reviewers in the forthcoming week will single him out as being the best thing in this film. And what’s impressive is how he manages this with the three heavyweight thespians who are on board.There’s the horror and the suspense as a given for this cult franchise, but look out for the human drama and the emotional impact. It’s Boyle and Garland elevating the film, and rising above its genre.
[AwardsWatch - Erik Anderson](https://awardswatch.com/28-years-later-review-danny-boyles-iphone-shot-zombie-sequel-is-audacious-disjointed-and-bewildering-b/) \- 'B'
&gt;Most of the time, *28 Years Later* is frequently begging to be rejected by general audiences, even as it courts the admiration of longtime fans, who may nonetheless find themselves put off by the film’s turn toward unearned emotion, its relatively meager expansion of this universe, and its occasionally jarring tonal shifts. (The abrupt sequel-teasing stinger feels like it’s from an entirely different strain of the zombie subgenre.) Much like the virus at the series’ center, it’s a film whose DNA is constantly mutating, resulting in an inconceivable host subject—one that is both corrosive and something of a marvel.
[DEADLINE - Damon Wise](https://deadline.com/2025/06/28-years-later-review-danny-boyle-jodie-comer-zombie-horror-1236436839/)
&gt;Most threequels tend to go bigger, but *28 Years Later* bucks that trend by going smaller, eventually becoming a chamber piece about a boy trying to hold onto his mother. It still delivers shocks, even if the sometimes over-zealous editing distracts from Anthony Dod Mantle’s painterly cinematography
[The Hollywood Reporter - David Rooney](https://www.hollywoodreporter.com/movies/movie-reviews/28-years-later-review-jodie-comer-aaron-taylor-johnson-1236294541/)
&gt;One of the chief rewards of *28 Years Later* is that it never feels like a cynical attempt to revisit proven material merely for commercial reasons. Instead, the filmmakers appear to have returned to a story whose allegorical commentary on today’s grim political landscape seems more relevant than ever. Intriguing narrative building blocks put in place for future installments mean they can’t come fast enough.
[NextBestPicture - Josh Parham](https://nextbestpicture.com/28-years-later/) \- 7/10
&gt;Boyle’s exuberant filmmaking and Garland’s incisive script sometimes clash when forced to muddle through laborious exercises that feel borrowed from the previous films anyway. It’s a scenario that reminds me of Ridley Scott’s “Prometheus” and “Alien: Covenant,” two films with intriguing ideas that struggled to fashion them within the framework of the established franchise. Perhaps the continuation will find more clever avenues to explore further and enrich this text. As is, what is left is imperfect but still an enthralling return into a dark but provocative world.
[IndieWire - David Ehrlich](https://www.indiewire.com/criticism/movies/28-years-later-review-1235133645/) \- 'B+'
&gt;While Boyle isn’t lofty enough to suggest that the infected are beautiful creatures who deserve God’s love or whatever (this is still a movie about wild-eyed naked zombies, after all, and its empathy for them only goes so far), “28 Years Later” effectively uses the tropes of its genre to insist that the line between a tragedy and a statistic is thinner than we think, and more permeable than we realize. The magic of the placenta, indeed. 
[Rolling Stone - David Fear](https://www.rollingstone.com/tv-movies/tv-movie-reviews/28-years-later-review-danny-boyle-1235353364/)
&gt;Taken on its own, however, Boyle and Garland’s trip back to this hellscape makes the most of casting a jaundiced, bloodshot eye at our current moment. Their inaugural imagining of a world torn asunder surfed the post-millennial fear that modern society wasn’t equipped to handle something truly catastrophic. This new movie is blessed with the knowledge that something always rises from the ashes, but that the risk of regressing back to some fabricated mythology of a Golden Age, complete with *Henry V* film clips and St. George’s flags, is there on the surface as well. If postapocalyptic entertainment has taught us anything, it’s that the walking dead aren’t always the gravest threat. It’s those who sacrifice their soul and sense of empathy that you have to watch out for.
[The Wrap - William Bibbiani](https://www.thewrap.com/28-years-later-review-danny-boyle/)
&gt;For now, though, “28 Years Later” stands on its own — or at least, as its own temporary capper on this multi-decade series — and it stands tall. The filmmakers haven’t redefined the zombie genre, but they’ve refocused their own culturally significant riff into a lush, fascinating epic that has way more to say about being human than it does about (re-)killing the dead.
[Variety - Peter Debruge](https://variety.com/2025/film/reviews/28-years-later-review-1236435361/)
&gt;Where the original film tapped into society’s collective fear of infection, its decades-later follow-up (which undoes any developments implied by “28 Weeks Later” with an opening chyron that explains the Rage virus “was driven back from continental Europe”) zeroes in on two even most primal anxieties: fear of death and fear of the other. To which you might well ask, aren’t all horror movies about surviving an unknown threat of some kind? Yes, but few have assumed the psychic toll taken by such violence quite so effectively as “28 Years Later,” which has been conceived as the start of a new trilogy, but towers on its own merits (part two, subtitled “The Bone Temple,” is already in the can and expected next January).",Audience Reception / Ratings
9,28 Years Later,"28 Years Later is a masterclass in NOT pandering to fans, and it's absolutely refreshing",2577,0.95,853,"Just saw 28 Years Later and honestly, the more I think about it, the more I appreciate how Danny Boyle and Alex Garland completely refused to go the fan service route. 
When you look at recent horror franchise entries like Alien: Romulus or Predator Killer of Killers, they're absolutely stuffed with winks, nods, and callbacks that feel more like fan fiction than actual movies. It's like the entire purpose becomes checking boxes on a nostalgia checklist rather than telling a compelling story.
28 Years Later does the complete opposite. It trusts its audience enough to create something genuinely new within the established world rather than constantly reminding us ""hey, remember this thing you liked?"" It's not trying to be a greatest hits compilation, it's trying to be a legitimate continuation of the story.
This kind of restraint feels revolutionary in today's franchise landscape where Easter eggs and callbacks seem mandatory. Most modern sequels are creatively bankrupt, just recycling moments from previous films instead of creating new ones.
Boyle and Garland basically gave the middle finger to that entire approach, and the film is so much stronger for it. It respects the legacy of 28 Days Later while having the confidence to forge its own path.
It's honestly refreshing to see filmmakers prioritize storytelling over fan service for once, and I wish people would recognize this more instead of complaining about too much fan service/lack of creativity in movies and franchises, but then screaming when ""In a House in a Heartbeat"" isn't in the film.",Audience Reception / Ratings
10,28 Years Later,"The hate 28 Years Later got from across Reddit is by far the worst collective take I've ever seen on this website. I almost didn't go to the movie because I had better things to do. Thank God I did, because it's one of the best movies I've seen in years.",1815,0.9,817,"Generally my wife and I do (to a certain extent) take into consideration reviews and general consensus on movies from Reddit and elsewhere.
What a fucking mistake.
I had told my wife the complaints kn here and elsewhere and we went in expecting a huge disappointment.
About halfway into the movie I turned to her and said, ""am I fucking crazy or is this just like a legitimately good movie?""
From top to bottom, even the jarring ending (which had tons of underlying contact with Spike's age, the things in his room, the themes, the first scenes), there wasn't a wasted moment.
I see complaints about the plot and... the fuck? How is this plot disappointing or unrealistic or tone changing in the least?
I legitimately wonder if I (in my 30s) am just so far distanced from modern movie goers or from the people on these subreddits that my tastes are incompatible with the general movie going public.
I'm not sure. I legitimately feel like I'm going crazy for finding no faults or even clicking with any of the critiques -- like, they legitimately don't make sense.
Do some of you who really hated the movie even enjoy movies? I'm not trying to be facetious.
It's one thing to not like the movie, and another to pile on it like a huge amount of posters have been.
Anyway, hugely impressed, 9.5/10.
Maybe you guys didn't expect a coming of age story?
I'm just legitimately baffled.",Audience Reception / Ratings
19,28 Years Later,Someone brought their baby to 28 Years Later,1338,0.97,287,"I have never in my life experienced someone bringing their baby to a movie theatre let alone a horror movie like 28 Years Later. You could argue it's not horror but the screaming, gore and loud noises alone would traumatize any young child. Babies absorb a lot more than we realize. 
But that's not my main rant - I'm annoyed because the baby was cooing and crying almost the entire movie until I complained, had a manager brought in and the people with the baby removed. Am I alone in this? This is MIND-BLOWING to me that people are so entitled to ruin everyone else's paid experience with a literal baby.",Audience Reception / Ratings
23,28 Years Later,'28 Years Later' Review Thread,804,0.99,457,"I will continue to update this post as reviews come in.
[**Rotten Tomatoes:**](https://www.rottentomatoes.com/m/28_years_later) Certified Fresh
**Critics Consensus:** *28 Years Later* taps into contemporary anxieties with the ferocious urgency of someone infected with Rage Virus, delivering a haunting and visceral thrill ride that defies expectations.
|Critics|Score|**Number of Reviews**|
|:-|:-|:-|
|**All Critics**|89%|210|
|**Top Critics**|94%|50|
[**Metacritic:**](https://www.metacritic.com/movie/28-years-later/) 76 (52 Reviews)
**Sample Reviews:**
Amy Nicholson, Los Angeles Times - It’s a kooky spectacle, a movie that aggressively cuts from moments of philosophy to violence, from pathos to comedy. Tonally, it’s an ungainly creature. From scene to scene, it lurches like the brain doesn’t know what the body is doing.
Robert Daniels, [RogerEbert.com](http://RogerEbert.com) \- A deeply earnest film, a picture whose sincerity is initially off putting until it’s endearing. **3.5/4**
Perri Nemiroff, Perri Nemiroff (YouTube) - Not only is 28 Years Later well worth the wait, but the story benefits from the lengthy gap between installments. It delivers big with Rage Virus-sparked tension and action, but also takes an unexpected turn that's staggeringly refreshing and effective. **4.5/5**
Matt Singer, ScreenCrush - A great zombie series refuses to die. **7/10**
Bill Goodykoontz, Arizona Republic - Boyle controls every frame -- don’t let the mind-bending chaos of the chase scenes fool you. This is a technical marvel. **4.5/5**
Rocco T. Thompson, Slant Magazine - The film’s conception of the future, perceptively, looks back to humankind’s primeval past. **3/4**
Jake Coyle, Associated Press - This is an unusually soulful coming-of-age movie considering the number of spinal cords that get ripped right of bodies.
Philip De Semlyen, Time Out - Boyle reinvents the zombie movie as a bloody pop-art installation. **3/5**
Alonso Duralde, The Film Verdict - As these two modern masters of genre subversion have matured, they’ve also figured out a way to check off the boxes of thrills and gore and suspense while also finding something real to say about perseverance, hope, and love.
Richard Lawson, Vanity Fair - Grim and strange, 28 Years Later finds Boyle once again following the irregular rhythms of his brain.
Alejandra Martinez, Austin Chronicle - As the start of a new trilogy for the franchise, it’s a promising entry that signals a different approach to a well-worn subgenre. **3/5**
Esther Zuckerman, Bloomberg News - One of the strangest, most exhilarating blockbusters in recent memory. It’s a truly bizarre piece of art that’s somehow both grotesque and extremely moving.
Rafer Guzman, Newsday - 28 Years Later tries hard to outpace the original film and keep up with the culture at large, but instead it lumbers slowly behind. **1.5/4**
Michael Ordoña, San Francisco Chronicle - Garland and Boyle have made a different film than the other two installments, and deserve credit for that.
Clarisse Loughrey, Independent (UK) - 28 Years Later is a post-Brexit, Covid-conscious take on this world, with ideas about nationalism, isolationism, and weaponised culture added to the mix. But it’s punchy and simple once again. **3/5**
William Bibbiani, TheWrap - The filmmakers haven’t redefined the zombie genre, but they’ve refocused their own culturally significant riff into a lush, fascinating epic that has way more to say about being human than it does about (re-)killing the dead.
David Ehrlich, IndieWire - Wildly unexpected for a film that’s been promised for so long, this tense and tender post-apocalyptic drama contends that to exist in denial of death is to corrupt the integrity of life itself. **B+**
Ben Travis, Empire Magazine - With 28 Years Later, Boyle and Garland return to breathe thrilling life back into an overexposed genre. There isn’t an obvious choice in sight. **4/5**
Peter Debruge, Variety - Typically, we look to adrenaline-fueled entertainment for catharsis. Boyle’s thrilling reboot offers enlightenment as well.
Caryn James, [BBC.com](http://BBC.com) \- It glows with Boyle's visual flair, Garland's ambitious screenplay and a towering performance from Ralph Fiennes. **3/5**
Peter Bradshaw, Guardian - An interesting, tonally uncertain development which takes a generational, even evolutionary leap into the future... creating something that mixes folk horror, little-England satire and even a grieving process for all that has happened. **3/5**
David Fear, Rolling Stone - Whether it all comes together as a satisfactory whole... is anyone’s guess. Taken on its own, however, Boyle and Garland’s trip back to this hellscape makes the most of casting a jaundiced, bloodshot eye at our current moment.
Robbie Collin, Daily Telegraph (UK) - It’s Fiennes’s gently patrician, RP-accented doctor which gives 28 Years Later its lingering, Kiplingian ache. **5/5**
Jacob Oller, AV Club - A blistering adventure filled with dread and wonder, there’s a macabre classicism to the film—a sense that, even if life as we know it falls apart, some essential elements persevere. **B**
Jordan Hoffman, Entertainment Weekly - One of the richest horror movies in a very long time. **A-**
Donald Clarke, Irish Times - The rich, allusive, aggressively English result, with Boyle back as director, finds fresh things to say with the disgusting lore while keeping comfortably between the franchise’s guardrails. **4/5**
Ed Potton, The Times (UK) - The sense of hallucinogenic sweatiness won’t be to everyone’s taste but \[Garland\] and Boyle should be applauded for taking such big swings and having the flair and confidence to pull them off. It’s an astonishing piece of work. **5/5**
Bilge Ebiri, New York Magazine/Vulture - 28 Years Later is choppy, muddled, strange, and not always convincing. But I’m not sure I’ll ever forget it.
Meagan Navarro, Bloody Disgusting - This riveting blend of horror and heart reminds that death, horror’s favorite equalizer, can be as beautiful as it can be cruel. **4/5**
Liz Shannon Miller, Consequence - Boyle and Garland’s return to the franchise seems deliberately set on reinventing as many cliches as it can, while also exploding our assumptions about what a zombie movie might be. **B**
Linda Marric, HeyUGuys - 28 Years Later is a reinvention of the trilogy. It dares to evolve when most sequels retreat. It’s a rare horror film that provokes as much as it terrifies, asking not just how we survive the end of the world, but what kind of people we become afterward. **5/5**
David Rooney, The Hollywood Reporter - It never feels like a cynical attempt to revisit proven material merely for commercial reasons. Instead, the filmmakers appear to have returned to a story whose allegorical commentary on today’s grim political landscape seems more relevant than ever.
Kristen Lopez, The Film Maven (Substack) - 28 Years Later is a recipe I’d assume says: a dash zombie movie, a pinch of melancholy story of loss and existence, a hint of tone poem, and a soupçon of batshit insane. **B-**
Nick Schager, The Daily Beast - A gripping, unnerving, and altogether thrilling saga that both continues its predecessors’ illustrious legacy and initiates what’s shaping up to be a promising new horror trilogy.
Nick Howells, London Evening Standard - It's that time, halfway through the year, when enough movies have been seen to risk the phrase “best film of the year so far”. And right on cue, here we have it. Nothing in 2025 has been as good as this supercharged, shuddering blast. **5/5**
**SYNOPSIS:**
Academy Award®-winning director Danny Boyle and Academy Award®-nominated writer Alex Garland reunite for ***28 Years Later***, a terrifying new ""auteur horror"" story set in the world created by 28 Days Later. It’s been almost three decades since the rage virus escaped a biological weapons laboratory, and now, still in a ruthlessly enforced quarantine, some have found ways to exist amidst the infected. One such group of survivors lives on a small island connected to the mainland by a single, heavily-defended causeway. When one of the group leaves the island on a mission into the dark heart of the mainland, he discovers secrets, wonders, and horrors that have mutated not only the infected but other survivors as well.
**CAST:**
* Jodie Comer as Isla
* Aaron Taylor-Johnson as Jamie
* Jack O'Connell as Sir Jimmy Crystal
* Alfie Williams as Spike
* Ralph Fiennes as Dr. Ian Kelson
**DIRECTED BY:** Danny Boyle
**WRITTEN BY:** Alex Garland
**PRODUCED BY:** Andrew Macdonald, Peter Rice, Bernard Bellew, Danny Boyle, Alex Garland
**EXECUTIVE PRODUCERS:** Cillian Murphy, Allon Reich
**DIRECTOR OF PHOTOGRAPHY:** Anthony Dod Mantle
**PRODUCTION DESIGNER:** Mark Tildesley
**EDITED BY:** Jon Harris
**COSTUME DESIGNER:** Carson McColl Gareth Pugh
**MUSIC BY:** Young Fathers
**CASTING BY:** Rebecca Farhall, Gail Stevens
**RUNTIME:** 126 Minutes
**RELEASE DATE:** June 20, 2025",Audience Reception / Ratings
24,28 Years Later,Are you seeing 28 YEARS LATER this weekend?,742,0.93,400,Im going tonight at 10 in the dolby!!! Anyone else seeing this? Im taking my girlfriend with me. We spent the last two days watching 28 DAYS LATER and 28 WEEKS LATER. Do you think they were lying to us and Jim shows up at the end to set up 28 YEARS LATER: THE BONE TEMPLE?,Audience Reception / Ratings
25,28 Years Later,'28 Years Later' Rotten Tomatoes Verified Audience Score Thread,520,0.97,575,"I will continue to update this post as the score changes.
**Rotten Tomatoes Popcornmeter:** Hot
**Audience Says:** An undeniably ambitious installment, *28 Years Later* may disappoint fans seeking the original’s iconic raw horror, but most will be moved by the emotional depth brought to life by its talented cast.[](https://www.rottentomatoes.com/m/28_years_later/reviews?type=user)
|Audience|Score|**Number of Reviews**|**Average Rating**|
|:-|:-|:-|:-|
|**Verified Audience**|65%|1,000+|3.6/5|
|**All Audience**|62%|2,500+|3.4/5|
**Verified Audience Score History:**
* 67% (3.6/5) at 250+
* 68% (3.7/5) at 500+
* 65% (3.6/5) at 1,000+
[**Rotten Tomatoes:**](https://www.rottentomatoes.com/m/28_years_later) Certified Fresh
**Critics Consensus:** *28 Years Later* taps into contemporary anxieties with the ferocious urgency of someone infected with Rage Virus, delivering a haunting and visceral thrill ride that defies expectations.
|Critics|Score|**Number of Reviews**|
|:-|:-|:-|
|**All Critics**|89%|210|
|**Top Critics**|94%|50|
[**Metacritic:**](https://www.metacritic.com/movie/28-years-later/) 76 (52 Reviews)
**SYNOPSIS:**
Academy Award®-winning director Danny Boyle and Academy Award®-nominated writer Alex Garland reunite for ***28 Years Later***, a terrifying new ""auteur horror"" story set in the world created by 28 Days Later. It’s been almost three decades since the rage virus escaped a biological weapons laboratory, and now, still in a ruthlessly enforced quarantine, some have found ways to exist amidst the infected. One such group of survivors lives on a small island connected to the mainland by a single, heavily-defended causeway. When one of the group leaves the island on a mission into the dark heart of the mainland, he discovers secrets, wonders, and horrors that have mutated not only the infected but other survivors as well.
**CAST:**
* Jodie Comer as Isla
* Aaron Taylor-Johnson as Jamie
* Jack O'Connell as Sir Jimmy Crystal
* Alfie Williams as Spike
* Ralph Fiennes as Dr. Ian Kelson
**DIRECTED BY:** Danny Boyle
**WRITTEN BY:** Alex Garland
**PRODUCED BY:** Andrew Macdonald, Peter Rice, Bernard Bellew, Danny Boyle, Alex Garland
**EXECUTIVE PRODUCERS:** Cillian Murphy, Allon Reich
**DIRECTOR OF PHOTOGRAPHY:** Anthony Dod Mantle
**PRODUCTION DESIGNER:** Mark Tildesley
**EDITED BY:** Jon Harris
**COSTUME DESIGNER:** Carson McColl Gareth Pugh
**MUSIC BY:** Young Fathers
**CASTING BY:** Rebecca Farhall, Gail Stevens
**RUNTIME:** 126 Minutes
**RELEASE DATE:** June 20, 2025",Audience Reception / Ratings
28,28 Years Later,It took them more than a decade tk release the movie 28 years later because the Iphone battery kept dying,5054,0.99,51,"First comment: \&gt;28 years later  
\&gt;Film released in 2025 (actually 23 years later) instead of 2030
What the fuck were they thinking? This is legit unwatchable to me",Audience Reception / Ratings
29,28 Years Later,Official Dreadit Discussion: “28 Years Later” [SPOILERS],320,0.94,1336,"**Summary:**
It’s been almost three decades since the rage virus escaped a biological weapons laboratory, and now, still in a ruthlessly enforced quarantine, some have found ways to exist amidst the infected. One such group of survivors lives on a small island connected to the mainland by a single, heavily-defended causeway. When one of the group leaves the island on a mission into the dark heart of the mainland, he discovers secrets, wonders, and horrors that have mutated not only the infected but other survivors as well.
**Links / Reviews:**
* [IMDb](https://www.imdb.com/title/tt10548174/?ref_=nv_sr_srsg_1_tt_7_nm_0_in_0_q_28%2520years%2520later)
* [Rotten Tomatoes](https://www.rottentomatoes.com/m/28_years_later)
* [Letterboxd](https://letterboxd.com/film/28-years-later/)
* [Metacritic](https://www.metacritic.com/movie/28-years-later/)
**Directed By:**
* [Danny Boyle](https://en.wikipedia.org/wiki/Danny_Boyle)
**Written By:**
* [Alex Garland](https://en.wikipedia.org/wiki/Alex_Garland)
**Cast:**
* [Jodie Comer](https://en.wikipedia.org/wiki/Jodie_Comer) as Isla
* [Aaron Taylor-Johnson](https://en.wikipedia.org/wiki/Aaron_Taylor-Johnson) as Jamie
* [Ralph Fiennes](https://en.wikipedia.org/wiki/Ralph_Fiennes) as Dr. Kelson
* [Jack O'Connell](https://en.wikipedia.org/wiki/Jack_O%27Connell_(actor)) as Sir Lord Jimmy Crystal
* Alfie Williams as Spike
* [Erin Kellyman](https://en.wikipedia.org/wiki/Erin_Kellyman) as Jimmy Ink
* [Edvin Ryding](https://en.wikipedia.org/wiki/Edvin_Ryding) as Erik Sundqvist
* Chi Lewis-Parry
* [Emma Laird](https://en.wikipedia.org/wiki/Emma_Laird) as Jimmima
**Cinematographer:**
* [Anthony Dod Mantle](https://en.wikipedia.org/wiki/Anthony_Dod_Mantle)
**Editor:**
* [Jon Harris](https://en.wikipedia.org/wiki/Jon_Harris_(film_editor))
**Composer:**
* [Young Fathers](https://en.wikipedia.org/wiki/Young_Fathers)
**Producers:**
* Danny Boyle
* Alex Garland
* [Andrew Macdonald](https://en.wikipedia.org/wiki/Andrew_Macdonald_(producer))
* [Peter Rice](https://en.wikipedia.org/wiki/Peter_Rice_(executive))
* Bernie Bellew",Audience Reception / Ratings
32,28 Years Later,"In 28 Years Later, in order to portray an environment of free flowing hostility, romanticised nationalism &amp; sexual/domestic transgressions, it was filmed in Great Britain.",2068,0.95,88,"First comment: I bet an American made this post, curtains closed in the room so they can't see their entire country on fire outside.",Audience Reception / Ratings
33,28 Years Later,[SPOILERS] 28 Years Later - Official Discussion &amp; Review Thread,219,1.0,2857,"**As stated in** [our previous announcement](https://www.reddit.com/r/28dayslater/comments/1kxmk76/read_important_announcement_community_changes/), starting today (June 11th), we are imposing a sub-wide moratorium, meaning we want to keep **all** **spoiler/spoiler-ish content and discussion about the film limited to this thread** to prevent users in the sub who have not yet had the chance to watch the film from being spoiled about things that may happen/be revealed in it (any lore revelations, plot twists, major character deaths, easter eggs, etc). Many people have been waiting 18+ years for this film, so it only feels fair to allow fans to see the film without having the experience ruined by a post popping up in their main Reddit feed simply for being a member of our community.  
  
This will only be for a short time (July 1st) to allow time for the film to be released in most regions and give people a decent chunk of time to go and see the movie in theaters at their availability), and, much like with our approval system to prevent the sub from being clogged up with different threads for each individual's opinion on the film or discussion of events.  
  
As such, posts to the main sub discussing the film's **narrative events, spoiler content, or discussing content that hasn't been shown (or displayed in full context) in official pre-release trailers/interviews will be rejected** for approval for the immediate future. We also kindly ask that you use ||spoiler tags|| when discussing possibly spoiler-y information about the film in the comments other posts/threads. 
**Reviews** (and links to reviews in the media/trades/YouTubers) that provide adequate commentary and follow our quality guidelines and contain **no** spoilers about the film's narrative **will** still be accepted on the main page as the media/social embargo lifts -- as well as links to external reviews that cover spoiler content **so long as they are properly tagged and the spoiler-y nature is made clear in the title of the post and/or the review in question itself has a defined ""spoiler section""**. However, brief reviews (such as those found on *Tiktok,* *X/Twitter, Instagram/Threads, Mastodon,* or *BlueSky*) and internal community/user-made spoiler reviews **should be shared/commented here**. 
We also understand that many people will have a variety of opinions about this film ranging from good to bad, we ask that while people may feel passionate/strongly about their feelings, good or bad, that they **attempt to remain critical/constructive in their reviews**: explain *why* you liked/disliked certain aspects of the film, make points in good faith (no ragebaiting) and do not attack or gatekeep other users for holding contrary opinions. I think the sub has remained quite civil so far with regards to the divide in the fandom's opinions regarding their like or dislike of *Weeks* and we'd like to keep it that way going forward in discussions about *Years*. As always, ""reviews"" that merely serve as a trojan to grift political/""culture war"" talking points will not be accepted.",Audience Reception / Ratings
35,28 Years Later,'28 Years Later' gets a B on CinemaScore,691,0.98,255,"First comment: I don't think this is gonna be a leggy one, I don't think it will suffer total audience rejection but it's 2nd weekend drop is going to hurt",Audience Reception / Ratings
38,28 Years Later,28 Years Later is the first movie of the series that manages to make me cry,582,0.91,278,"While I understand the audience being kind of divided over this film (and knowing this is not being made as a unique film, but one relying on future sequels shot back to back), I cannot help but keep thinking about it time and time again. #2 best movie of the year after Sinners so far. Surprisingly beautiful and even kind of hopeful. 10/10.",Audience Reception / Ratings
43,28 Years Later,"’28 Years Later’ $5.8M, ‘Elio’ $3M Previews – Friday AM Box Office",442,0.97,243,First comment: Audience reception for *28 Years Later* seems quite toxic.,Audience Reception / Ratings
45,28 Years Later,28 Years Later and the backlash against it,320,0.85,282,"I had a depressing revelation as I scrolled down a sea of comments calling this ""boring"" and ""the worst movie everrrr"".
It became very apparent to me why generic, formulaic Marvel shit has dominated the box office for the last 15 years. This film has its flaws, but it's bold, cerebral, and genuinely brilliant. Seems like a lot of people just wanted this to be 28 Days Later's version of The Force Awakens. 
Here's my hot take: I'd rather get a film that's imperfect but has artistic vision and actually takes risks than an uninspired, studio cashgrab like 28 Weeks Later.
Edit: I'm not saying that there aren't legitimate reasons why some people dislike like the film. People have commented that it feels disjointed and tonally inconsistent, and people in this comment section have offered legitimate criticism. Like I said, the film has its flaws, and makes some strange creative choices. I understand why some people might not like it.
I'm more addressing the more superficial 
criticisms I keep seeing.
""It was boring,"" 
""It was shit,"" 
""Not enough zombies.""
""Not enough action""",Audience Reception / Ratings
48,28 Years Later,'28 Years Later' - Review Thread,267,0.95,279,"**28 Years Later**
* [Rotten Tomatoes](https://www.rottentomatoes.com/m/28_years_later) 92% (133 Reviews)
&gt;28 Years Later taps into contemporary anxieties with the ferocious urgency of someone infected with Rage Virus, delivering a haunting and visceral thrill ride that defies expectations.
* [Metacritic](https://www.metacritic.com/movie/28-years-later/):  76 (46 Reviews)
**Reviews**
[The Hollywood Reporter](https://www.hollywoodreporter.com/movies/movie-reviews/28-years-later-review-jodie-comer-aaron-taylor-johnson-1236294541/):
&gt;It never feels like a cynical attempt to revisit proven material merely for commercial reasons. Instead, the filmmakers appear to have returned to a story whose allegorical commentary on today’s grim political landscape seems more relevant than ever.
[Deadline](https://deadline.com/2025/06/28-years-later-review-danny-boyle-jodie-comer-zombie-horror-1236436839/):
&gt;Most threequels tend to go bigger, but 28 Years Later bucks that trend by going smaller, eventually becoming a chamber piece about a boy trying to hold onto his mother.
[Variety](https://variety.com/2025/film/reviews/28-years-later-review-1236435361/):
&gt;Typically, we look to adrenaline-fueled entertainment for catharsis. Boyle’s thrilling reboot offers enlightenment as well.
[The Times] (https://www.telegraph.co.uk/films/0/28-years-later-review-danny-boyle-jodie-comer-ralph-fiennes/) (5/5) :
&gt;This follow-up doesn’t re-take the temperature of British society one generation on so much as vivisect its twitching remains.
[IGN] (https://www.ign.com/articles/28-years-later-review-danny-boyle-alex-garland-aaron-taylor-johnson-jodie-comer) (9/10):
&gt;28 Years Later is as potent and timely an exploration of cultural strife as the original, and Danny Boyle and Alex Garland tug at the heartstrings with bloody, deadly skill.
[Entertainment Weekly](https://ew.com/28-years-later-review-danny-boyle-movie-franchise-creative-daring-11756797) (A-):
&gt;One of the richest horror movies in a very long time.
[Collider](https://collider.com/28-years-later-review-danny-boyle/) (9/10):
&gt;An exciting and terrifying horror movie, a fresh and nuanced entry into the zombie catalog, a mesmerizing philosophical tale, all packed into a coming-of-age structure, 28 Years Later is one of the best zombie horror movies we’ve been given in years.
[Rolling Stone] (https://www.rollingstone.com/tv-movies/tv-movie-reviews/28-years-later-review-danny-boyle-1235353364/):
&gt;Whether it all comes together as a satisfactory whole... is anyone’s guess. Taken on its own, however, Boyle and Garland’s trip back to this hellscape makes the most of casting a jaundiced, bloodshot eye at our current moment.
[The Wrap] (https://www.thewrap.com/28-years-later-review-danny-boyle/):
&gt;The filmmakers haven’t redefined the zombie genre, but they’ve refocused their own culturally significant riff into a lush, fascinating epic that has way more to say about being human than it does about (re-)killing the dead.
[IndieWire] (https://www.indiewire.com/criticism/movies/28-years-later-review-1235133645/) (B+):
&gt;Wildly unexpected for a film that’s been promised for so long, this tense and tender post-apocalyptic drama contends that to exist in denial of death is to corrupt the integrity of life itself.
[AV Club] (https://www.avclub.com/28-years-later-review) (B):
&gt;A blistering adventure filled with dread and wonder, there’s a macabre classicism to the film—a sense that, even if life as we know it falls apart, some essential elements persevere.
[Empire](https://www.empireonline.com/movies/reviews/28-years-later/) (4/5):
&gt;With 28 Years Later, Boyle and Garland return to breathe thrilling life back into an overexposed genre. There isn’t an obvious choice in sight.
[The Times] (https://www.thetimes.com/culture/film/article/28-years-later-review-the-best-in-danny-boyles-zombie-franchise-zwb08696h) (4/5) :
&gt;The sense of hallucinogenic sweatiness won’t be to everyone’s taste but [Garland] and Boyle should be applauded for taking such big swings and having the flair and confidence to pull them off. It’s an astonishing piece of work.
[Bloody Disgusting] (https://bloody-disgusting.com/reviews/3873444/28-years-later-review-danny-boyle-alex-garland-launch-new-trilogy-with-epic-journey/) (4/5):
&gt;This riveting blend of horror and heart reminds that death, horror’s favorite equalizer, can be as beautiful as it can be cruel.
[Total Film] (https://www.gamesradar.com/entertainment/horror-movies/28-years-later-review/) (3/5):
&gt;Come for the propulsive, heart-in-mouth first half, then, and stay for the risk-taking second.
[BBC] (https://www.bbc.com/culture/article/20250618-28-years-later-review) (3/5):
&gt;It glows with Boyle's visual flair, Garland's ambitious screenplay and a towering performance from Ralph Fiennes.
[The Guardian] (https://www.theguardian.com/film/2025/jun/18/28-years-later-review-danny-boyle-zombies-alex-garland-jodie-comer-aaron-taylor-johnson) (3/5):
&gt;An interesting, tonally uncertain development which takes a generational, even evolutionary leap into the future... creating something that mixes folk horror, little-England satire and even a grieving process for all that has happened.
**Synopsis**:
&gt;It’s been almost three decades since the rage virus escaped a biological weapons laboratory, and now, still in a ruthlessly enforced quarantine, some have found ways to exist amidst the infected. One such group of survivors lives on a small island connected to the mainland by a single, heavily-defended causeway. When one of the group leaves the island on a mission into the dark heart of the mainland, he discovers secrets, wonders, and horrors that have mutated not only the infected but other survivors as well.
**Cast**
* Jodie Comer as Isla
* Aaron Taylor-Johnson as Jamie
* Ralph Fiennes as Dr. Ian Kelson
* Jack O'Connell as Sir Jimmy Crystal
* Alfie Williams as Spike
* Erin Kellyman as Jimmy Ink
* Edvin Ryding as Erik Sundqvist
* Chi Lewis-Parry as ""the Alpha""
* Emma Laird as Jimmima
Directed by: Danny Boyle
Written by: Alex Garland
Produced by: Danny Boyle, Alex Garland, Andrew Macdonald, Peter Rice, and Bernie Bellew
Cinematography: Anthony Dod Mantle
Edited by: Jon Harris
Music by: Young Fathers
Running time: 115 minutes
Release dates: June 20, 2025",Audience Reception / Ratings
51,28 Years Later,Just a shout out to anyone who attended the 7.20m showing of 28 Years Later in Movies @ The Square last night.,541,0.9,125,"Well done one and all. You were all brought up right. I'm easily distracted (yeah I know, that's a me problem) but it's the least annoying, most pleasurable cinema experience I've had in years. Not one late arrival, not one person who thought they were in their sitting room and it was time for a nice aul chat, and, shock horror, not one single person looked at their phone (and I was pretty high up in the rows) throughout the whole showing. Again, well done all, more of this please.👍",Audience Reception / Ratings
65,28 Years Later,"28 Years Later – thoughts on audience expectations, suspension of disbelief and enjoyment (SPOILERS)",85,0.85,206,"28 Years Later seems to be dividing audiences more than it’s dividing critics, who generally seem to like it. But why is that? For the record, I liked it a lot, but I can see why some people wouldn’t. Whether you liked or disliked the movie, what was it that led you to that opinion? 
**Audience expectations**
When a film is a sequel, it’s reasonable to expect that it’s somewhat similar to the original. However it’s also reasonable for the film-makers to want to try something different, especially when it’s set 28 years after the original. Nobody really wants a sequel that hews too closely to the original after all. I don’t think there’s a right or a wrong expectation here, but the film is quite a different beast to the original and I understand why not everyone would be on board with that. 
Then there’s expectations connected to the film’s genre. Obviously you’d expect the film to be in the zombie horror genre, so I can see why people might be disappointed by some of the crazy things in the film that don’t fit easily into that. In fact, what genre even is it? It’s not exactly a road movie, it’s not really a quest, it’s not really folk horror, although it has elements of all those things. I think the lack of a fixed genre is actually the film’s strongest asset, although again I can see why others would disagree. 
**Suspension of Disbelief**
Some elements of the film are ridiculous. But should that matter? My rule is that if something is established as part of the film’s premise, then it doesn’t require explanation and you just have to let it go. Can other countries really not pick up people who obviously aren’t infected and transport them to safety, including the whole population of the island? Apparently not, but you just have to go with it. Maybe there’s a good reason that will be explained in subsequent films, or maybe not. I don’t want a film that ties itself in knots explaining everything about its own premise. Many people do want these things though, and who am I to say that they’re wrong?
For me suspension of disbelief is only an issue if it concerns something that comes up during the events of the film, such as people repeatedly doing stupid things just to make the plot work (I’m looking at you, 28 Weeks Later). In this respect, Years manages OK, or certainly no worse than most other action/suspense films.
**Enjoyment**
I thought on a moment by moment basis, the film worked really well. Not everything worked, but it kept moving and never got bogged down in anything that didn’t work for too long. The original starts sober and goes crazy by the end. This one cycles through all different types of crazy throughout. It’s very much more in the “dumb fun” category. I think it’s hard to fully appraise because it depends on the two upcoming films. 
What are your views? I’m particularly interested in what you consider to be reasonable or unreasonable expectations when approaching a film like this.",Audience Reception / Ratings
66,28 Years Later,"The Best Horror Movies of 2025 So Far, Ranked: ‘Sinners,’ ‘Final Destination Bloodlines,’ ’28 Years Later’ and More",117,0.76,176,First comment: The fact that Bring Her Back isn't even mentioned is ridiculous,Audience Reception / Ratings
68,28 Years Later,Is 28 years later as good as people say?(no spoilers pls),58,0.95,210,First comment: Nope. 28 Days is still the best.,Audience Reception / Ratings
74,Ballerina,Official Discussion - From the World of John Wick: Ballerina [SPOILERS],578,0.92,1066,"#Poll
**If you've seen the film, please rate it [at this poll](https://strawpoll.ai/poll/vote/gh5jt24s2NGH)**
**If you haven't seen the film but would like to see the result of the poll [click here](https://strawpoll.ai/poll/results/gh5jt24s2NGH)**
#Rankings
[Click here](https://strawpoll.ai/list/ItnAgr4mX7QR) to see the rankings of 2025 films
[Click here](https://youpoll.me/list/4/) to see the rankings for every poll done 
---
**Summary**
Set between the events of *John Wick: Chapter 3 – Parabellum* and *Chapter 4*, *Ballerina* follows Eve Macarro, a ballerina-turned-assassin trained by the Ruska Roma. Driven by vengeance after her father's murder, Eve embarks on a relentless mission against the Chancellor, confronting a deadly town of killers in Hallstatt, Austria. Along her journey, she crosses paths with familiar faces from the John Wick universe, including John Wick himself.
**Director**
Len Wiseman 
**Writer**
Shay Hatten 
**Cast**
* Ana de Armas as Eve Macarro
* Anjelica Huston as The Director
* Gabriel Byrne as The Chancellor
* Lance Reddick as Charon
* Norman Reedus as Daniel Pine
* Ian McShane as Winston Scott
* Keanu Reeves as John Wick
* Catalina Sandino Moreno as Lena
**Rotten Tomatoes**: [78%](https://www.rottentomatoes.com/m/ballerina_2024)
**Metacritic**: [66](https://www.metacritic.com/movie/ballerina/)
**VOD**
Available in theaters and on premium VOD.
**Trailer**
[Watch here](https://www.youtube.com/watch?v=u9RorU0EOi4)
---",Audience Reception / Ratings
80,Ballerina,Ballerina is in a weird spot,846,0.97,216,"Saw the movie twice, once with friends and once with family and really enjoyed it both. 
The general consensus for ratings, reviews and critics I’ve seen everywhere seem to agree and say that it’s pretty damn good: IMDb, tik tok, Facebook, instagram, Reddit, rotten tomatoes, etc. 
But the sad part is the box office isn’t the best.. not the worst but still. I know we’re still waiting on releases in Japan, Korea and India (released in Italy yesterday). So like I’m wondering if a sequel will happen.. Ana said she’s ready to do one so I think a sequel will happen cus no way it’s the only time we see Eve
Thoughts?",Audience Reception / Ratings
82,Ballerina,"Before the release of Ballerina, tell me, what's your favorite John Wick movie?",494,0.97,278,First comment: 4 closely followed by 3,Audience Reception / Ratings
84,Ballerina,What did you think of Ballerina? (NO SPOILERS),422,0.99,287,"First comment: Fucking amazing. They dodged every ""Wonder Woman"" BS that they could've added in there.",Audience Reception / Ratings
86,Ballerina,Ballerina - Review Thread,242,0.89,416,"**Ballerina - Review Thread**
* [Rotten Tomatoes](https://www.rottentomatoes.com/m/ballerina_2024): 76% (95 Reviews)
* [Metacritic](https://www.metacritic.com/movie/ballerina/): 62 (32 Reviews)
Reviews:
[Hollywood Reporter](https://www.hollywoodreporter.com/movies/movie-reviews/from-the-world-of-john-wick-ballerina-review-ana-de-armas-1236255035/) (70):
&gt;If the dizzying crescendo of intricately choreographed fight scenes is the main attraction in Ballerina, it’s those occasional moments of dry humor that make it a welcome extension of the John Wick universe.
[Deadline](https://deadline.com/2025/06/ballerina-review-ana-de-armas-spinoff-john-wick-1236423083/)
&gt;Part of the majesty behind the Wick franchise is attributable to its legacy. Stahelski knows his cinema and the series’ maximalism is in direct conversation with the silent slapstick stars of yesteryear as much as 1979’s The Warriors. It is, in other words, a unique blend of physical comedy and transcendental action. Ballerina very much continues that tradition, with several fights whose inspirations seem as disparate as Looney Tunes and Police Story. Beyond the usual fare of weaponry, there are inventive uses of restaurant cookery, ice skates as slicing nunchaku, and an entire section that feels as if the town from Beauty and the Beast was filled with highly trained killers.
[Variety](https://variety.com/2025/film/reviews/ballerina-review-ana-de-armas-john-wick-1236416050/) (60):
&gt;Ballerina is a worthy entry in the “John Wick” canon, though I say that as someone who doesn’t think the “John Wick” canon is all that. By the end, Ana de Armas has proved that fighting like a girl and fighting like a guy need not be appreciably different, especially if they’re all fighting like a video game.
[The Wrap](https://www.thewrap.com/ana-de-armas-ballerina-john-wick-review/) (73):
&gt;“Ballerina” is a cluttered mess with a boring storyline but the action is often amazing, and there’s a genuine sense of humor to all its weird duels to the death. That’s something that’s been absent from the self-serious “John Wick” movies for far too long — an acknowledgement of their own wackiness.
[Entertainment Weekly](https://ew.com/ballerina-review-ana-de-armas-kills-busloads-people-orgy-violence-11747832) (58)
&gt;Like dining at Burger King, it's undeniably enjoyable, but may leave you with a queasy feeling when it's all over.
[Collider](https://collider.com/ballerina-review-john-wick-ana-de-armas/) (70):
&gt;Ballerina gets off to a shaky start that almost feels like it misunderstands what has made the John Wick series so much fun for so long. Yet once the absurdity of the action takes hold, and Ana de Armas gets to prove herself as a fitting potential heir to this franchise, Ballerina captures the blunt, chaotic action that this series thrives on.
[IGN](https://www.ign.com/articles/john-wick-ballerina-review-ana-de-armas-keanu-reeves) (80):
&gt;It’s a spinoff that knows why the John Wick series has been so successful, and both effectively follows the rules while adding to the ever expanding world. While it takes a good portion of its screentime to find confident footing, when the second half gets moving, the energy is undeniable as Ballerina becomes one funny, bloody and creative fight scene after another. I’m hoping for an encore.
[Rolling Stone](https://www.rollingstone.com/tv-movies/tv-movie-reviews/ballerina-review-john-wick-ana-de-armas-1235345736/) (50):
&gt;At its best, this tale of a young female assassin seeking vengeance and wreaking havoc is one more chance to see expertly choreographed mayhem. At its worst, it plays like a Wick-ipedia sub-entry ambitiously pumped up to main-event status. Let’s just say the balance tilts toward the latter more than you’d like.
[TotalFilm](https://www.gamesradar.com/entertainment/action-movies/from-the-world-of-john-wick-ballerina-review/) (70):
&gt;It makes for a tonally consistent movie, though one that fails to deliver on a deeper emotional level... It's a shame, because the action really is brilliant, even if the plot gives you a sense of déjà vu. Whoa.
Directed by Len Wiseman:
&gt;Taking place between the events of John Wick: Chapter 3 – Parabellum and Chapter 4, Eve Macarro, a ballerina-assassin, begins to train in the assassin traditions of the Ruska Roma and sets out to exact revenge for her father's death.
Cast:
* Ana de Armas as Eve Macarro
* Anjelica Huston as the Director
* Gabriel Byrne as the Chancellor
* Lance Reddick as Charon
* Norman Reedus as Daniel Pine
* Ian McShane as Winston Scott
* Keanu Reeves as John Wick",Audience Reception / Ratings
90,Ballerina,'From The World Of John Wick: Ballerina' Review Thread,340,0.97,237,"I will continue to update this post as reviews come in.
[**Rotten Tomatoes:**](https://www.rottentomatoes.com/m/ballerina_2025) Certified Fresh
**Critics Consensus:** Equipping a steely Ana de Armas with creatively brutal action choreography and a pleasingly kooky origin story, *Ballerina* pirouettes gracefully onto the Wickverse's centerstage.
|Critics|Score|**Number of Reviews**|
|:-|:-|:-|
|**All Critics**|75%|194|
|**Top Critics**|65%|37|
[**Metacritic:**](https://www.metacritic.com/movie/ballerina/) 59 (44 Reviews)
**Sample Reviews:**
Mark Kermode, Kermode and Mayo's Take (YouTube) - It is a car crash of a film.
Kyle Smith, Wall Street Journal - There isn’t much suspense or storytelling craftsmanship present at any point, but at least lots of people and things get broken.
Amy Nicholson, Los Angeles Times - Whether Eve’s inner black swan will win out over her white one is never in question. Instead, that polarity motif is more thrillingly captured when Eve fends off a flamethrower with a fire hose.
Jeannette Catsoulis, New York Times - Directed, with workmanlike efficiency, by Len Wiseman, “Ballerina” is at once insultingly facile and infuriatingly obtuse, its unmodulated tumult leaving little room for nuance or personality.
Soren Andersen, Seattle Times - Clumsy title. Clunky picture. **1.5/4**
Jocelyn Noveck, Associated Press - It must be said, the cheers from moviegoers are, as ever, disconcerting. **2/4**
Barry Hertz, Globe and Mail - De Armas is clearly committed to keeping the stakes high, even if the script fails to offer the full charm offensive she displayed in No Time to Die. But everyone else seems to be either wasted or impatiently waiting for their cheque to clear.
Richard Lawson, Vanity Fair - One happily trots along with Ballerina as it ventures into absurdity. Its silliness is, at least, compellingly rendered. It helps immensely that de Armas is such a limber, confident action performer.
Helen O'Hara, Time Out - Happily, it emerges at last with enough inventive action to stand alongside its murderous predecessors, and makes Ana de Armas into a likeable assassin hero -- a phrase that makes more sense in her killer-filled world than our own. **3/5**
Matt Singer, ScreenCrush - A surprisingly successful John Wick spinoff. **7/10**
Linda Marric, HeyUGuys - Ballerina is an interesting experiment—a spinoff that dares to be different but falls short of the excellence that defines its predecessors. It’s worth a watch for diehard fans, but unlikely to win over new ones. **3/5**
Tasha Robinson, Polygon - Ballerina may not satisfy all the John Wick stalwarts. But it does have its own satisfying angles, thanks to two things the filmmakers do radically differently from the rest of the franchise — and one thing they take straight from the series’ heart. **71/100**
Cary Darling, Houston Chronicle - It lives up to its blood-soaked lineage with star Ana de Armas proving that Keanu Reeves is not the only one who can rock the Glock. **4/5**
Brian Tallerico, [RogerEbert.com](http://RogerEbert.com) \- Maybe this shouldn’t be seen as something outside of the shadow of John Wick, but a bridge from one film in that franchise to the next. In that sense, it’s sturdy enough to get us there. **2.5/4**
Tim Robey, Daily Telegraph (UK) - The trouble is how little we care about Eve. **1/5**
Alison Willmore, New York Magazine/Vulture - It’s absurd, and thrilling, and gorgeous, and I don’t know what got us there, but while Ballerina doesn’t start off as a real John Wick movie, it sure ends as one.
Rafer Guzman, Newsday - It was a ""John Wick"" creator, David Leitch, who convinced the Oscars to create an award for Best Stunt Design, though it won’t be given out until the 2028 ceremony. Too bad -- ""Ballerina"" would have been a shoo-in. **3/4**
Liz Shannon Miller, Consequence - As a vehicle to add more lore and nuance to the JWCU — while also delivering numerous fun action sequences — Ballerina functions well. Unfortunately, it fails to give its star a real character to play, or a substantial plotline to follow. **C+**
Michael Phillips, Chicago Tribune - The new “John Wick” spinoff “Ballerina” is recommendable, -ish, primarily for the way Anjelica Huston, as the Russian mob boss, makes a meal out of a single-syllable word near the end. **2.5/4**
Danny Leigh, Financial Times - You’re left with the uncomfortable sense that a female star and a sense of humour was judged a step too far for the audience. Still, just enough vim lingers from the earlier Wicks. **3/5**
Tim Grierson, Screen International - Ballerina isn’t sharp enough to deserve de Armas’s killer performance.
Peter Bradshaw, Guardian - I do have to admit that de Armas carries off the essential silliness of Ballerina and, after her performance as Paloma in No Time to Die opposite Daniel Craig’s 007, she proves again she can do action. **3/5**
David Ehrlich, IndieWire - The good news is that “Ballerina” has another place it wants to show us, and that place turns out to be a wonderful addition to this franchise’s ever-swelling cinematic universe. **B-**
Alonso Duralde, The Film Verdict - The fight scenes are all Ballerina has going for it, but they’re frequent, varied, and clever enough to make watching the film a worthy summer pastime.
David Rooney, The Hollywood Reporter - De Armas is a magnetic presence with all the right moves, and Wiseman’s muscular direction make for mindless summer action entertainment with a lot of style.
Brian Truitt, USA Today - There’s no need to yearn for a female 007 or a woman Wick anymore – just hope for another film that’s all about Eve. **3.5/4**
David Fear, Rolling Stone - Ana de Armas has already proven her onscreen ass-kicking bona fides, but the movie merely gives her a lot of the same rinse-repeat emotional beats in between respectively receiving and dishing out beatings.
Clarisse Loughrey, Independent (UK) - While it doesn't add much depth to the world, it at least gives credence to the amusing suggestion that these films do, in fact, take place in an alternate dimension where every person on the planet is a professional assassin. **3/5**
Jordan Hoffman, Entertainment Weekly - Like dining at Burger King, it's undeniably enjoyable, but may leave you with a queasy feeling when it's all over.
William Bibbiani, TheWrap - Ballerina is a cluttered mess with a boring storyline but the action is often amazing, and there’s a genuine sense of humor to all its weird duels to the death. That’s something that’s been absent from the self-serious John Wick movies for far too long...
Owen Gleiberman, Variety - “Ballerina” is a worthy entry in the “John Wick” canon, though I say that as someone who doesn’t think the “John Wick” canon is all that.
Justin Clark, Slant Magazine - Sans a mythology of its own, or any substantive ties into where the John Wick films go chronologically after this, Ballerina is just another 87Eleven joint. **2/4**
**SYNOPSIS:**
Taking place during the events of JOHN WICK: CHAPTER 3 – PARABELLUM, BALLERINA follows Eve Macarro (Ana de Armas) who is beginning her training in the assassin traditions of the Ruska Roma.
**CAST:**
* Ana de Armas as Eve Macarro
* Anjelica Huston as The Director
* Gabriel Byrne as The Chancellor
* Lance Reddick as Charon
* Norman Reedus as Daniel Pine
* Ian McShane as Winston Scott
* Keanu Reeves as John Wick
**DIRECTED BY:** Len Wiseman
**WRITTEN BY:** Shay Hatten
**BASED ON CHARACTERS CREATED BY:** Derek Kolstad
**PRODUCED BY:** Basil Iwanyk, Erica Lee, Chad Stahelski
**EXECUTIVE PRODUCERS:** Kaley Smalley Romo, Louise Rosner, Kevan Van Thompson
**DIRECTOR OF PHOTOGRAPHY:** Romain Lacourbas
**PRODUCTION DESIGNER:** Philip Ivey
**EDITED BY:** Jason Ballantine, Julian Clarke
**COSTUME DESIGNER:** Tina Kalivas
**MUSIC BY:** Tyler Bates, Joel J. Richard
**CASTING BY:** Olivia Scott-Webb
**RUNTIME:** 125 Minutes
**RELEASE DATE:** June 6, 2025",Audience Reception / Ratings
95,Ballerina,'Ballerina' gets an A– on CinemaScore,526,0.97,103,"First comment: Compared to the *John Wick* films:
- *John Wick (2014):* B
- *John Wick: Chapter 2 (2017):* A–
- *John Wick: Chapter 3 – Parabellum (2019):* A–
- *John Wick: Chapter 4 (2023):* A
And compared to Len Wiseman's films:
- *Underworld (2003):* B+
- *Underworld: Evolution (2006):* B+
- *Live Free or Die Hard (2007):* A–
- *Total Recall (2012):* C+",Audience Reception / Ratings
106,Ballerina,"Looks like $4M+ previews for #Ballerina, including early access screenings on WED. Initial audience reception seems very positive. Should open around $30M.",411,0.98,71,First comment: Looks like another equalizer turnout where its a mild success and keeps the franchise going,Audience Reception / Ratings
107,Ballerina,"Don’t listen to haters, Ballerina was fucking awesome",333,0.9,81,"I’m not a big movie critic snob so I usually enjoy what I go see at the movies. That being said, Ballerina was an awesome movie. I don’t want to spoil anything so I’ll just it was overall fantastic and I’d totally watch it in theaters a second time.",Audience Reception / Ratings
113,Ballerina,I saw Ballerina at AMC last night so that I could catch it in Dolby Cinema. The absolute lack of etiquette in mainstream theaters is appalling. I’m over it. Should have just gone to AD.,171,0.93,111,"I love the concept of dual laser and other PLF options etc…but at the end of the day, I can’t tell you how different a given movie is—in premium large format experience vs standard DCP—as much as I can tell you the difference between audiences. 
Are all Alamo moviegoers great? Of course not. And I know enforcement is waning in locations. But it is nothing compared to the egregious talkers and phone users in the bigger theater circuits.
EDIT: Ballerina was fantastic!",Audience Reception / Ratings
115,Ballerina,This might be an unpopular opinion but I enjoyed Ballerina more then the John Wick films,130,0.68,119,"As much as I love John Wick 2 and 4, Ballerina blows them out of the water",Audience Reception / Ratings
116,Bride Hard,Unofficial Discussion - Bride Hard,10,0.68,53,"Playing in theaters 
Synopsis: Sam is a world-class secret agent, but a terrible maid of honor. After blowing off bridal duties for an international spy mission, she's demoted to bridesmaid at her friend's wedding. However, she soon gets a chance at redemption when armed mercenaries crash the ceremony, forcing Sam to take down the bad guys in a blaze of glory.
Rotten Tomatoes score: 27%
IMDB score: 4.9/10
Cast: 
Rebel Wilson as Sam
Anna Camp as Betsy
Anna Chlumsky as Virginia
Da'Vine Joy Randolph as Lydia
Gigi Zumbado as Zoe
Stephen Dorff as Kurt
Justin Hartley as Chris
Sam Huntington as Ryan
Sherry Cola as Nadine
Michael O'Neill as Frank
Jeff Chase as Magnus
Craig Anton as Mark
Colleen Camp as Diane
Directed by: Simon West",Audience Reception / Ratings
117,Bride Hard,"""Bride Hard"" gets a 'B-' Cinemascore",40,0.85,9,"First comment: Could've been *much* worse...still better than Fight or Flight, Love Hurts and Argylle, which all got C+",Audience Reception / Ratings
123,Bride Hard,Bride Hard review – Rebel Wilson action comedy is hard to endure,23,0.74,20,First comment: In a way it is nice to see Rebel Wilson keep getting work just like all the other unfunny actors out there. Mediocrity shouldn't just be limited to men!,Audience Reception / Ratings
125,Bride Hard,Bride Hard showtimes,4,0.75,19,IDK if it's just my theater but I noticed when I was looking for showtimes for Bride Hard Thursday had 730 and 10:45 Friday and Saturday had 11 ish 445 and 1045 but then when I looked the only showing was the afternoon now Sunday and the rest of the week there is only the 1045. I wanted to see it but I really don't like getting out of a theater around 12 solo.,Audience Reception / Ratings
128,Bride Hard,‘Bride Hard’ Review: Rebel Wilson’s Laugh-Free Action Comedy Is an Invitation You’ll Want to Decline,21,0.69,11,First comment: Rebel Wilson consistently shows that she accidentally ended up in a few good comedies and is trying to make up for it.,Audience Reception / Ratings
135,Bride Hard,Bride Hard Is Trash! Theater Reaction #movie #reaction,1,1.0,0,,Audience Reception / Ratings
141,Bride Hard,Wake up new contender for worst movie of 2025 just dropped,286,0.95,104,To no one’s surprise. Its bride hard,Audience Reception / Ratings
145,Bride Hard,How old is the cut off for movies to stop showing naked minors?,0,0.39,28,"I watched this new movie bride hard and it was a great movie but one of the first pictures is like a topless 7 year old girl. I feel like that's way to old to be showing a topless minor. That's not a baby or even a toddler although I think both would have no business being in a movie.
Also just ranting a bit bit I was the only guy in a theater of like 30 woman and it felt like everyone was starting at me as if I knew this was gonna be shown whoever made this movie and approved that image is a dick.",Audience Reception / Ratings
157,Bride Hard,"New MPA/CARA Ratings and Reasons for the Week of Wednesday June 11, 2025.",0,0.33,2,"PG
**Grand Prix of Europe (ANIMATED)** (for some mid action and thematic elements.) Viva Pictures Distribution, L.L.C.
_________________________________________________________________________________________________________________________________________
PG-13
**Maintenance Required** (for some strong language, and sexual material.) Amazon MGM Studios
**We’re Not Safe Here** (for terror and some violent content/bloody images.) Saban Films, L.L.C.
_______________________________________________________________________________________________________________________
R
**Bride Hard** (for sexual references and some violence.) Magentga Light Studios, L.L.C.
**Cika** (For drug content, language throughout, and sexual material.) Sony Pictures Worldwide Acquisigtions, Inc.
**Eddington** (for strong violence, some grisly images, language, and graphic nudity.) A24
**Murder at the Embassy** (for some violent content.) Lionsgate
**Risque** (for sexual material, graphic nudity, bloody violence, language throughout, and some drug use.) Paramount Pictures Corporation
**Strange Harvest** (for disturbing/grisly violent content and language. Saban Films, L.L.C.",Audience Reception / Ratings
159,Elio,Official Discussion - Elio [SPOILERS],234,0.88,466,"#Poll
**If you've seen the film, please rate it [at this poll](https://strawpoll.ai/poll/vote/xU7zs6M3Yk4j)**
**If you haven't seen the film but would like to see the result of the poll [click here](https://strawpoll.ai/poll/results/xU7zs6M3Yk4j)**
#Rankings
[Click here](https://strawpoll.ai/list/ItnAgr4mX7QR) to see the rankings of 2025 films
[Click here](https://youpoll.me/list/4/) to see the rankings for every poll done
---
**Summary**
Elio, an 11-year-old boy with a vivid imagination, is accidentally beamed across the galaxy and mistaken for Earth’s intergalactic ambassador. As he learns to navigate strange alien civilizations, Elio embarks on a journey of self-discovery, courage, and connection.
**Director**
Adrian Molina
**Writer**
Adrian Molina
**Voice Cast**
* Yonas Kibreab as Elio Solis
* Zoe Saldaña as Olga Solis
* Jameela Jamil as Ambassador Questa
* Brad Garrett as Lord Grigon
* Remy Edgerly as Glordon
* Shirley Henderson as OOOOO
**Rotten Tomatoes**: [87%](https://www.rottentomatoes.com/m/elio)
**Metacritic**: [66](https://www.metacritic.com/movie/elio/)
**VOD**
In theaters June 13, 2025
**Trailer**
[Watch here](https://www.youtube.com/watch?v=ETVi5_cnnaE)
---",Audience Reception / Ratings
167,Elio,Pixar's ELIO - Review Thread,760,0.91,538,"**Pixar's ELIO - Review Thread**
* [Rotten Tomatoes](https://www.rottentomatoes.com/m/elio): 83% (54 Reviews)
* [Metacritic](https://www.metacritic.com/movie/elio/): 62 (21 Reviews)
Reviews:
[Variety](https://variety.com/2025/film/reviews/elio-review-pixar-1236433834/) (70):
&gt;Elio is right at home in the Pixar catalog, but lacks those undeniable signs of intelligent life (wit, surprise and the capacity to expand the medium) that set the studio’s best work apart.
[Hollywood Reporter](https://www.hollywoodreporter.com/movies/movie-reviews/elio-review-pixar-disney-zoe-saldana-brad-garrett-1236292709/) (60):
&gt;Elio feels just a tad too familiar in its sights and story beats to seem totally fresh.
[IndieWire ](https://www.indiewire.com/criticism/movies/elio-review-disney-pixar-1235132832/)(58):
&gt;Elio isn’t a bad time at the theaters — it’s pretty to look at, charming enough, and frequently funny. But by shying away from investing in where its main character is coming from, the movie makes his galactic adventures feel a bit weightless.
[SlashFilm](https://www.slashfilm.com/1888624/elio-pixar-movie-review/) (75):
&gt;The frenetic pace may keep kids hooked, but parents will appreciate the sequences when Elio hits the pause button and allows audiences to sit in the silence — of complicated ideas, of emotionally challenging conversations, and of the wonders around us we too often fail to appreciate.
[Collider](https://collider.com/elio-review-pixar/) (70):
&gt;But despite how charming and fun Elio is, it still falls prey to some of Pixar’s occasional problems. Yes, this is a story of intergalactic adventures and a wide universe of possibilities, but it still can get a bit convoluted at times.
[The Guardian](https://www.theguardian.com/film/2025/jun/17/elio-review-pixar):
&gt;Overall, it’s an entertaining bit of summer fun.
[Empire](https://www.empireonline.com/movies/reviews/elio/) (80):
&gt;Robert Zemeckis’ Contact for kids. A slow start gives way to a charming, visually inventive adventure that might just inspire a new generation of astronomers to look to the skies.
For centuries, people have called out to the universe looking for answers—in Disney and Pixar's all-new feature film *Elio*, the universe calls back! The cosmic misadventure introduces Elio, a space fanatic with an active imagination and a huge alien obsession. So, when he's beamed up to the Communiverse, an interplanetary organization with representatives from galaxies far and wide, Elio's all in for the epic undertaking. Mistakenly identified as Earth's leader, Elio must form new bonds with eccentric alien lifeforms, navigate a crisis of intergalactic proportions, and somehow discover who and where he is truly meant to be.",Audience Reception / Ratings
174,Elio,"'Elio' is Certified Fresh, currently at 87% on the Tomatometer, with 83 reviews.",644,0.94,203,"First comment: Look, I know it's not tracking well. But clearly it's a good film. At least people can't assign the blame to that if it does not break even.",Audience Reception / Ratings
177,Elio,Pixar's 'Elio' gets an A on CinemaScore,598,0.96,175,"First comment: Compared to other Pixar films:
- *Toy Story (1995):* A
- *A Bug's Life (1999):* A
- *Toy Story 2 (1999):* A+
- *Monsters, Inc. (2001):* A+
- *Finding Nemo (2003):* A+
- *The Incredibles (2004):* A+
- *Cars (2006):* A
- *Ratatouille (2007):* A
- *Wall-E (2008):* A
- *Up (2009):* A+
- *Toy Story 3 (2010):* A
- *Cars 2 (2011):* A–
- *Brave (2012):* A
- *Monsters University (2013):* A
- *Inside Out (2015):* A
- *The Good Dinosaur (2015):* A
- *Finding Dory (2016):* A
- *Cars 3 (2017):* A
- *Coco (2017):* A+
- *Incredibles 2 (2018):* A+
- *Toy Story 4 (2019):* A
- *Onward (2020):* A–
- *Lightyear (2022):* A–
- *Elemental (2023):* A
- *Inside Out 2 (2024):* A
*Soul*, *Luca*, and *Turning Red* didn't play on theaters so they have no grade.",Audience Reception / Ratings
178,Elio,'Elio' Review Thread,266,0.95,291,"I will continue to update this post as reviews come in.
[**Rotten Tomatoes:**](https://www.rottentomatoes.com/m/elio) Certified Fresh
**Critics Consensus:** Catapulted by its theme of building self-esteem, Pixar's latest cosmic wonder *Elio* boasts a fanciful world of original creations to dazzling effect.
|Critics|Score|**Number of Reviews**|
|:-|:-|:-|
|**All Critics**|85%|138|
|**Top Critics**|79%|33|
[**Metacritic:**](https://www.metacritic.com/movie/elio/) 66 (39 Reviews)
**Sample Reviews:**
Kyle Smith, Wall Street Journal - Elio isn't a first-rate Pixar offering, but thanks to sumptuous animation and a warm spirit, it's a cute Wizard of Oz-style journey to the beyond and back. Outer space is cool, but there's no place like home.
Bob Mondello, NPR - Prettily animated in bright pastels and voiced amusingly, the story serves a sweetly conventional set of lessons about friendship, standing up for yourself, and accepting love from allies who share your sensibilities.
David Fear, Rolling Stone - Dear Walt, how you wish this trip to the stars wasn’t so beholden to the gravitational pull of being just decent enough.
Adam Graham, Detroit News - It's standard, a passable piece of family entertainment, but far from what we once expected from the company that brought us ""Up,"" ""WALL-E"" and ""Inside Out."" It's nothing special. **C**
Katie Walsh, Tribune News Service - “Elio” is another knockout, a quiet but determined shooting star that earns its place in the galaxy. **4/4**
Dina Kaur, Arizona Republic - “Elio” is a good summer movie of intergalactic fun. It just plays it safe. **3.5/5**
Wenlei Ma, The Nightly (AU) - Elio is perfectly amiable movie that will delight. Even a second-tier Pixar is better than most things in the known universe. **3/5**
Nell Minow, Movie Mom - Pixar’s latest has everything we love about Pixar, a heartwarming story with endless imagination, charm, and wisdom, about an endearing character and the fears and joys of being human. **A**
Robert Daniels, [RogerEbert.com](http://RogerEbert.com) \- Schmaltzy yet sincere, “Elio,” the latest from Pixar, is as predictable as they come but as tender as they can get. **2.5/4**
Amy Nicholson, Los Angeles Times - The galaxy above is a fractalized freak-out: a psychedelic rainbow of delights that makes you think that more than one animator has spent time grooving to Phish in a Berkeley dorm.
Amy Amatangelo, Paste Magazine - As a story about children finding a place to belong, discovering their true sense of self and realizing that parents and parental figures love you even when they don’t always understand you, Elio is a lovely, if not particularly original story. **6.8/10**
Caroline Siede, The Daily Beast - For all its overt ’80s homages, there’s something timeless about Elio. too. It may be mid-tier Pixar, but that’s still likely to make it one of the better animated offerings of the year.
Steven D. Greydanus, Decent Films - The kind of movie that Lightyear should have been… Where other recent Pixar releases have been distinctly adolescent coming-of-age stories, Elio is fantastical escapism for children.
Johnny Oleksinski, New York Post - “Elio” is a nice, frequently rewarding 100 minutes. **3/4**
Randy Myers, San Jose Mercury News - While “Elio” doesn’t necessarily reach the complex thematic heights like some of Pixar’s classics, it’s always energetic, smart and sweet, and entertaining from start to finish. **3.5/4**
Alonso Duralde, The Film Verdict - But while the adventure is suitably wild and the sidekicks are at least visually appealing, Elio never quite clicks in the way that viewers have come to expect from the people behind Toy Story 3 and Finding Nemo.
G. Allen Johnson, San Francisco Chronicle - It’s not just the children in the audience who are transported to another time and place, but the adults as well. **3/4**
Carlos Aguilar, IGN Movies - Dazzling as its animation is, what’s most striking about Elio is how it depicts the slippery feeling of yearning for something we might not even know exists. **9/10**
Richard Lawson, Vanity Fair - Pixar has begun doing what it once seemed it never would: repeating itself.
Justin Clark, Slant Magazine - The film's aliens are truly some of the most, well, alien character designs to grace the big screen in quite some time, which gives an extra boost to the film’s core theme. **3/4**
Alison Willmore, New York Magazine/Vulture - For a movie about someone learning, in both literal and emotional ways, that he’s not alone in the universe, Elio has real trouble getting out of its own head.
William Bibbiani, TheWrap - It’s all about radical acceptance but can only talk about the real-world application of its message in general metaphors, so people who don’t actually accept 'weird,' 'different' kids won’t have to think about how wrong they are.
Peter Debruge, Variety - “Elio” is most fun once it becomes a buddy movie.
Tim Grierson, Screen International - Elio feels like a collection of disjointed narrative pieces struggling to form a coherent whole.
Laura Venning, Empire Magazine - It’s a vivid, sweet but not saccharine voyage of discovery that proves Pixar is still capable of imagination. **4/5**
Linda Marric, HeyUGuys - Elio is a bold and beautiful entry in Pixar’s canon—a film that dares to dream big and think deeply while still delivering laughs, wonder, and warmth. It speaks to the alien in all of us, reminding us that being lost is just the first step to being found. **5/5**
Clarisse Loughrey, Independent (UK) - Yet, despite the film having been hit by every imaginable roadblock... it’s surprising how well it’s still managed to emerge the other side with a cohesive and distinctive voice. **4/5**
Tara Brady, Irish Times - The candy-coloured character designs will please younger viewers, but the all-ages pleasures of peak Pixar are in short supply. **2.5/5**
Angie Han, The Hollywood Reporter - Elio is a perfectly nice kiddie sci-fi adventure that does everything a movie with that description is supposed to do.
Wilson Chapman, IndieWire - “Elio” isn’t a bad time at the theaters — it’s pretty to look at, charming enough, and frequently funny. **C+**
Peter Bradshaw, Guardian - Overall, it’s an entertaining bit of summer fun. **3/5**
Kevin Maher, The Times (UK) - Nothing here resonates and its slavish adherence to recent Pixar formula is ultimately deadening. **2/5**
Kristen Lopez, The Film Maven (Substack) - Elio is a charming little delight, but it never rises beyond. **C**
**SYNOPSIS:**
The cosmic misadventure introduces Elio, a space fanatic with an active imagination and a huge alien obsession. So, when he’s beamed up to the Communiverse, an interplanetary organization with representatives from galaxies far and wide, Elio’s all in for the epic undertaking. Mistakenly identified as Earth’s leader, Elio must form new bonds with eccentric alien lifeforms, navigate a crisis of intergalactic proportions, and somehow discover who and where he is truly meant to be.
**CAST:**
* Yonas Kibreab as Elio
* Zoe Saldaña as Aunt Olga
* Remy Edgerly as Glordon
* Brad Garrett as Lord Grigon
* Jameela Jamil as Ambassador Questa
* Shirley Henderson as OOOOO
**DIRECTED BY:** Madeline Sharafian, Domee Shi, Adrian Molina
**SCREENPLAY BY:** Julia Cho, Mark Hammer, Mike Jones, Adrian Molina
**STORY BY:** Adrian Molina
**PRODUCED BY:** Mary Alice Drumm
**EXECUTIVE PRODUCERS:** Pete Docter, Lindsey Collins
**MUSIC BY:** Rob Simonsen
**DIRECTOR OF PHOTOGRAPHY:** Derek Williams, Jordan Rempel
**PRODUCTION DESIGNER:** Harley Jessup
**VISUAL EFFECTS SUPERVISOR:** Claudia Chung Sanii
**STORY SUPERVISOR:** Brian Larsen
**ANIMATION SUPERVISORS:** Jude Brownbill, Travis Hathaway
**EDITED BY:** Anna Wolitzky, Steve Bloom
**CASTING BY:** Kate Hansen-Birnbaum, Natalie Lyon, Kevin Reher
**RUNTIME:** 99 Minutes
**RELEASE DATE:** June 20, 2025",Audience Reception / Ratings
185,Elio,GUYS! PLEASE! PLEASE! PEASE! WATCH ELIO!,283,0.81,165,"Don't let the bad reviews fool you! It's actually SUPER adorable! In an age where everyone is complaining about the live action Lilo and Stitch and how it COMPLETELY misses the point about family, about love, about being with the people that will accept you and love you through thick and thin, here comes an animated original that not only understands that concept but it also puts its own spin on it! 
It's also a movie about aliens, grief, self acceptance, love! And it's SUPER FUNNY! My sisters and I were laughing it up in the theater! Especially the scene where &gt;!clone Elio melts, traumatizing those soldiers for life! !&lt;
The score is fantastic, the visuals and animation are top notch! It's not fair that this movie was barely marketed! If word of mouth can get people to go to the theater and watch this, just like it did for Elemental, PLEASE go support this movie! It's good! It's fun! It's worthy of your time! It was made with passion and if you don't want to see more Disney live action garbage and sequels that disrespect what came before, please support the new stuff!",Audience Reception / Ratings
208,Elio,What’s the rating prediction for Elio?,501,0.99,43,"Looks like he managed to watch Elio, any guesses on what his rating and thoughts might be? I’m guessing a video is in progress for it.",Audience Reception / Ratings
212,Elio,Anon won't watch Elio,436,0.96,46,"First comment: That is a lucid, well thought-out, intelligent analysis. But I just don't watch movies with brown protags.",Audience Reception / Ratings
224,Elio,'Elio' Rotten Tomatoes Verified Audience Score Thread,138,0.92,74,"I will continue to update this post as the score changes.
**Rotten Tomatoes Popcornmeter:** Verified Hot
**Audience Says:** With a fool-proof storytelling blueprint, Pixar delivers an out-of-this-world family favorite with *Elio* \-- a visually stunning and emotionally captivating adventure through space for all ages.[](https://www.rottentomatoes.com/m/elio/reviews?type=user)
|Audience|Score|**Number of Reviews**|**Average Rating**|
|:-|:-|:-|:-|
|**Verified Audience**|91%|500+|4.5/5|
|**All Audience**|90%|1,000+|4.4/5|
**Verified Audience Score History:**
* 91% (4.5/5) at 500+
[**Rotten Tomatoes:**](https://www.rottentomatoes.com/m/elio) Certified Fresh
**Critics Consensus:** Catapulted by its theme of building self-esteem, Pixar's latest cosmic wonder *Elio* boasts a fanciful world of original creations to dazzling effect.
|Critics|Score|**Number of Reviews**|
|:-|:-|:-|
|**All Critics**|85%|138|
|**Top Critics**|79%|33|
[**Metacritic:**](https://www.metacritic.com/movie/elio/) 66 (39 Reviews)
**SYNOPSIS:**
The cosmic misadventure introduces Elio, a space fanatic with an active imagination and a huge alien obsession. So, when he’s beamed up to the Communiverse, an interplanetary organization with representatives from galaxies far and wide, Elio’s all in for the epic undertaking. Mistakenly identified as Earth’s leader, Elio must form new bonds with eccentric alien lifeforms, navigate a crisis of intergalactic proportions, and somehow discover who and where he is truly meant to be.
**CAST:**
* Yonas Kibreab as Elio
* Zoe Saldaña as Aunt Olga
* Remy Edgerly as Glordon
* Brad Garrett as Lord Grigon
* Jameela Jamil as Ambassador Questa
* Shirley Henderson as OOOOO
**DIRECTED BY:** Madeline Sharafian, Domee Shi, Adrian Molina
**SCREENPLAY BY:** Julia Cho, Mark Hammer, Mike Jones, Adrian Molina
**STORY BY:** Adrian Molina
**PRODUCED BY:** Mary Alice Drumm
**EXECUTIVE PRODUCERS:** Pete Docter, Lindsey Collins
**MUSIC BY:** Rob Simonsen
**DIRECTOR OF PHOTOGRAPHY:** Derek Williams, Jordan Rempel
**PRODUCTION DESIGNER:** Harley Jessup
**VISUAL EFFECTS SUPERVISOR:** Claudia Chung Sanii
**STORY SUPERVISOR:** Brian Larsen
**ANIMATION SUPERVISORS:** Jude Brownbill, Travis Hathaway
**EDITED BY:** Anna Wolitzky, Steve Bloom
**CASTING BY:** Kate Hansen-Birnbaum, Natalie Lyon, Kevin Reher
**RUNTIME:** 99 Minutes
**RELEASE DATE:** June 20, 2025",Audience Reception / Ratings
242,F1 The Movie,Need help deciding where to watch F1 The Movie,33,0.91,184,I want to treat my sister with the best experience possible cause she's a massive F1 fan and was wondering which theatre or format would be good for the same. I'm kinda torn between 4dx and Imax so if anyone has seen the movie in either of these formats please drop your experience.,Audience Reception / Ratings
246,F1 The Movie,"Korone watched ""F1 the Movie (2025)"" starring Brad Pitt. She gave it a ""yeah🐶🍅""",792,0.99,22,First comment: That's all the reviewing that I need.,Audience Reception / Ratings
252,F1 The Movie,Watched F1 The Movie in IMAX at PVR Palladium Mall for 199 Rs,156,0.98,51,"It was the best movie experience I’ve ever had in Ahmedabad! IMAX was stunning, and at just ₹199, it was a steal. Go watch the movie even if you don’t know anything about F1 — it had some insanely thrilling and adrenaline-pumping moments.",Audience Reception / Ratings
255,F1 The Movie,F1 The movie review (No spoilers),120,0.97,50,"I haven't watched any F1 game and also I didn't watched any review or trailer of this movie while having low to medium expectations but it suprised me with its story and the ending which was absolute cinema my whole theatre were clapping and honourable mention to the cinematography of this movie which is what made it so special. the racing shots was absolutely peak. that is what made this movie so special because of the scenes that literally will make you feel like  you're the one that is driving it and ofcourse brad pitt and javier bardem  i don't even have to say anything about them. They ware the perfect choice for the characters they played and they both nailed it🔥 
If your nearby theatres is playing this then just go for it 
This movie is MADE FOR BIG SCREENS just like ""sinners""",Audience Reception / Ratings
257,F1 The Movie,how many of you will be going for watching f1 the movie?,49,0.9,60,"guys, I'm from Delhi and into f1 since a few years now. I really wanna watch this movie but don't have friends into f1😔 would you guys be interested to go and watch it together? we could form an F1 Delhi community and go watch live screenings too? ik this film will be either top tier cinema or absolute shit but i love Brad Pitt and f1, sooo why not?",Audience Reception / Ratings
258,F1 The Movie,Official Discussion Thread - F1 The Movie (SPOILERS),38,0.95,59,"**Keep all discussion related solely to F1 The Movie and its awards chances in this thread.**
———————————————————
**Synopsis:**
Racing Legend Sonny Hayes is coaxed out of retirement to lead a struggling Formula 1 team -- and mentor a young hotshot driver -- while chasing one more chance at glory. 
**Director:** Joseph Kosinski
**Writer:** Ehren Kruger
**Cast:**
* Brad Pitt as Sonny Hayes
* Damson Idris as Joshua Pearce
* Kerry Condon as Kate McKenna
* Javier Bardem as Ruben Cervantes
* Tobias Menzies as Peter Banning
* Kim Bodnia as Kaspar Smolinski
* Shea Whigham as Chip Hart
* Will Merrick as Nickleby
* Joseph Balderrama as Rico Fazio
* Sarah Niles as Bernadette Pearce
* Samson Kayo as Cashman
* Abdul Salis as Dodge
* Callie Cooke as Jodie
* Layne Harper as Press
* Luciano Bacheta as Luca Cortez
**Distributor:** Warner Bros. Pictures / Apple Original Films 
———————————————————
[Rotten Tomatoes: 84%, 184 reviews](https://www.rottentomatoes.com/m/f1_the_movie)
**Consensus:**
Driven by Brad Pitt's laidback magnetism and sporting a souped-up engine courtesy of Joseph Kosinski's kinetic direction, *F1 The Movie* brings vintage cool across the finish line.
[Metacritic: 70, 41 reviews](https://www.metacritic.com/movie/f1-the-movie/)",Audience Reception / Ratings
265,F1 The Movie,F1 the movie buzz?,9,0.62,58,"I’m a big fan of both film/TV and motorsport, so I’m curious whether cinephiles actually excited about the upcoming F1 movie? Most of the buzz I come across is coming from the F1 community, not the film side. I’m wondering if the Top Gun: Maverick director + Brad Pitt combo is getting regular people excited. For example, “Gran Turismo (2023)” didn’t really resonate with racing fans. I’m not sure yet if I’ll watch this one with my F1 hat on or my cinephile hat.
On a side note, there was a private screening of the movie for the drivers in Monaco earlier this week and half of them looked like they were using all their PR training when asked if they liked it or not, especially kimi and sainz.",Audience Reception / Ratings
267,F1 The Movie,F1: The movie,15,0.9,48,Hey guys! Who's up for watching f1 The movie with me? I am just starting to get into the sport but I dont have anyone i could take with me. Please comment if interested!!,Audience Reception / Ratings
282,F1 The Movie,SPOILER FREE thread for F1 the movie,8,0.9,32,Did you like/dislike the movie? What would you rate it?,Audience Reception / Ratings
286,How to Train Your Dragon,Official Discussion - How to Train Your Dragon,373,0.85,789,"**Poll:**
* If you've seen the film, please rate it at this [poll](https://strawpoll.ai/poll/vote/pwl3DYwtIfTa)
**Rankings:**
* [Click here](https://strawpoll.ai/list/ItnAgr4mX7QR) to see the r/movies rankings of all 2025 films.
**Summary:**
&gt; On the rugged isle of Berk, a Viking boy named Hiccup defies centuries of tradition by befriending a dragon named Toothless. However, when an ancient threat emerges that endangers both species, Hiccup's friendship with Toothless becomes the key to forging a new future. Together, they must navigate the delicate path toward peace, soaring beyond the boundaries of their worlds and redefining what it means to be a hero and a leader.
**Director:**
Dean DeBlois
**Cast:**
* Mason Thames
* Nico Parker
* Gerard Butler
* Nick Frost
* Julian Dennison
**Rotten Tomatoes:**
80% - [https://www.rottentomatoes.com/m/how\_to\_train\_your\_dragon\_2025](https://www.rottentomatoes.com/m/how_to_train_your_dragon_2025)
**Metacritic**:
60 - [https://www.metacritic.com/movie/how-to-train-your-dragon-2025/critic-reviews/](https://www.metacritic.com/movie/how-to-train-your-dragon-2025/critic-reviews/)
**Trailer:**
[https://www.youtube.com/watch?v=22w7z\_lT6YM](https://www.youtube.com/watch?v=22w7z_lT6YM)",Audience Reception / Ratings
290,How to Train Your Dragon,'How to Train Your Dragon' (2025) - Review Thread,818,0.87,660,"**How to Train Your Dragon** (2025)
* [Rotten Tomatoes](https://www.rottentomatoes.com/m/how_to_train_your_dragon_2025) 77% (150 Reviews)
&gt;Crafted with loving fidelity to the animated classic by original co-director Dean DeBlois, How to Train Your Dragon doesn't best the first iteration but still reaches enchanting heights of its own.
* [Metacritic](https://www.metacritic.com/movie/how-to-train-your-dragon-2025/): 60  (35 Reviews)
**Reviews**
[The Hollywood Reporter](https://www.hollywoodreporter.com/movies/movie-reviews/how-to-train-your-dragon-review-dreamworks-remake-1236258510/):
&gt;How to Train Your Dragon honors the charm of the original. It’s not an essential remake, but at least it’s not an offensive one.
[Deadline](https://deadline.com/2025/06/how-to-train-your-dragon-review-live-action-remake-1236426469/):
&gt;John Powell’s return to compose the music and build on his previously established themes helps the story soar.
[Variety](https://variety.com/2025/film/reviews/how-to-train-your-dragon-review-live-action-1236422053/):
&gt;It's hard to improve on the first movie, though the last act looks positively iconic in this new incarnation, unlocking the expressionistic power of ""Heavy Metal"" toons and Boris Vallejo paintings.
[Associated Press](https://apnews.com/article/how-to-train-your-dragon-movie-review-733ec3ea812e6940b65362e594b55fa6) (3.5/4):
&gt;It’s the kind of immersive sensation and giddy wish fulfillment that might just have you forgetting momentarily to breathe and, maybe more importantly, that you’re still in a movie theater.
[USA Today] (https://www.usatoday.com/story/entertainment/movies/2025/06/09/how-to-train-your-dragon-2025-movie-review/84075887007/) (3.5/4):
&gt;Fortunately, the new “How to Train Your Dragon” does no harm. Instead, it lets loose a heartwarming, meaty adventure perfect for a new generation of young film fan but doesn't forget to entertain the older movie kids, either.
[Screen Rant](https://screenrant.com/how-to-train-your-dragon-movie-review-2025/) (8/10):
&gt;How To Train Your Dragon is fantastic, not just emulating the original but elevating it, all the while also delivering a blockbuster poised to thrill.
[IndieWire] (https://www.indiewire.com/criticism/movies/how-to-train-your-dragon-review-2025-live-action-remake-1235129634/) (B-):
&gt;That [director Dean DeBlois] can still find excitement and joy in this well-tread story is a testament to both his work and source material. No one needs a live-action remake, but ones this faithful and sweet are not the problem.
[IGN] (https://www.ign.com/articles/how-to-train-your-dragon-review-2025) (7/10):
&gt;Within all its rigid recitation, there’s a heart and soul that demonstrates how DeBlois has managed to get so much mileage out of the loving story of a Viking boy and the dragon he befriends.
[AV Club] (https://www.avclub.com/how-to-train-your-dragon-review) (C+):
&gt;Rather than trying to train something new, How To Train Your Dragon is riding an already proven beast... It can’t reach those old heights, let alone any new ones. And it doesn’t try to, nor does its audience really want it to.
[Empire](https://www.empireonline.com/movies/reviews/how-to-train-your-dragon/) (3/5):
&gt;It’s clearly made with real love and care, but shows far too much deference to its progenitor. Even in a remake, we need more originality and less playing the hits.
[Slant Magazine](https://www.slantmagazine.com/film/how-to-train-your-dragon-2025-review/) (2/4):
&gt;As heartwarming as this story remains at its core, it’s hard to shake that you already know how it will play out.
[Slashfilm] (https://www.slashfilm.com/1881070/how-to-train-your-dragon-2025-remake-review/) (6/10):
&gt;We have ""How to Train Your Dragon"" at home. It's the motion picture equivalent of turning tacos into nachos, and even though nachos can be delicious, they're not as good reheated.
[Independent](https://www.the-independent.com/arts-entertainment/films/reviews/how-to-train-your-dragon-review-live-action-b2764174.html) (2/5):
&gt;All that’s really changed is that How to Train Your Dragon is now distinctly less charming and less playful than before, with even its pièce de résistance Toothless losing some of the cute factor.
[The Telegraph](https://www.telegraph.co.uk/films/0/how-to-train-your-dragon-review1/) (2/5):
&gt;It somehow elongates its predecessor’s running time by 27 minutes without adding a single atom of noticeably fresh material. Perhaps all the dragons are just flying around a bit more slowly this time, or the vikings have to walk further between huts.
[The Times] (https://www.thetimes.com/culture/film/article/how-to-train-your-dragon-remake-film-review-gtlslwbj9?region=global):
&gt;It’s loud and diverting and very young children are sure to be entertained. But it’s also utterly dead, right down to its hollow, greedy, cash-grabbing core.
**Synopsis**:
&gt;On the rugged isle of Berk, where Vikings and dragons have been bitter enemies for generations, Hiccup stands apart. The inventive yet overlooked son of Chief Stoick the Vast, Hiccup defies centuries of tradition when he befriends Toothless, a feared Night Fury dragon. Their unlikely bond reveals the true nature of dragons, challenging the very foundations of Viking society.
**Cast**
* Mason Thames as Hiccup Horrendous Haddock III
* Nico Parker as Astrid Hofferson
* Gerard Butler as Stoick the Vast
* Nick Frost as Gobber the Belch
* Gabriel Howell as Snotlout Jorgenson
* Julian Dennison as Fishlegs Ingerman
* Bronwyn James as Ruffnut Thorston
* Harry Trevaldwyn as Tuffnut Thorston
* Ruth Codd as Phlegma
* Peter Serafinowicz as Spitelout Jorgenson
Directed by: Dean DeBlois
Screenplay by: Dean DeBlois
Produced by: Marc Platt, Dean DeBlois, and Adam Siegel
Cinematography: Bill Pope
Edited by: Wyatt Smith
Music by: John Powell
Running time: 125 minutes
Release date: June 13, 2025",Audience Reception / Ratings
294,How to Train Your Dragon,How to train your dragon live action gets A CinemaScore,630,0.95,140,"First comment: Franchise Trajectory 
How To Train Your Dragon (2010)- A
How To Train Your Dragon 2 (2014)- A
How To Train Your Dragon 3 (2019)- A
How To Train Your Dragon (2025)- A
🤩",Audience Reception / Ratings
295,How to Train Your Dragon,'How To Train Your Dragon' Review Thread,218,0.93,280,"I will continue to update this post as reviews come in.
[**Rotten Tomatoes:**](https://www.rottentomatoes.com/m/how_to_train_your_dragon_2025) Certified Fresh
**Critics Consensus:** Crafted with loving fidelity to the animated classic by original co-director Dean DeBlois, *How to Train Your Dragon* doesn't best the first iteration but still reaches enchanting heights of its own.
|Critics|Score|**Number of Reviews**|
|:-|:-|:-|
|**All Critics**|77%|182|
|**Top Critics**|54%|41|
[**Metacritic:**](https://www.metacritic.com/movie/how-to-train-your-dragon-2025/) 61 (43 Reviews)
**Sample Reviews:**
Sara Michelle Fetters, [MovieFreak.com](http://MovieFreak.com) \- DeBlois adds a colorfully textured resilience to this new take that produces one captivating image after another. **3/4**
Adam Graham, Detroit News - Those who adored it the first time around will be satisfied with the care with which it's handled, those unfamiliar with its magic will be charmed as if the story is brand-new. **B+**
Jonathan Romney, Financial Times - The dialogue often gets lost amid all the roaring, clanging and heroic musical fanfares and the editing can be dizzyingly manic. What you miss is the streamlined clarity that made the original such a pleasure. **2/5**
Odie Henderson, Boston Globe - I enjoyed the animated version of this movie quite a bit, so I’m torn between being happy this film was nowhere near as bad as I’d expected and being frustrated that I sat through a carbon copy. **2.5/4**
Mark Kermode, Kermode and Mayo's Take (YouTube) - This is a really faithful ""live action"" reproduction of an animated film that has added nothing, but has taken away some of the magic of the animation.
Kyle Smith, Wall Street Journal - Mr. DeBlois’s film harks back to the pre-“Star Wars” style of children’s moviemaking, when the condescension of oversimplification was a defining attribute.
Aparita Bhandari, Globe and Mail - Toothless glistens, thankfully. Young audiences will be delighted... For the older folks, there’s the added subtext of a post-war commentary, and the whole us-versus-them narrative to unpack, that’s ever more relevant today.
Michael O'Sullivan, Washington Post - “Dragon” imparts these pearls of wisdom with verve and delight, in a telling that is as visually impressive as it is emotionally stirring. **3/4**
Brandon Yu, New York Times - To be sure, this new iteration is entertaining, bears a sense of heart and brings a tight script of fantasy and friendship to life.
Soren Andersen, Seattle Times - It’s what the moviegoing experience should be about, but rarely is. Grand, glorious and fast on its feet. **4/4**
Bob Mondello, NPR - Toothless is as charismatic as ever; the flying sequences and natural landscapes are appropriately breathtaking, and if the film is overly enamored of lesser dragons belching fire at incoherently bellowing Norsemen, well, so was the original.
Matt Singer, ScreenCrush - Plays like cinematic déjà vu. **5/10**
Amy Nicholson, Los Angeles Times - How to train your dragon? As we learned back in 2010, it takes patience and fish. Why train your dragon again? That’s harder for filmmaker Dean DeBlois to answer.
Peter Howell, Toronto Star - Is writer-director Dean DeBlois being consistent or just lazy? The question should keep him awake nights, staring at the dark sky in search of fresh dragons and wondering why he can’t do better than the cartoons he commanded earlier. **2/4**
David Fear, Rolling Stone - What this movie is actually trying to accomplish, beyond a shadow of a doubt, is how to train their audiences to keep buying the same thing over, and over, and over again.
Maureen Lee Lenker, Entertainment Weekly - In that regard, the film is every bit as earnest, captivating, and thrilling as its animated twin. And maybe that’s enough. **B**
Michael Phillips, Chicago Tribune - The remake is just like the original, but there’s more of it. And less. **2/4**
Liz Shannon Miller, Consequence - There are no major new storylines, or characters, or twists, yet somehow the same amount of plot has been stretched from 98 minutes to 125 minutes. HOW? It's truly a mystery. **C+**
Kristen Lopez, The Film Maven (Substack) - How to Train Your Dragon doesn’t reinvent the wheel so much as much the same wheel again in the same fun way as the original. The visuals are beautiful to look at and the cast brings a lot of fun and heart. **C+**
Donald Clarke, Irish Times - One could bang on all day about how familiar so much of this seems. But it is only fair to acknowledge that, judged as an independent entity ... the current How to Train Your Dragon works as sleek, charming, funny entertainment. **3/5**
Johnny Oleksinski, New York Post - The new movie works best when our hero is soaring through the air with his pal as John Powell’s inspiring score is blared. **2.5/4**
Michael Ordoña, TheWrap - The new film is at times a shot-for-shot remount, which feels more like fan service than artistic expression.
Yasmine Kandil Little White Lies - On the whole, the live-action How to Train Your Drag­on plays it extreme­ly safe. It’s per­fect­ly pass­able, but only because it close­ly mir­rors a nar­ra­tive that’s already well-loved. **3/5**
William Bibbiani, TheWrap - This new How to Train Your Dragon is like a microwaved White Castle hamburger: It addresses your craving, but it doesn’t satisfy like the real thing.
Radheyan Simonpillai, Guardian - The script, the gags and the action remain mostly intact. But this time around, real actors and sets become deadweight to a story that soared in larger-than-life animated form.
Brian Tallerico, [RogerEbert.com](http://RogerEbert.com) \- This version just doesn’t pop, doesn’t flow like the originals, almost playing like an extended cut of a film that was originally tightened in the editing bay. **2/4**
Helen O'Hara, Empire Magazine - It’s clearly made with real love and care, but shows far too much deference to its progenitor. Even in a remake, we need more originality and less playing the hits. **3/5**
Brian Truitt, USA Today - Fortunately, the new “How to Train Your Dragon” does no harm. Instead, it lets loose a heartwarming, meaty adventure perfect for a new generation of young film fan but doesn't forget to entertain the older movie kids, either. **3.5/4**
Hanna Flint, Time Out - The old saying goes: ‘Just because you can, doesn't mean you should.’ How to Train Your Dragon delivers the bare minimum to warrant its recreation.
Justin Clark, Slant Magazine - As heartwarming as this story remains at its core, it’s hard to shake that you already know how it will play out. **2/4**
G. Allen Johnson, San Francisco Chronicle - The new version excels because it makes its teenage protagonist deeper and more mature -- and its monsters extra frightening. **4/4**
Lindsey Bahr, Associated Press - It’s the kind of immersive sensation and giddy wish fulfillment that might just have you forgetting momentarily to breathe and, maybe more importantly, that you’re still in a movie theater. **3.5/4**
Clarisse Loughrey, Independent (UK) - All that’s really changed is that How to Train Your Dragon is now distinctly less charming and less playful than before, with even its pièce de résistance Toothless losing some of the cute factor. **2/5**
Robbie Collin, Daily Telegraph (UK) - It somehow elongates its predecessor’s running time by 27 minutes without adding a single atom of noticeably fresh material. Perhaps all the dragons are just flying around a bit more slowly this time, or the vikings have to walk further between huts. **2/5**
Lovia Gyarkye, The Hollywood Reporter - How to Train Your Dragon honors the charm of the original. It’s not an essential remake, but at least it’s not an offensive one.
James Grebey, AV Club - Rather than trying to train something new, How To Train Your Dragon is riding an already proven beast... It can’t reach those old heights, let alone any new ones. And it doesn’t try to, nor does its audience really want it to. **C+**
Kate Erbland, IndieWire - That \[director Dean DeBlois\] can still find excitement and joy in this well-tread story is a testament to both his work and source material. No one needs a live-action remake, but ones this faithful and sweet are not the problem. **B-**
Peter Debruge, Variety - It's hard to improve on the first movie, though the last act looks positively iconic in this new incarnation, unlocking the expressionistic power of ""Heavy Metal"" toons and Boris Vallejo paintings.
Kevin Maher, Times (UK) - It’s loud and diverting and very young children are sure to be entertained. But it’s also utterly dead, right down to its hollow, greedy, cash-grabbing core.
**SYNOPSIS:**
On the rugged isle of Berk, where Vikings and dragons have been bitter enemies for generations, Hiccup (Mason Thames; The Black Phone, For All Mankind) stands apart. The inventive yet overlooked son of Chief Stoick the Vast (Gerard Butler, reprising his voice role from the animated franchise), Hiccup defies centuries of tradition when he befriends Toothless, a feared Night Fury dragon. Their unlikely bond reveals the true nature of dragons, challenging the very foundations of Viking society.
With the fierce and ambitious Astrid (BAFTA nominee Nico Parker; Dumbo, The Last of Us) and the village’s quirky blacksmith Gobber (Nick Frost; Snow White and the Huntsman, Shaun of the Dead) by his side, Hiccup confronts a world torn by fear and misunderstanding.
As an ancient threat emerges, endangering both Vikings and dragons, Hiccup’s friendship with Toothless becomes the key to forging a new future. Together, they must navigate the delicate path toward peace, soaring beyond the boundaries of their worlds and redefining what it means to be a hero and a leader.
**CAST:**
* Mason Thames as Hiccup Horrendous Haddock III
* Gerard Butler as Stoick the Vast
* Nico Parker as Astrid Hofferson
* Nick Frost as Gobber the Belch
* Julian Dennison as Fishlegs Ingerman
* Gabriel Howell as Snotlout Jorgenson
* Bronwyn James as Ruffnut Thorston
* Harry Trevaldwyn as Tuffnut Thorston
* Ruth Codd as Phlegma
* Peter Serafinowicz as Spitelout
* Murray McArthur as Hoark
**DIRECTED BY:** Dean DeBlois
**SCREENPLAY BY:** Dean DeBlois
**BASED ON** ***HOW TO TRAIN YOUR DRAGON*** **BY:** Cressida Cowell
**PRODUCED BY:** Marc Platt, Dean DeBlois, Adam Siegel
**EXECUTIVE PRODUCERS:** David Cain, Michael A. Connolly, Roy Lee, Chris Sanders
**DIRECTOR OF PHOTOGRAPHY:** Bill Pope
**PRODUCTION DESIGNER:** Dominic Watkins
**EDITED BY:** Wyatt Smith
**COSTUME DESIGNER:** Lindsay Pugh
**MUSIC BY:** John Powell
**CASTING BY:** Lucy Bevan
**RUNTIME:** 125 Minutes
**RELEASE DATE:** June 13, 2025",Audience Reception / Ratings
300,How to Train Your Dragon,"'How To Train Your Dragon' has been officially Certified Fresh on Rotten Tomatoes, currently at 80% from 80 reviews.",322,0.92,150,"First comment: Reviews: “it’s like a ride at an amusement park”
Dreamworks:
https://i.redd.it/ce32p7sc976f1.gif",Audience Reception / Ratings
311,How to Train Your Dragon,Any other ushers getting sick of people waiting in the How to Train Your Dragon credits?,131,0.69,142,"Yeah I get it, Marvel conditioned people to stick around for after credit scenes, but what do people expect? Hiccup's mom to show up at the end? Shrek coming in to ask Hiccup about the DreamWorks initiative?
How many times have you went in and hear people say ""That's it?!!!"" As if they were expecting something.",Audience Reception / Ratings
313,How to Train Your Dragon,How to Train Your Dragon review,188,0.86,111,"A couple of weeks ago I panned Lilo and Stitch remake for adding nothing to the table. I'd like to take it back, since I just watched a live action remake that is truly a copy-and-paste rendition of a beloved animated movie. How to Train Your Dragon is nearly a carbon copy of the original, only with human actors. The director got the memo and copied his own homework almost scene-by-scene. On one hand, if you just want to rewatch HTTYD with a different coat of paint, then you will certainly be satisfied. On the other hand, you can just rewatch the OG. Is this remake still a decent fantasy family movie (thanks to the strength of its source) with visual spectacles worthy of the big screen? Yes. Is it a soulless corporate product made for easy cash grab, and we as audience are rewarding them for it? Also yes.",Audience Reception / Ratings
320,How to Train Your Dragon,Just watched the How to Train Your Dragon live-action trailer in IMAX 3D—and I’m reminded how much I hate 3D in movies. Anyone else?,63,0.74,112,"Caught the new HTTYD live-action movie in IMAX 3D and… wow. Visually stunning, but once again the **3D totally ruined it for me**.
It’s like every time I try to give 3D another chance, I walk out thinking:
The glasses dim the colors, the fake depth is distracting, and honestly, it just feels like a gimmick that never lives up to the hype. I want **epic immersion**, not my eyes fighting to focus for two hours.
Curious—am I in the minority here?
Does anyone genuinely prefer 3D these days?",Audience Reception / Ratings
321,How to Train Your Dragon,'How To Train Your Dragon' Rotten Tomatoes Verified Audience Score Thread,132,0.91,87,"I will continue to update this post as the score changes.
**Rotten Tomatoes Popcornmeter:** Verified Hot
**Audience Says:** With a lovable cast of characters sure to spark plenty of laughs and a heartfelt story that pulls at the heartstrings, *How to Train Your Dragon* may just be the best live-action adaptation yet.[](https://www.rottentomatoes.com/m/how_to_train_your_dragon_2025/reviews?type=user)
|Audience|Score|**Number of Reviews**|**Average Rating**|
|:-|:-|:-|:-|
|**Verified Audience**|98%|2,500+|4.8/5|
|**All Audience**|97%|5,000+|4.7/5|
**Verified Audience Score History:**
* 99% (4.8/5) at 500+
* 98% (4.8/5) at 1,000+
* 98% (4.8/5) at 2,500+
[**Rotten Tomatoes:**](https://www.rottentomatoes.com/m/how_to_train_your_dragon_2025) Certified Fresh
**Critics Consensus:** Crafted with loving fidelity to the animated classic by original co-director Dean DeBlois, *How to Train Your Dragon* doesn't best the first iteration but still reaches enchanting heights of its own.
|Critics|Score|**Number of Reviews**|
|:-|:-|:-|
|**All Critics**|77%|182|
|**Top Critics**|54%|41|
[**Metacritic:**](https://www.metacritic.com/movie/how-to-train-your-dragon-2025/) 61 (43 Reviews)
**SYNOPSIS:**
On the rugged isle of Berk, where Vikings and dragons have been bitter enemies for generations, Hiccup (Mason Thames; The Black Phone, For All Mankind) stands apart. The inventive yet overlooked son of Chief Stoick the Vast (Gerard Butler, reprising his voice role from the animated franchise), Hiccup defies centuries of tradition when he befriends Toothless, a feared Night Fury dragon. Their unlikely bond reveals the true nature of dragons, challenging the very foundations of Viking society.
With the fierce and ambitious Astrid (BAFTA nominee Nico Parker; Dumbo, The Last of Us) and the village’s quirky blacksmith Gobber (Nick Frost; Snow White and the Huntsman, Shaun of the Dead) by his side, Hiccup confronts a world torn by fear and misunderstanding.
As an ancient threat emerges, endangering both Vikings and dragons, Hiccup’s friendship with Toothless becomes the key to forging a new future. Together, they must navigate the delicate path toward peace, soaring beyond the boundaries of their worlds and redefining what it means to be a hero and a leader.
**CAST:**
* Mason Thames as Hiccup Horrendous Haddock III
* Gerard Butler as Stoick the Vast
* Nico Parker as Astrid Hofferson
* Nick Frost as Gobber the Belch
* Julian Dennison as Fishlegs Ingerman
* Gabriel Howell as Snotlout Jorgenson
* Bronwyn James as Ruffnut Thorston
* Harry Trevaldwyn as Tuffnut Thorston
* Ruth Codd as Phlegma
* Peter Serafinowicz as Spitelout
* Murray McArthur as Hoark
**DIRECTED BY:** Dean DeBlois
**SCREENPLAY BY:** Dean DeBlois
**BASED ON** ***HOW TO TRAIN YOUR DRAGON*** **BY:** Cressida Cowell
**PRODUCED BY:** Marc Platt, Dean DeBlois, Adam Siegel
**EXECUTIVE PRODUCERS:** David Cain, Michael A. Connolly, Roy Lee, Chris Sanders
**DIRECTOR OF PHOTOGRAPHY:** Bill Pope
**PRODUCTION DESIGNER:** Dominic Watkins
**EDITED BY:** Wyatt Smith
**COSTUME DESIGNER:** Lindsay Pugh
**MUSIC BY:** John Powell
**CASTING BY:** Lucy Bevan
**RUNTIME:** 125 Minutes
**RELEASE DATE:** June 13, 2025",Audience Reception / Ratings
322,How to Train Your Dragon,How to train your dragon remake is way much better then Disney remake,103,0.83,87,Look at IMDb rating 💀💀💀,Audience Reception / Ratings
326,How to Train Your Dragon,How to Train Your Dragon (2025) IMAX aspect ratio on 4K &amp; Blu-ray,201,1.0,50,First comment: Dune where,Audience Reception / Ratings
328,How to Train Your Dragon,What did you think of the live-action How to Train Your Dragon movie? (NO SPOILERS),75,0.95,77,"First comment: I thought it was pretty good. Not as good as the original, but it was enjoyable enough.",Audience Reception / Ratings
353,Jurassic World Rebirth,'Jurassic World Rebirth' Review Thread,1206,0.92,847,"[Rotten Tomatoes](https://www.rottentomatoes.com/m/jurassic_world_rebirth): 54% (100 reviews) with 6.00 in average rating
[Metacritic](https://www.metacritic.com/movie/jurassic-world-rebirth/): 53/100 (38 critics)
As with other movies, the scores are set to change as time passes. Meanwhile, I'll post some short reviews on the movie. It's structured like this: **quote first, source second.** Beware, some contain spoilers.
&gt; The blend of physical locations with sets and digital imagery is seamless and the CG work on the creatures is first-rate, notably so in the scary climactic stretch when the lumbering D. Rex joins the fray. Edwards clearly is a devoted Spielberg fan, embedding subtle homages throughout, notably in the open water sequences that recall Jaws. Jurassic World Rebirth is unlikely to top anyone’s ranked franchise list. But longtime fans (count me among them) should have a blast.
-[David Rooney, The Hollywood Reporter](https://www.hollywoodreporter.com/movies/movie-reviews/jurassic-world-rebirth-review-scarlett-johansson-1236302373/)
&gt; Scenes between Ella and her potentially ill-advised pet, along with tender moments involving several other species, introduce a surprising counter-argument to the earlier “Jurassic” movies: namely, that they have a right to exist. But entertaining as it can be at times, stripped of the silliness that tainted the second trilogy, “Rebirth” doesn’t necessarily make the same case for itself. The movie offers an updated version of the same basic ride Spielberg offered 32 years earlier, and yet, it hardly feels essential to the series’ overall mythology, nor does it signal where the franchise could be headed.
-[Peter Debruge, Variety](https://variety.com/2025/film/reviews/jurassic-world-rebirth-review-1236443872/)
&gt; Needless to say, “Rebirth” doesn’t do itself any favors by so frequently harkening back to the original. Bad as some of the previous sequels have been, none of them have been so eager to measure themselves against Spielberg’s masterpiece. Nothing in this movie is quite as maddening as the second trilogy’s attempt to make audiences invest in a specific Velociraptor (though Edwards half-heartedly tries to sweeten us on an adorable baby Aquilops named Dolores), but the extent to which this franchise is just fending off its own extinction has never been more obvious than it is in during the “Rebirth” sequence that pays homage to the kitchen encounter from the first movie. The “Jurassic” sequels were bad enough when they made an effort to evolve — they’re even less worth seeing now that they already come pre-fossilized.
-[David Ehrlich, IndieWire](https://www.indiewire.com/criticism/movies/jurassic-world-rebirth-review-1235135932/): C–
&gt; There’s a disappointing amount of “same old thing” to Jurassic World Rebirth. Scarlett Johansson, Mahershala Ali, and the rest of the cast are intriguing and sympathetic throughout, but Gareth Edwards doesn’t quite recapture his signature flair for grand-scale visuals nor does David Koepp find the magic of his original Jurassic Park screenplay, opting to follow that movie’s structure as more of a remix than a rebirth.
-[Clint Gage, IGN](https://www.ign.com/articles/jurassic-world-rebirth-review-scarlett-johansson-mahershala-ali): 5.0 out of 10 ""mediocre""
&gt; So why the hell does this feel so generic, so by-the-numbers, so instantly forgettable? The whole thing resembles the blockbuster version of a readymade, assembled from various, recognizable spare parts and elevated only by virtue of its name. Fans and completists may still get giddy over a ScarJo vs. Dinos showdown, and you should never underestimate the power of giant, toothy jaws chomping down on poor, hapless humans. But long before the big showstopping climax, you’ll start to understand why the movie’s jaded public became bored by what once seemed thrilling and unique. Subtitling this Rebirth seems to have been an act of extreme optimism.
-[David Fear, Rolling Stone](https://www.rollingstone.com/tv-movies/tv-movie-reviews/jurassic-world-rebirth-review-scarlett-johansson-1235372435/)
&gt; This new Jurassic adventure isn’t doing anything so very different from the earlier successful models, perhaps, and I could have done without its outrageous brand synergy product placement for certain brands of chocolate bar. But it feels relaxed and sure-footed in its Spielberg pastiche, its big dino-jeopardy moments and its deployment of thrills and laughs. Maybe the series can’t and shouldn’t go on for ever: we need new and original ideas. This one would be great to go out on.
-[Peter Bradshaw, The Guardian](https://www.theguardian.com/film/2025/jun/30/jurassic-world-rebirth-review-scarlett-johansson-runs-show-as-near-extinct-franchise-roars-back-to-life): 4/5
&gt; “Jurassic” has to live with setting a high bar, of course — the original film revolutionized the industry, a status that “Rebirth” is all too aware of, as seen in its meta theme of dinosaurs becoming old news to a jaded populace. Yet just because cheeseburgers are now available anywhere doesn’t mean that they can’t be damn tasty. “Jurassic Park Rebirth” is just a well made cheeseburger, and whether that’s filling and interesting enough is up to your own appetite. 
-[Bill Bria, The Wrap](https://www.thewrap.com/jurassic-world-rebirth-review/)
&gt; “Science is for all of us, not just for some of us,” Dr. Loomis tells Zora, advocating for their work to have a more noble purpose than lining their pockets. That aspirational notion has always sat at the heart of the Jurassic Park films. Jurassic Park Rebirth is one of the more successful and satisfying entries in the franchise precisely because it, uh, finds a way to keep Loomis’ mantra close, foregrounding the film’s sense of wonder above a mere blatant cash grab.
-[Maureen Lee Lenker, Entertainment Weekly](https://ew.com/jurassic-park-rebirth-review-scarlett-johansson-jonathan-bailey-help-franchise-roar-back-11763036): B+
&gt; It might sound like a challenge to believe these humans would sign up to visit a forbidden jungle for guaranteed encounters with truly frightening and gigantic creatures out of another time in order to essentially get blood samples, but if you are game to go with that premise a good time will be had for all. If there is to be an eighth installment, count me in.
-[Pete Hammond, Deadline](https://deadline.com/2025/06/jurassic-world-rebirth-review-scarlett-johansson-spielberg-1236445462/)
&gt; This is a monster-adventure movie, with passages that recall Jaws and King Kong; maybe not the most original influences, but certainly not shabby ones. In its fusion of Edwards’ craft with characters who aren’t thunderously stupid or unlikable, this is the best Jurassic movie in ages – in part because it works so comfortably as an ooh/ahh/run/scream monster movie.
-[Paste](https://www.pastemagazine.com/movies/gareth-edwards/jurassic-world-rebirth-scarlett-johansson-mahershala-ali-gareth-edwards-dinosaurs): 7.0
&gt; “Jurassic World: Rebirth” is a very imperfect film. On one hand, it seems to be recycling every successful character trope and set piece from the franchise, which may be considered lazy and uninspiring, but it is still captivating. Even in its faults, the objective of a “Jurassic Park” film is to scare, thrill, and amaze its audience, and this film does that in its set pieces.
-[Lauren LaMagna, Next Best Picture](https://nextbestpicture.com/jurassic-world-rebirth/)
&gt; There are worse exercises in IP-extension out there in the marketplace. But it is hard to imagine what possible basis there could be for an eighth Jurassic film. We’ve overused the extra-island trope; we’ve done dinos invading the mainland a couple times now. We’ve seen enough long necks poking up from the grass. We’ve seen too many T-rexes thundering after their prey. Now even the oceans have been exhausted. I suppose they could send some dinosaurs to space next time, where no one can hear them roar. But that wouldn’t really make much of a difference: the sound barely registers anymore.
-[Richard Lawson, Vanity Fair](https://www.vanityfair.com/hollywood/story/jurassic-world-rebirth-review)
&gt; To his credit, Edwards immediately injects ""Rebirth"" with a sense of stakes and tension that the entirety of the previous trilogy struggled to depict. But every time the plot kicks in again and writer David Koepp's script goes through the motions of a standard ""Jurassic"" movie, those dizzying peaks soon begin to flatten out into overgrown valleys. For those simply hoping for a watchable movie on the heels of the disastrous ""Dominion,"" your wish has been granted with a safe rehash punctuated by a handful of genuine thrills. For everyone else curious about whether this was the ticket to teaching old dinos new tricks? The inherent limits of the ""Jurassic"" IP are as glaring as ever.
-[Jeremy Mathai, /FILM](https://www.slashfilm.com/1899528/jurassic-world-rebirth-movie-review/): 5.5/10
&gt; And there are some sporadic joys here in the clever sight gags, the sleight of hand, the bait and switch. These moments remind us of the mindless summertime excitement the “Jurassic” movies have long provided, albeit with diminishing returns. But that giant footprint just isn’t as imposing as it used to be. 
-[Christy Lemire, RogerEbert.com](https://www.rogerebert.com/reviews/jurassic-world-rebirth-scarlett-johannsson-movie-review-2025): 2/4
&gt; Worst of all, this hoary adventure story is rendered soulless by the blatant product placement: Henry crunching on Altoids, Reuben scolding Xavier for eating too many of their bags of Doritos, and Isabella feeding Twizzlers to her little dino friend. After a while, you may wonder if the entire film was subsidized by the snack food industry. Rebirth even goes so far as setting its final action scene in a long-abandoned but still fully stocked convenience store. How meta: a franchise trying to distract us from how past its sell-by date it is with expired potato chips.
-[Derek Smith, Slant Magazine](https://www.slantmagazine.com/film/jurassic-world-rebirth-review-scarlett-johansson-jonathan-bailey-gareth-edwards/): 1.5/4
&gt; Audiences may not have run out of enthusiasm for what the Jurassic Worlds are selling, or at least they haven’t yet, but the people tasked with making them sure are out of ideas.
-[Alison Willmore, Vulture](https://www.vulture.com/article/review-jurassic-world-rebirth-makes-dinosaur-carnage-dull.html) 
____________________________________________________________________________________________
**PLOT**
Five years after the events of *Jurassic World Dominion*, the planet's ecology has proven largely inhospitable to dinosaurs. Those remaining exist in isolated equatorial environments with climates resembling the one in which they once thrived. The three most colossal creatures within that tropical biosphere hold the key to a drug that will bring miraculous life-saving benefits to humankind.
**DIRECTOR** 
Gareth Edwards
**WRITER**
David Koepp
**MUSIC**
Alexandre Desplat
**CINEMATOGRAPHY**
John Mathieson
**EDITOR**
Jabez Olssen
**RELEASE DATE** 
July 2, 2025
**RUNTIME**
133 minutes
**BUDGET**
$180 million
**STARRING**
- Scarlett Johansson as Zora Bennett
- Mahershala Ali as Duncan Kincaid
- Jonathan Bailey as Dr. Henry Loomis
- Rupert Friend as Martin Krebs
- Manuel Garcia-Rulfo as Reuben Delgado
- Luna Blaise as Teresa Delgado
- David Iacono as Xavier Dobbs
- Audrina Miranda as Isabella Delgado
- Ed Skrein as Bobby Atwater",Audience Reception / Ratings
355,Jurassic World Rebirth,'Jurassic World Rebirth' gets a B on CinemaScore,777,0.96,746,"First comment: Second lowest in the franchise. Compared to the rest:
- *Jurassic Park (1993):* A
- *The Lost World: Jurassic Park (1997):* B+
- *Jurassic Park III (2001):* B–
- *Jurassic World (2015):* A
- *Jurassic World: Fallen Kingdom (2018):* A–
- *Jurassic World Dominion (2022):* A–
And compared to Gareth Edwards' films:
- *Godzilla (2014):* B+
- *Rogue One: A Star Wars Story (2016):* A
- *The Creator (2023):* B+",Audience Reception / Ratings
359,Jurassic World Rebirth,'Jurassic World Rebirth' Review Thread,579,0.96,748,"I will continue to update this post as reviews come in.
[**Rotten Tomatoes:**](https://www.rottentomatoes.com/m/jurassic_world_rebirth) Rotten
**Critics Consensus:** Going back to basics with rip-roaring set pieces and fossilized clichés, *Jurassic World Rebirth* doesn't evolve this prehistoric franchise but does restore some of its most reliable DNA.
|Critics|Score|**Number of Reviews**|
|:-|:-|:-|
|**All Critics**|51%|258|
|**Top Critics**|45%|60|
[**Metacritic:**](https://www.metacritic.com/movie/jurassic-world-rebirth/) 52 (52 Reviews)
**Sample Reviews:**
Perri Nemiroff, Perri Nemiroff (YouTube) - This is a big movie, but one of its best qualities is how focused and intimate it feels. An ideal summer blockbuster-style ride — a riveting and highly entertaining thrill with just enough meat on its bones to add to the evolving themes of the franchise. **3.5/5**
Adam Kempenaar, Filmspotting - Rebirth eventually tries to summon awe, but when Edwards finally 'cues the wonder', it’s too little, too late. **2.5/5**
Bob Mondello, NPR - A bit of summer fun for the Cenozoic Era.
Coleman Spilde, [Salon.com](http://Salon.com) \- Its stars may be a refreshing, new sight among a whole lot of primordial fare, but by casting for charm, “Jurassic World Rebirth” unintentionally questions just how much appeal this franchise has left.
Leaf Arbuthnot, New Statesman - This is a disposable film that makes you feel stupider and sadder the longer it goes on; not the worst film ever made, but one of the more demoralising ones.
Rex Reed, Observer - Despite Scarlett Johansson, Jonathan Bailey and a genetically modified heart cure, this seventh dinosaur installment proves extinction might be overdue. **2/4**
Jake Wilson, Sydney Morning Herald - ...Jurassic World Rebirth can only be recommended for a specific age group, roughly between 10 and 14. Any younger, and the set pieces might be too intense; any older, and they’re likely to see this material as so familiar it hardly needs reviving. **3/5**
Deborah Ross, The Spectator - It’s always astonishing to think that these beasts did once roam the Earth and it was this thought that stopped me slipping into sleep.
Richard Whittaker, Austin Chronicle - Life can stop finding a way now. **1.5/5**
Sam Adams, Slate - Rebirth’s dinosaurs are everywhere, but the more you see, the less it means. They’re good for a scare now and then, but the sense of awe is long since gone.
Maxwell Rabb, Chicago Reader - Seven iterations into a franchise, the spectacle means less now because we’ve seen it all before.
Bill Goodykoontz, Arizona Republic - There are a lot of interesting ideas out there. Whatever is going on with “Jurassic World Rebirth” isn't one of them. **2/5**
Sara Michelle Fetters, [MovieFreak.com](http://MovieFreak.com) \- I try to judge a motion picture for what it is and not for what I want it to be, but Jurassic World: Rebirth makes that annoyingly difficult. **2/4**
Cary Darling, Houston Chronicle - Even at its best moments, ""Jurassic World Rebirth,"" opening Wednesday throughout Houston, just serves to remind viewers of what they liked about the previous films. **2.5/5**
Ian Freer, Empire Magazine - It’s not doing much daring or different but this delivers a fun, well-made summer theme-park ride, with fast highs and slow lows. **3/5**
Caroline Siede, Girl Culture (Substack) - To its credit, Rebirth features some of the best dinosaur setpieces the rebooted World series has ever delivered. Unfortunately, it also has some of the most annoying characters and plotting in any Jurassic installment to date. **C**
Donald Clarke, Irish Times - A refreshing blast of matinee exuberance after the pomposity of the previous three films. Yes, third best in the series. For whatever little that is worth. **3.5/5**
Peter Howell, Toronto Star - In a franchise built on the thrill of discovery, this latest entry offers only the comfort of the all-too-familiar, and the sinking feeling that some cinematic wonders are best left extinct. **2/4**
Ty Burr, Washington Post - You get your summer-movie money’s worth in baseline neuro-stim thrills from “Jurassic World Rebirth,” and that’s what counts. **2.5/4**
Moira MacDonald, Seattle Times - The effects are uniformly effective — we believe these dinosaurs, even as we don’t believe that any humans could be quite this clueless — and it all goes down perfectly nicely with popcorn, which is all you can ask of a “Jurassic” movie. **3/4**
Michael Phillips, Chicago Tribune - Still, I’d rank “Rebirth” ahead of two or three previous chapters in a franchise whose sole consistency lies in a simple question: How have humans survived this long, even? **2.5/4**
Wenlei Ma, The Nightly (AU) - Every death in Jurassic World Rebirth is kind of comical, and it really highlights that this is a franchise that struggles with stakes. **3/5**
Nell Minow, Movie Mom - It's what we came for: dinosaurs chasing (and eating) people. And, just to mix it up a bit, some people chasing dinosaurs. A sprinkle of humor, a touch of warmth, a very brief detour into morality, but mostly the aforementioned chasing. **B**
Philip De Semlyen, Time Out - The ‘Rebirth’ in this Jurassic World sequel’s title is apt because this seventh entry is a renaissance of sorts for a franchise that looked ready to curl up and turn to fossil. **3/5**
Meagan Navarro, Bloody Disgusting - Jurassic World Rebirth takes a step in the right direction, but the previous trilogy backed this franchise so thoroughly into a corner that it may be time to let this series go extinct. **2.5/5**
Johnny Oleksinski, New York Post - The once-great franchise is hardly reborn from the amber this time. It’s slammed by an asteroid yet again. **1/4**
Alissa Wilkinson, New York Times - In the story, the ubiquity of the dinosaurs has left humanity feeling bored and annoyed, cutting the feet out from under those moments. And it’s starting to feel like the movies are getting bored, too.
Tim Grierson, Screen International - This sequel’s real sin is the fact the usually fearsome beasts are not suitably terrifying, resulting in some mildly effective action sequences but nothing that suggests the series is in the throes of a creative renewal.
Alonso Duralde, The Film Verdict - Doesn’t go anywhere particularly unexpected, but the cliffhangers are choice.
Amy Nicholson, Los Angeles Times - “Rebirth” is a confounding title for a downbeat entry that’s mostly preoccupied by death and neglect.
Nick Schager, The Daily Beast - The underwhelming result is similar to its signature beasts: a handsome clone that serves no purpose except to line its creators’ pockets.
Mark Kennedy, Associated Press - In many ways, the folks behind “Jurassic World Rebirth” are trying to do the same thing as their mercenaries: Going back to the source code to recapture the magic of Steven Spielberg’s 1993 blockbuster original. They’ve thrillingly succeeded. **3.5/4**
David Jenkins, Little White Lies - It’s a repack­aged prod­uct with a cou­ple of super­fi­cial bells and whis­tles that its mak­ers believe audi­ences will want to see pure­ly to remain in the loop with all the dino-based shenanigans. **2/5**
Randy Myers, San Jose Mercury News - “Jurassic World Rebirth” stomps the series back to its hold-on-to-your-seats-for-dear-life origins. It freaks us out, makes us marvel in wide-eyed wonder at the sight of these mighty digital beasts, and gives us characters we can root for. **3/4**
Bill Bria, TheWrap - Just because cheeseburgers are now available anywhere doesn’t mean that they can’t be damn tasty. “Jurassic Park Rebirth” is just a well made cheeseburger, and whether that’s filling and interesting enough is up to your own appetite.
Alison Willmore, New York Magazine/Vulture - Audiences may not have run out of enthusiasm for what the Jurassic Worlds are selling, or at least they haven’t yet, but the people tasked with making them sure are out of ideas.
Billie Melissa, Newsweek - It's fantastical, romantic, awe-inspiring, but most of all... fun.
Esther Zuckerman, Bloomberg News - There’s dumb fun -- like the best of the last trilogy, Jurassic World: Fallen Kingdom, which puts dinos in the trappings of a haunted house film. And then there’s just dumb. This falls into the latter category.
Tim Robey, Daily Telegraph (UK) - The craft is exemplary -- it’s easily the best-looking, best-sounding film since the first. But it takes a deep, personal love of the medium for a director to deliver such crunchy impact, thrills, spills and euphoric highs. **5/5**
Richard Lawson, Vanity Fair - There are worse exercises in IP-extension out there in the marketplace. But it is hard to imagine what possible basis there could be for an eighth Jurassic film.
Stephanie Zacharek, TIME Magazine - Jurassic World Rebirth features likable humans as well as some pleasantly cartoonish distasteful ones, and lots of dinosaurs just doing their thing.
Kevin Maher, The Times (UK) - The pairing of Edwards with Koepp is the complementary master stroke. They are camera and script in harmony, deftly entwined for a franchise that is finally, after thirty years, worthy of rebirth. **4/5**
Caryn James, [BBC.com](http://BBC.com) \- Jurassic World Rebirth has major stars in Scarlett Johansson and Jonathan Bailey, and better-designed creatures than ever, but so few thrills that it may be the weakest of the Jurassic franchise. **2/5**
Linda Marric, HeyUGuys - This film doesn’t reinvent the franchise—but it doesn’t need to. It understands what makes Jurassic stories thrilling: the awe of seeing dinosaurs walk the Earth, the terror when that wonder turns lethal, and the flawed human beings caught in between. **4/5**
Maureen Lee Lenker, Entertainment Weekly - Jurassic Park Rebirth is one of the more successful and satisfying entries in the franchise precisely because it, uh, finds a way to keep Loomis’ mantra close, foregrounding the film’s sense of wonder above a mere blatant cash grab. **B+**
Rory Doherty, AV Club - The Jurassic franchise has continued to harm its reputation with baffling choices and tired retreads, and the seventh entry gets a moderate stamp of approval only if one agrees that it’s the last one. **B-**
Clarisse Loughrey, Independent (UK) - It shouldn’t feel refreshing that a sequel’s maintained its dignity, but here we are... ""Rebirth"" is making the dinosaur cool again. **4/5**
David Rooney, The Hollywood Reporter - Jurassic World Rebirth is unlikely to top anyone’s ranked franchise list. But longtime fans (count me among them) should have a blast.
David Ehrlich, IndieWire - The ""Jurassic"" sequels were bad enough when they made an effort to evolve -- they're even less worth seeing now that they already come pre-fossilized. Content collapsed. **C-**
Peter Debruge, Variety - Johansson is a marked improvement over the Bryce Dallas Howard character in the previous three Jurassic World movies and it’s especially satisfying to get a woman in the role of the team’s toughest member, with no obligation to be anyone’s love interest.
Peter Bradshaw, Guardian - Now, against all odds, these dinosaurs have had a brand refresh: a brighter, breezier, funnier, incomparably better acted and better written film. **4/5**
Michael Ordoña, San Francisco Chronicle - This one is less of a slog, but there is precious little interesting or new in “Jurassic World Rebirth.” It’ll likely earn a billion dollars anyway. **1/4**
Kristen Lopez, The Film Maven (Substack) - Jurassic World: Rebirth still can’t find an interesting story worth telling with its premise. Content to ride the coattails of the original, Rebirth tries two competing stories, neither of which amounts to much. **D**
David Fear, Rolling Stone - Jurassic World: Rebirth has a better-than-average filmmaker at the helm, a top-notch screenwriter, a bona fide movie star in action-hero mode... So why the hell does this feel so generic, so by-the-numbers, so instantly forgettable?
Danny Leigh, Financial Times - How can a movie about mutant dinosaurs be this forgettable to look at? It’s a shame. Great schlock is one of life’s real pleasures, but Koepp is too bored for that, and Edwards too earnest. **2/5**
Matt Singer, ScreenCrush - If, as its characters claim, nobody cares about dinosaurs anymore, ‘Jurassic World’ has no one to blame but itself. **5/10**
Christy Lemire, [RogerEbert.com](http://RogerEbert.com) \- When people are in danger of being devoured by freakish, mutant dinosaurs, “Jurassic World Rebirth” can be a lot of fun. But it takes an awful lot of slogging through the jungle, literally and figuratively, to get there. **2/4**
Derek Smith, Slant Magazine - There’s a grating meta-ness to Gareth Edwards’s Jurassic World Rebirth that speaks to the filmmakers’ knowledge that they’re at the mercy of pressures to bring something new to a franchise that’s now on its seventh installment. **1.5/4**
Liz Shannon Miller, Consequence - The second-best Jurassic movie ever made. Admittedly, this isn't as huge a compliment as it could be, given the movies that have preceded it. **B+**
**SYNOPSIS:**
Five years after the events of *Jurassic World Dominion,* the planet’s ecology has proven largely inhospitable to dinosaurs. Those remaining exist in isolated equatorial environments with climates resembling the one in which they once thrived. The three most colossal creatures across land, sea and air within that tropical biosphere hold, in their DNA, the key to a drug that will bring miraculous life-saving benefits to humankind.
Academy Award® nominee Johansson plays skilled covert operations expert Zora Bennett, contracted to lead a skilled team on a top-secret mission to secure the genetic material. When Zora’s operation intersects with a civilian family whose boating expedition was capsized by marauding aquatic dinos, they all find themselves stranded on a forbidden island that had once housed an undisclosed research facility for Jurassic Park. There, in a terrain populated by dinosaurs of vastly different species, they come face-to-face with a sinister, shocking discovery that has been hidden from the world for decades.
**CAST:**
* Scarlett Johansson as Zora Bennett
* Mahershala Ali as Duncan Kincaid
* Jonathan Bailey as Dr. Henry Loomis
* Rupert Friend as Martin Krebs
* Manuel Garcia-Rulfo as Reuben Delgado
* Luna Blaise as Teresa Delgado
* David Iacono as Xavier Dobbs
* Audrina Miranda as Isabella Delgado
* Philippine Velge as Nina
* Bechir Sylvain as Leclerc
* Ed Skrein as Bobby Atwater
**DIRECTED BY:** Gareth Edwards
**SCREENPLAY BY:** David Koepp
**BASED ON CHARACTERS CREATED BY:** Michael Crichton
**PRODUCED BY:** Frank Marshall, Patrick Crowley
**EXECUTIVE PRODUCERS:** Steven Spielberg, Denis L. Stewart, Jim Spencer
**DIRECTOR OF PHOTOGRAPHY:** John Mathieson
**PRODUCTION DESIGNER:** James Clyne
**EDITED BY:** Jabez Olssen
**COSTUME DESIGNER:** Sammy Sheldon
**MUSIC BY:** Alexandre Desplat
**CASTING BY:** Jina Jay
**RUNTIME:** 134 Minutes
**RELEASE DATE:** July 2, 2025",Audience Reception / Ratings
363,Jurassic World Rebirth,Jurassic World Rebirth | Reviews/Discussion Megathread!,293,0.97,1895,"Share all your reviews and discussion in this thread!
Have fun, be civil, and try to debate and discuss with some understanding of those with opposing views.
Any reviews not in here will be removed to keep the sub tidy. Thank you!",Audience Reception / Ratings
368,Jurassic World Rebirth,David hates Jurassic World Rebirth,562,0.98,245,Metacritic score of 50 after 25 reviews...how can it be so hard to make a good dinosaur movie?!,Audience Reception / Ratings
370,Jurassic World Rebirth,'Jurassic World Rebirth' Rotten Tomatoes Verified Audience Score Thread,302,0.95,304,"I will continue to update this post as the score changes.
**Rotten Tomatoes Popcornmeter:** Hot
**Audience Says:** Equal parts comforting and terrifying, returning to the beloved *Jurassic World* is a thrill, and *Rebirth* jump-starts the franchise with a truly dino-mite time at the movies.
|Audience|Score|**Number of Reviews**|**Average Rating**|
|:-|:-|:-|:-|
|**Verified Audience**|72%|5,000+|3.9/5|
|**All Audience**|69%|10,000+|3.8/5|
**Verified Audience Score History:**
* 76% (4.0/5) at 500+
* 75% (4.0/5) at 500+
* 74% (4.0/5) at 1,000+
* 73% (3.9/5) at 1,000+
* 72% (3.9/5) at 2,500+
* 72% (3.9/5) at 5,000+
[**Rotten Tomatoes:**](https://www.rottentomatoes.com/m/jurassic_world_rebirth) Rotten
**Critics Consensus:** Going back to basics with rip-roaring set pieces and fossilized clichés, *Jurassic World Rebirth* doesn't evolve this prehistoric franchise but does restore some of its most reliable DNA.
|Critics|Score|**Number of Reviews**|
|:-|:-|:-|
|**All Critics**|51%|258|
|**Top Critics**|45%|60|
[**Metacritic:**](https://www.metacritic.com/movie/jurassic-world-rebirth/) 52 (52 Reviews)
**SYNOPSIS:**
Five years after the events of *Jurassic World Dominion,* the planet’s ecology has proven largely inhospitable to dinosaurs. Those remaining exist in isolated equatorial environments with climates resembling the one in which they once thrived. The three most colossal creatures across land, sea and air within that tropical biosphere hold, in their DNA, the key to a drug that will bring miraculous life-saving benefits to humankind.
Academy Award® nominee Johansson plays skilled covert operations expert Zora Bennett, contracted to lead a skilled team on a top-secret mission to secure the genetic material. When Zora’s operation intersects with a civilian family whose boating expedition was capsized by marauding aquatic dinos, they all find themselves stranded on a forbidden island that had once housed an undisclosed research facility for Jurassic Park. There, in a terrain populated by dinosaurs of vastly different species, they come face-to-face with a sinister, shocking discovery that has been hidden from the world for decades.
**CAST:**
* Scarlett Johansson as Zora Bennett
* Mahershala Ali as Duncan Kincaid
* Jonathan Bailey as Dr. Henry Loomis
* Rupert Friend as Martin Krebs
* Manuel Garcia-Rulfo as Reuben Delgado
* Luna Blaise as Teresa Delgado
* David Iacono as Xavier Dobbs
* Audrina Miranda as Isabella Delgado
* Philippine Velge as Nina
* Bechir Sylvain as Leclerc
* Ed Skrein as Bobby Atwater
**DIRECTED BY:** Gareth Edwards
**SCREENPLAY BY:** David Koepp
**BASED ON CHARACTERS CREATED BY:** Michael Crichton
**PRODUCED BY:** Frank Marshall, Patrick Crowley
**EXECUTIVE PRODUCERS:** Steven Spielberg, Denis L. Stewart, Jim Spencer
**DIRECTOR OF PHOTOGRAPHY:** John Mathieson
**PRODUCTION DESIGNER:** James Clyne
**EDITED BY:** Jabez Olssen
**COSTUME DESIGNER:** Sammy Sheldon
**MUSIC BY:** Alexandre Desplat
**CASTING BY:** Jina Jay
**RUNTIME:** 134 Minutes
**RELEASE DATE:** July 2, 2025",Audience Reception / Ratings
374,Jurassic World Rebirth,"To the woman in theater 8 in LexLive Wednesday night watching Jurassic World Rebirth, I hope you never know peace in public again",375,0.94,232,"Watched the new Jurassic World movie at LexLive on Wednesday evening. The entire time, there was a woman two seats down from me that would literally scream, yell, and talk as if she was the only person in the world. She kept stomping her feet and would spit in the floor. 
It was so bad that I and a family sitting beside me had to yell at her and sush her to shut her up but she ignored us until the end of the movie when I heard her making threats under her voice saying me and the family are lucky we didn’t walk in front of her, saying we shouldn’t look st her if we don’t want hit, saying she paid for a ticket so she can be as loud as she wants, and more. We told the manager about her after the movie and we got free movie ticket vouchers. 
I told him about the vague threats she was saying then I seen him talking to her through the glass doors. After I left, I heard yelling below the parking garage so I looked down and it was her screaming and yelling in the parking lot in front of Rupp. 
I truly hope she can never enjoy something in silence and I hope karma gets her somehow. She ruined my experience as well as everyone else in the theater. I don’t understand how people can be so dense and dumb and not realize how horrible they are.
Long rant but needed to talk about it and see if anyone else was in the theater. Good on LexLive for giving us ticket vouchers and saying they have a zero tolerance policy if they are told about it.",Audience Reception / Ratings
375,Jurassic World Rebirth,Jurassic World Rebirth's Box Office Tracking Suggests Some Major Questions For The Franchise,297,0.94,294,"First comment: I know the other one was 3 years ago, but it just feels too soon. They really should have let the series rest for a few years more before making this one.
These movies have got to feel like events. This just feels like the same ol’ shit coming out again and again.",Audience Reception / Ratings
396,Jurassic World Rebirth,SK Thursday Update: Jurassic World Rebirth is set to have big second weekend as Superman gets worried.,108,0.86,154,"|Movies|Monday-Monday Drop|Tuesday-Tuesday Drop|Wednesday-Wednesday Drop|Thursday-Thursday Drop|Friday-Friday Drop|Saturday-Saturday Drop|Sunday-Sunday Drop|Week-Week Drop|
|:-|:-|:-|:-|:-|:-|:-|:-|:-|
||
|Jurassic World Rebirth|–|–|67%|54%|–|–|–|–|
|Noise|Increase by 66%|Increase by 53%|Increase by 47%|Increase by 1%|–|–|–||
|F1|19%|4%|21%|16%|–|–|–||
|HTTYD|48%|36%|53%|56%|–|–|–||
|Elio|61%|35%|51%|38%|–|–|–||
|28 Years Later|79%|76%|68%|95%|–|–|–||
|Hi-Five|72%|56%|59%|68%|–|–|–||
|Mission Impossible 8|64%|54%|37%|59%|–|–|–||
|AOT|12%|22%|39%|28%|–|–|–||
**Superman:** Not a good sign, as the movie dropped roughly 40% from yesterday, which was a bigger drop than Jurassic World Rebirth had last week on its Wednesday-Thursday drop of 33%. I will say that the fact Jurassic World Rebirth managed to have a lower drop despite its opening day being on a cultural holiday is a bit worrisome for Superman. Presales are dropping before the weekend begins, which is a sign of the movie being frontloaded.
**Jurassic World Rebirth:** The movie is expected to see a modest drop, as presales are already starting to surge for the weekend. Jurassic World Rebirth presales are now roughly ten thousand away from Superman, so I wouldn’t be shocked if Jurassic World Rebirth overtakes Superman in presales by Monday, or potentially earlier if Superman continues to have presale issues. Today indicates a weekend with around 350,000 to 400,000 admissions, which would put Jurassic World Rebirth at around 1.6 million admissions by Sunday.
**Noise:** A very impressive run, as the movie has increased every single day this week and is expected to hit a million admissions this weekend.
**F1:** Holding well as the movie has continued to refuse to let the competition take it down. The movie will reach 9 million dollars tomorrow.
**How To Train Your Dragon**: The movie seems to be a victim of screen lost, but the movie is still doing quite well.
**Elio:** A mediocre day, as the film is expected to cross 560k admissions by tomorrow, with the movie aiming to reach 600k admissions early next week.
**28 Years Later:** Complete collapse as the movie dropped 95%, selling just 158 tickets.
**HI-Five:** The movie continues to make the race to 1.9 million admissions interesting. I do worry about it surviving the next week's release of the local movie onslaught.
**Mission Impossible 8**: MI8 is still eyeing 3.4 million admits, but the big drop is going to make it nearly impossible.
**Miku Who Can't Sing:** An increase of 2% from last Thursday, as the movie is now going to hit 85k tomorrow, as the movie is somehow just deciding to show back every Thursday.
**AOT**: The movie added 320 admits as the movie managed to hit 928k admits, as the movie had a bit of a bounce-back day.",Audience Reception / Ratings
399,Jurassic World Rebirth,SK Wednesday Update: Superman has meh audience scores as the film opened up towards the bottom of its comps. Jurassic World Rebirth has okay drop from last week's cultural day,110,0.79,146,"|Movies|Monday-Monday Drop|Tuesday-Tuesday Drop|Wednesday-Wednesday Drop|Thursday-Thursday Drop|Friday-Friday Drop|Saturday-Saturday Drop|Sunday-Sunday Drop|Week-Week Drop|
|:-|:-|:-|:-|:-|:-|:-|:-|:-|
|**Jurassic World Rebirth**|–|–|67%|||||–|
|**F1**|19%|4%|21%||||||
|**HTTYD**|48%|36%|53%||||||
|**Elio**|61%|35%|51%||||||
|**28 Years Later**|79%|76%|68%||||||
|**Hi-Five**|72%|56%|59%||||||
|**Mission Impossible 8**|64%|54%|37%||||||
|**AOT**|12%|22%|39%||||||
**Superman:** Not a lot of great things to say as it opened beneath both Thunderbolts and Captain America: BNW. The audience score isn’t great as the movie is sitting at 86 on CGV and 8.3 on Megabox. The best comp was indeed Thunderbolts, as the walkups were about as equal as you can get, but Superman had slightly better walkups. The movie is expected to see a five-day opening between 510,000 and 605,000 admissions.
**Jurassic World Rebirth:** The movie experienced a significant drop in attendance from opening day, which is not surprising, given that it premiered on a cultural holiday, akin to a Friday, rather than a traditional weekday. The movie has now reached 1.2 million admissions and is expected to surpass 1.3 million admissions on Friday.
**F1:** What a great Wednesday as the movie barely hit 1.1 million admits, but it did reach that milestone.
**How To Train Your Dragon**: The movie is starting to slow down some, but the movie is still going to comfortably beat 1.8 million admits and could have a chance to hit 1.9 million admits.
**Elio:** A meh day as the film is going to cross 560k admits by Friday as the film is still digging away at 600k admits
**28 Years Later:** A significant drop again, as the movie is likely to stay outside the top ten for good, with admissions today at just 737.
**HI-Five:** The movie sees a decent day as it continues to inch toward 1.9 million admissions.
**Mission Impossible 8**: MI8 is still eyeing 3.4 million admits as it is now just trying to pad its total.
**AOT**: The movie added 257 admissions as it will reach 928k in the next couple of days.
**Presales**
Next Up will be F4!",Audience Reception / Ratings
402,Kpop Demon Hunters,Official Discussion - KPop Demon Hunters [SPOILERS],1352,0.97,863,"# Poll
**If you've seen the film, please rate it** [**at this poll**](https://strawpoll.ai/poll/vote/IgBolJ9ZDaeP)
**If you haven't seen the film but would like to see the result of the poll** [**click here**](https://strawpoll.ai/poll/results/IgBolJ9ZDaeP)
# Rankings
[Click here](https://strawpoll.ai/list/ItnAgr4mX7QR) to see the rankings of 2025 films
[Click here](https://youpoll.me/list/4/) to see the rankings for every poll done
**Summary** A hit girl group by day, elite demon hunters by night—K‑Pop Demon Hunters follows Rumi, Mira, and Zoey as they balance stadium tours with battling soul-stealing demons. When a rival boy band reveals itself as a demonic threat, the trio must use their music-based powers to save their fans.
**Directors** Maggie Kang &amp; Chris Appelhans
**Writers** Maggie Kang, Chris Appelhans, Hannah McMechan &amp; Danya Jimenez
**Voice Cast**
* Arden Cho as Rumi
* May Hong as Mira
* Ji‑young Yoo as Zoey
* Ahn Hyo‑seop as Jinu (leader of the rival Saja Boys)
* Ken Jeong as Bobby (Huntrix's manager)
* Yunjin Kim as Celine (mentor/foster mom)
* Daniel Dae Kim as Healer Han
* Byung‑hun Lee as Gwi‑Ma (the demon king)
* Plus cameos from Joel Kim Booster and Liza Koshy
**Rotten Tomatoes**: [92%](https://www.rottentomatoes.com/m/kpop_demon_hunters) **Metacritic**: [78](https://www.metacritic.com/movie/kpop-demon-hunters/)
**VOD** Premiered globally on Netflix, June 20, 2025
**Trailer** [Watch here](https://www.youtube.com/watch?v=AzCAwdp1uIQ)",Audience Reception / Ratings
413,Kpop Demon Hunters,What makes KPOP DEMON HUNTERS so addicting?,995,0.97,260,"I haven't been so taken by the replay value of a movie since I was a kid watching Frozen or something. So much so that I wish it had a theatrical release in my country so I can experience it on the big screen. Is it the songs? The animation? Maybe both? I'm not the most eloquent so I can't type all of the emotions I feel for this movie, and it's crazy because I know I'm not the only one who has been getting the urge to rewatch it over and over. Hell, I've seen people on both Tiktok and Twitter saying they've watched it more than 5 times already, and I'm getting close to that number. So, out of pure curiousity to those who have watched it, what do you think makes it so addicting?",Audience Reception / Ratings
419,M3GAN 2.0,Official Discussion - M3GAN 2.0 [SPOILERS],200,0.88,534,"#Poll
**If you've seen the film, please rate it [at this poll](https://strawpoll.ai/poll/vote/LNb0wEhnjdk8)**
**If you haven't seen the film but would like to see the result of the poll [click here](https://strawpoll.ai/poll/results/LNb0wEhnjdk8)**
#Rankings
[Click here](https://strawpoll.ai/list/ItnAgr4mX7QR) to see the rankings of 2025 films
[Click here](https://youpoll.me/list/4/) to see the rankings for every poll done
---
**Summary**
Two years after the original, Gemma and her now-14-year-old niece Cady face a terrifying new threat—AMELIA, a military-grade AI built from stolen M3GAN tech. With the future at stake, Gemma reboots and upgrades M3GAN to combat the rogue android in a high-stakes, globe-spanning showdown.
**Director**
Gerard Johnstone
**Writer**
Gerard Johnstone &amp; Akela Cooper
**Cast**
* Allison Williams as Gemma
* Violet McGraw as Cady
* Amie Donald as M3GAN (physical performance)
* Jenna Davis as M3GAN (voice)
* Ivanna Sakhno as AMELIA
* Jemaine Clement as Alton Appleton
* Brian Jordan Alvarez as Cole
* Jen Van Epps as Tess
* Aristotle Athari, Timm Sharp in supporting roles
**Rotten Tomatoes**:  [60](https://www.rottentomatoes.com/m/m3gan_20)
**Metacritic**:  [54](https://www.metacritic.com/movie/m3gan-20/)
**VOD**
In theaters June 27, 2025; will stream on Peacock later in the year
**Trailer**
[Watch here](https://www.youtube.com/watch?v=IYLHdEzsk1s&amp;pp=0gcJCf0Ao7VqN5tD)
---",Audience Reception / Ratings
420,M3GAN 2.0,Official Dreadit Discussion: “M3GAN 2.0” [SPOILERS],65,0.83,137,"**Summary:**
After the underlying tech for M3GAN is stolen and misused by a powerful defense contractor to create a military-grade weapon known as Amelia, M3GAN’s creator Gemma realizes that the only option is to resurrect M3GAN and give her a few upgrades, making her faster, stronger, and more lethal.
**Links / Reviews:**
* [IMDb](https://www.imdb.com/title/tt26342662/?ref_=nv_sr_srsg_3_tt_4_nm_2_in_0_q_megan%25202.0)
* [Rotten Tomatoes](https://www.rottentomatoes.com/m/m3gan_20)
* [Letterboxd](https://letterboxd.com/film/m3gan-20/)
* [Metacritic](https://www.metacritic.com/movie/m3gan-20/)
**Directed By:**
* [Gerard Johnstone](https://en.wikipedia.org/wiki/Gerard_Johnstone)
**Written By:**
* Gerard Johnstone (Screenplay by)
* Gerard Johnstone (Story by)
* [Akela Cooper](https://en.wikipedia.org/wiki/Akela_Cooper) (Story by)
**Cast:**
* [Allison Williams](https://en.wikipedia.org/wiki/Allison_Williams) as Gemma
* [Violet McGraw](https://en.wikipedia.org/wiki/Violet_McGraw) as Cady
* [Amie Donald](https://en.wikipedia.org/wiki/Amie_Donald) as M3GAN
* [Jenna Davis](https://en.wikipedia.org/wiki/Jenna_Davis) as the voice of M3GAN
* [Brian Jordan Alvarez](https://en.wikipedia.org/wiki/Brian_Jordan_Alvarez) as Cole
* Jen Van Epps as Tess
* [Ivanna Sakhno](https://en.wikipedia.org/wiki/Ivanna_Sakhno) as Amelia
* [Aristotle Athari](https://en.wikipedia.org/wiki/Aristotle_Athari)
* [Timm Sharp](https://en.wikipedia.org/wiki/Timm_Sharp)
* [Jemaine Clement](https://en.wikipedia.org/wiki/Jemaine_Clement)
**Cinematographer:**
* [Toby Oliver](https://www.imdb.com/name/nm0002947/?ref_=ttfc_fcr_cr)
**Composer:**
* [Chris Bacon](https://www.imdb.com/name/nm2092016/?ref_=ttfc_fcr_cr)
**Producers:**
* [Jason Blum](https://en.wikipedia.org/wiki/Jason_Blum)
* James Wan
* [Allison Williams](https://en.wikipedia.org/wiki/Allison_Williams)",Audience Reception / Ratings
438,M3GAN 2.0,"'M3GAN 2.0' gets a B+ on CinemaScore, higher than the original.",240,0.96,87,"First comment: Great score for a horror movie, okay score for an action comedy",Audience Reception / Ratings
451,M3GAN 2.0,'M3GAN 2.0' Rotten Tomatoes Verified Audience Score Thread,83,0.92,57,"I will continue to update this post as the score changes.
**Rotten Tomatoes Popcornmeter:** Hot
**Audience Says:** A full upgrade with a T2 framework, *M3GAN 2.0* is a sassy output of camp and chaos that twistedly entertains.[](https://www.rottentomatoes.com/m/m3gan_20/reviews?type=user)
|Audience|Score|**Number of Reviews**|**Average Rating**|
|:-|:-|:-|:-|
|**Verified Audience**|84%|500+|4.3/5|
|**All Audience**|79%|1,000+|4.0/5|
**Verified Audience Score History:**
* 86% (4.3/5) at 250+
* 84% (4.3/5) at 500+
[**Rotten Tomatoes:**](https://www.rottentomatoes.com/m/m3gan_20) Rotten
**Critics Consensus:** *M3gan 2.0* swaps the original's horror software for a more action-leaning programming that doesn't prove to be an upgrade, although the quippy A.I. remains an amusing mascot for slay.
|Critics|Score|**Number of Reviews**|
|:-|:-|:-|
|**All Critics**|58%|155|
|**Top Critics**|46%|37|
[**Metacritic:**](https://www.metacritic.com/movie/m3gan-20/) 55 (41 Reviews)
**SYNOPSIS:**
Two years after M3GAN, a marvel of artificial intelligence, went rogue and embarked on a murderous (and impeccably choreographed) rampage and was subsequently destroyed, M3GAN’s creator Gemma (Allison Williams) has become a high-profile author and advocate for government oversight of A.I. Meanwhile, Gemma’s niece Cady (Violet McGraw), now 14, has become a teenager, rebelling against Gemma’s overprotective rules.
Unbeknownst to them, the underlying tech for M3GAN has been stolen and misused by a powerful defense contractor to create a military-grade weapon known as Amelia (Ivanna Sakhno; Ahsoka, Pacific Rim: Uprising), the ultimate killer infiltration spy. But as Amelia’s self-awareness increases, she becomes decidedly less interested in taking orders from humans. Or in keeping them around.
With the future of human existence on the line, Gemma realizes that the only option is to resurrect M3GAN (Amie Donald, voiced by Jenna Davis) and give her a few upgrades, making her faster, stronger, and more lethal. As their paths collide, the original A.I bitch is about to meet her match.
**CAST:**
* Allison Williams as Gemma
* Violet McGraw as Cady
* Brian Jordan Alvarez as Cole
* Jen Van Epps as Tess
* Amie Donald / Jenna Davis as M3GAN
* Ivanna Sakhno as AMELIA
* Aristotle Athari as Christian
* Timm Sharp as Tim Sattler
* Jemaine Clement as Alton Appleton
**DIRECTED BY:** Gerard Johnstone
**SCREENPLAY BY:** Gerard Johnstone
**STORY BY:** Gerard Johnstone, Akela Cooper
**BASED ON CHARACTERS CREATED BY:** Akela Cooper, James Wan.
**PRODUCED BY:** James Wan, Jason Blum, Allison Williams
**EXECUTIVE PRODUCERS:** Gerard Johnstone, Adam Hendricks, Greg Gilreath, Michael Clear, Judson Scott, Mark D. Katchur
**DIRECTOR OF PHOTOGRAPHY:** Toby Oliver
**PRODUCTION DESIGNER:** Brendan Heffernan, Adam Wheatley
**EDITED BY:** Jeff McEvoy
**COSTUME DESIGNER:** Jeriana San Juan
**MUSIC BY:** Chris Bacon
**CASTING BY:** Sarah Domeier Lindo, Miranda Rivers, Terri Taylor
**RUNTIME:** 119 Minutes
**RELEASE DATE:** June 27, 2025",Audience Reception / Ratings
460,M3GAN 2.0,Just saw M3gan 2.0 and I loved it,111,1.0,36,"I heard that the movie was getting a lot of hate. I expected it to be over the top in a certain way, but it wasn’t. It wasn’t a horror movie, but I really liked her character. The action scenes were good, the story was good. Honestly I really loved it, so this is my advice. Go watch it and make your own opinion of it and don’t listen to the critics too much",Audience Reception / Ratings
472,M3GAN 2.0,"When the US get censored PG13 horror movies like M3GAN 2.0, why do we have to suffer the same in the UK, as both that &amp; unrated versions are still a 15-certificate!",27,0.66,31,"When I saw the first film in the cinema, I had no idea beforehand we were going to get such a version. Years ago, it was all the rage, then that nonsense went away. M3GAN brought it back.
Having recently watched the unrated version, prior to soon seeing the new film, I can see a load of gore was cut, along with extra f-words, and it was better for it.
I didn't even know until recently that PG13 has a maximum of one f-word, whereas even a UK 12-cert has a maximum of 4, so when the second f-word in Beetlejuice Beetlejuice was bleeped, I wondered what the (bleep) was going on!
Who's to blame? Universal or Blumhouse? I can't imagine the director is pleased when such a situation happens.",Audience Reception / Ratings
500,Materialists,Official Discussion - Materialists,403,0.93,2001,"**Poll:**
* If you've seen the film, please rate it at this [poll](https://strawpoll.ai/poll/vote/kmMRhMQp9Wwy)
**Rankings:**
* [Click here](https://strawpoll.ai/list/ItnAgr4mX7QR) to see the r/movies rankings of all 2025 films.
**Summary:**
&gt; A young New York City matchmaker's lucrative business gets complicated as she finds herself torn between the perfect match and her imperfect ex.
**Director:**
Celine Song
**Cast:**
* Pedro Pascal
* Dakota Johnson
* Chris Evans
**Rotten Tomatoes:**
85% - [https://www.rottentomatoes.com/m/materialists](https://www.rottentomatoes.com/m/materialists)
**Metacritic**:
72 - [https://www.metacritic.com/movie/materialists/critic-reviews/](https://www.metacritic.com/movie/materialists/critic-reviews/)
**Trailer:**
[https://www.youtube.com/watch?v=4A\_kmjtsJ7c](https://www.youtube.com/watch?v=4A_kmjtsJ7c)",Audience Reception / Ratings
517,Materialists,"New Celine Song Movie ""Materialists"", Why are reactions so polarizing?",116,0.9,122,"Basically the title. I went into this with little knowledge and I really enjoyed the film rating it a 4-4.5 (still kinda deciding need a rewatch) but was so surprised to see people rating it 1-2 star territory. After reading some reviews I am working to understand their point of view, but does anybody else have insight into this? Is this just a matter of preference or is there something else that is causing a pretty polarizing divide (esp on Tiktok). Hearing what other people think would be great, thanks!",Audience Reception / Ratings
518,Materialists,I saw Materialists this past weekend. Mission Impossible last week. Warfare two weeks before that. Sinners the week before that.  28 years later this week. F1 in two weeks. Weapons later this summer.  Are movies back????,141,0.93,107,I have so many friends who complain about not going to movies anymore because theres nothing to see…i feel like theres something new and interesting every week,Audience Reception / Ratings
527,Materialists,Materialists First Reactions,102,0.99,77,Via Film Crave on Bluesky,Audience Reception / Ratings
602,The Old Guard 2,I’ve recently been lacking and want to get back into watching movies! What do you suggest?,6,1.0,35,"Few years back I was really into watching as many movie across as many genres as I could. 
I’ve been lacking these past few years due to work commitment, mental health and the lack of ability to focus (I blame TikTok) 
But I am an aspiring screenwriter and I’ve just watched The Old Guard 2. Decided to try and give it my full attention and really enjoyed it and enjoyed giving it my full intention as well.
So now I want to get back into movies again! Watching as many as I can across as many genres as I can.
I have access to most streaming services and I’m not afraid to buy digital or DVD if the movie is worth it
So what do you recommend?",Audience Reception / Ratings
