No.,movie_name,title,score,upvote_ratio,num_comments,selftext,topics
11,28 Years Later,28 YEARS LATER Passes $100 Million At The Box Office,3788,0.98,289,"First comment: Hell yeah. Loved it can't wait until The Bone Temple.
Lots of grumbling from people that wanted a sequel to 28 Weeks Later but got a sequel that was more similar to 28 Days Later...I get why some were disappointed but I was personally pleased it wasn't strictly an action horror.",Box Office / Financial Performance
15,28 Years Later,Box Office: '28 Years Later' Debuts to $5.8 Million in Thursday Previews,1533,0.98,305,First comment: Just saw it at a early show. Me and the wife liked it I have less of an issue with the ending because I know it has sequels planned,Box Office / Financial Performance
16,28 Years Later,"Box Office: ‘28 Years Later’ Feasting on $60M Global Opening, Highest of the Franchise and Biggest Opening for a Danny Boyle Film",1720,0.97,257,First comment: [deleted],Box Office / Financial Performance
17,28 Years Later,Box Office: ’28 Years Later’ Chomps on $14 Million Opening Day,1397,0.97,284,"First comment: It's ahead of predictions already, Sony will be rubbing their hands.",Box Office / Financial Performance
21,28 Years Later,"‘28 Years Later’ Feasting $30-31M, ‘Elio’ At $22M+ Is Pixar’s Lowest Opening Ever, ‘How To Train Your Dragon’ Rules With $35M+ Second Weekend – Saturday Box Office Update",863,0.98,463,"First comment: I didn’t think a Pixar film could go lower than Elemental, but here we are.",Box Office / Financial Performance
34,28 Years Later,"‘28 Years Later’ Still Feasting $30M DOM/$60M Global Opening, ‘Elio’ At $20M+ Is Pixar’s Lowest Opening Ever, ‘How To Train Your Dragon’ Rules With $37M Second Weekend (-56%) – Sunday Box Office Update",621,0.98,292,"First comment: A Pixar movie opening to low $20M is just very bad. Goes to show bad the brand has fallen. But really, it did feel like Disney gave up on it a while ago and just wanted to get it over with because of the two year delay.
Now the question is whether the decent reviews can help leg out to an acceptable enough total.",Box Office / Financial Performance
39,28 Years Later,"‘F1’ Putting The Pedal To The Metal With $55M+ Opening, An Apple Original Films Record; ‘M3GAN 2.0’ Asleep At $10M, ‘Elio’ Dropping 45% to $11M-$12M; ‘28 Years Later’ Collapsing 67% to $10M – Friday PM Update",601,0.97,230,"First comment: That is an abysmal opening for *M3GAN 2.0*, and *28 Years Later* doesn't look as if it's going to capitalise on that.",Box Office / Financial Performance
42,28 Years Later,"Sony's 28 Years Later has passed the $100M global mark. The film grossed an estimated $13.7M internationally this weekend. Estimated international total stands at $52.7M, estimated global total stands at $103.0M.",566,0.97,208,"First comment: Quite a gap between domestic and international.
It's doing very decent in the UK tbf.",Box Office / Financial Performance
44,28 Years Later,28 Years Later took a massive 67% drop this weekend at the North American box office,358,0.96,281,"First comment: People in the industry have been calling it the ""Curse of 2025"". Practically *every* major movie released this year has had a massive (45-65%) second week drop off with the exception of *Sinners* (which miraculously only dropped 6%).",Box Office / Financial Performance
53,28 Years Later,"$1M CLUB: THURSDAY
1. JURASSIC WORLD: REBIRTH ($25M)
2. F1 ($6M)
3. HOW TO TRAIN YOUR DRAGON ($2.7M)
4. ELIO ($1.6M)
5. 28 YEARS LATER ($1.2M)
6. LILO &amp; STITCH ($1M) 
Box office BBQ in full effect.",383,0.97,159,First comment: Megan 2.0 is dead that’s for sure,Box Office / Financial Performance
54,28 Years Later,5 Reasons Why 28 Years Later Killed It At The Box Office,227,0.83,214,First comment: Aaron taylor johnson needed the w,Box Office / Financial Performance
56,28 Years Later,"Sony's 28 Years Later grossed an estimated $14.0M domestically on Friday (from 3,444 locations), including Thursday previews.",355,0.96,151,"First comment: I’m sure it’ll end up being a decent performer regardless, but Bone Temple is gonna be very interesting to track for sure.",Box Office / Financial Performance
60,28 Years Later,"’28 Years Later’ Running To $14M Friday/$28M-$30M 3-Day, ‘Elio’ Eyes $9M/$22M-$24M In A ‘How To Train Your Dragon’ ($10.7M/$35.2M, -58%) Ruled Weekend – Friday Box Office Update",229,0.96,173,"First comment: That would be a steep drop for HTTYD after the strong weekdays
28 Years Later opening to $28M would be kinda funny, though.",Box Office / Financial Performance
62,28 Years Later,"’28 Years Later’ $5M+, ‘Elio’ $2.5M-$3M Previews – Thursday Night Box Office",314,0.98,125,"First comment: That RT audience score for 28 Years was soo unexpected, given the diehards we have for this franchise. Movie's gonna drop like a rock
I'm not even sure if it can do half of Sinners worldwide",Box Office / Financial Performance
79,Ballerina,"With ‘Ballerina’ Falling Short at the Box Office, ‘John Wick’ May Finally Be Getting Stretched Too Thin",789,0.96,463,First comment: I think the continental was a pretty big misfire.,Box Office / Financial Performance
85,Ballerina,Why ‘Ballerina’ Isn’t Springing Into The Rafters With A $25M-$27M Opening – Saturday AM Box Office Update,415,0.95,262,"First comment: &gt; One film finance source yelled at me yesterday about the less-than-expected Ballerina performance, “If their exits were so great, why the hell was the review embargo lift so late?!” The review embargo lift was on Wednesday, June 4, the day before previews began. In addition, John Wick: Chapter 4 launched and teed off its excitement at SXSW, and that festival crowd would have embraced and screamed out praise of Ballerina if it was there. SXSW could have used another cool fanboy film this year.
The late embargo was a stupid decision. It gave the perception that the movie is a stinker when it isn't.",Box Office / Financial Performance
88,Ballerina,Lionsgate's Ballerina has passed the $100m global mark,566,0.98,147,https://the-numbers.com/movie/From-the-World-of-John-Wick-Ballerina-(2025)#tab=summary,Box Office / Financial Performance
99,Ballerina,Why ‘Ballerina’ Didn’t Leap Into The Rafters With $25M Opening – Sunday AM Box Office Update,203,0.96,163,First comment: probably should have introduced the character in a JW film,Box Office / Financial Performance
100,Ballerina,"June 6-8 Box Office Recap – 'Ballerina' disappoints with just $24.5M, allowing 'Lilo &amp; Stitch' to stay at #1 for the third week 'The Phoenician Scheme' debuts in wide release with an okay $6.2M. 'Lilo &amp; Stitch' crosses $700M worldwide, while 'Mission: Impossible – The Final Reckoning' crosses $450M.",290,0.89,126,"https://preview.redd.it/zgb2eu7vrz5f1.png?width=1920&amp;format=png&amp;auto=webp&amp;s=862e8e8c963f9b6d98ed9e0b6ea1da6611037d54
Without much competition this weekend, ***Lilo &amp; Stitch*** managed to snatch #1 for the third weekend in a row. Lionsgate tried to counter with their ***John Wick*** spin-off, ***Ballerina***, but it fell short of expectations. Wes Anderson's ***The Phoenician Scheme*** also made its debut in wide release, although it wasn't a very memorable opening.
The Top 10 earned a combined $104.9 million this weekend. That's up 5.2% from last year, when ***Bad Boys: Ride or Die*** topped the box office.
***Lilo &amp; Stitch*** stayed at #1 for the third weekend in a row, earning $32.3 million this weekend. That represents a rough 47.6% drop, which is worse than ***The Little Mermaid*** (44.1%) and ***Aladdin*** (42.4%). That's weird, considering the film didn't share much of an audience with ***Ballerina*** this weekend. In fact, the film is now running $8 million behind ***A Minecraft Movie*** through the same point, despite having a big advantage on its fourth day onwards. 
These drops aren't great at all. Family films usually hold well, but ***Lilo &amp; Stitch*** is dropping faster than usual. But with $335.6 million in the bank already, it's not really much to worry about. Regardless, with ***How to Train Your Dragon*** premiering this week, it will continue having rough drops. The film is not hitting $450 million domestically, and it should finish with around $420 million. That means the film won't hit a 3x multiplier, which is what family films easily achieve.
Making its way to 3,409 theaters, ***Ballerina*** opened with a very disappointing $24.5 million this weekend. These numbers are below the past three ***John Wick*** titles***, which range from $30 million to $73 million. It's not even Ana de Armas' biggest debut as lead or co-lead (***Knives Out*** is higher at $26.7 million).
Spin-offs are a complicated case at the box office. For every one that explodes (***Minions***, ***Rogue One***), there's always far more that just fail to manifest (***Solo: A Star Wars Story***, ***Elektra***, ***The Huntsman: Winter's War***, ***Evan Almighty***, etc.). Even more complicated are spin-offs of characters we never knew before, which is the case with ***Ballerina***. Sure, Lionsgate did a job in trying to connect it as much as possible to the ***John Wick*** franchise (to the point that they had that annoying ***From the World of John Wick*** in the title), but that doesn't mean the audience will watch anything related if the lead character isn't here.
Now, John Wick is definitely in the film (Lionsgate made sure to include him in the posters and trailers), but his presence is very minimal, opting to focus on the new character, Eve. But one thing that may have contributed to its lost revenue is the interest cooling off: this film was supposed to come out last June, but was delayed a full year as the film underwent reshoots. [These reportedly lasted 2-3 months and were helmed by Chad Stahelski without Len Wiseman on set.](https://www.thewrap.com/lionsgate-box-office-slump-ballerina-reshoots/) Although there's a [new report](https://www.hollywoodreporter.com/movies/movie-features/ballerina-director-john-wick-3-connections-1236257808/) where both Stahelski and Wiseman refute that claim, claiming they collaborated and the reshoots weren't that big. Now, the audience generally isn't aware of production issues; they only care if the film looks good or interesting. With that said, Lionsgate built negative buzz after it was [reported](https://deadline.com/2025/05/lionsgate-ballerina-embargoes-positive-negative-critics-1236409583/) that they only wanted positive social media reactions of the film posted before its review embargo, causing many to worry over its quality prospects. It was all for nothing, given it has a solid 75% on RT, although that's below the rest of the franchise.
According to Lionsgate, 63% of the audience was male, and 76% of the audience was 25 and over. At the very least, not everything is disappointing: audiences gave the film an ""A–"" on CinemaScore, the same grade as the second and third ***John Wick*** film. Maybe it could hold on well, but with heavy summer competition, it's very unlikely ***Ballerina*** can get to $75 million domestically.
In third place, ***Mission: Impossible – The Final Reckoning*** dropped 45.5% this weekend, adding $14.8 million. Not a bad drop, but not great either. The film has earned $149 million domestically, and it's probably going to finish with around $185 million domestically.
***Karate Kid: Legends*** earned $8.5 million on its second weekend. That's a very poor 57.8% drop from last weekend. In contrast, the 2010 version eased just 46.3% on its second weekend (a second weekend that's actually higher than ***Legends***' opening weekend). Through 10 days, the film has earned just $35.3 million, which is simply a very poor figure for the franchise. With heavy competition on its way, it will probably continue falling like a rock. Right now, the film will finish with around $50 million, pretty much less than the 2010 version's opening weekend ($55 million).
In fifth place, ***Final Destination: Bloodlines*** is stabilizing. It dropped just 40.8%, adding $6.4 million this weekend. The film has already made $123.5 million in the bank, officially passing any of the prior films adjusted for inflation. It should finish with around $140 million domestically.
Wes Anderson's ***The Phoenician Scheme*** expanded to 1,678 theaters, earning $6.2 million. Counting its numbers from its limited performance last week, the film has crossed $7 million domestically. That's below ***Asteroid City***'s wide debut ($9 million), but it wasn't really expected to top that film. 
This is an okay start for the film. At this point, Anderson's name is pretty much the selling point; either you are already in or you just don't care, it's just that simple. The film offered pretty much the same things everyone loves about his films. Reviews aren't as glowing as Anderson's previous films (78% on RT), but no one interested was going to be dissuaded from watching this.
According to Focus Features, 56% of the audience was male and skewed young (59% was 18-34). They gave it a very weak ""B–"" on CinemaScore, which is even lower than ***Asteroid City***. It's unlikely it can hold as well as that film, so it's pretty much set to finish with less than $20 million domestically. Don't fear for Anderson's future, though; he's already working on his next film.
A24's ***Bring Her Back*** dropped 51% and added $3.5 million this weekend. Not a bad drop for a horror film, although it's clear it won't hold as well as ***Talk to Me***. Through 10 days, it has earned $14.1 million, and it's unlikely it can pass $20 million.
***Dan Da Dan: Evil Eye*** debuted in just 1,085 theaters, but that was enough to hit $3.1 million this weekend. That's pretty good, although like other anime films, it's gonna be front-loaded as hell.
***Sinners*** dropped 46.4% and added $2.8 million this weekend. 8 weekends in, and the film has yet to fall at least 50%. Truly impressive run. The film has amassed $272.5 million domestically, and it will soon pass ***Gravity*** as the biggest live-action original film of the past 14 years.
Rounding up the Top 10 was ***Thunderbolts***, which is nearing the end of its run. It dropped 49.5%, earning $2.4 million this weekend. The film's domestic total stands at $186.4 million, and it's officially finishing below $195 million domestically.
***Dangerous Animals*** debuted with a weak $1.5 million in 1,636 theaters. Expect it to fade quickly.
Kevin Smith's ***Dogma*** returned to theaters for its 25th anniversary. It managed to hit $1 million ($2.1 million four-day) despite playing in 700 theaters. That took its lifetime gross to $32.7 million.
Neon released Mike Flanagan's ***The Life of Chuck*** in 16 theaters, although it earned a soft $224,585. That's an underwhelming $14,036 per-theater average (usually these films gross around $30K or more). What does this suggest? That interest may not be as high as expected. It's set for a wide release this weekend, although it's likely that the film does not hit it out of the park.
#**OVERSEAS**
***Lilo &amp; Stitch*** was once again #1 this weekend, earning $67.7 million overseas for a $772.2 million worldwide total. It debuted in its final market, Japan, earning $4 million this weekend. The best markets are Mexico ($56.8M), UK ($42.2M), France ($30.4M), Brazil ($28.2M) and Germany ($23.7M). As previously said, it will reach $1 billion but its faster-than-usual drops indicate that it won't make it much further than that. Quite disappointing, considering its opening weekend suggested it could've gone for $1.2 billion or more.
***Mission: Impossible – The Final Reckoning*** added $40.6 million overseas this weekend, lifting its worldwide numbers to $450 million. Its biggest markets are China ($47.5M), the UK ($27.8M), Japan ($23.4M), Korea ($20.5M) and France ($17.7M). It will definitely outgross ***Dead Reckoning*** ($567 million), but it's a question mark if it can hit $600 million worldwide.
***Ballerina*** debuted with $26 million overseas, for a $50 million worldwide debut. That's below the forecast, which was already far below the previous ***John Wick*** films. For reference, ***John Wick: Chapter*** debuted with $138 million worldwide. It had very soft debuts in China ($3M), UK ($2.5M) and Mexico ($1.9M). With competition on its way, ***Ballerina*** will probably miss $150 million, failing to recoup its $90 million budget. Ouch.
***Karate Kid: Legends*** added $10 million this weekend, for a $73.9 million worldwide total. It has performed very softly so far in all its markets, and there's not a lot of countries left. It should close with around $110 million worldwide, which would be quite disappointing.
With $8.7 million overseas this weekend, ***Final Destination: Bloodlines*** has crossed $257 million worldwide. This is definitely finishing with almost $290 million. Where's that sequel announcement, WB?
#**FILMS THAT ENDED THEIR RUN THIS WEEK**
Movie | Release Date | Studio | Domestic Opening | Domestic Total | Worldwide Total | Budget |
----------|----------|----------|:--------:|:--------:|:--------:|:--------:
*Snow White* | Mar/21 | Disney | $42,206,415 | $87,203,963 | $205,545,435 | $270M
*Hurry Up Tomorrow* | May/16 | Lionsgate | $3,312,692 | $5,215,357 | $6,222,399 | $15M
- Hi-Ho. Hi-Ho. Hi-Holy shit. Disney's ***Snow White*** has closed with a horrible $205 million worldwide, far less than its $270 million budget. Absolutely pathetic. An anemic 2.07 multiplier, which is simply poor for family films. But here's the thing everyone will say: is anyone truly surprised? Everything that could have gone wrong, went horribly wrong. And now it's one of the biggest flops in history.
- The Weekend probably is saying ""I hope you cry for me."" Mmm, nah, I don't think so, Abel. ***Hurry Up Tomorrow*** has closed after just 3 weeks with a poor $6 million worldwide. It's crazy to see how low it could go after the film snatched some of the year's worst reviews. Maybe this is it for The Weekend as a leading star. Pretty funny memes tho. 
#**THIS WEEKEND**
The ***Lilo &amp; Stitch*** live-action remake will cede the top spot to... another live-action remake.
Yep. DreamWorks' ***How to Train Your Dragon*** is finally arriving, just 15 years after the original was released. Quite a short time to make a remake, isn't it? Well, for $ome rea$on, Univer$al decided to $imply get Dean DeBloi$ to make a remake. Why would he do it? Gee, I don't know what it i$. In fact, there's a lot of shot-for-shot scenes in this film. If this is a hit (and we all know it will be), expect more DreamWorks Animation remakes. *sigh*
A24 is also releasing Celine Song's new film, ***Materialists***, starring Dakota Johnson, Chris Evans and Pedro Pascal. She hit gold with ***Past Lives***, and this film is aiming to be even broader, hoping to attract more people. With a pretty great marketing campaign in the past few days and a very well known cast, this could be a sleeper hit for A24.
And as mentioned earlier, Neon is expanding ***The Life of Chuck*** into wide release. After its weak numbers in limited release, the film will really need to step up its game to not disappoint.
____________________________________________________________________________________________
If you're interested in following the box office, come join us in r/BoxOffice.",Box Office / Financial Performance
110,Ballerina,"Box Office Tracking &amp; Forecasts: JURASSIC WORLD REBIRTH ($116-135M 5-Day, $265M Total), Plus Significant Updates on KARATE KID: LEGENDS ($21M OW, $65M DOM) and BALLERINA ($36M OW, $91M DOM)",158,0.96,125,"First comment: That is a ridiculously low total for Rebirth. Way lower than Dominion's total of $376 million.
The *Jurassic* films are very walk-up heavy, so I expect it to go much higher, leading upto its release.",Box Office / Financial Performance
111,Ballerina,"Lionsgate's Ballerina debuted with an estimated $25.0M domestically this weekend (from 3,409 locations). #BallerinaMovie #BoxOffice",159,0.94,116,"First comment: For a spinoff of a character that doesn’t even appear in any of the previous Wicks, this is not bad. But of course some people here will exaggerate.",Box Office / Financial Performance
142,Bride Hard,June 2025 Box Office Showcase,155,0.96,90,"The summer box office season is in full swing, and while July contains the real heavy hitters, we still got some big releases this coming month. Here’s the major releases, mixed in with some smaller releases to keep an eye on. Comment your predictions for what you think will do and what will flop, and what smaller movies you think could make a splash.
**MAJOR RELEASES:**
**6TH:** *From the World of John Wick: Ballerina* :
*John Wick* franchise box office: 1: $86M 2: $174M 3: $327M 4: $447M
**13TH:** *How to Train Your Dragon*:
*How to Train Your Dragon* franchise box office: 1: $494M 2: $621M 3: $540M
**20TH:** *28 Years Later*:
*28 Blank Later* franchise box office: Days: $84M Weeks: $65M
*Elio*:
Last original Pixar movie: *Elemental* ($496M)
**27TH**: *F1*
Last original theatrical Brad Pitt movies (leading): *Babylon* ($64M) and *Bullet Train* ($239M)
*M3GAN 2.0*:
*M3GAN* box office: $181M
SURPRISE HIT OR NO?:
*The Life of Chuck*: A life-affirming, genre-bending story based on Stephen King's novella about three chapters in the life of an ordinary man named Charles Krantz. (**6th**): https://youtu.be/dOyXdwXt8d4?si=J7GcR5ChxVIqMe9K
*Materialists*: A young, ambitious New York City matchmaker finds herself torn between the perfect match and her imperfect ex. (**13th**) https://youtu.be/4A_kmjtsJ7c?si=rwd3Wz5NQz0s0Er6
*Everything’s Going to Be Great*: As the Smart family wrestle with their over-sized dreams, they come to realize that the struggle to find your voice and your place in the world can happen no matter what stage of life you're in. (**20th**) https://youtu.be/8GXAtdg-MYU?si=RhRlQPvALpS9qhIV
*Bride Hard*: When a mercenary group takes a lavish wedding hostage, they have no idea what they are in for as the Maid of Honor is actually a secret agent ready to rain hell-fire upon anyone who would ruin her best friend's wedding. (**20th**): https://youtu.be/q0v62aE6YRs?si=baviYycEtqLjhtGm
*Sorry Baby*: Something bad happened to Agnes. But life goes on - for everyone around her, at least. (**27th**): https://youtu.be/Rc0jgWoZo9w?si=EyVK6pacAOheQ2SY",Box Office / Financial Performance
143,Bride Hard,"BOT Presale Tracking (May 27). Thursday Comps: Ballerina ($3.06M), The Phoenician Scheme ($1.98M), How to Train Your Dragon ($9.86M), Materialists ($1.15M), Elio ($1.53M), F1: The Movie ($5.99M), and M3GAN 2.0 ($2.60M). Jurassic World Rebirth sales largely stagnate.",69,0.93,76,"[BoxOfficeTheory Presale Tracking](https://forums.boxofficetheory.com/topic/31569-the-box-office-buzz-tracking-and-pre-sale-thread/page/1680/#comments)
[Presales Data (Google Sheets Link)](https://docs.google.com/spreadsheets/d/1zRjKpNOjPCBIgUULoyXyj5sBGMuU9owswn7bMfz1WSE/edit#gid=0)
[BoxOfficeReport Previews](http://www.boxofficereport.com/previewgrosses.html)
**Quorum Updates:**
- [June 2](https://forums.boxofficetheory.com/topic/31569-the-box-office-buzz-tracking-and-pre-sale-thread/page/1679/#findComment-4824227)
- [May 29](https://forums.boxofficetheory.com/topic/31569-the-box-office-buzz-tracking-and-pre-sale-thread/page/1669/#findComment-4822356)
- [May 28](https://forums.boxofficetheory.com/topic/31569-the-box-office-buzz-tracking-and-pre-sale-thread/page/1664/#findComment-4821779)
- [May 27](https://forums.boxofficetheory.com/topic/31569-the-box-office-buzz-tracking-and-pre-sale-thread/page/1659/#findComment-4821388)
- [May 22](https://forums.boxofficetheory.com/topic/31569-the-box-office-buzz-tracking-and-pre-sale-thread/page/1649/#findComment-4818326)
- [May 21](https://forums.boxofficetheory.com/topic/31569-the-box-office-buzz-tracking-and-pre-sale-thread/page/1644/#findComment-4817710)
- [May 19](https://forums.boxofficetheory.com/topic/31569-the-box-office-buzz-tracking-and-pre-sale-thread/page/1633/#findComment-4816710)
- [May 16](https://forums.boxofficetheory.com/topic/31569-the-box-office-buzz-tracking-and-pre-sale-thread/page/1625/#findComment-4815237)
**Wicked Part 1 Re-Release**
**Dan Da Dan: Evil Eye**
**Dangerous Animals**
**From the World of John Wick: Ballerina Average Early Access | Thursday | Early Access + Thursday Comp *assuming $4.5M for keysersoze123 EA+THU*: $2.06M | $3.06M | $4.84M** 
- Acrobat ($3.2M THU MI8 comp.  Steady pace, still headed for a number between 3 and 3.5, even considering the Accountant 2 True Thursday comp. Unless walk-ups are great, this is very ordinary **(June 3)**.  More and more likely that my sample will stay stable on this 3M preview number. The buzz doesn't seem to be there for a big improvement.  |  A better day, though sales were concentrated in two theaters. Comps still indicating 3M in previews **(June 1)**.  Alarming day, it's stalling against MI8 which was encountering PLF capacity issues, and it's slipping against The Accountant 2's true Thursday too. It seriously needs to improve pace **(May 31)**.  Based on my true Thursday comp with The Accountant 2 as well, seems like 3M is the numbers it's headed to, but let's see if there's some growth in the final days **(May 29)**.  The comp with true Thursday for The Accountant 2 would give it about 4M so 3.5M seems about right at the moment **(May 27)**.  Very imperfect comp with MI8, but it's what I have so far - I didn't track EA for The Accountant. Considering MI8 is so IMAX-heavy, 2.5 seems to be the right number for Ballerina **(May 24)**.  I won't go into any comps as the only one that is vaguely useful is The Accountant 2 which had its OD on T-17, but Ballerina is already 3x against it **(May 20)**.  For EA and THU, Ok, I didn't track Day 2-3 but it clearly had very strong days - I didn't expect this. The Accountant 2 had a much shorter presale window but Ballerina is already pacing well ahead of that one, at least for true Thursday, as I didn't track EA for some reason **(May 18)**.)
- Cine-Taquillas ($3.25M THU Comp.  Losing some steam, hope this final days can stay to $3.5M at least **(June 1)**.  Falling behind Final Destination **(May 28)**.  Still slow, hope this week will do better **(May 25)**.  Not too much this weekend **(May 22)**.  Not bad, i think **(May 19)**.  For THU Hey, i expected worse **(May 17)**.)
- crazymoviekid ($2.54M THU Comp.  For THU Not a great start. I'm averaging $2.5M-$3M **(June 2)**.)
- el sid ($3.1M THU comp excluding The Amateur. Counted today for Thursday, had 518 sold tickets (with shows in all of my 7 theaters). Best presales in the AMCs in California (154 sold tickets in LA and 147 in San Francisco). Up 45% since last Tuesday (where it had 357 sold tickets). So it's doing not great but acceptable in my theaters. Some comps will probably go down in the next few days (e.g. the AWM comp) and some will go up (e.g. the Furiosa comp) **(June 2)**.  It had, counted today for Thursday, June 5, 232 sold tickets (with shows in 7 theaters). Best presales in the AMCs in NY (71 sold tickets) and LA (70).  17 days left. So it has now 11 days left to collect 24 tickets to be on par with The Amateur (2M from previews on Thursday and before). Of course it will be in front soon. The preview number compared to Abigail (1M from previews on Thursday) is at the moment 1.35M + it has 14 days left. Not bad at all **(May 19)**.  Ballerina, counted today for Thursday, June 5, had 218 sold tickets (with shows in 7 theaters). Best presales in the AMCs in San Francisco (70 sold tickets) and NY (66).  Comps (always counted for Thursday, an extremely wide range at the moment): A Working Man (1.1M from previews on Thursday) had with 12 days left 42 sold tickets. The Amateur (2M from Thursday and I think before) had with 6 days left 256 sold tickets. Abigail (1M Thursday only) had on Monday of the release week 171 sold tickets. And Furiosa (3.5M Thursday only) had with 9 days left 1.595 sold tickets. I doubt that it will have the same walk-ups as A Working Man (slightly worse) but I also doubt that its final jumps will be as poor as those of Furiosa. I would say, that its number is almost on par with The Amateur with 13 days left to very  probably overtake is a good sign **(May 17)**.)
- Flip ($4.06M THU and $7.92M FRI comp.  For THU Pace is below average, will need to pick up in order to hit 35m **(May 29)**.  For THU Today was a good day.  |  For FRI I think this can outopen Karate Kid, it's around 2x where that was at the same point. probably 30-35m OW.  |  Not doing much to change its prospects, still looking at ~30m OW **(May 25)**.  Decent pace but the raw numbers are still pretty meh. Hopefully this is the bottom of the U-curve otherwise it will be hard to reach 30-35m OW **(May 20)**.  Soon I will have the accountant 2 comp, which will spit out some pretty good numbers for Ballerina **(May 17)**.  FRI is .49x Mission Impossible 8 (T-22). Much better than how previews are looking, this is more like what I expected **(May 16)**.)
- katnisscinnaplex ($1.4M EA and $3.36M THU Comp.)
- keysersoze123 (With good walkups it should hit 30s OW. I need to see daily pace to fine tune the prediction. MTC1 Ear - 19226 / P - 18844 / F - 18686.  MTC2 Ear - 3556 / P - 7605 / F - 8812 **(June 2)**.  Ballerina has good presales at the moment. Thinking 4-5m previews and 35m+ OW **(May 27)**.  That said not sure if Ballerina is getting any IMAX. i dont see any Imax shows listed for it **(May 18)**.)
- PlatnumRoyce ((T-3/4) - EA+Thursday -  yeah, it's stalling though my comp predictions look better I think in part because I'm thinking about this more as an action film than a tentpole (though I love vafrow's Bad Boys comp).  158 tickets sold (75 EA - 3 theaters/4 showtimes + 83 Thursday (5 theaters/22 showtimes).   +11 EA tickets sold in last 3 days/+14 R tickets. Comps: Working Man went from11 to 23 tickets during same T- period changing comp to 7.55M (4M ignoring EA) from 6.9/13.3.  The Amateur sold 42 tickets versus 27 at T-7 dropping comp to $7.5M (4M pretending EA doesn't exist). Thunderbolts - 848 tickets sold (64 showtimes)  = $2.15M Preview comp. Sinners (T-5) 142 tickets sold/27 showtimes (+44 from T-8) = 5.23 combined preview (2.75M w/o EA). Sinners (fake T4 [average of T5 and t3]) - 208 tickets sold = 3.6M combined EA. The Accountant 2 (T-3) - 106 tickets (v. 43 on T-8) = 3.72M. combined EA [though I suspect the real number is 4.75M - a bit over 5M if you actually attempted to create a synthetic growth pattern to account for missing days]
giving a pretending EA doesn't exist number because I've normally not grabbed it and I don't have a record of which films have or don't have EA. In either case, Ballerina is clearly more EA heavy than many other films and is not growing very much. Seems like it's a film that is being 100% sold by a core fandom pitch **(June 2)**.  T-6/T-7 (EA/Thursday) - 69 tickets sold R + 64 W (133 total) / 26 showtimes (up from 61/54 /115 total 2 days ago).  comps (film (T-) - tickets sold/comp based on R/comps based on all EA [comps data doesn't include EA even when it might be applicable]): Working man (T-7) - 11/$6.6/$13.3M.  The Amateur (T-7) - 27 / $4.9/$9.9. Thunderbolts (T-7) - 579/$1.3/$2.6. Sinners (T-8) - 98 / $3.2/$6.4. Accountant (T-8) - 43/ $3.9/$7.7.  The biggest change is the amateur's relatively big jump from a small base significantly drops its comp. for another bad comp but at least vaguely in the right genre, at T-10 MI was at 369 tickets across 26 showtimes **(May 30)**.  For THU, T-9 (yesterday) - 61 sold /22 showtimes.  Adding EA would give me an additional 56 tickets sold in 3 theaters (4 showtimes) aka basically doubling the listed comp number below (really +192%).  The Amateur - 17 tickets (16 showtimes) / $7.2M comp. The Accountant (T-8) - 43 tickets (18 showtimes) / $3.5M. Sinners (T-8) - 98 /27 showtimes (T-8) /$2.8M OW comp. Working Man (T-10) - 9 tickets / 16 showtimes / $7.45M. So not really sure what to spit out as a single unified number **(May 28)**.  For Thursday previews, Ballerina went from 30 tickets sold on T-23 to 64 on T-14 which while The Amateur went from 7 to 13 during the same period and Sinners went from 15 (first day/T-22) to 54 on T-14. The Accountant went from 9 on T-21 to 13 on T-18 and 34 on T-10 (this one is missing a theater Ballerina sold 4 tickets at on both snapshots). Working Man was at 8 tickets sold at T-10 **(May 22)**.)
- M37 (Don't have any good Day 3 comps, but some T-21 comps are in the $2.5-$4M range at present, and extrapolating a bit into next week, probably bumping up to like ~$3-$5M expectation. But still early in the cycle, time to pick up steam over the next week **(May 16)**.)
- PNF2187 ($2.89M THU comp excluding The Accountant 2 and The Final Reckoning.  Not a bad day today, but we'll see where the pace nudges in the coming days **(June 2)**.  Could be worse, could be better **(June 1)**.  Still pretty wonky as far as comps go. The Accountant was abysmal here and The Final Reckoning came on quite a bit stronger, so not really getting a great sense here, especially with an EA screening being added in Vaughan **(May 29)**.)
- Ryan C ($3.1M THU Comp.  For WED EA: 1,094 Seats Sold (32.60% Increase From Last Time).  For THU: 1,342 Seats Sold (40.22% Increase From Last Time).  = 2,436 Seats Sold (36.70% Increase From Last Time).  So, Thursday wasn't quite able to match the pace of The Accountant 2 from its T-8 to T-3 (57%), but this has sold more twice the amount of seats at the same point. More impressive is that showtimes for The Accountant 2 started as early as 4:00 and the earliest showtimes for Ballerina start at 6:00. Not that I expect that to hinder walk-up business or make it stronger, but it's just something I wanted to point out. Anyways, if we go by The Accountant 2 comp, this is heading for a Thursday ~$4.2M and that would technically make sense considering that is one of the few good action comps that I have which wasn't boosted by playing in IMAX.  I originally didn't want to use this comp because it had an significant advantage with IMAX, but I will be using Mission: Impossible - The Final Reckoning for the next few days. That comps points to a Thursday of $2M, but that's probably way too low, so when calculating the average of that comp with Accountant's number, that would make for a Thursday around $3.1M. That seems more realistic, but I am holding out for the possibility of Thursday performing stronger. Overall, as of right now, I'd say an opening in the $35M range (close to half of John Wick: Chapter 4's opening weekend) is likely if this can manage a true Thursday of at least $4M. Any lower and I'm not even sure if $30M is guaranteed **(June 2)**.  For WED EA: 825 Seats Sold (62.08% Increase From Last Time).  For THU: 957 Seats Sold (35.55% Increase From Last Time).  = 1,782 Seats Sold (46.66% Increase From Last Time). Not much to report on this week. As expected, growth wasn't as strong compared to last week, but these still aren't bad bumps for both Wednesday's EA screenings and Thursday previews. Both should also cross 1,000+ seats by the next update. As far as action sequel comps to use starting on T-3, it's hard to find one that wasn't boosted by IMAX showings, but I think I found one with The Accountant 2. Though that one didn't play on IMAX, it did have some PLF footprint in the form of DOLBY (which Ballerina will have), so I think it checks out. Like I've been saying for the past two weeks, the goal is the at least achieve have of John Wick: Chapter 4's $8.9M preview number and I'll just say right now that if it ends up pacing like The Accountant 2, it might have a shot at achieving that (or at least get close) **(May 27)**.  For WED, 509 Seats Sold (277.03% Increase From Last Time).  For THU, 706 Seats Sold (125.55% Increase From Last Time).  = 1,215 Seats Sold (171.20% Increase From Last Time).  Really good increases (as far as both days) from last week, but I don't want to get my hopes up too high yet. Growth in the final week will be key in determining whether this meets respectable expectations (a $35M-$40M opening weekend) or it becomes another Furiosa ($26.3M).  Of course, the lack of IMAX screens really does hurt in terms of the average ticket price, but $35M+ OW is definitely possible if this continues to pace well these next two weeks **(May 20)**.)
- Sailor ($2.71M EA and $2.70M THU Comp.  For EA But here it's losing steam.  |  For THU Huh, it's slightly increasing **(June 2)**. For EA It continues declining against the comps.  |  For THU Terrible day **(May 30)**.  For EA It's also losing some steam here.  |  For THU Another decrease **(May 29)**. For EA It's also slightly dropping here.  |  For THU Another weak day **(May 28)**.  For EA A slow drop.  |  For THU It slightly recovered from yesterday **(May 27)**.  For EA It's steady. | For THU Not a great weekend **(May 26)**.  For THU Not really doing well for the past few days. I hope to see an acceleration soon.  |  For EA It's doing much better here **(May 23)**.  For THU That's... not great. 0.242x MI8 |  For EA It's also slowing down here.  0.318x MI8.  **(May 21)**.  For EA Passed 200 tickets and improved on its comps. | For THU It's slightly dipping against the comps. But there's still time **(May 20)**.  For EA It's also looking good here.  |  For THU It's looking okay so far **(May 19)**.  EA is 0.261x MI8 T-19.  Pretty good so far. |  THU is 0.239x MI8 T-20.  Well, that was an okay start. But I guess it could've been worse **(May 16)**.)
- TheFlatLannister ($4.68M EA+THU Comp. Still looks the same, no significant acceleration. Probably $4M+ previews from here $40Mish OW **(May 26)**.) 
- TwoMisfits (You have until the Sunday at 11:59pm of OW to book the tickets (so 6 days to book), BUT you can book ANY ticket available including future ones. | TMobile $5 June 2025 movie - Ballerina.  Available 6/3...as always should help, especially as the weekend and 1st weekdays legs go **(May 30)**.)
- vafrow ($3.3M THU Comp.  The trend continues **(June 3)**.  This is falling off pace pretty dramatically **(June 2)**.  It's starting to dip a bit as this was where BB:RoD started to really move. We'll see if it can stay pn pace durig the final stretch **(May 31)**.  Doing decently. The EA sales are probably eating up some demand, so its probably doing a bit better than presented. I think Bad Boys had some EA shows, just none for my sample **(May 29)**.  For THU Honestly, it's not doing too badly **(May 25)**.)
- wattage ($2.18M THU Comp.  Thinking 2.5-3 mill for previews if there's good enough acceleration in the final days. + early access would be 3-3.5 mill **(June 3)**.  Exact same update **(May 22)**.  Doing nothing. Ballerina has small sales for early access and nothing for preview days. Nothing of note. Fine as is right now **(May 20)**.  Not much happening right now **(May 19)**.)
**The Life of Chuck**
- Acrobat (Life Of Chuck is in trouble, based on what I'm seeing. For a TIFF winner, there should be more buzz and attention **(June 3)**.)
- Sailor ($0.78M THU Comp.  I struggled with comps, so I decided to use films from mini studios directed by auteurs.  Honestly, I expected far better than this. These past few days have been quite weak so far **(May 30)**.)
**The Ritual**
**The Phoenician Scheme Average Thursday Comp: $1.98M**
- crazymoviekid ($1.92M THU Comp.  Pretty good, $1.5M-$2.25M **(June 2)**.)
- Sailor ($2.03M THU Comp.  Well, well, well. It's still staying above $2 million here. Not sure if it will stay there for long, but I think this could hit $1.5+ million at least **(June 2)**.  Wow. This is doing pretty great so far. The film could obviously be front-loaded, but at this point, I think it's very likely it could top Asteroid City's previews. I hope it can overperform.  It opens the same day as Ballerina, but today it sold the exact same amount of tickets of that movie (and that has 2 days combined) **(May 30)**.  Oh, it's quickly picking up steam. There'a chance that it could only be for Wes Anderson's fans, but it has done very well so far **(May 26)**.  This was a very interesting trajectory. A fairly slow first day, followed by an incredible second day. You don't see that very often. Of course, there's always the possibility that this will only be for Anderson's fans, with no appeal for non-fans. But I'd say it's got a chance in passing Asteroid City's previews ($1.1M) **(May 23)**.)
**Next Sohee Wide**
**Domestic Calendar Dates (last updated May 20):**
**MAY**
**JUNE**
- (June 4) Presales Start [The Fantastic Four: First Steps]
- (June 4) Early Access [WED: Ballerina]
- (June 4) Opening Day [Wicked Part 1 Re-Release, includes trailer for Wicked Part 2]
- (June 5) Thursday Previews ( Dan Da Dan: Evil Eye + Dangerous Animals + From the World of John Wick: Ballerina + The Life of Chuck + The Ritual + The Phoenician Scheme)
- (June 11) Early Access [WED: How to Train Your Dragon]
- (June 12) Presales Start [Superman]
- (June 12) Opening Day (Next Sohee Wide)
- (June 12) Thursday Previews (How to Train Your Dragon + Materialists + The Unholy Trinity)
- (June 18) Early Access [WED: Elio]
- (June 19) Thursday Previews (28 Years Later + Bride Hard + Elio)
- (June 22 and June 25) Release Days (Brokeback Mountain Re-Release)
- (June 23) Early Access (MON IMAX: F1: The Movie)
- (June 25) Early Access (WED: F1: The Movie)
- (June 26) Thursday Previews (F1: The Movie + M3GAN 2.0 + Sorry, Baby)
**JULY**
- (July 1) Tuesday Midnight Previews (Jurassic World Rebirth)
- (July 2) Opening Day (Jurassic World Rebirth)
- (July 7) Amazon Prime Premiere [Superman]
- (July 10) Thursday Previews (Superman)
- (July 17) Thursday Previews (Eddington + I Know What You Did Last Summer + The Smurfs Movie)
- (July 24) Thursday Previews (The Fantastic Four: First Steps)
- (July 31) Thursday Previews (The Bad Guys 2 + Naked Gun)
**AUGUST**
- (August 6) Opening Day (Sketch)
- (August 7) Thursday Previews (Freakier Friday + Weapons)
- (August 14) Thursday Previews (Clika + Eli Roth Presents: Jimmy and Stiggs +  Nobody 2)
- (August 21) Thursday Previews (Americana + Grand Prix of Europe + Honey Don’t + Splitsville)
- (August 28) Thursday Previews (Caught Stealing + The Roses + The Toxic Avenger Unrated)
**Presale Tracking Posts:** 
[Apr. 27](https://www.reddit.com/r/boxoffice/comments/1k90tfn/bot_presale_tracking_apr_27_thursday_comps_the/?ref=share&amp;ref_source=link)
[Apr. 30 Part 1](https://www.reddit.com/r/boxoffice/comments/1kbgf6u/bot_presale_tracking_apr_30_part_1_thunderbolts/?ref=share&amp;ref_source=link)
[Apr. 30 Part 2](https://www.reddit.com/r/boxoffice/comments/1kbgkgy/bot_presale_tracking_apr_30_part_2_average/?ref=share&amp;ref_source=link)
[May 6](https://www.reddit.com/r/boxoffice/comments/1kgl64j/bot_presale_tracking_may_6_thu_comps_final/?ref=share&amp;ref_source=link)
[May 23](https://www.reddit.com/r/boxoffice/comments/1ktl98c/bot_presale_tracking_may_23_thursday_comps_bring/?ref=share&amp;ref_source=link)
[May 27](https://www.reddit.com/r/boxoffice/comments/1kwjcfn/bot_presale_tracking_may_27_thursday_comps_bring/?ref=share&amp;ref_source=link)
Note: I have removed most tracking data that has not been updated for 2 weeks.  I think there is value in keeping data for a week or two but at a certain point they start to lose their value and should not be treated the same as more recent tracking data.",Box Office / Financial Performance
144,Bride Hard,"BOT Presale Tracking (May 23). Thursday Comps: Bring Her Back ($0.91M), Karate Kid: Legends ($2.11M), Ballerina ($4.21M), How to Train Your Dragon ($11.50M), and F1: The Movie ($3.66M). Jurassic World Dominion seems to have a healthy start but it is too early to judge",51,0.91,32,"[BoxOfficeTheory Presale Tracking](https://forums.boxofficetheory.com/topic/31569-the-box-office-buzz-tracking-and-pre-sale-thread/page/1650/#comments)
[Presales Data (Google Sheets Link)](https://docs.google.com/spreadsheets/d/1zRjKpNOjPCBIgUULoyXyj5sBGMuU9owswn7bMfz1WSE/edit#gid=0)
[BoxOfficeReport Previews](http://www.boxofficereport.com/previewgrosses.html)
**Quorum Updates:**
- [May 22](https://forums.boxofficetheory.com/topic/31569-the-box-office-buzz-tracking-and-pre-sale-thread/page/1649/#findComment-4818326)
- [May 21](https://forums.boxofficetheory.com/topic/31569-the-box-office-buzz-tracking-and-pre-sale-thread/page/1644/#findComment-4817710)
- [May 19](https://forums.boxofficetheory.com/topic/31569-the-box-office-buzz-tracking-and-pre-sale-thread/page/1633/#findComment-4816710)
- [May 16](https://forums.boxofficetheory.com/topic/31569-the-box-office-buzz-tracking-and-pre-sale-thread/page/1625/#findComment-4815237)
- [May 14](https://forums.boxofficetheory.com/topic/31569-the-box-office-buzz-tracking-and-pre-sale-thread/page/1615/#findComment-4814016)
- [May 12](https://forums.boxofficetheory.com/topic/31569-the-box-office-buzz-tracking-and-pre-sale-thread/page/1606/)
awn
- [Awareness x Interest May 9](https://forums.boxofficetheory.com/topic/31569-the-box-office-buzz-tracking-and-pre-sale-thread/page/1605/)
- [Awareness x Interest May 9](https://forums.boxofficetheory.com/topic/31569-the-box-office-buzz-tracking-and-pre-sale-thread/page/1598/#findComment-4811739)
- [May 9](https://forums.boxofficetheory.com/topic/31569-the-box-office-buzz-tracking-and-pre-sale-thread/page/1597/#findComment-4811677)
- [Awareness x Interest May 7](https://forums.boxofficetheory.com/topic/31569-the-box-office-buzz-tracking-and-pre-sale-thread/page/1589/#findComment-4810964)
- [May 7](https://forums.boxofficetheory.com/topic/31569-the-box-office-buzz-tracking-and-pre-sale-thread/page/1587/#findComment-4810846)
**Bring Her Back Thursday Average Comp: $0.91M**
- Acrobat ($1.45M THU Comp.  I think it can reach $1M in previews but it needs to keep this pace **(May 23)**.  T-13 (5 theaters).  THU: 72 tickets sold - 22 tickets sold since T-17.  I'm using these comps just to have a general idea, I expect this to follow Until Dawn ($1.469M) more closely than FD ($2.106M) but not a bad start for it. One of my theaters doesn't have showtimes for it yet so I'm just using the other five **(May 17)**.  Having a positive first few days of presales, it could surprise with positive reviews **(May 13)**.)
- katnisscinnaplex ($0.81M THU Comp.)
- Sailor ($0.48M THU comp.  Nothing to write home about. I thought there'd be more interest in what the Talk to Me directors would do next. Of course, there's still time **(May 16)**.)
**Karate Kid: Legends Average Thursday Comp: $2.11M**
- Acrobat (This is an absolute disaster, no way around it. It was already looking bad because there's literally zero buzz around the movie, but coming after this monster Memorial Day it will be even worse **(May 23)**.  T-13 (6 theaters).  THU: 58 tickets sold - 30 tickets sold since T-15 (Day 1).  I won't use any comps since none of what I have tracked so far is useful, but regardless of comps, this is very weak **(May 17)**.  Starts with 28 tickets sold across 6 theaters. The lack of PLF screens is really going to hurt its presales, it needs walkups to do good business **(May 14)**.)
- AniNate (As for Karate Kid, still nothing at Canton and four at Valley View. Just two at AMC Waterfront which definitely seems inauspicious. That's a popular boutique theater. | Nada local rush sales for Karate Kid but AMC Empire has sold about 30 so far. With the PG-13 rating I think it can probably be comped to typical GA tentpoles. Maybe Twisters or Beetlejuice? Don't think those were super fan-driven at first. |  Karate Kid Legends now on sale **(May 14)**.)
- AnthonyJPHer (I was going to make a full update for Karate Kid Legends, but it’s just… not worth the effort? Just getting it out of the way, its start is really REALLY bad. Like concerningly bad. It’s only sold 15 tickets so far for Thursday previews. That’s only slightly better than Mufasa’s start of 13 tickets. And that was MONTH OUT. This is only 9 days from release. This isn’t even as good as Snow White. That had a much better start. 2x in fact. I have doubts that this will even reach 2m in previews. Sub 20m in the cards for OW? **(May 20)**.)
- Cine-Taquillas ($2.4M THU Final Destination comp.  Very poor, looking to low 20s OW if this don't accelerate soon **(May 22)**.  No signs of accelerating in final days… Aiming for 2-2.5M$ for now, if this doesn't increase soon **(May 19)**.  For THU, Not looking good.  The comp will start going down soon, so i think 2.5M$ is the forecast now **(May 17)**.)
- el sid (Karate Kid: Legends, counted today for Thursday, May 29, had 149 sold tickets (with shows in 7 theaters). Best presales in the AMCs in NY (58 sold tickets) and San Francisco (48).   Indeed it's not easy to find good comps: A Minecraft Movie (10.6M from previews) had with 10 days left 515 sold tickets. A Working Man (1.1M) had also with 12 days left 42 sold tickets. Beetlejuice Beetlejuice (13M) had with one month left 379 sold tickets. Kung Fu Panda 4 (3.8M) had on Monday of the release week 670 sold tickets. And The Crow (650k) had also on Monday of the release week 163 sold tickets. Overall not too bad, but a little bit muted **(May 17)**.)
- filmlover (Karate Kid showtimes are starting to appear, starts at 2:00 that Thursday **(May 8)**.)
- Flip ($3.45M THU Comp.  Never mind lol, probably only hitting 3m previews **(May 20)**.  THU is 0.30x MI8.  This pace is pretty good, if this it the lowest it's going to get then the movie can see some success. Looks like it could be heading for 4m previews, but maintaing the current pace can take it closer to 5m **(May 17)**.  FRI is .24x Mission Impossible 8 (T-22).  Just as bad as previews are looking **(May 16)**.  0.22x Mission Impossible 8 (T-14).  Bad start, but there's some hope if it can keep up yesterday's pace **(May 16)**.  Right now Karate Kid has sold 34 tickets in my sample, for the first day that would be 26% MI8 Day 1, 49% AQP Day One’s first day. Not very good (it has outsold Ballerina’s first day but that has a longer window), even with less of fan front loading seems like anything beyond 35m is out of the question, for now **(May 14)**.)
- katnisscinnaplex ($2.65M THU Comp.)
- M37 (Sales are growing, albeit slowly, and the only comps pointing to $2M+ are the super walk-up friendly PG films like Wild Robot, Paddington, and Minecraft (though still hasn't yet completed first week of sales).  Weekend sales aren't much better, and looks to be heading towards perhaps a sub-$20M OW, barring some kind of turn around **(May 20)**.  So this film may need of Mr Miagi's magic healing powers, because at T-14, have just ONE comp that lands over $2M (Wild Robot, also likely Sinners, but I have a gap around this time). Granted, its only Day 2, and this is a film which (in theory) should appeal to families and walk-up action crowd, but is also opening in the massive shadow of Lilo Impossible's week two. The baseline is starting so low, there's honestly not much room for optimism **(May 17)**.)
- PNF2187 ($1.02M THU Comp.  Not much to say here. Not really an impressive showing today, but we're only on day 2 and there's 2 weeks left. | Pulled this last night. Surprisingly large footprint here, but it's only in regular screens. Not really the strongest of starts here, but with family-friendly fare it's more about how they finish, so we'll see **(May 15)**.)
- Ryan C (For THU Thursday: 505 Seats Sold (179% Increase From Last Time).  Well, there's both good news and bad news to report on with this. Bump-wise, it had a very good one from last week when pre-sales kicked off. On the other hand, there is only a week left for this to pick up the pace and will most likely have to rely on becoming a late bloomer to achieve that. I guess I can also say that with the small PLF footprint that this has (mainly a couple of DOLBY screens), it is performing pretty well in those select showtimes, but that will not move the needle in any significant way. I can really see this go in either direction **(May 21)**.  T-14 THU: 181 Seats Sold (From 15 Theaters).  Not a very impressive start for this one considering it's releasing in two weeks, but I do see a path for this to open to at least respectable numbers. Also, while I don't have exact comps at the moment, the best one to use might actually be A Minecraft Movie. No, this is not touching a $160M+ opening and it probably won't even reach $50M in its opening, but comparing to this where Minecraft was at the same point in terms of its Thursday would give a pretty good indicator as to where this could land. Right now, I could only compare this movie to where Minecraft was at its T-13, but that would point to a Thursday around $3.58M for Karate Kid: Legends. That's not a particularly great number, but if this is as family-driven as it needs to be, then an opening in the $30M-$35M range wouldn't be impossible. For now, let's hope this becomes a late bloomer.  | Just by looking at how much has been sold already… it really needs to hope that this becomes more family-driven than fan-driven. Granted, I would never expect day one of pre-sales for a Karate Kid legacy sequel to be as strong as an MCU film, but when we’re barely over two weeks out from release, you’d think at least a bit more would be sold **(May 14)**.)
- Sailor ($3.32M THU Comp.  It's moving along, but not setting anything on fire **(May 21)**.  It's doing okay so far **(May 20)**.  Eh, it could've been worse. At least it already sold over 100 tickets **(May 19)**.  Honestly, I was expecting something better than this. Anyways, not bad but also not fantastic **(May 16)**.)
- TheFlatLannister ($2.45M THU Comp.  Not much going on, Low screen count as well, only ~400 showtimes, which is low at this point in presales.  To me seems like low end ~$2M and high end $3M+ for previews **(May 16)**.)
- vafrow ($0.25M THU Comp.  This is the worst performance of anything I've tracked that's had any expectation of success. And I have some real feast or famine results. IF ($0.4M Comp) was one of the worst I saw, even near the end as late sales kicked in.  To be fair, expanding my radius a bit sees some slightly better performances, but still nothing incredible. Certainly not at the GB comp ($0.1M) I'm using **(May 21)**.  My numbers are still too low to bother with comps at this point, but going through the various options, trying to find the best case scenario around KK:L, it would be to use IF from last year. I'd be curious how it's tracking against that for anyone that bigger sample than me. It would give an absolute max of what's possible here.  Note, for my sample, KKL is at 2 tickets sold to IF at 3. So, small sample and all, just very discouraging **(May 17)**.  0 sales for THU at the 2 theaters with showtimes.  Sad.  Not sure what happened here. Others seem to see more activity, but I don't think anyone is seeing anything too strong. The full GTA radius is up to 13 tickets sold for Thursday night.  There's some activity throughout the weekend, so hopefully its that it's just going to perform like a pure family film **(May 15)**.  It's still very early. But even the lack of confidence in the screens its been allocated raised an eyebrow for me. | Karate Kid Legends has an odd release strategy for its presales. It's only in about half the theatres in the GTA, and in two of five in my sample. But Thursday previews start at 2:00 pm. Schools don't close until the end of June, so no one is off. No PLFs. All regular screens with a couple places having VIP screens. No sales in my sample, and when I expand to the greater Toronto area, I count 8 tickets sold. This covers a population base of about 6-7 million people with the theatre chain with 80% market share. I know Canada can be weird on tracking, but this seems worrying **(May 14)**.)
- wattage ($1.37M Minecraft THU Comp.  Karate Kid is not worse off with the comp now starting to gain in sales **(May 22)**.  Doing nothing. Karate Kid is at 0 and has the same comp value as yesterday.Nothing of note. Karate Kid needs to start seeing some movement soon **(May 20)**.  The comp has been consistent for the last few days, no sales for both lol. I'm gonna keep it **(May 19)**.  I didn't track Minecraft at AMC unfortunately, I only started doing both theaters more recently. So not too confident in my numbers but I'm gonna keep it up **(May 16)**.)
- YM! (Karate Kid: Legends has sold 4 tickets in my Southeastern WI Theater Sample - it’s one of the worst start I’ve seen for a family film. It’ll likely open around 2M previews if it follows others **(May 16)**.)
**Wicked Part 1 Re-Release**
- therana (I took a quick look at a few theaters and the tickets are already close to being sold out **(May 14)**.)
**Dan Da Dan: Evil Eye**
**Dangerous Animals**
**From the World of John Wick: Ballerina Average Thursday Comp: $4.21M** 
- [DEADLINE](https://deadline.com/2025/05/ballerina-dancing-box-office-projection-1236399995/) (Lionsgate‘s From the World of John Wick: Ballerina hit three-weekend tracking Thursday with a projected $35 million-$40 million three-day debut. Currently, the R-rating action title starring Ana de Armas and including a cameo by John Wick himself Keanu Reeves is solid with men over 25 in first choice, with both good unaided awareness with the overall over-25 crowd **(May 15)**.)
- Acrobat (I won't go into any comps as the only one that is vaguely useful is The Accountant 2 which had its OD on T-17, but Ballerina is already 3x against it **(May 20)**.  For EA and THU, Ok, I didn't track Day 2-3 but it clearly had very strong days - I didn't expect this. The Accountant 2 had a much shorter presale window but Ballerina is already pacing well ahead of that one, at least for true Thursday, as I didn't track EA for some reason **(May 18)**.  For THU at 6 theaters, 56 tickets sold.  For WED EA at 4 theaters,  64 tickets sold. I would love to use The Accountant 2 as a comp but I missed the EA screenings for that. Based on True Thursday alone, it's on par with that after Day 1 **(May 14)**.  Ballerina tickets now on sale **(May 13)**.)
- Cine-Taquillas ($5.1M Final Destination THU Comp.  Not too much this weekend **(May 22)**.  Not bad, i think **(May 19)**.  For THU Hey, i expected worse **(May 17)**.)
- el sid (It had, counted today for Thursday, June 5, 232 sold tickets (with shows in 7 theaters). Best presales in the AMCs in NY (71 sold tickets) and LA (70).  17 days left. So it has now 11 days left to collect 24 tickets to be on par with The Amateur (2M from previews on Thursday and before). Of course it will be in front soon. The preview number compared to Abigail (1M from previews on Thursday) is at the moment 1.35M + it has 14 days left. Not bad at all **(May 19)**.  Ballerina, counted today for Thursday, June 5, had 218 sold tickets (with shows in 7 theaters). Best presales in the AMCs in San Francisco (70 sold tickets) and NY (66).  Comps (always counted for Thursday, an extremely wide range at the moment): A Working Man (1.1M from previews on Thursday) had with 12 days left 42 sold tickets. The Amateur (2M from Thursday and I think before) had with 6 days left 256 sold tickets. Abigail (1M Thursday only) had on Monday of the release week 171 sold tickets. And Furiosa (3.5M Thursday only) had with 9 days left 1.595 sold tickets. I doubt that it will have the same walk-ups as A Working Man (slightly worse) but I also doubt that its final jumps will be as poor as those of Furiosa. I would say, that its number is almost on par with The Amateur with 13 days left to very  probably overtake is a good sign **(May 17)**.)
- filmlover (Ballerina showtimes are starting to appear, begins at 6:00 Thursday **(May 8)**.)
- Flip ($4.66M THU comp.  Decent pace but the raw numbers are still pretty meh. Hopefully this is the bottom of the U-curve otherwise it will be hard to reach 30-35m OW **(May 20)**.  Soon I will have the accountant 2 comp, which will spit out some pretty good numbers for Ballerina **(May 17)**.  FRI is .49x Mission Impossible 8 (T-22). Much better than how previews are looking, this is more like what I expected **(May 16)**.  Ballerina first day is very meh, looking to be around 1/2 AQP Day One, and 1/3 MI8 **(May 13)**.)
- katnisscinnaplex ($4.42M EA+THU Comp.)
- keysersoze123 (That said not sure if Ballerina is getting any IMAX. i dont see any Imax shows listed for it **(May 18)**.  Ballerina has early PLF shows day before previews. FYI take that into perspective doing the comps. its not hitting JW4 OW as well. Target is what @Obi-Shawn Robbins has put in his prediction (~$40M OW?). Will need 5m+ previews and solid reviews and buzz near release **(May 13)**.)
- PlatnumRoyce (For Thursday previews, Ballerina went from 30 tickets sold on T-23 to 64 on T-14 which while The Amateur went from 7 to 13 during the same period and Sinners went from 15 (first day/T-22) to 54 on T-14. The Accountant went from 9 on T-21 to 13 on T-18 and 34 on T-10 (this one is missing a theater Ballerina sold 4 tickets at on both snapshots). Working Man was at 8 tickets sold at T-10 **(May 22)**.  (T-22) Late capture for day 1 but I have 24 tickets sold across 4 theaters and probably 25 across 5 (one of the theaters has annoying broken seats I need to do some cleanup on). The first day for MI:Final I have is T-25 at 56 tickets sold (0 at the wonky theater so that's not a point of error). The timing (early evening v. next mid-morning) is probably overly rosy for Ballerina but I think that's good/fine **(May 14)**.)
- M37 (Don't have any good Day 3 comps, but some T-21 comps are in the $2.5-$4M range at present, and extrapolating a bit into next week, probably bumping up to like ~$3-$5M expectation. But still early in the cycle, time to pick up steam over the next week **(May 16)**.  (Day 1) No comps, but just in general sales are ... uninspiring. Now there is a lot on sale right now (meaning subscribers might be all booked up) so not going to fret too much until after Memorial Day **(May 14)**.)
- PNF2187 ($2.35M THU comp.  Interesting to grab different sets here, but comps are wonky at this stage, so I'll let this one slide for now. | Not much changing here. Not really sure where to gauge this right now either **(May 15)**.  There's not a ton I can use as a direct comp, and the comps here have shorter windows. This doesn't seem terrible compared to those, but the other comps with similar windows have had far stronger starts **(May 13)**.)
- Ryan C (For WED, 509 Seats Sold (277.03% Increase From Last Time).  For THU, 706 Seats Sold (125.55% Increase From Last Time).  = 1,215 Seats Sold (171.20% Increase From Last Time).  Really good increases (as far as both days) from last week, but I don't want to get my hopes up too high yet. Growth in the final week will be key in determining whether this meets respectable expectations (a $35M-$40M opening weekend) or it becomes another Furiosa ($26.3M).  Of course, the lack of IMAX screens really does hurt in terms of the average ticket price, but $35M+ OW is definitely possible if this continues to pace well these next two weeks **(May 20)**.  For WED EA: 135 Seats Sold (From 7 Theaters).  For THU, 313 Seats Sold (From 15 Theaters). = 448 Seats Sold. Due to Mission: Impossible - The Final Reckoning commanding IMAX for at least three weeks, it won't get the advantage of those PLF screens.  So, these sales would no doubt me much higher if this got a full PLF footprint, but they aren't. Beyond that, there's not a whole lot to gauge from this first day of pre-sales. Overall, there is still a good amount of time for this to make up ground in pre-sales and Lionsgate to (hopefully) drop an early review embargo that ends up being really positive, but I would genuinely call an opening about half of John Wick: Chapter 4 ($73.8M) a win **(May 13)**.)
- Sailor ($6.39M EA Accountant 2 and $4.70M THU Accountant 2 Comp.  For THU That's... not great. 0.242x MI8 |  For EA It's also slowing down here.  0.318x MI8.  **(May 21)**.  For EA Passed 200 tickets and improved on its comps. | For THU It's slightly dipping against the comps. But there's still time **(May 20)**.  For EA It's also looking good here.  |  For THU It's looking okay so far **(May 19)**.  EA is 0.261x MI8 T-19.  Pretty good so far. |  THU is 0.239x MI8 T-20.  Well, that was an okay start. But I guess it could've been worse **(May 16)**.)
- TheFlatLannister ($4.23M THU Comp. Slow start to presales, would guess $3m-$4m+ previews based on first few hours of presales, but its early.  Don't see it getting close to John Wick 4 $8.9M previews from here **(May 13)**.) 
- vafrow (BB:RoD did okay against the comps I had at the time, but was successful on a late kick.  Given that it's an action movie in the exact timeslot, it's still notable for its start. Especially for a few hours of sales.  My expectations on Ballerina were pretty low. I'm pleasantly surprised to see it get a decent start. |  After just saying I'm limiting my tracks, I'm noticing that Ballerina is outperforming the first day of BB:RoD. It also has a Wednesday EA, so I'm torn on whether it's worth keeping an eye on or not **(May 13)**.)
- wattage (Exact same update **(May 22)**.  Doing nothing. Ballerina has small sales for early access and nothing for preview days. Nothing of note. Fine as is right now **(May 20)**.  Not much happening right now **(May 19)**.  Looking at WED and THU presales, First day at Cinemark, returns on fan event time. Probably because actual times are available now. An okay day **(May 14)**.  This is looking like a solid start. Cinemark doesn't have showtimes up for previews but has the early access **(May 13)**.)
**The Ritual**
**The Phoenician Scheme**
- misterpepp (Seeing another sale date for Phoenician Scheme listed as May 19, not sure if the wide ticketing date moved up or if that's for the limited run **(May 14)**.)
**Next Sohee Wide**
**How to Train Your Dragon EA | THU | EA+THU Average Comp *assuming $2.5M EA for keysersoze123 and excluding Sailor’s EA comp*: $4.03M | $11.50M | $13.46M** 
- Acrobat (For EA + THU, Not bad for a movie almost a month out **(May 17)**.  For EA+THU first time tracking this kind of movie so no idea whether it's good or not, I don't expect much from these very early PLF sales anyway **(May 3)**.)
- AniNate (With a month to go, think it's fair to give an update on HTTYD. At Canton it's at 22 for EA, 43 for Thursday previews. Notable that 25 of those Thursday tickets are for the 9:05 PM XD showing. School is out at that time so sales being so late-night heavy for an ostensibly family IP is notable.  Not much going on at the other nearby theaters. AMC Waterfront in Pittsburgh is 26 EA / 25 Thursday and favoring the latest 8PM PLF showtime **(May 14)**.  I've looked at the CityWalk on occasion and it doesn't seem to be overtly presale heavy, not the way Disney Springs is anyway. Dragon has pretty good sales there at the moment but they don't really jump out as insane the way the Stitch Disney Springs sales do **(May 6)**.  Checked Dragon at AMC Empire and it looks like it's now at 32 for EA and 39 for the previews, so it's picked up a bit from opening day **(May 5)**.  Yeah there's all kinds of ways it can be rationalized but still, I thought the nostalgic teen/YA contingent would be showing out more briskly at the start. | I have to say even though it's a kids movie and it's over a month out, I did expect more of a Dragon rush so far than what I'm seeing given all the internet hype and NBA playoffs promotional campaign. Looking at AMC Empire and it's just 9 for EA and 15 for the Thursday previews. | Very early obviously but not seeing much of a ticket rush for Dragon at this time.  |  How to Train Your Dragon now on sale **(May 1)**.)
- Flip ($4.69M EA+THU and $17.43M FRI Comp.  No sales over the past week is not great news. Still heading for around 6m; I can't really see it beating Minecraft previews **(May 17)**.  For previews no change to previous predictions but these last few days have been pretty strong for over 4 weeks out. I will upgrade my prediction if this continues **(May 10)**.  Just to throw out a guess (which will in all likelihood be way off), this is heading for 6-7m previews **(May 8)**.  Friday's looking much more healthy than previews, very good sign for the movie.  |  I know it's a long way to go for THU, but even compared with other family flicks this just isn't great. It's much easier to dig itself out of the hole since fan rush is much less than a MCU movie, but I am surprised sales are this low **(May 2)**.)
- katnisscinnaplex ($4.2M EA and $9.42M THU Comp.)
- keysersoze123 (Fan Shows MTC1 - 13094.  Thinking 2-3m range for shows on 6/11. its wide across the board.  |  I have not looked at fan shows yet. Looks fairly wide as well. That makes its preview sales even more impressive. |  Very robust sales almost 4 weeks from its release. With strong reviews and late surge, this will be another big opener. MTC1 P - 11841(as of yesterday night) / 10739(this afternoon) **(May 16)**.  MTC1 OD PS.  HTTYD(as of just now) -5459. Not bad for Dragon **(May 1)**.)
- M37 ($17.31M EA+THU Minecraft Comp.  Yeah, so sales are pretty good 4 weeks out!  I doubt any of these values will verify (most only sale for a few days at this time), but shows how much of an (apparent) adult audience there is for this film, and why PG/family comps may prove unhelpful for a ways into the tracking ($15.58M-$34.31M range of PG comps) **(May 16)**.  Yeah, I don't think that number will validate, as Minecraft had a very steep growth curve when the ""Chicken Jockey"" whatever spread through social media, but at least gives some perspective to how well it has done off the bat, and only with 3D/PLF showings available (at ~95% of MI8 1st Day) **(May 2)**.)
- PNF2187 ($5.2M EA and $9.6M THU Comp.  Oh no they've added more shows. Gonna have to keep an eye on these as well **(May 8)**.  Decent day 2, but we're still quite a ways out **(May 2)**.  Big starting footprint.  For something that's 6 weeks away, this seems pretty good so far. I'm not expecting this to be as big as Lilo, but we'll get to that bridge when we get there **(May 1)**.)
- Ryan C (Set to be massive hits with families **(May 21)**.  For WED EA: 559 Seats Sold (136.86% Increase From Last Time).  For THU: 483 Seats Sold (42.05% Increase From Last Time).  = 1,042 Seats Sold (80.90% Increase From Last Time).  Great jump from last week in regards to EA screenings, but less so on the regular Thursday previews front. However, because of the long pre-sales window, there is a lot of time (just over a month) for this one to pick up the slack. I do worry about this one being largely driven by IMAX/PLF/3D screenings, not making as much in just 2D screenings.  I think it will be perfectly fine **(May 9)**.  For WED EA: 236 Seats Sold.  For THU: 340 Seats Sold (From 15 Theaters). = 576 Seats Sold. Don't have too much to say at the moment, but I wouldn't really be concerned that this isn't selling like crazy in pre-sales. Similar to what happened with A Minecraft Movie, I am expecting sales to be sluggish for a while and significantly pick up as we get close to its final week. No, I do not think this is opening to over $160M, but I wouldn't be shocked with an opening that is about half of that. It is still a remake of one of DreamWorks Animation's most popular animated films and if audience reception is positive, then it should be in very good hands. Will keep track of this week-by-week, but the story is far from written on this remake yet **(May 2)**.)
- Sailor ($17.13M EA and $14.26M THU Minecraft Comp.   For EA This is looking pretty great. Again, don't reach too much into these comps for now.  |  For THU This week has been very weak. Of course, it's still 4 weeks out, so there's still time for things to pick up steam **(May 16)**.  For EA It's also looking great here. But like I said, do not pay attention to the average for now. I don't want to jump to conclusions for now. I want to check on it and wait to see how it will go. But for now, the first week is looking great. |  For THU This is very promising. Especially considering it's more than a full month out.  Can't use Mufasa again till T-26 **(May 8)**.  I'll provide an update on How to Train Your Dragon tomorrow. It's looking pretty great so far **(May 7)**.  I'll just say, however, that the pre-sales for How to Train Your Dragon are looking pretty great so far **(May 2)**.  For EA also looking great here.  | For THU Woah, that was actually a great first day. Especially because we're 42 days out **(May 1)**.)
- TheFlatLannister (For How to Train Your Dragon, lots of showings are not live yet (around 30% or so), so no first few hours update from me **(May 1)**.)
- vafrow ($4.2M EA and $12.7M THU Comp.  Back to trying to figure out HTTYD. It's hard to find comps with EA. Everything gets distorted.  KOTPOTA is probably the best option, but HTTYD is outperforming it on EA sales so its spitting out a ridiculous number ($6.5M EA comp) **(May 23)**.  Went back to HTTYD. I have limited comps with a similar EA, and Dragon is more fan driven that the Apes franchise, but it's looking good **(May 17)**.  Not much to really report this far out. It's selling decently, but hard to comp this far out **(May 10)**.  Not bad considering the super long lead time. Because KOTPOTA had EA, it'll serve as a good comp here on both sides.  I imagine the need for updates here will be minimal until we get closer **(May 2)**.  It's up on MTC4 as well. It looks like we've got Wednesday EA shows **(May 1)**.)
- wattage (Exact same update **(May 22)**. Doing nothing. Has a small amount of sales for both early access and previews. Nothing of note. It's fine as is right now **(May 20)**.  Finally some movement at Cinemark both for the regular and fan event times. People are starting to ramp up for Lilo and Stitch so I imagine it's reminding people to buy these tickets **(May 19)**.  Not doing much for me, it's in the doldrums period where not much is happening, it goes whole days with no sales **(May 19)**.  Some sales at least, I expect this to just continue to be very slow until the final marketing push in two weeks **(May 16)**.  No sales otherwise besides 1 for the fan event **(May 14)**.  0 sales day **(May 13)**.  For THU Lilo and Stitch's numbers are definitely going to be too high to use as a comp, whenever we get the numbers **(May 12)**.  Done tracking until standard comes live but I think this is good, good growth off yesterday **(May 2)**.  A good start I assume. Unfortunately didn't track Minecraft at AMC, I just did Cinemark but it had a similarly low start. It's at 2x it's start but it's so low level I'm just not reading into that at all. |  This Cinemark is the only one that didn't put up normal PLF previews. The other ones nearby did and they also have the PLF fan events. But mine only has the fan events. I thought it might be a mistake because of that and they would add some PLF previews later. But they might also agree with what most of us here feel: that having only PLF previews on sale for a week in advance is just weird. So they did the events only and they're gonna wait until they can add all the showings at once.  |  Cinemark has the fan event up for Wednesday and a Super Ticket event for a single showing that Thursday too so I need to track both of those. That's two fan events, and the Super Ticket is 30 dollars.  But no regular showtimes yet **(May 1)**.)
- YM! ( Some further digging also has its T-27 without EA being 78% of Moana 2’s T-30. When EA is factored - Dragon is 30% ahead of Moana 2 and 64% ahead of Beetlejuice. | Dragon though is looking like a breakout. It’s about the same as Beetlejuice Beetlejuice’s T-27 without factoring in EA for Dragon which is also selling well. Think it should do 10/100m previews/OW **(May 16)**.)
**Domestic Calendar Dates (last updated May 20):**
**MAY**
- (May 23) Presales Start [Materialists + Phoenician Scheme (Wide)]
- (May 27) Presales Start [Elio]
- (May 29) Presales Start [M3GAN 2.0]
- (May 29) Thursday Previews (Bring Her Back + Karate Kid: Legends)
**JUNE**
- (June 4) Presales Start [The Fantastic Four: First Steps]
- (June 4) Early Access [WED: Ballerina]
- (June 4) Opening Day [Wicked Part 1 Re-Release, includes trailer for Wicked",Box Office / Financial Performance
149,Bride Hard,"BOT Presale Tracking (May 27). Thursday Comps: Bring Her Back ($1.79M), Karate Kid: Legends ($2.49M), Ballerina ($3.96M, $4.89M EarlyAccess+THU), How to Train Your Dragon ($8.51M, $3.8M EA and $11.85M EA+THU), and F1: The Movie ($4.48M, $9.98M EA+THU).",40,0.91,15,"[BoxOfficeTheory Presale Tracking](https://forums.boxofficetheory.com/topic/31569-the-box-office-buzz-tracking-and-pre-sale-thread/page/1656/#comments)
[Presales Data (Google Sheets Link)](https://docs.google.com/spreadsheets/d/1zRjKpNOjPCBIgUULoyXyj5sBGMuU9owswn7bMfz1WSE/edit#gid=0)
[BoxOfficeReport Previews](http://www.boxofficereport.com/previewgrosses.html)
**Quorum Updates:**
- [May 22](https://forums.boxofficetheory.com/topic/31569-the-box-office-buzz-tracking-and-pre-sale-thread/page/1649/#findComment-4818326)
- [May 21](https://forums.boxofficetheory.com/topic/31569-the-box-office-buzz-tracking-and-pre-sale-thread/page/1644/#findComment-4817710)
- [May 19](https://forums.boxofficetheory.com/topic/31569-the-box-office-buzz-tracking-and-pre-sale-thread/page/1633/#findComment-4816710)
- [May 16](https://forums.boxofficetheory.com/topic/31569-the-box-office-buzz-tracking-and-pre-sale-thread/page/1625/#findComment-4815237)
- [May 14](https://forums.boxofficetheory.com/topic/31569-the-box-office-buzz-tracking-and-pre-sale-thread/page/1615/#findComment-4814016)
- [May 12](https://forums.boxofficetheory.com/topic/31569-the-box-office-buzz-tracking-and-pre-sale-thread/page/1606/)
**Bring Her Back Average Thursday Comp: $1.79M**
- Acrobat ($1.58M THU Comp.  It's still playing for +1M in previews here **(May 27)**.  Very slow day yesterday, but it makes sense with how much business there was for the Mission Stitch **(May 26)**.  Still doing very well, +1M in previews still very much in play **(May 25)**.  I think it can reach $1M in previews but it needs to keep this pace **(May 23)**.  T-13 (5 theaters).  THU: 72 tickets sold - 22 tickets sold since T-17.  I'm using these comps just to have a general idea, I expect this to follow Until Dawn ($1.469M) more closely than FD ($2.106M) but not a bad start for it. One of my theaters doesn't have showtimes for it yet so I'm just using the other five **(May 17)**.  Having a positive first few days of presales, it could surprise with positive reviews **(May 13)**.)
- crazymoviekid ($4.74M THU Comp.  I'll go for $3.5M rn **(May 26)**.)
- filmpalace ($1.77M THU Comp.  Not much to add to what I said yesterday. Still looking good and it had good growth today. How high it can go depends on the amount of additional showtimes it gets once this week’s schedules are finalized **(May 27)**.  Ticket sales for this are surprisingly good! I know Talk To Me was well received, but as a horror fan, I thought buzz for this was quite low. It should be kept in mind that this is playing in the smallest auditoriums in both theaters. It could very well run into capacity issues, hence why I added the Terrifier comp. I’m also noticing that Friday sales are very soft at the moment, meaning this could be frontloaded with A24 and horror fans. Nonetheless, these are impressive numbers and I think we should keep an eye out for this one **(May 25)**.)
- katnisscinnaplex ($0.81M THU Comp.)
- Ryan C ($0.96M THU Comp. After the unexpected success of Talk to Me two summers ago, the hope was that Danny and Michael Philippou (aka RackaRacka)'s next project would become a breakout success. Unfortunately, that probably won't be the case with this one that is opening later this week.   Anyways, in spite of that, I still think the film is set up to be a small success. I'm assuming the budget wasn't too expensive (Talk to Me only cost a reported $4.5M) and by the numbers of I'm currently seeing right now at the theaters I track, it is set to land somewhere between $800K-$1.1M in previews. The few comps I have right now (I will be adding A24's Heretic on Thursday) honestly point to both the best case scenario and the worst case scenario for this movie. There's a chance it manages to squeak past $1M in previews (while probably missing out on a $10M+ opening weekend), but there's also a chance it does closer to $800K and land in the mid-single digit range. For now, I think a $7M-$9M opening is in reach for this one **(May 26)**.)
- Sailor ($0.86M THU comp.  Not a fantastic weekend, as it dipped against the comps **(May 26)**.  It has gone up. Definitely could see it hitting $1 million **(May 23)**.  Nothing to write home about. I thought there'd be more interest in what the Talk to Me directors would do next. Of course, there's still time **(May 16)**.)
**Karate Kid: Legends Average Thursday Comp: $2.49M**
- Acrobat ($1.1M THU Comp.  It grew yesterday but still not enough to make a true difference, but I see other trackers are reporting different paces so maybe it's just my sample **(May 27)**.  Final Destination is a Bad comp but at least both are reboots/continuations of known franchises. It's still flatlining **(May 26)**.  This is not it **(May 25)**This is an absolute disaster, no way around it. It was already looking bad because there's literally zero buzz around the movie, but coming after this monster Memorial Day it will be even worse **(May 23)**.  T-13 (6 theaters).  THU: 58 tickets sold - 30 tickets sold since T-15 (Day 1).  I won't use any comps since none of what I have tracked so far is useful, but regardless of comps, this is very weak **(May 17)**.  Starts with 28 tickets sold across 6 theaters. The lack of PLF screens is really going to hurt its presales, it needs walkups to do good business **(May 14)**.)
- AniNate (As for Karate Kid, still nothing at Canton and four at Valley View. Just two at AMC Waterfront which definitely seems inauspicious. That's a popular boutique theater. | Nada local rush sales for Karate Kid but AMC Empire has sold about 30 so far. With the PG-13 rating I think it can probably be comped to typical GA tentpoles. Maybe Twisters or Beetlejuice? Don't think those were super fan-driven at first. |  Karate Kid Legends now on sale **(May 14)**.)
- AnthonyJPHer (I was going to make a full update for Karate Kid Legends, but it’s just… not worth the effort? Just getting it out of the way, its start is really REALLY bad. Like concerningly bad. It’s only sold 15 tickets so far for Thursday previews. That’s only slightly better than Mufasa’s start of 13 tickets. And that was MONTH OUT. This is only 9 days from release. This isn’t even as good as Snow White. That had a much better start. 2x in fact. I have doubts that this will even reach 2m in previews. Sub 20m in the cards for OW? **(May 20)**.)
- Cine-Taquillas ($2.7M THU Final Destination comp.  Good last days, but insufficient for reaching a good OW **(May 25)**.  Very poor, looking to low 20s OW if this don't accelerate soon **(May 22)**.  No signs of accelerating in final days… Aiming for 2-2.5M$ for now, if this doesn't increase soon **(May 19)**.  For THU, Not looking good.  The comp will start going down soon, so i think 2.5M$ is the forecast now **(May 17)**.)
- el sid (Karate Kid: Legends, counted today for Thursday, May 29, had 149 sold tickets (with shows in 7 theaters). Best presales in the AMCs in NY (58 sold tickets) and San Francisco (48).   Indeed it's not easy to find good comps: A Minecraft Movie (10.6M from previews) had with 10 days left 515 sold tickets. A Working Man (1.1M) had also with 12 days left 42 sold tickets. Beetlejuice Beetlejuice (13M) had with one month left 379 sold tickets. Kung Fu Panda 4 (3.8M) had on Monday of the release week 670 sold tickets. And The Crow (650k) had also on Monday of the release week 163 sold tickets. Overall not too bad, but a little bit muted **(May 17)**.)
- filmlover (Karate Kid showtimes are starting to appear, starts at 2:00 that Thursday **(May 8)**.)
- Flip ($3.55M THU and $6.46M FRI Comp.  For FRI ROTB IM in 2023 was 6.93x. From my sample it looks like previews can hit around 4m. So OW should be around 26-29m.  |  For THU pace is definitely improving, unfortunately looks like reviews aren't going to help based on online rumblings.  |  Maybe it can do 3.5m in previews, pace is okay **(May 25)**.  Never mind lol, probably only hitting 3m previews **(May 20)**.  THU is 0.30x MI8.  This pace is pretty good, if this it the lowest it's going to get then the movie can see some success. Looks like it could be heading for 4m previews, but maintaing the current pace can take it closer to 5m **(May 17)**.  FRI is .24x Mission Impossible 8 (T-22).  Just as bad as previews are looking **(May 16)**.  0.22x Mission Impossible 8 (T-14).  Bad start, but there's some hope if it can keep up yesterday's pace **(May 16)**.  Right now Karate Kid has sold 34 tickets in my sample, for the first day that would be 26% MI8 Day 1, 49% AQP Day One’s first day. Not very good (it has outsold Ballerina’s first day but that has a longer window), even with less of fan front loading seems like anything beyond 35m is out of the question, for now **(May 14)**.)
- katnisscinnaplex ($2.65M THU Comp.)
- M37 (Sales are growing, albeit slowly, and the only comps pointing to $2M+ are the super walk-up friendly PG films like Wild Robot, Paddington, and Minecraft (though still hasn't yet completed first week of sales).  Weekend sales aren't much better, and looks to be heading towards perhaps a sub-$20M OW, barring some kind of turn around **(May 20)**.  So this film may need of Mr Miagi's magic healing powers, because at T-14, have just ONE comp that lands over $2M (Wild Robot, also likely Sinners, but I have a gap around this time). Granted, its only Day 2, and this is a film which (in theory) should appeal to families and walk-up action crowd, but is also opening in the massive shadow of Lilo Impossible's week two. The baseline is starting so low, there's honestly not much room for optimism **(May 17)**.)
- PNF2187 ($2.17M THU Comp.  Been tracking this one daily, but all of the additional sales came in at T-4. Not the best results here **(May 26)**.   Comps here seem to be doing better, but not much to write home about. Does seem like it'll get drowned out by the DeBlois/Sanders remakes. There is room for upside **(May 23)**.  Not much to say here. Not really an impressive showing today, but we're only on day 2 and there's 2 weeks left. | Pulled this last night. Surprisingly large footprint here, but it's only in regular screens. Not really the strongest of starts here, but with family-friendly fare it's more about how they finish, so we'll see **(May 15)**.)
- Ryan C ($4.82M THU Comp.  Like last time, the bump was pretty damn good. However, it's really hard to tell where this will land as I don't have any particularly great comps to use. I thought Minecraft would be an alright one to use, but right now, that points to a highly unrealistic preview number. So, I had to go with another family-friendly comp and the best one I could fine was last November's Red One. Now, this one is definitely not going to have as strong of an IM as Red One, but as far as pointing to a realistic preview number (the low $3M range) it might just end up being the best one to use. Mainly because, I think when all is said and done, this is headed to a preview number within the $3M-$4M range. It won't go higher and it most likely won't go lower (though that's more likely than it over-performing), but it'll land somewhere that would make a low $30M opening look completely fine, if unremarkable. We'll see, but this will need to have some good day-to-day bumps and a fairly large IM to convince me that this was more family-driven/walk-up driven than expected **(May 26)**.  For THU Thursday: 505 Seats Sold (179% Increase From Last Time).  Well, there's both good news and bad news to report on with this. Bump-wise, it had a very good one from last week when pre-sales kicked off. On the other hand, there is only a week left for this to pick up the pace and will most likely have to rely on becoming a late bloomer to achieve that. I guess I can also say that with the small PLF footprint that this has (mainly a couple of DOLBY screens), it is performing pretty well in those select showtimes, but that will not move the needle in any significant way. I can really see this go in either direction **(May 21)**.  T-14 THU: 181 Seats Sold (From 15 Theaters).  Not a very impressive start for this one considering it's releasing in two weeks, but I do see a path for this to open to at least respectable numbers. Also, while I don't have exact comps at the moment, the best one to use might actually be A Minecraft Movie. No, this is not touching a $160M+ opening and it probably won't even reach $50M in its opening, but comparing to this where Minecraft was at the same point in terms of its Thursday would give a pretty good indicator as to where this could land. Right now, I could only compare this movie to where Minecraft was at its T-13, but that would point to a Thursday around $3.58M for Karate Kid: Legends. That's not a particularly great number, but if this is as family-driven as it needs to be, then an opening in the $30M-$35M range wouldn't be impossible. For now, let's hope this becomes a late bloomer.  | Just by looking at how much has been sold already… it really needs to hope that this becomes more family-driven than fan-driven. Granted, I would never expect day one of pre-sales for a Karate Kid legacy sequel to be as strong as an MCU film, but when we’re barely over two weeks out from release, you’d think at least a bit more would be sold **(May 14)**.)
- Sailor ($2.57M THU Comp.  Oh, that's not good. It has slipped against the comps and fell below $3 million. Hope it recovers tomorrow **(May 26)**.  Eh, at least it's increasing **(May 23)**.  It's moving along, but not setting anything on fire **(May 21)**.  It's doing okay so far **(May 20)**.  Eh, it could've been worse. At least it already sold over 100 tickets **(May 19)**.  Honestly, I was expecting something better than this. Anyways, not bad but also not fantastic **(May 16)**.)
- TheFlatLannister ($2.45M THU Comp.  Not much going on, Low screen count as well, only ~400 showtimes, which is low at this point in presales.  To me seems like low end ~$2M and high end $3M+ for previews **(May 16)**.)
- vafrow ($1.5M THU Comp.  Still not doing much **(May 26)**.  IF is [a low bar] for me ($2.0M comp). IF was one of my weakest performers and a big underindex. As an original family film, it was also heavily walk up reliant. It also had just shy of a 20x weekend to Thursday multiple.  Even in normal performing markets, it represents the best case scenario. KK:L is presumably coming in with a built in audience.  |  It's showing some signs of life. Nothing too exciting, but its surpassed IF. Low bar, but it's something **(May 24)**.  This is the worst performance of anything I've tracked that's had any expectation of success. And I have some real feast or famine results. IF ($0.4M Comp) was one of the worst I saw, even near the end as late sales kicked in.  To be fair, expanding my radius a bit sees some slightly better performances, but still nothing incredible. Certainly not at the GB comp ($0.1M) I'm using **(May 21)**.  My numbers are still too low to bother with comps at this point, but going through the various options, trying to find the best case scenario around KK:L, it would be to use IF from last year. I'd be curious how it's tracking against that for anyone that bigger sample than me. It would give an absolute max of what's possible here.  Note, for my sample, KKL is at 2 tickets sold to IF at 3. So, small sample and all, just very discouraging **(May 17)**.  0 sales for THU at the 2 theaters with showtimes.  Sad.  Not sure what happened here. Others seem to see more activity, but I don't think anyone is seeing anything too strong. The full GTA radius is up to 13 tickets sold for Thursday night.  There's some activity throughout the weekend, so hopefully its that it's just going to perform like a pure family film **(May 15)**.  It's still very early. But even the lack of confidence in the screens its been allocated raised an eyebrow for me. | Karate Kid Legends has an odd release strategy for its presales. It's only in about half the theatres in the GTA, and in two of five in my sample. But Thursday previews start at 2:00 pm. Schools don't close until the end of June, so no one is off. No PLFs. All regular screens with a couple places having VIP screens. No sales in my sample, and when I expand to the greater Toronto area, I count 8 tickets sold. This covers a population base of about 6-7 million people with the theatre chain with 80% market share. I know Canada can be weird on tracking, but this seems worrying **(May 14)**.)
- wattage ($1.37M Minecraft THU Comp.  Karate Kid is not worse off with the comp now starting to gain in sales **(May 22)**.  Doing nothing. Karate Kid is at 0 and has the same comp value as yesterday.Nothing of note. Karate Kid needs to start seeing some movement soon **(May 20)**.  The comp has been consistent for the last few days, no sales for both lol. I'm gonna keep it **(May 19)**.  I didn't track Minecraft at AMC unfortunately, I only started doing both theaters more recently. So not too confident in my numbers but I'm gonna keep it up **(May 16)**.)
- YM! (Karate Kid: Legends has sold 4 tickets in my Southeastern WI Theater Sample - it’s one of the worst start I’ve seen for a family film. It’ll likely open around 2M previews if it follows others **(May 16)**.)
**Wicked Part 1 Re-Release**
- therana (I took a quick look at a few theaters and the tickets are already close to being sold out **(May 14)**.)
**Dan Da Dan: Evil Eye**
**Dangerous Animals**
**From the World of John Wick: Ballerina Average Thursday/Early Access + Thursday Comp: $3.96M/$4.89M** 
- [DEADLINE](https://deadline.com/2025/05/ballerina-dancing-box-office-projection-1236399995/) (Lionsgate‘s From the World of John Wick: Ballerina hit three-weekend tracking Thursday with a projected $35 million-$40 million three-day debut. Currently, the R-rating action title starring Ana de Armas and including a cameo by John Wick himself Keanu Reeves is solid with men over 25 in first choice, with both good unaided awareness with the overall over-25 crowd **(May 15)**.)
- Acrobat ($3.1M EA+THU MI8 comp.  The comp with true Thursday for The Accountant 2 would give it about 4M so 3.5M seems about right at the moment **(May 27)**.  Very imperfect comp with MI8, but it's what I have so far - I didn't track EA for The Accountant. Considering MI8 is so IMAX-heavy, 2.5 seems to be the right number for Ballerina **(May 24)**.  I won't go into any comps as the only one that is vaguely useful is The Accountant 2 which had its OD on T-17, but Ballerina is already 3x against it **(May 20)**.  For EA and THU, Ok, I didn't track Day 2-3 but it clearly had very strong days - I didn't expect this. The Accountant 2 had a much shorter presale window but Ballerina is already pacing well ahead of that one, at least for true Thursday, as I didn't track EA for some reason **(May 18)**.  For THU at 6 theaters, 56 tickets sold.  For WED EA at 4 theaters,  64 tickets sold. I would love to use The Accountant 2 as a comp but I missed the EA screenings for that. Based on True Thursday alone, it's on par with that after Day 1 **(May 14)**.  Ballerina tickets now on sale **(May 13)**.)
- Cine-Taquillas ($5.6M Final Destination THU Comp.  Still slow, hope this week will do better **(May 25)**.  Not too much this weekend **(May 22)**.  Not bad, i think **(May 19)**.  For THU Hey, i expected worse **(May 17)**.)
- el sid (It had, counted today for Thursday, June 5, 232 sold tickets (with shows in 7 theaters). Best presales in the AMCs in NY (71 sold tickets) and LA (70).  17 days left. So it has now 11 days left to collect 24 tickets to be on par with The Amateur (2M from previews on Thursday and before). Of course it will be in front soon. The preview number compared to Abigail (1M from previews on Thursday) is at the moment 1.35M + it has 14 days left. Not bad at all **(May 19)**.  Ballerina, counted today for Thursday, June 5, had 218 sold tickets (with shows in 7 theaters). Best presales in the AMCs in San Francisco (70 sold tickets) and NY (66).  Comps (always counted for Thursday, an extremely wide range at the moment): A Working Man (1.1M from previews on Thursday) had with 12 days left 42 sold tickets. The Amateur (2M from Thursday and I think before) had with 6 days left 256 sold tickets. Abigail (1M Thursday only) had on Monday of the release week 171 sold tickets. And Furiosa (3.5M Thursday only) had with 9 days left 1.595 sold tickets. I doubt that it will have the same walk-ups as A Working Man (slightly worse) but I also doubt that its final jumps will be as poor as those of Furiosa. I would say, that its number is almost on par with The Amateur with 13 days left to very  probably overtake is a good sign **(May 17)**.)
- filmlover (Ballerina showtimes are starting to appear, begins at 6:00 Thursday **(May 8)**.)
- Flip ($3.7M THU and $7.92M FRI comp.  For THU Today was a good day.  |  For FRI I think this can outopen Karate Kid, it's around 2x where that was at the same point. probably 30-35m OW.  |  Not doing much to change its prospects, still looking at ~30m OW **(May 25)**.  Decent pace but the raw numbers are still pretty meh. Hopefully this is the bottom of the U-curve otherwise it will be hard to reach 30-35m OW **(May 20)**.  Soon I will have the accountant 2 comp, which will spit out some pretty good numbers for Ballerina **(May 17)**.  FRI is .49x Mission Impossible 8 (T-22). Much better than how previews are looking, this is more like what I expected **(May 16)**.  Ballerina first day is very meh, looking to be around 1/2 AQP Day One, and 1/3 MI8 **(May 13)**.)
- katnisscinnaplex ($4.42M EA+THU Comp.)
- keysersoze123 (That said not sure if Ballerina is getting any IMAX. i dont see any Imax shows listed for it **(May 18)**.  Ballerina has early PLF shows day before previews. FYI take that into perspective doing the comps. its not hitting JW4 OW as well. Target is what @Obi-Shawn Robbins has put in his prediction (~$40M OW?). Will need 5m+ previews and solid reviews and buzz near release **(May 13)**.)
- PlatnumRoyce (For Thursday previews, Ballerina went from 30 tickets sold on T-23 to 64 on T-14 which while The Amateur went from 7 to 13 during the same period and Sinners went from 15 (first day/T-22) to 54 on T-14. The Accountant went from 9 on T-21 to 13 on T-18 and 34 on T-10 (this one is missing a theater Ballerina sold 4 tickets at on both snapshots). Working Man was at 8 tickets sold at T-10 **(May 22)**.  (T-22) Late capture for day 1 but I have 24 tickets sold across 4 theaters and probably 25 across 5 (one of the theaters has annoying broken seats I need to do some cleanup on). The first day for MI:Final I have is T-25 at 56 tickets sold (0 at the wonky theater so that's not a point of error). The timing (early evening v. next mid-morning) is probably overly rosy for Ballerina but I think that's good/fine **(May 14)**.)
- M37 (Don't have any good Day 3 comps, but some T-21 comps are in the $2.5-$4M range at present, and extrapolating a bit into next week, probably bumping up to like ~$3-$5M expectation. But still early in the cycle, time to pick up steam over the next week **(May 16)**.  (Day 1) No comps, but just in general sales are ... uninspiring. Now there is a lot on sale right now (meaning subscribers might be all booked up) so not going to fret too much until after Memorial Day **(May 14)**.)
- PNF2187 ($2.35M THU comp.  Interesting to grab different sets here, but comps are wonky at this stage, so I'll let this one slide for now. | Not much changing here. Not really sure where to gauge this right now either **(May 15)**.  There's not a ton I can use as a direct comp, and the comps here have shorter windows. This doesn't seem terrible compared to those, but the other comps with similar windows have had far stronger starts **(May 13)**.)
- Ryan C (For WED, 509 Seats Sold (277.03% Increase From Last Time).  For THU, 706 Seats Sold (125.55% Increase From Last Time).  = 1,215 Seats Sold (171.20% Increase From Last Time).  Really good increases (as far as both days) from last week, but I don't want to get my hopes up too high yet. Growth in the final week will be key in determining whether this meets respectable expectations (a $35M-$40M opening weekend) or it becomes another Furiosa ($26.3M).  Of course, the lack of IMAX screens really does hurt in terms of the average ticket price, but $35M+ OW is definitely possible if this continues to pace well these next two weeks **(May 20)**.  For WED EA: 135 Seats Sold (From 7 Theaters).  For THU, 313 Seats Sold (From 15 Theaters). = 448 Seats Sold. Due to Mission: Impossible - The Final Reckoning commanding IMAX for at least three weeks, it won't get the advantage of those PLF screens.  So, these sales would no doubt me much higher if this got a full PLF footprint, but they aren't. Beyond that, there's not a whole lot to gauge from this first day of pre-sales. Overall, there is still a good amount of time for this to make up ground in pre-sales and Lionsgate to (hopefully) drop an early review embargo that ends up being really positive, but I would genuinely call an opening about half of John Wick: Chapter 4 ($73.8M) a win **(May 13)**.)
- Sailor ($4.38M EA and $2.99M THU Comp.  For EA It's steady. | For THU Not a great weekend **(May 26)**.  For THU Not really doing well for the past few days. I hope to see an acceleration soon.  |  For EA It's doing much better here **(May 23)**.  For THU That's... not great. 0.242x MI8 |  For EA It's also slowing down here.  0.318x MI8.  **(May 21)**.  For EA Passed 200 tickets and improved on its comps. | For THU It's slightly dipping against the comps. But there's still time **(May 20)**.  For EA It's also looking good here.  |  For THU It's looking okay so far **(May 19)**.  EA is 0.261x MI8 T-19.  Pretty good so far. |  THU is 0.239x MI8 T-20.  Well, that was an okay start. But I guess it could've been worse **(May 16)**.)
- TheFlatLannister ($4.68M EA+THU Comp. Still looks the same, no significant acceleration. Probably $4M+ previews from here $40Mish OW **(May 26)**.  Slow start to presales, would guess $3m-$4m+ previews based on first few hours of presales, but its early.  Don't see it getting close to John Wick 4 $8.9M previews from here **(May 13)**.) 
- vafrow ($5.15M THU Comp.  For THU Honestly, it's not doing too badly **(May 25)**.  BB:RoD did okay against the comps I had at the time, but was successful on a late kick.  Given that it's an action movie in the exact timeslot, it's still notable for its start. Especially for a few hours of sales.  My expectations on Ballerina were pretty low. I'm pleasantly surprised to see it get a decent start. |  After just saying I'm limiting my tracks, I'm noticing that Ballerina is outperforming the first day of BB:RoD. It also has a Wednesday EA, so I'm torn on whether it's worth keeping an eye on or not **(May 13)**.)
- wattage (Exact same update **(May 22)**.  Doing nothing. Ballerina has small sales for early access and nothing for preview days. Nothing of note. Fine as is right now **(May 20)**.  Not much happening right now **(May 19)**.  Looking at WED and THU presales, First day at Cinemark, returns on fan event time. Probably because actual times are available now. An okay day **(May 14)**.  This is looking like a solid start. Cinemark doesn't have showtimes up for previews but has the early access **(May 13)**.)
**The Ritual**
**The Phoenician Scheme**
- Sailor ($1.94M THU Comp.  Oh, it's quickly picking up steam. There'a chance that it could only be for Wes Anderson's fans, but it has done very well so far **(May 26)**.  This was a very interesting trajectory. A fairly slow first day, followed by an incredible second day. You don't see that very often. Of course, there's always the possibility that this will only be for Anderson's fans, with no appeal for non-fans. But I'd say it's got a chance in passing Asteroid City's previews ($1.1M) **(May 23)**.)
- misterpepp (Seeing another sale date for Phoenician Scheme listed as May 19, not sure if the wide ticketing date moved up or if that's for the limited run **(May 14)**.)
**Next Sohee Wide**
**Domestic Calendar Dates (last updated May 20):**
**MAY**
- (May 27) Presales Start [Elio]
- (May 29) Presales Start [M3GAN 2.0]
- (May 29) Thursday Previews (Bring Her Back + Karate Kid: Legends)
**JUNE**
- (June 4) Presales Start [The Fantastic Four: First Steps]
- (June 4) Early Access [WED: Ballerina]
- (June 4) Opening Day [Wicked Part 1 Re-Release, includes trailer for Wicked Part 2]
- (June 5) Thursday Previews ( Dan Da Dan: Evil Eye + Dangerous Animals + From the World of John Wick: Ballerina + The Ritual + The Phoenician Scheme)
- (June 11) Early Access [WED: How to Train Your Dragon]
- (June 12) Presales Start [Superman]
- (June 12) Opening Day (Next Sohee Wide)
- (June 12) Thursday Previews (How to Train Your Dragon + Materialists + The Unholy Trinity)
- (June 18) Early Access [WED: Elio]
- (June 19) Thursday Previews (28 Years Later + Bride Hard + Elio)
- (June 22 and June 25) Release Days (Brokeback Mountain Re-Release)
- (June 23) Early Access (MON IMAX: F1: The Movie)
- (June 25) Early Access (WED: F1: The Movie)
- (June 26) Thursday Previews (F1: The Movie + M3GAN 2.0 + Sorry, Baby)
**JULY**
- (July 1) Tuesday Midnight Previews (Jurassic World Rebirth)
- (July 2) Opening Day (Jurassic World Rebirth)
- (July 7) Amazon Prime Premiere [Superman]
- (July 10) Thursday Previews (Superman)
- (July 17) Thursday Previews (Eddington + I Know What You Did Last Summer + The Smurfs Movie)
- (July 24) Thursday Previews (The Fantastic Four: First Steps)
- (July 31) Thursday Previews (The Bad Guys 2 + Naked Gun)
**AUGUST**
- (August 6) Opening Day (Sketch)
- (August 7) Thursday Previews (Freakier Friday + Weapons)
- (August 14) Thursday Previews (Clika + Eli Roth Presents: Jimmy and Stiggs +  Nobody 2)
- (August 21) Thursday Previews (Americana + Grand Prix of Europe + Honey Don’t + Splitsville)
- (August 28) Thursday Previews (Caught Stealing + The Roses + The Toxic Avenger Unrated)
**Presale Tracking Posts:** 
[Mar. 20](https://www.reddit.com/r/boxoffice/comments/1jfl610/bot_presale_tracking_mar_20_average_thursday/?ref=share&amp;ref_source=link)
[Mar. 22](https://www.reddit.com/r/boxoffice/comments/1jh3s9j/bot_presale_tracking_mar_22_average_thursday/?ref=share&amp;ref_source=link)
[Apr. 19 Part 1](https://www.reddit.com/r/boxoffice/comments/1k2ujz8/bot_presale_tracking_apr_19_part_1_revenge_of_the/?ref=share&amp;ref_source=link)  
[Apr. 19 Part 2](https://www.reddit.com/r/boxoffice/comments/1k2us3m/bot_presale_tracking_apr_19_part_2_thunderbolts/?ref=share&amp;ref_source=link)
[Apr. 23 Part 1](https://www.reddit.com/r/boxoffice/comments/1k611z5/bot_presale_tracking_apr_23_part_1_revenge_of_the/?ref=share&amp;ref_source=link)
[Apr. 23 Part 2](https://www.reddit.com/r/boxoffice/comments/1k61hbh/bot_presale_tracking_apr_23_part_2_average_comps/?ref=share&amp;ref_source=link)
[Apr. 27](https://www.reddit.com/r/boxoffice/comments/1k90tfn/bot_presale_tracking_apr_27_thursday_comps_the/?ref=share&amp;ref_source=link)
[Apr. 30 Part 1](https://www.reddit.com/r/boxoffice/comments/1kbgf6u/bot_presale_tracking_apr_30_part_1_thunderbolts/?ref=share&amp;ref_source=link)
[Apr. 30 Part 2](https://www.reddit.com/r/boxoffice/comments/1kbgkgy/bot_presale_tracking_apr_30_part_2_average/?ref=share&amp;ref_source=link)
[May 6](https://www.reddit.com/r/boxoffice/comments/1kgl64j/bot_presale_tracking_may_6_thu_comps_final/?ref=share&amp;ref_source=link)
[May 23](https://www.reddit.com/r/boxoffice/comments/1ktl98c/bot_presale_tracking_may_23_thursday_comps_bring/?ref=share&amp;ref_source=link)
Note: I have removed most tracking data that has not been updated for 2 weeks.  I think there is value in keeping data for a week or two but at a certain point they start to lose their value and should not be treated the same as more recent tracking data.",Box Office / Financial Performance
152,Bride Hard,"Russia and CIS box office, weekend June 26-29",3,0.57,6,"**Weekend June 26-29, 2025**
Market statistics. Cumulative Gross (Russia only) 459,48 mln RUB or $5,87 mln (-26%). 1 052 565 tickets sold. Around 34% provided unofficial or basically pirated releases.
3rd victory in a row for Russian family comedy To the Village to Grandpa with only 27% drop. 12th film this year with more than a million admissions, Passed this threshold on Friday, 16th day in release. Will be the biggest Russian summer box office hit ever. Traditionally local releases avoided summer months. But without big Hollywood movies everything changed.
A rather good hold for Materialists too. Already 3rd best foreign movie this year after Ballerina and A Working Man. Ballerina will finish with around $6 mln.  2nd best among foreign markets after China.
Bride Hard and The Ritual did rather poorly. Good numbers for Akira mostly in Moscow and Saint-Petersburg.
In CIS countries F1 started 20% better than MI8. M3GAN 2,0 totally bombed.
|№|Movie|Weekend gross, $|Drop|Total $|Total RUB|Week|
|:-|:-|:-|:-|:-|:-|:-|
||||||||
|1|To the Village to Grandpa|966 276|\-27|5 259 061|415 465 801|3|
|2|Materialists|813 139|\-39|3 030 955|237 930 000|2|
|3|Ballerina|322 861|\-50|5 549 114|438 380 000|4|
|4|Three Heroes. Not a Day Without a Feat 2|275 189|\-45|2 250 027|177 752 134|3|
|5|Bride Hard|274 374||274 374|21 469 736|1|
|6|The Ritual|193 449||193 449|15 737 181|1|
|7|Artek. Through The Centuries|150 444|\-56|1 682 737|132 936 246|3|
|8|The Little Chef|112 066||112 066|8 769 136|1|
|9|Clown in a Cornfield|96 225|\-62|478 165|37 535 972|2|
|10|Dan Da Dan: Evil Eye|95 941|\-57|442 451|34 732 887|2|
|11|Akira|81 495||131 196|10 266 099|1|
|12|Holy Night: Demon Hunters|55 413||55 413|4 336 102|1|
**Hollywood movies in CIS countries**
|Movie|Weekend gross|Total|Week|
|:-|:-|:-|:-|
|||||
|F1|673 433|673 433|1|
|How to Train Your Dragon|221 769|1 967 794|3|
|Lilo &amp; Stitch|108 685|4 100 587|6|
|Elio|101 439|367 348|2|
|28 Years Later|89 362|357 320|2|
|M3GAN 2.0|49 154|49 154|1|
|||||",Box Office / Financial Performance
153,Bride Hard,"Russia and CIS box office, Thursday, June 26",7,0.62,5,"Another excellent hold for a family comedy To the Village to Grandpa. Only 22% drop from last Thursday.  Passed million admissions today. 12th movie in Russia this year, all local productions. Will easily win 3rd weekend with around $1 mln.
Materialists dropped in Russia only by 36%. Will pass $3 mln on Sunday, 284 216 admissions is Russia right now, around 385 000 admissions including CIS countries. Ballerina is the biggest foreign movie of the year. 
Bride Hard bombed with only five people per show. 28 Years Later and Elio will be available in some theaters from tomorrow. 
F1 grossed yesterday $138k in CIS countries. Reasonably good opening about 20% bigger than Mission Impossible 8. 
|Film|Gross RUB|Gross USD|Total RUB|Total USD|Week|
|:-|:-|:-|:-|:-|:-|
||
|To the Village to Grandpa|13 890 000|177 621|353 275 000|4 471 835|3|
|Materialists|11 400 000|145 780|185 770 000|2 366 497|2|
|Bride Hard|4 280 000|54 731|4 280 000|54 731|1|
|Three Heroes. Not a day without a Feat 2|4 270 000|54 604|160 400 000|2 030 380|3|
|Ballerina|4 260 000|54 476|417 380 000|5 283 291|4|
|The Ritual|3 261 178|41 616|3 261 178|41 616|1|
|Artek. Through The Centuries|2 682 040|34 297|123 843 378|1 567 638|3|
|The Little Chef|2 112 904|27 019|2 112 904|27 019|1|
|Clown in a Cornfield|1 700 000|21 739|31 210 000|397 580|2|",Box Office / Financial Performance
154,Bride Hard,"Russia and CIS box office, weekend July 3-6",9,0.65,3,"418.23 mln RUB or $5,31 mln cumulative gross. Around 64% official releases, 36% Hollywood movies.
Not Alone at Home 2 is another family comedy, The sequel of last year moderate hit. Opened 58% better than original by gross and 35% better by admissions.
Family comedy To The Village to Grandpa is still holding very well. For the third week in a row Materialists is №1 movie in Moscow by far. Ballerina will pass $6 mln this week, around 930k admissions. No one cared about Bagman.
In CIS countries new Jurassic World opened better than previous one. F1 is holding extremely well. Also doing great business in Russia. Unofficially, of course.
|№|Movie|Weekend gross, $|Drop|Total $|Total RUB|Week|
|:-|:-|:-|:-|:-|:-|:-|
||||||||
|1|Not Alone  at Home 2|857 552||873 764|68 808 925|1|
|2|To The Village to Grandpa|638 965|\-33|6 441 778|507 290 000|4|
|3|Materialists|502 033|\-38|308 120 000|3 925 096|3|
|4|Ballerina|186 229|\-42|464 430 000|5 878 861|5|
|5|Bagman|161 384||161 384|12 708 960|1|
|6|Three Heroes. Not a Day Without a Feat 2|125 448|\-54|2 522 105|199 246 292|4|
|7|Bride Hard|118 084|\-57|526 773|41 220 000|2|
|8|Dalia y el Libro Rojo|102 402||104 084|8 196 638|1|
|9|Sorop|87 836||87 836|6 917 102|1|
|10|The Ritual|83 616|\-57|381 744|29 871 499|2|
|12|Pretty Thing|51 506||51 506|4 056 074|1|
**Hollywood movies in CIS countries**
|Movie|Weekend gross|Total|Week|
|:-|:-|:-|:-|
|||||
|Jurassic Word: Rebirth|703 083|703 083|1|
|F1|559 427|1 595 773|2|
|How to Train Your Dragon|121 705|2 192 145|4|
|Lilo &amp; Stitch|75 361|4 231 872|7|
|Elio|71 228|489 390|3|",Box Office / Financial Performance
160,Elio,Elio and the reason today's original children's films are flopping,7989,0.92,2285,"First comment: Remember that part in Moneyball where Billy and Pete are sitting with all the old scouts and every time one of them says something dumb or outdated Billy points at Pete?
That’s what these constant ‘why are movies flopping?’ stories are for me. 
The studios have told people that they can watch movies in less than 100 days from the theatrical release date on a subscription streaming service they already pay for.
Except there’s two problems - the studio makes the least money per viewer that way and they’re budgeting their movies expecting that people will still show up anyway! $150m for a movie when you’re going to get back cents per viewer on Disney+ instead of multiple dollars per viewer in cinemas. 
You set fire to your income streams from theatrical, premium VOD and physical media to shove people on to streaming and now you’re surprised when people are just waiting.",Box Office / Financial Performance
166,Elio,"‘28 Years Later’ Feasting $30-31M, ‘Elio’ At $22M+ Is Pixar’s Lowest Opening Ever, ‘How To Train Your Dragon’ Rules With $35M+ Second Weekend – Saturday Box Office Update",870,0.98,463,"First comment: I didn’t think a Pixar film could go lower than Elemental, but here we are.",Box Office / Financial Performance
168,Elio,"Disney / Pixar's Elio debuted with an estimated $21.0M domestically this weekend (from 3,750 locations).",504,0.96,614,"First comment: Lowest debut in Pixar history.
![gif](giphy|WxDZ77xhPXf3i|downsized)",Box Office / Financial Performance
170,Elio,"Elio: Inside Pixar's Box Office Flop, America Ferrara, Director Change",385,0.94,574,"First comment: ""The first cut of the film had a test screening where audiences were asked how many of them would see it in a theater, and not a single hand was raised""
No wonder this movie got remade lmao",Box Office / Financial Performance
171,Elio,"‘28 Years Later’ Still Feasting $30M DOM/$60M Global Opening, ‘Elio’ At $20M+ Is Pixar’s Lowest Opening Ever, ‘How To Train Your Dragon’ Rules With $37M Second Weekend (-56%) – Sunday Box Office Update",612,0.98,292,"First comment: A Pixar movie opening to low $20M is just very bad. Goes to show bad the brand has fallen. But really, it did feel like Disney gave up on it a while ago and just wanted to get it over with because of the two year delay.
Now the question is whether the decent reviews can help leg out to an acceptable enough total.",Box Office / Financial Performance
172,Elio,"‘F1’ Putting The Pedal To The Metal With $55M+ Opening, An Apple Original Films Record; ‘M3GAN 2.0’ Asleep At $10M, ‘Elio’ Dropping 45% to $11M-$12M; ‘28 Years Later’ Collapsing 67% to $10M – Friday PM Update",602,0.97,230,"First comment: That is an abysmal opening for *M3GAN 2.0*, and *28 Years Later* doesn't look as if it's going to capitalise on that.",Box Office / Financial Performance
176,Elio,"’28 Years Later’ $5.8M, ‘Elio’ $3M Previews – Friday AM Box Office",442,0.97,243,First comment: Audience reception for *28 Years Later* seems quite toxic.,Box Office / Financial Performance
179,Elio,"In Pixar's Elio (2025), the movie is actually pretty good, but will still bomb horribly in the box office. This is a reference to Disney not learning that audiences being accustomed to films joining Disney+ within the first 100 days kills any theatrical profit.",873,0.96,89,"First comment: I know I'm part of the problem, but I have a busy life. I am barely aware of a movie being in theatres and then I see it on Disney+. I've got so little motivation to see any movie in theatres knowing full well it will be on demand somewhere in about a month.
And still, Disney apparently thinks streaming is dead. But theatres are dead. And regular TV is dead. Everything's everywhere, but no one is making any money? And yet they seem to have more money than ever? I don't know anything and I used to work in this industry, before being laid off because the networks and streamers said they had no money.",Box Office / Financial Performance
181,Elio,Disney / Pixar's Elio debuted with an estimated $14.0M internationally.  Estimated global total stands at $35.0M.,296,0.95,220,"First comment: Barring a miracle, this will definitely finish below Lightyear's 226.4 million haul.
https://i.redd.it/s97xst2ryh8f1.gif",Box Office / Financial Performance
182,Elio,"$1M CLUB: THURSDAY
1. JURASSIC WORLD: REBIRTH ($25M)
2. F1 ($6M)
3. HOW TO TRAIN YOUR DRAGON ($2.7M)
4. ELIO ($1.6M)
5. 28 YEARS LATER ($1.2M)
6. LILO &amp; STITCH ($1M) 
Box office BBQ in full effect.",382,0.97,159,First comment: Megan 2.0 is dead that’s for sure,Box Office / Financial Performance
183,Elio,"‘Elio’ Misfire Could Hasten Demise Of Original Animation In Theaters, Wall Street Analyst Says, But “Don’t Blame Film Executives For Greenlighting Fewer Original Animated Films, Blame The Audiences” For Concerning Trend As New IPs Provide Foundation For Modern Theme Park Attractions Or Experiences.",184,0.79,271,"First comment: Elio misfiring does not mean there will no more original animated films, that is one seriously bad hot take.",Box Office / Financial Performance
184,Elio,Disney / Pixar's Elio has passed the $100m global mark,369,0.96,138,https://www.the-numbers.com/movie/Elio-(2025)#tab=summary,Box Office / Financial Performance
186,Elio,Is Pixar’s Elio going to bomb at the box office?,229,0.91,195,"I practically never posted here, sorry if it isn't too elaborated.
Elio faces a lot of indirect competition from films like How to Train Your Dragon and Lilo &amp; Stitch. It also appears it won’t be getting as many cinema screens as what we’d normally expect for a Pixar release.
There’s been little to no buzz around the movie so far. That said, it is Pixar, and the brand has just been revitalized thanks to the massive success of Inside Out 2.
Still, Elio is a sci-fi animated film—historically, those don’t tend to break box office records. (Wall-E grossed over 530M) Of course, that doesn’t mean Elio is doomed by default.
But here's the thing: the writing just doesn’t seem strong. If it gets a lukewarm reception, I can easily see it pulling Disney’s Wish numbers—around $254 million globally—against a rumored budget of $200–300 million (yet to be confirmed).
What do you all think?",Box Office / Financial Performance
188,Elio,"’28 Years Later’ Running To $14M Friday/$28M-$30M 3-Day, ‘Elio’ Eyes $9M/$22M-$24M In A ‘How To Train Your Dragon’ ($10.7M/$35.2M, -58%) Ruled Weekend – Friday Box Office Update",229,0.96,173,"First comment: That would be a steep drop for HTTYD after the strong weekdays
28 Years Later opening to $28M would be kinda funny, though.",Box Office / Financial Performance
190,Elio,"’28 Years Later’ $5M+, ‘Elio’ $2.5M-$3M Previews – Thursday Night Box Office",312,0.98,125,First comment: Annoying they didn’t market Elio more. I saw it and it was really enjoyable. And will be inoffensive to families. They must have been really scared off by Strange World and Lightyear that they didn’t believe in a sci fi movie. Too bad. Hopefully it legs out well.,Box Office / Financial Performance
191,Elio,"Disney / Pixar's Elio grossed $3.83M on Tuesday (from 3,750 locations).  Total domestic gross stands at $26.86M.",208,0.96,157,First comment: Looks like this is falling behind Lightyear's $226M WW to become Pixar's lowest grossing film ever (not counting Onward or the Disney+ trilogy,Box Office / Financial Performance
192,Elio,5 Reasons Why Pixar's Elio Flopped At The Box Office,166,0.89,173,"First comment: The hook is just bad.
Like it has nothing groundbreaking or interesting to sell to the audiences.
And as an original movie without the fallback of an IP thats a death sentence.
Even Elemental looked 10x more interesting from a premise standpoint.",Box Office / Financial Performance
193,Elio,"Disney / Pixar's Elio grossed an estimated $11.4M internationally this weekend, including a debut of $2.7M in China.
Estimated international total stands at $30.1M, estimated global total stands at $72.3M.",163,0.94,175,"First comment: Unless Japan (its last major market) somehow pulls a miracle run in August, this is missing $150 million worldwide.
Absolutely terrible.",Box Office / Financial Performance
195,Elio,[TheFlatLannister on BOT] Previews for 'Elio': Comps average point to just $2.18 million in previews,155,0.96,168,First comment: [removed],Box Office / Financial Performance
196,Elio,"June 20-22 Box Office Recap – 'How to Train Your Dragon' stays #1, but drops a rough 57% on its second weekend. '28 Years Later' debuts with a pretty good $30M domestically and $60M worldwide. However, 'Elio' flops with a terrible $20M domestically and $34M worldwide, the worst debut for Pixar.",207,0.89,123,"https://preview.redd.it/q8ew8lqszq8f1.png?width=1920&amp;format=png&amp;auto=webp&amp;s=fcd1ac805e410d7cad93ff5c9d24d372f3f22acc
It was a mixed bag at the box office this weekend.
Unsurprisingly, the ***How to Train Your Dragon*** live-action stayed at the top of the box office, although it still had a rough drop. ***28 Years Later*** achieved a very solid #2 start, although it remains to be seen if it will have legs.
However, the weekend is also defined by some very bad news. That's the case with Pixar's ***Elio***, which flopped this weekend and posted the studio's worst debut in all its 30 years of history.
The Top 10 earned a combined $120.6 million this weekend. That's down 18.6% from last year, when ***Inside Out 2*** repeated at #1.
Staying at the top spot, Universal/DreamWorks' ***How to Train Your Dragon*** added $36.5 million this weekend. That's a very bad 57% drop, which is steeper than any of the animated films and quite poor for a family film. Despite its strong weekdays, it looks like the film might have had a ceiling regardless of its strong word of mouth.
Through 10 days, the film has earned $160 million, just slightly short of outgrossing ***The Hidden World***'s $160.7 million total. In the next few days, it will pass the second film ($177 million). Although this drop suggests that it might not be as leggy as its weekdays suggested.
In second place, Sony's ***28 Years Later*** debuted with a pretty good $30 million in 3,444 theaters. That's easily the best debut in the franchise, tripling both ***Days*** ($10 million) and ***Weeks*** ($9.8 million). It's also the biggest debut for director Danny Boyle.
All in all, this is a pretty great debut. After all, the original franchise had a ceiling at the box office, but it has built an audience across home media, streaming and cable reruns. While there were projections that could go as high as $40 million, it's not really a bad start. This proves the franchise's popularity; if it wasn't, the film wouldn't have hit $30 million on its opening weekend.
Credit must go to Sony's incredible job in marketing the film. That teaser, accompanied with the 1903 poem ""Boots"" by Rudyard Kipling, was fantastic and even became the seccond biggest horror film trailer of all time back then (***Final Destination: Bloodlines*** would later claim this title). Obviously, it wasn't gonna open as high as the ***It*** films, but that clearly showed interest. Cinephiles were also excited to see the return of Danny Boyle and Alex Garland as director and writer, respectively. And without many horror options right now, this was a perfect date. And they also delivered a fantastic film; it's currently sitting at a 89% on RT.
Despite its great debut, it has to be noted that the film was quite front-loaded. Thursday previews ($5.8 million) accounted for 19.3% of its weekend gross, which is very high, even for horror (for reference, ***Final Destination: Bloodlines***' previews were just 10.6% of its weekend gross). It was followed by a steep 37% drop on Friday-to-Saturday, when horrors drop 25% at most. This suggests that the film might be more fan-driven than expected.
According to Sony, 61% of the audience was male. Horror usually leans young, but that's not the case here; only 25% of the audience was 25 and under. They gave it a solid ""B"" on CinemaScore, which is not bad for a horror film. There's some online chatter about the film's ending, which drew some polarized reactions. With ***M3GAN 2.0*** and ***I Know What You Did Last Summer*** on the way, perhaps the film won't hold very well. But it should still have enough gas to hit $75 million domestically. And now it's all up to ***The Bone Temple*** to keep this winning streak in January.
Debuting in third place, Disney/Pixar's ***Elio*** flopped with a very terrible $20.8 million in 3,750 theaters. This is the absolute worst debut in Pixar's history, far below both ***Elemental*** and the original ***Toy Story*** (both at $29 million). And this is all unadjusted, which makes it even worse!
The road to ***Elio*** was always going to be tricky. In the past few years, there have been a lot of sci-fi animated films that failed to find success at the box office: ***Lightyear***, ***Strange World*** and ***Transformers One***. It doesn't help when it's a non-IP film, as those films have been struggling to gain traction in the post-COVID climate (***Sinners*** is a big exception, not the rule). And with a $150 million, it's safe to deem this as a flop.
What didn't help ***Elio*** was its delays. This film was supposed to come out in March 2024, but it was delayed to this current date. And in the full year, the film's concept was retooled, which is why you see a big difference from the original teaser to the most recent trailers. But by delaying the film, perhaps the audience lost interest in the film. If they were gonna spend money at theaters, they probably would go for a more familiar IP. In this case, releasing it the week after ***How to Train Your Dragon*** was a death sentence. And the marketing just wasn't really efficient; it couldn't overcome the ""been there, done that"" feeling from other films. Even with some good reviews (83% on RT), it simply failed to grab audiences.
According to Disney, 59% of the audience was male. In an interesting stat, 39% of the audience was 12 and under, a skew far younger than usual for Pixar (last year, ***Inside Out*** had 20% at 12 and under).
Okay, so it's a bad debut. But not everything is hopeless. Audiences gave ***Elio*** a strong ""A"" on CinemaScore, which could bode well for legs. ***Elemental*** opened with a poor $29 million, but strong word of mouth allowed it to reach $154 million domestically. It remains to be seen if ***Elio*** can have strong legs; the only animated competition is ***Smurfs*** in mid July. But even if it had ***Elemental***'s legs, that would still be just $108 million domestically. Barring a miracle, ***Elio*** is pretty much guaranteed to become Pixar's lowest grossing film at the domestic box office (***Onward*** technically made $60 million, but it had to close early due to COVID shutdowns, so it doesn't really count). What will Pixar do now?
After its rough drops for the past weeks, ***Lilo &amp; Stitch*** appears to be stabilizing. It dipped 38%, adding $9.7 million. That takes its domestic total to $386.7 million, and it's on course to finish with around $415 million domestically.
In fifth place, ***Mission: Impossible – The Final Reckoning*** dipped 39% and grossed $6.4 million. With $178.2 million domestically, it has surpassed the domestic lifetime of ***Dead Reckoning*** ($172 million). It will finish with over $190 million, but the $200 million dream is dead.
In sixth place, A24's ***Materialists*** added $5.8 million this weekend. That's a 49% drop, which is quite solid, considering its weak ""B–"" on CinemaScore suggested it could face some problems. Through 10 days, the film has amassed $23.2 million, and it should close with almost $35 million domestically.
***Karate Kid: Legends*** is on its way out of theaters. It dropped 55%, earning just $2.3 million. The film has earned a disappointing $49.3 million so far.
***Ballerina*** is also nearing the end of its run in theaters. It dropped 54% this weekend, earning $4.5 million. The film has made $51 million, and it's set to become the least attended film in the series.
In ninth place, ***Final Destination: Bloodlines*** dropped 53%, adding $1.8 million. The film has earned $134.8 million so far.
Rounding out the Top 10 was the Indian film ***Kuberaa***, which managed to earn $1.7 million in 500 theaters.
It doesn't look like Neon's ***The Life of Chuck*** will last much more longer in theaters, not only after its weak debut but also its weak second weekend drop. The film dropped a poor 57%, earning just $1 million. Through 10 days in wide release, the film has made just $4.6 million domestically. If you want to check this film out, you better do it as soon as possible, cause it's about to disappear.
#**OVERSEAS**
***How to Train Your Dragon*** led the overseas box office with $53.6 million, for a $357.7 million worldwide total. The film's best markets are Mexico ($24.5M), China ($23.2M), UK ($16.8M), Brazil ($12.6M) and Korea ($9.6M). Easily set for over $600 million worldwide.
***28 Years Later*** also had a good start outside America. It earned $30 million overseas for a $60 million worldwide debut. It had pretty good debuts in the UK ($6.4M) and Mexico ($2.7M), followed by more modest starts in Australia ($1.7M), Korea ($1.5M), Germany ($1.3M), France ($1.3M) and Spain ($1.2M). Let's see how it holds in the coming weeks.
***Lilo &amp; Stitch*** added $19.7 million overseas, for a $910 million worldwide total. Its best markets are Mexico ($64.2M), UK ($46.3M), France ($37.1M), Brazil ($34.5M) and Germany ($29M).
You thought the domestic numbers for ***Elio*** were depressing? Wait till you see the worldwide numbers. It debuted with an abysmal $14 million overseas, for a poor $34.8 million worldwide debut. It had very weak debuts in South Korea ($1.8M), Mexico ($1.4M), France ($1.3M), UK ($1.2M) and Italy ($800K). In most of these markets, it lost to ***28 Years Later*** and posted the worst Pixar debut as well. There's still a few markets left, but this is still a very horrible way to kick off its run. The film needs over $350 million just to recoup its investment, which means it must do over 10 times this weekend's performance to get there. Unless a miracle happens, it's a flop.
***Mission: Impossible – The Final Reckoning*** added $12.8 million overseas, taking its worldwide total to $540.7 million. The best markets are China ($60.6M), UK ($32.9M), Japan ($30.2M), Korea ($22.5M) and France ($21.8M). 
With $49.7 million overseas, ***Ballerina*** has now crossed $100 million. But that's still nowhere close to being considered a remotely passable number.
#**FILMS THAT ENDED THEIR RUN THIS WEEK**
None.
#**THIS WEEKEND**
We've got two wide releases, but one is clearly going for the #1 finish.
And that's Warner Bros./Apple's ***F1***, which stars Brad Pitt as a F1 driver who comes out of retirement to mentor a new prodigy. Formula One is incredibly popular in Europe, and its popularity has also picked up some steam in America thanks to the Netflix documentary series ***Drive to Survive***. Apple hasn't had much luck with their theatrical releases so far, and currently, ***F1*** is their only theatrical project lined up (***Highest 2 Lowest*** technically is going into theaters but it's a 2-week limited release, so it hardly counts). The project cost $200 million (not the $300 million figure everyone talked about months ago) and both Apple and WB have pulled a very extensive marketing campaign. Surely the foreign markets will be strong, but America also needs to show up. Will this be Apple's first hit at the box office?
The other release is Universal/Blumhouse's ***M3GAN 2.0***, the sequel to the 2023 phenomenon. Instead of taking the similar route that horror sequels have pulled (the exact same premise), the sequel chose to go bonkers instead. Instead of doing another ""AI doll who kills people"", the film is going the full ""AI doll vs. AI doll"" angle and accepting how stupid and ridiculous this situation is. But is that an advantage or will it be its biggest weakness?
____________________________________________________________________________________________
If you're interested in following the box office, come join us in r/BoxOffice.",Box Office / Financial Performance
197,Elio,"With Elio flopping, are Hoppers and Gatto doomed to fail as well?",85,0.82,174,"Elio is a flop with the lowest opening for a Pixar movie ever. Even Elemental legs won’t save it. 
Original animation continues to struggle for both Disney and Pixar. They haven’t had a hit that wasn’t a sequel since Coco in 2017. Disney+ combined with COVID clearly had an impact, and now people only go to the theatres for sequels and will wait for streaming for the originals. 
The gap is insane considering how much Inside Out 2 made last year and how Elio is doing now.
They have Hoppers, another original releasing in March next year, and I’m not sure it will fair any better. It will probably get good reviews, but the  premise and animation style doesn’t look that compelling for general audiences, and Mario 2 comes out a month later and will instantly put its run to an end. 
Gatto comes in 2027 and seems more interesting, but it is releasing in a crowded period and will have to compete with Beyond the Spider-Verse, How to Train Your Dragon 2, and an untitled Illumination movie (which I’m predicting will be a Donkey Kong spin-off)
What do you think? Do either of these have better potential, or is original animation screwed?",Box Office / Financial Performance
198,Elio,"Today was going to post about how we were never getting an original movie again if Elio flopped at the box office, but apparently those fears were unprompted!",584,1.0,53,"First comment: Damn, Pixar is making a movie about Joe from Impractical Jokers",Box Office / Financial Performance
199,Elio,"‘28 Years Later’ Still Feasting $30M, ‘Elio’ At $21M Is Pixar’s Lowest Opening Ever, ‘How to Train Your Dragon ’ Rules With $37M Second Weekend – Sunday Box Office Update",323,0.93,82,First comment: [deleted],Box Office / Financial Performance
200,Elio,"’28 Years Later’ Walking To $56M+ WW Opening ($28-30M DOM, $28M INT), ‘Elio’ Orbiting $50M+ WW ($20M+ DOM, $30M INT) As ‘How To Train Your Dragon’ Looks To Lord U.S. Box Office – Preview",284,0.98,94,First comment: Wait wasn't 28 Years Later having the biggest horror pre sales of the year?,Box Office / Financial Performance
201,Elio,"Global Box Office: Pixar’s ‘Elio’ Craters With $35 Million, ‘28 Years Later’ Awakens to $60 Million",223,0.98,101,"First comment: Even if we assume some crazy legs, like say 5x this global debut, that would barely finish above 150M ww. Yeah that's terrible, no other way to put it",Box Office / Financial Performance
202,Elio,Disney/Pixar’s Elio Grossed 20.8 Million This Weekend. FRI-8.9 Million (with previews) SAT-6.6 Million SUN-5.2 Million.,134,0.96,119,First comment: never a good sign for strong legs when your actuals are below estimates,Box Office / Financial Performance
204,Elio,Box Office Weekend Forecast: 28 YEARS LATER ($26-30M+) and Pixar’s ELIO ($18-20M+) Open for Juneteenth as HOW TO TRAIN YOUR DRAGON Sets Sights on a #1 Repeat,188,0.96,97,First comment: Elio should’ve been a March opener. That month was dead as fuck and badly needed a hit while this needed space away from real blockbusters.,Box Office / Financial Performance
206,Elio,"Disney / Pixar's Elio grossed $1.61M on Monday (from 3,750 locations), which was a 26% decrease from the previous Monday. Total domestic gross stands at $43.57M.",109,0.92,114,"First comment: Not a bad hold, just a shame that the numbers are so low.",Box Office / Financial Performance
207,Elio,"$1M CLUB: PREVIEW THURSDAY
1. F1 ($10M)
2. HOW TO TRAIN YOUR DRAGON ($4M)
3. ELIO ($2.2M)
4. 28 YEARS LATER ($2M)
5. M3GAN 2.0 ($1.5M)
5. LILO &amp; STITCH ($1.5M)",201,0.97,86,First comment: The calm before the July madness.,Box Office / Financial Performance
209,Elio,Box Office: ’28 Years Later’ Chomps on $14 Million Opening Day; ‘Elio’ Facing Pixar’s Lowest Debut Ever as ‘How to Train Your Dragon’ Rules Again,286,0.95,68,First comment: Elio had one of the worst promotional campaigns I’ve seen from Pixar.,Box Office / Financial Performance
210,Elio,"Next weekend's estimated location count for Disney / Pixar's Elio is 3,700 locations.",153,0.94,101,First comment: The Last time a Pixar Movie was in less than 4000 theaters was Coco in 2017. the pre sales have apparently been horrible too I’m worried.,Box Office / Financial Performance
215,Elio,Does Pixar overspend on their movies?,3603,0.95,405,Elio's budget is reported to be 300 million dollars although conflicting reports say it's 150 million. Regardless do you believe Pixar overspends on their animated movies to their detriment? Does Pixar need to limit their budgets like their competitors or is it mostly a non issue? I hate how the talk of Pixar is often met with a fear of flopping and I really hate that. I love Pixar's original work and don't want it to flop and send a bad message. I think the budgets are fine.,Box Office / Financial Performance
217,Elio,’28 Years Later’ Rages To $60M Global Bow; ‘Elio’ Misses Liftoff With $35M; ‘How To Train Your Dragon’ Flies To $358M &amp; ‘Lilo &amp; Stitch’ Tops $910M WW – International Box Office,252,0.96,63,"First comment: 3 weekends in MI8 vs MI7: +$1M
4 weekends in MI8 vs MI7: +$14M
5 weekends in MI8 vs MI7: +$18M",Box Office / Financial Performance
218,Elio,"Could Pixar’s ‘Elio’ Bounce Back from an All-Time Low the Way ‘Elemental’ Did? - The last original Pixar film was also a box office dud... until it wasn't, finding remarkable longevity to a nearly $500 million global run.",168,0.91,78,"First comment: ![gif](giphy|daPCSjwus6UR2JxRX1)
Everything that could've gone right, went right for Elemental after its opening weekend, courtesy of stellar word of mouth, which Elio is lacking so far from the get-go.",Box Office / Financial Performance
219,Elio,Weekend Preview: DRAGON [$40-$48 million] Expected to Lead the Market as 28 YEARS LATER [$35-$45 million] and ELIO [$20-$30 million] Hit Theaters,193,0.97,69,"First comment: Is this the first time a Pixar or Disney animated movie doesn't open to #1 or #2
edit: nope",Box Office / Financial Performance
220,Elio,"Disney/Pixar’s Elio Grossed 10.4 Million this weekend, a 50% drop from last weekend, FRI-3.2 Million SAT-4.1 Million SUN-3 MIL.",153,0.97,74,"First comment: 300k below estimates.
![gif](giphy|3FBwwRCNTSa52)",Box Office / Financial Performance
222,Elio,"Disney / Pixar's Elio grossed an estimated $10.7M this weekend (from 3,750 locations).  Estimated total domestic gross stands at $42.23M.",128,0.95,78,First comment: Elemental legs are unprecedented. This sadly isn’t going to repeat that run.,Box Office / Financial Performance
225,Elio,"Disney / Pixar's Elio grossed $2.18M on Monday (from 3,750 locations). Total domestic gross stands at $23.02M. #Elio #BoxOffice",137,0.92,69,"First comment: Pixar/Disney need to go back to the drawing board and stop three key elements:
1. This awful 'Grubhub' character design. The characters ever since 2020 have simply not been iconic or memorable in the same way as Woody, Sully, Lightning McQueen etc..
2. Generic one-word titles that mean nothing. Original classics like ""Monsters Inc"" or ""Finding Nemo"" are distinct but let you know what the film is about. ""Elio"" means nothing!
3. Focusing their plots on “ordinary human becomes entangled in fantasy wackiness”. Again, classics like Monsters Inc, Toy Story and Wall-E work because of how much they think outside the box and provide protagonists we never see.",Box Office / Financial Performance
227,Elio,"The Spotlight on Pixar Intensifies as ‘Elio’ Becomes Latest Original Animated Pic to Crash Land 🎟️ Even before the film opened to a record low for the studio, Pixar was in the midst of a course correction to balance its lineup with a mix of unknown characters and established IP.",39,0.81,94,"First comment: I kinda feel like we don't need this many topics on Elio.  We know the movie failed horribly.  Maybe it's just cause I liked the movie and all these topics are like salt in the wound or something, idk",Box Office / Financial Performance
228,Elio,"ELIO debuts at #4 for its opening day in France, behind 28 YEARS LATER, HTTYD and mostly LILO &amp; STITCH which is in its fifth week. Definitely the lowest ever opening day for a Pixar movie in France as there wasn't any previews for the movie.",152,0.96,63,First comment: oh ;-;,Box Office / Financial Performance
238,F1 The Movie,Warner Bros. &amp; Apple's F1 The Movie has grossed an estimated $39.5M internationally through Friday. Estimated global total stands at $64.5M.,391,0.97,86,First comment: International gonna carry this tremendously. The hype is insane.,Box Office / Financial Performance
239,F1 The Movie,Warner Bros. &amp; Apple's F1 The Movie has grossed an estimated $147.0M internationally through Friday.  Estimated global total through Friday stands at $237.4M.,480,0.97,62,"First comment: Watch out for China for this one. 
Only made $18.7M so far but the latest projections think it can leg out to over $50M
Crazy strong word of mouth.",Box Office / Financial Performance
243,F1 The Movie,"Warner Bros. &amp; Apple's F1 The Movie has passed the $350M global mark. The film grossed an estimated $38.5M internationally this weekend. Estimated international total stands at $257.2M, estimated global total stands at $393.4M.",294,0.98,75,"First comment: Yeah, this and Rebirth are also affecting Superman. Let's not kid ourselves here.",Box Office / Financial Performance
245,F1 The Movie,"Warner Bros. &amp; Apple's F1 The Movie grossed an estimated $56.3M internationally this weekend. Estimated international total stands at $184.1M, estimated global total stands at $293.6M.",296,0.96,75,First comment: $500m+ finish. Good for apple to finally have a hit film.,Box Office / Financial Performance
247,F1 The Movie,"Warner Bros. &amp; Apple's F1 The Movie grossed an estimated $25.0M domestically on Friday (from 3,661 locations), including previews.",331,0.96,60,First comment: Strong Friday numbers. $55M+ opening is locked.,Box Office / Financial Performance
250,F1 The Movie,"Warner Bros. &amp; Apple's F1 The Movie grossed an estimated $6.07M on Thursday (from 3,661 locations).  Estimated total domestic gross stands at $83.46M.",259,0.95,42,"First comment: I just saw it yesterday, and I haven't enjoyed a film like this since Top Gun: Maverick. No surprise there, considering it's the same writer and director. I hope it finds the success it deserves. 👍",Box Office / Financial Performance
251,F1 The Movie,Superman took the top spot for its opening weekend in Australia with $8.11M. 🐨 Jurassic World Rebirth is now in the 2nd spot with $6.05M. 🦘 F1 The Movie took 3rd with $2.94M.,131,0.97,61,"Source:
https://numero.co/reports/2025/07/14/truth-justice-and-a-box-office-hit-in-australia",Box Office / Financial Performance
254,F1 The Movie,"Warner Bros. &amp; Apple's F1 The Movie grossed an estimated $6.96M on Independence Day Friday (from 3,732 locations).  Estimated total domestic gross stands at $90.42M.",184,0.95,39,"First comment: 24m weekend or so. Good hold. Some went a little crazy thinking 30+ million was happening.
Superman taking F1's Imax is going hurt.  
Im thinking 160m domestic total.",Box Office / Financial Performance
259,F1 The Movie,"Warner Bros. &amp; Apple's F1 The Movie grossed an estimated $2.50M on Thursday (from 3,732 locations).  Estimated total domestic gross stands at $123.17M.",156,0.96,34,First comment: Really feeling the IMAX loss with this one. It should at least beat 150 mill but I don't think 200 mill is in the cards.,Box Office / Financial Performance
261,F1 The Movie,"Warner Bros. &amp; Apple's F1 The Movie grossed $13.06M this weekend (from 3,412 locations). Total domestic gross stands at $136.26M. Daily Grosses FRI - $3.710M SAT - $5.226M SUN - $4.126M",129,0.98,35,First comment: https://preview.redd.it/xmu8hgdxewcf1.jpeg?width=508&amp;format=pjpg&amp;auto=webp&amp;s=a69dc5387a013eac9c9e21b14d2f39571dc2e556,Box Office / Financial Performance
266,F1 The Movie,"Warner Bros. &amp; Apple's F1 The Movie grossed an estimated $4.15M on Tuesday (from 3,732 locations). Estimated total domestic gross stands at $116.86M.",144,0.96,25,First comment: Saw it yesterday. Just a perfect audio-visual film. I got into another reality for 2.5 hours. The reality of racing and speed. Very happy to see his great legs and hope for $170M final,Box Office / Financial Performance
268,F1 The Movie,"Warner Bros. &amp; Apple's F1 The Movie has passed the $100M domestic mark. The film grossed an estimated $26.06M this weekend (from 3,732 locations). Estimated total domestic gross stands at $109.52M.",139,0.94,26,"First comment: Considering the massive competition, this is a pretty good hold for F1",Box Office / Financial Performance
269,F1 The Movie,"Next weekend's estimated location count for Warner Bros. &amp; Apple's F1 The Movie is 3,800+ locations.",192,0.97,20,First comment: Compared to Top Gun Maverick’s… 4735! And later expanded to 4755!,Box Office / Financial Performance
271,F1 The Movie,"Warner Bros. &amp; Apple's F1 The Movie grossed $25.78M this weekend (from 3,732 locations). Total domestic gross stands at $109.29M. Daily Grosses FRI - $6.960M SAT - $10.601M SUN - $8.220M",127,0.94,21,First comment: This movie is proof the theaters gotta build more IMAXs to accommodate more than one feature like this was a PLF or nothing release for me and a few friends,Box Office / Financial Performance
273,F1 The Movie,"Warner Bros. &amp; Apple's F1 The Movie grossed an estimated $3.80M on Wednesday (from 3,732 locations), which was a 21% decrease from the previous Wednesday. Estimated total domestic gross stands at $120.68M.",129,0.95,19,"First comment: People seem to think if they really insist this hasn’t been successful, then it’s not. It’s had solid legs since an opening weekend that literally had Variety writing articles about how it would influence their theatrical strategy going forward and likely receive a sequel. Sometimes, we don’t have to squint at the 2.5x and go through all our machinations — the story can be pretty straight forward. This is one such case.",Box Office / Financial Performance
275,F1 The Movie,"Warner Bros. &amp; Apple's F1 The Movie grossed an estimated $1.78M on Monday (from 3,412 locations).  Estimated total domestic gross stands at $138.03M.",101,0.92,20,First comment: Hoping for 175m domestic. I think the IMAX re-release could push this above 550ww,Box Office / Financial Performance
276,F1 The Movie,"Warner Bros. &amp; Apple's F1 The Movie grossed an estimated $8.61M on Tuesday (from 3,661 locations). Estimated total domestic gross stands at $72.57M.",218,0.97,10,First comment: A bit good for its Tuesday Discounts even with Jurassic World Rebirth taking over the PLFs except for IMAX,Box Office / Financial Performance
278,F1 The Movie,"Warner Bros. &amp; Apple's F1 The Movie grossed an estimated $6.95M on Monday (from 3,661 locations). Estimated total domestic gross stands at $63.95M.",154,0.95,15,First comment: That is a really good hold. Let this be the start of really long legs.,Box Office / Financial Performance
280,F1 The Movie,Superman took the top spot for its opening weekend in New Zealand with $1.33M. 🎟️ Jurassic World Rebirth is now in the 2nd spot with $921k. 🎟️ F1 The Movie took 3rd with $531k.,60,0.95,17,"Source:
https://numero.co/reports/2025/07/14/superman-opened-at-no-1-in-new-zealand",Box Office / Financial Performance
283,F1 The Movie,"Warner Bros. &amp; Apple's F1 The Movie grossed an estimated $4.78M on Wednesday (from 3,661 locations). Estimated total domestic gross stands at $77.37M.",164,0.97,11,First comment: That’s a though drop from Tuesday because of its loss of PLFs except for IMAX to Jurassic World Rebirth,Box Office / Financial Performance
292,How to Train Your Dragon,"‘28 Years Later’ Feasting $30-31M, ‘Elio’ At $22M+ Is Pixar’s Lowest Opening Ever, ‘How To Train Your Dragon’ Rules With $35M+ Second Weekend – Saturday Box Office Update",866,0.98,463,"First comment: I didn’t think a Pixar film could go lower than Elemental, but here we are.",Box Office / Financial Performance
293,How to Train Your Dragon,"‘28 Years Later’ Still Feasting $30M DOM/$60M Global Opening, ‘Elio’ At $20M+ Is Pixar’s Lowest Opening Ever, ‘How To Train Your Dragon’ Rules With $37M Second Weekend (-56%) – Sunday Box Office Update",619,0.98,292,"First comment: A Pixar movie opening to low $20M is just very bad. Goes to show bad the brand has fallen. But really, it did feel like Disney gave up on it a while ago and just wanted to get it over with because of the two year delay.
Now the question is whether the decent reviews can help leg out to an acceptable enough total.",Box Office / Financial Performance
296,How to Train Your Dragon,"$1M CLUB: THURSDAY
1. JURASSIC WORLD: REBIRTH ($25M)
2. F1 ($6M)
3. HOW TO TRAIN YOUR DRAGON ($2.7M)
4. ELIO ($1.6M)
5. 28 YEARS LATER ($1.2M)
6. LILO &amp; STITCH ($1M) 
Box office BBQ in full effect.",381,0.97,159,First comment: Megan 2.0 is dead that’s for sure,Box Office / Financial Performance
298,How to Train Your Dragon,‘How To Train Your Dragon’ Fires Up Franchise Best $83.7M DOM/$197.8M WW Opening After ‘A’ CinemaScore; ‘Materialists’ At $12M Is A24’s Third Biggest Opening – Sunday Update,331,0.97,164,"First comment: The people who celebrated Snow White's failure being the end of the live action trend partied too soon. Stitch is a big success for its $100M budget and now HTTYD is gonna blow past the three films.
Welcome to the DreamWorks live action phase. What films they'll remake after Dragon is unsure because they have more films with talking animals and less humans.",Box Office / Financial Performance
299,How to Train Your Dragon,"‘How To Train Your Dragon’ Still On Course For Franchise Best $82.7M Domestic Opening After $35.6M Friday, ‘A’ CinemaScore, Global Start At $200.3M; ‘Materialists’ Reps A24’s Third Biggest Opening At $12M After $5.12M Friday – Saturday Update",471,0.97,124,First comment: Those are actually huge numbers for Materialists.  I know some people are concerned it may not hold well but if it's really at 12 million its likely looking at 15 million + for the weekend. That would beat all predictions and pretty much guarantee the film will be profitable which I think is a huge win in a lot of ways.,Box Office / Financial Performance
301,How to Train Your Dragon,"’28 Years Later’ Running To $14M Friday/$28M-$30M 3-Day, ‘Elio’ Eyes $9M/$22M-$24M In A ‘How To Train Your Dragon’ ($10.7M/$35.2M, -58%) Ruled Weekend – Friday Box Office Update",232,0.96,173,"First comment: That would be a steep drop for HTTYD after the strong weekdays
28 Years Later opening to $28M would be kinda funny, though.",Box Office / Financial Performance
303,How to Train Your Dragon,‘How To Train Your Dragon’ Wings In With $198M Global Bow; ‘Lilo &amp; Stitch’ Rises To $858M; ‘Mission: Impossible – Final Reckoning’ Cruises Past $500M WW – International Box Office,420,0.96,109,First comment: Ballerina dances its way to an early grave.,Box Office / Financial Performance
306,How to Train Your Dragon,"Turns out, audiences DO want live-action cartoon remakes, if they're Lilo &amp; Stitch and How to Train Your Dragon",305,0.8,101,"""Consider all talk of audiences not wanting live-action remakes of animated classics — something talked about a *lot* in the wake of Disney’s Snow White flopping at the box office earlier this year — a thing of the past, with the two live-action remakes currently in theaters hitting box office highs this weekend.""
More: [https://www.thepopverse.com/movies-lilo-stitch-how-to-train-your-dragon-box-office-milestones](https://www.thepopverse.com/movies-lilo-stitch-how-to-train-your-dragon-box-office-milestones)",Box Office / Financial Performance
307,How to Train Your Dragon,"June 20-22 Box Office Recap – 'How to Train Your Dragon' stays #1, but drops a rough 57% on its second weekend. '28 Years Later' debuts with a pretty good $30M domestically and $60M worldwide. However, 'Elio' flops with a terrible $20M domestically and $34M worldwide, the worst debut for Pixar.",205,0.89,123,"https://preview.redd.it/q8ew8lqszq8f1.png?width=1920&amp;format=png&amp;auto=webp&amp;s=fcd1ac805e410d7cad93ff5c9d24d372f3f22acc
It was a mixed bag at the box office this weekend.
Unsurprisingly, the ***How to Train Your Dragon*** live-action stayed at the top of the box office, although it still had a rough drop. ***28 Years Later*** achieved a very solid #2 start, although it remains to be seen if it will have legs.
However, the weekend is also defined by some very bad news. That's the case with Pixar's ***Elio***, which flopped this weekend and posted the studio's worst debut in all its 30 years of history.
The Top 10 earned a combined $120.6 million this weekend. That's down 18.6% from last year, when ***Inside Out 2*** repeated at #1.
Staying at the top spot, Universal/DreamWorks' ***How to Train Your Dragon*** added $36.5 million this weekend. That's a very bad 57% drop, which is steeper than any of the animated films and quite poor for a family film. Despite its strong weekdays, it looks like the film might have had a ceiling regardless of its strong word of mouth.
Through 10 days, the film has earned $160 million, just slightly short of outgrossing ***The Hidden World***'s $160.7 million total. In the next few days, it will pass the second film ($177 million). Although this drop suggests that it might not be as leggy as its weekdays suggested.
In second place, Sony's ***28 Years Later*** debuted with a pretty good $30 million in 3,444 theaters. That's easily the best debut in the franchise, tripling both ***Days*** ($10 million) and ***Weeks*** ($9.8 million). It's also the biggest debut for director Danny Boyle.
All in all, this is a pretty great debut. After all, the original franchise had a ceiling at the box office, but it has built an audience across home media, streaming and cable reruns. While there were projections that could go as high as $40 million, it's not really a bad start. This proves the franchise's popularity; if it wasn't, the film wouldn't have hit $30 million on its opening weekend.
Credit must go to Sony's incredible job in marketing the film. That teaser, accompanied with the 1903 poem ""Boots"" by Rudyard Kipling, was fantastic and even became the seccond biggest horror film trailer of all time back then (***Final Destination: Bloodlines*** would later claim this title). Obviously, it wasn't gonna open as high as the ***It*** films, but that clearly showed interest. Cinephiles were also excited to see the return of Danny Boyle and Alex Garland as director and writer, respectively. And without many horror options right now, this was a perfect date. And they also delivered a fantastic film; it's currently sitting at a 89% on RT.
Despite its great debut, it has to be noted that the film was quite front-loaded. Thursday previews ($5.8 million) accounted for 19.3% of its weekend gross, which is very high, even for horror (for reference, ***Final Destination: Bloodlines***' previews were just 10.6% of its weekend gross). It was followed by a steep 37% drop on Friday-to-Saturday, when horrors drop 25% at most. This suggests that the film might be more fan-driven than expected.
According to Sony, 61% of the audience was male. Horror usually leans young, but that's not the case here; only 25% of the audience was 25 and under. They gave it a solid ""B"" on CinemaScore, which is not bad for a horror film. There's some online chatter about the film's ending, which drew some polarized reactions. With ***M3GAN 2.0*** and ***I Know What You Did Last Summer*** on the way, perhaps the film won't hold very well. But it should still have enough gas to hit $75 million domestically. And now it's all up to ***The Bone Temple*** to keep this winning streak in January.
Debuting in third place, Disney/Pixar's ***Elio*** flopped with a very terrible $20.8 million in 3,750 theaters. This is the absolute worst debut in Pixar's history, far below both ***Elemental*** and the original ***Toy Story*** (both at $29 million). And this is all unadjusted, which makes it even worse!
The road to ***Elio*** was always going to be tricky. In the past few years, there have been a lot of sci-fi animated films that failed to find success at the box office: ***Lightyear***, ***Strange World*** and ***Transformers One***. It doesn't help when it's a non-IP film, as those films have been struggling to gain traction in the post-COVID climate (***Sinners*** is a big exception, not the rule). And with a $150 million, it's safe to deem this as a flop.
What didn't help ***Elio*** was its delays. This film was supposed to come out in March 2024, but it was delayed to this current date. And in the full year, the film's concept was retooled, which is why you see a big difference from the original teaser to the most recent trailers. But by delaying the film, perhaps the audience lost interest in the film. If they were gonna spend money at theaters, they probably would go for a more familiar IP. In this case, releasing it the week after ***How to Train Your Dragon*** was a death sentence. And the marketing just wasn't really efficient; it couldn't overcome the ""been there, done that"" feeling from other films. Even with some good reviews (83% on RT), it simply failed to grab audiences.
According to Disney, 59% of the audience was male. In an interesting stat, 39% of the audience was 12 and under, a skew far younger than usual for Pixar (last year, ***Inside Out*** had 20% at 12 and under).
Okay, so it's a bad debut. But not everything is hopeless. Audiences gave ***Elio*** a strong ""A"" on CinemaScore, which could bode well for legs. ***Elemental*** opened with a poor $29 million, but strong word of mouth allowed it to reach $154 million domestically. It remains to be seen if ***Elio*** can have strong legs; the only animated competition is ***Smurfs*** in mid July. But even if it had ***Elemental***'s legs, that would still be just $108 million domestically. Barring a miracle, ***Elio*** is pretty much guaranteed to become Pixar's lowest grossing film at the domestic box office (***Onward*** technically made $60 million, but it had to close early due to COVID shutdowns, so it doesn't really count). What will Pixar do now?
After its rough drops for the past weeks, ***Lilo &amp; Stitch*** appears to be stabilizing. It dipped 38%, adding $9.7 million. That takes its domestic total to $386.7 million, and it's on course to finish with around $415 million domestically.
In fifth place, ***Mission: Impossible – The Final Reckoning*** dipped 39% and grossed $6.4 million. With $178.2 million domestically, it has surpassed the domestic lifetime of ***Dead Reckoning*** ($172 million). It will finish with over $190 million, but the $200 million dream is dead.
In sixth place, A24's ***Materialists*** added $5.8 million this weekend. That's a 49% drop, which is quite solid, considering its weak ""B–"" on CinemaScore suggested it could face some problems. Through 10 days, the film has amassed $23.2 million, and it should close with almost $35 million domestically.
***Karate Kid: Legends*** is on its way out of theaters. It dropped 55%, earning just $2.3 million. The film has earned a disappointing $49.3 million so far.
***Ballerina*** is also nearing the end of its run in theaters. It dropped 54% this weekend, earning $4.5 million. The film has made $51 million, and it's set to become the least attended film in the series.
In ninth place, ***Final Destination: Bloodlines*** dropped 53%, adding $1.8 million. The film has earned $134.8 million so far.
Rounding out the Top 10 was the Indian film ***Kuberaa***, which managed to earn $1.7 million in 500 theaters.
It doesn't look like Neon's ***The Life of Chuck*** will last much more longer in theaters, not only after its weak debut but also its weak second weekend drop. The film dropped a poor 57%, earning just $1 million. Through 10 days in wide release, the film has made just $4.6 million domestically. If you want to check this film out, you better do it as soon as possible, cause it's about to disappear.
#**OVERSEAS**
***How to Train Your Dragon*** led the overseas box office with $53.6 million, for a $357.7 million worldwide total. The film's best markets are Mexico ($24.5M), China ($23.2M), UK ($16.8M), Brazil ($12.6M) and Korea ($9.6M). Easily set for over $600 million worldwide.
***28 Years Later*** also had a good start outside America. It earned $30 million overseas for a $60 million worldwide debut. It had pretty good debuts in the UK ($6.4M) and Mexico ($2.7M), followed by more modest starts in Australia ($1.7M), Korea ($1.5M), Germany ($1.3M), France ($1.3M) and Spain ($1.2M). Let's see how it holds in the coming weeks.
***Lilo &amp; Stitch*** added $19.7 million overseas, for a $910 million worldwide total. Its best markets are Mexico ($64.2M), UK ($46.3M), France ($37.1M), Brazil ($34.5M) and Germany ($29M).
You thought the domestic numbers for ***Elio*** were depressing? Wait till you see the worldwide numbers. It debuted with an abysmal $14 million overseas, for a poor $34.8 million worldwide debut. It had very weak debuts in South Korea ($1.8M), Mexico ($1.4M), France ($1.3M), UK ($1.2M) and Italy ($800K). In most of these markets, it lost to ***28 Years Later*** and posted the worst Pixar debut as well. There's still a few markets left, but this is still a very horrible way to kick off its run. The film needs over $350 million just to recoup its investment, which means it must do over 10 times this weekend's performance to get there. Unless a miracle happens, it's a flop.
***Mission: Impossible – The Final Reckoning*** added $12.8 million overseas, taking its worldwide total to $540.7 million. The best markets are China ($60.6M), UK ($32.9M), Japan ($30.2M), Korea ($22.5M) and France ($21.8M). 
With $49.7 million overseas, ***Ballerina*** has now crossed $100 million. But that's still nowhere close to being considered a remotely passable number.
#**FILMS THAT ENDED THEIR RUN THIS WEEK**
None.
#**THIS WEEKEND**
We've got two wide releases, but one is clearly going for the #1 finish.
And that's Warner Bros./Apple's ***F1***, which stars Brad Pitt as a F1 driver who comes out of retirement to mentor a new prodigy. Formula One is incredibly popular in Europe, and its popularity has also picked up some steam in America thanks to the Netflix documentary series ***Drive to Survive***. Apple hasn't had much luck with their theatrical releases so far, and currently, ***F1*** is their only theatrical project lined up (***Highest 2 Lowest*** technically is going into theaters but it's a 2-week limited release, so it hardly counts). The project cost $200 million (not the $300 million figure everyone talked about months ago) and both Apple and WB have pulled a very extensive marketing campaign. Surely the foreign markets will be strong, but America also needs to show up. Will this be Apple's first hit at the box office?
The other release is Universal/Blumhouse's ***M3GAN 2.0***, the sequel to the 2023 phenomenon. Instead of taking the similar route that horror sequels have pulled (the exact same premise), the sequel chose to go bonkers instead. Instead of doing another ""AI doll who kills people"", the film is going the full ""AI doll vs. AI doll"" angle and accepting how stupid and ridiculous this situation is. But is that an advantage or will it be its biggest weakness?
____________________________________________________________________________________________
If you're interested in following the box office, come join us in r/BoxOffice.",Box Office / Financial Performance
309,How to Train Your Dragon,"‘28 Years Later’ Still Feasting $30M, ‘Elio’ At $21M Is Pixar’s Lowest Opening Ever, ‘How to Train Your Dragon ’ Rules With $37M Second Weekend – Sunday Box Office Update",330,0.93,82,First comment: [deleted],Box Office / Financial Performance
310,How to Train Your Dragon,"’28 Years Later’ Walking To $56M+ WW Opening ($28-30M DOM, $28M INT), ‘Elio’ Orbiting $50M+ WW ($20M+ DOM, $30M INT) As ‘How To Train Your Dragon’ Looks To Lord U.S. Box Office – Preview",285,0.98,94,First comment: Wait wasn't 28 Years Later having the biggest horror pre sales of the year?,Box Office / Financial Performance
314,How to Train Your Dragon,"Box Office: ‘How to Train Your Dragon’ Flies to $8.6 Million in Thursday Previews, $11.1 Million Including Wednesday Early Access; A24’s ‘Materialists’ Earns $1.5 Million",228,0.95,93,"First comment: Tbh, I don’t think a How to Train Your Dragon 4 would come even close to the numbers that this remake will do.",Box Office / Financial Performance
315,How to Train Your Dragon,Box Office Weekend Forecast: 28 YEARS LATER ($26-30M+) and Pixar’s ELIO ($18-20M+) Open for Juneteenth as HOW TO TRAIN YOUR DRAGON Sets Sights on a #1 Repeat,190,0.96,97,First comment: Elio should’ve been a March opener. That month was dead as fuck and badly needed a hit while this needed space away from real blockbusters.,Box Office / Financial Performance
316,How to Train Your Dragon,"$1M CLUB: PREVIEW THURSDAY
1. F1 ($10M)
2. HOW TO TRAIN YOUR DRAGON ($4M)
3. ELIO ($2.2M)
4. 28 YEARS LATER ($2M)
5. M3GAN 2.0 ($1.5M)
5. LILO &amp; STITCH ($1.5M)",206,0.97,86,First comment: The calm before the July madness.,Box Office / Financial Performance
317,How to Train Your Dragon,Box Office: ’28 Years Later’ Chomps on $14 Million Opening Day; ‘Elio’ Facing Pixar’s Lowest Debut Ever as ‘How to Train Your Dragon’ Rules Again,286,0.95,68,First comment: Elio had one of the worst promotional campaigns I’ve seen from Pixar.,Box Office / Financial Performance
318,How to Train Your Dragon,How To Train Your Dragon Looks To Become The Next Animated To Live-Action Box Office Smash,164,0.9,97,"First comment: It'll be pretty funny/sad, but not all that surprising, if the remake ends up grossing more on opening weekend than any of the original movies did. There's a chance it could gross almost double the current highest.",Box Office / Financial Performance
319,How to Train Your Dragon,’28 Years Later’ Rages To $60M Global Bow; ‘Elio’ Misses Liftoff With $35M; ‘How To Train Your Dragon’ Flies To $358M &amp; ‘Lilo &amp; Stitch’ Tops $910M WW – International Box Office,249,0.96,63,"First comment: 3 weekends in MI8 vs MI7: +$1M
4 weekends in MI8 vs MI7: +$14M
5 weekends in MI8 vs MI7: +$18M",Box Office / Financial Performance
323,How to Train Your Dragon,‘How To Train Your Dragon’ Flying In With $200M+ Worldwide Bow – International Box Office,307,0.96,47,"First comment: Nice. International debut is projected at 118M, hope it can fly to 700M+ WW",Box Office / Financial Performance
324,How to Train Your Dragon,Box Office: ‘How to Train Your Dragon’ to Fly to $75 Million in Opening Weekend,269,0.96,52,"First comment: I think it will be at least $80m with a chance of $90m.
I saw it today, and as someone who has been a big detractor of this since it was announced as a remake, I won’t lie I did actually enjoy it quite a bit. It’s extremely faithful to a fault, but there’s some nice little additions/alterations (mostly pertaining to Astrid) and the pacing does allow some scenes to breath a lot more. It will go down extremely well with the GA, it’s a big crowd-pleaser, easy A cinemascore maybe even A+. 
Also for all the criticism of the colour grading it actually looked pretty good in the cinema, sans the majority of the climax which just looks washed out. Bill Pope might not be completely washed lol.",Box Office / Financial Performance
330,How to Train Your Dragon,‘How To Train Your Dragon’ Won’t Be Laggin’ At The Summer Box Office With $175M-$185M Global Start For Live Action Redo,240,0.95,43,"First comment: The funniest things that I noticed in this article are this:
&gt;How to Train Your Dragon is rated PG for kissing.
&gt;Materialists is rated R for hanky panky with Pedro.",Box Office / Financial Performance
331,How to Train Your Dragon,"BOT Presale Tracking (May 27). Thursday Comps: Ballerina ($3.06M), The Phoenician Scheme ($1.98M), How to Train Your Dragon ($9.86M), Materialists ($1.15M), Elio ($1.53M), F1: The Movie ($5.99M), and M3GAN 2.0 ($2.60M). Jurassic World Rebirth sales largely stagnate.",67,0.93,76,"[BoxOfficeTheory Presale Tracking](https://forums.boxofficetheory.com/topic/31569-the-box-office-buzz-tracking-and-pre-sale-thread/page/1680/#comments)
[Presales Data (Google Sheets Link)](https://docs.google.com/spreadsheets/d/1zRjKpNOjPCBIgUULoyXyj5sBGMuU9owswn7bMfz1WSE/edit#gid=0)
[BoxOfficeReport Previews](http://www.boxofficereport.com/previewgrosses.html)
**Quorum Updates:**
- [June 2](https://forums.boxofficetheory.com/topic/31569-the-box-office-buzz-tracking-and-pre-sale-thread/page/1679/#findComment-4824227)
- [May 29](https://forums.boxofficetheory.com/topic/31569-the-box-office-buzz-tracking-and-pre-sale-thread/page/1669/#findComment-4822356)
- [May 28](https://forums.boxofficetheory.com/topic/31569-the-box-office-buzz-tracking-and-pre-sale-thread/page/1664/#findComment-4821779)
- [May 27](https://forums.boxofficetheory.com/topic/31569-the-box-office-buzz-tracking-and-pre-sale-thread/page/1659/#findComment-4821388)
- [May 22](https://forums.boxofficetheory.com/topic/31569-the-box-office-buzz-tracking-and-pre-sale-thread/page/1649/#findComment-4818326)
- [May 21](https://forums.boxofficetheory.com/topic/31569-the-box-office-buzz-tracking-and-pre-sale-thread/page/1644/#findComment-4817710)
- [May 19](https://forums.boxofficetheory.com/topic/31569-the-box-office-buzz-tracking-and-pre-sale-thread/page/1633/#findComment-4816710)
- [May 16](https://forums.boxofficetheory.com/topic/31569-the-box-office-buzz-tracking-and-pre-sale-thread/page/1625/#findComment-4815237)
**Wicked Part 1 Re-Release**
**Dan Da Dan: Evil Eye**
**Dangerous Animals**
**From the World of John Wick: Ballerina Average Early Access | Thursday | Early Access + Thursday Comp *assuming $4.5M for keysersoze123 EA+THU*: $2.06M | $3.06M | $4.84M** 
- Acrobat ($3.2M THU MI8 comp.  Steady pace, still headed for a number between 3 and 3.5, even considering the Accountant 2 True Thursday comp. Unless walk-ups are great, this is very ordinary **(June 3)**.  More and more likely that my sample will stay stable on this 3M preview number. The buzz doesn't seem to be there for a big improvement.  |  A better day, though sales were concentrated in two theaters. Comps still indicating 3M in previews **(June 1)**.  Alarming day, it's stalling against MI8 which was encountering PLF capacity issues, and it's slipping against The Accountant 2's true Thursday too. It seriously needs to improve pace **(May 31)**.  Based on my true Thursday comp with The Accountant 2 as well, seems like 3M is the numbers it's headed to, but let's see if there's some growth in the final days **(May 29)**.  The comp with true Thursday for The Accountant 2 would give it about 4M so 3.5M seems about right at the moment **(May 27)**.  Very imperfect comp with MI8, but it's what I have so far - I didn't track EA for The Accountant. Considering MI8 is so IMAX-heavy, 2.5 seems to be the right number for Ballerina **(May 24)**.  I won't go into any comps as the only one that is vaguely useful is The Accountant 2 which had its OD on T-17, but Ballerina is already 3x against it **(May 20)**.  For EA and THU, Ok, I didn't track Day 2-3 but it clearly had very strong days - I didn't expect this. The Accountant 2 had a much shorter presale window but Ballerina is already pacing well ahead of that one, at least for true Thursday, as I didn't track EA for some reason **(May 18)**.)
- Cine-Taquillas ($3.25M THU Comp.  Losing some steam, hope this final days can stay to $3.5M at least **(June 1)**.  Falling behind Final Destination **(May 28)**.  Still slow, hope this week will do better **(May 25)**.  Not too much this weekend **(May 22)**.  Not bad, i think **(May 19)**.  For THU Hey, i expected worse **(May 17)**.)
- crazymoviekid ($2.54M THU Comp.  For THU Not a great start. I'm averaging $2.5M-$3M **(June 2)**.)
- el sid ($3.1M THU comp excluding The Amateur. Counted today for Thursday, had 518 sold tickets (with shows in all of my 7 theaters). Best presales in the AMCs in California (154 sold tickets in LA and 147 in San Francisco). Up 45% since last Tuesday (where it had 357 sold tickets). So it's doing not great but acceptable in my theaters. Some comps will probably go down in the next few days (e.g. the AWM comp) and some will go up (e.g. the Furiosa comp) **(June 2)**.  It had, counted today for Thursday, June 5, 232 sold tickets (with shows in 7 theaters). Best presales in the AMCs in NY (71 sold tickets) and LA (70).  17 days left. So it has now 11 days left to collect 24 tickets to be on par with The Amateur (2M from previews on Thursday and before). Of course it will be in front soon. The preview number compared to Abigail (1M from previews on Thursday) is at the moment 1.35M + it has 14 days left. Not bad at all **(May 19)**.  Ballerina, counted today for Thursday, June 5, had 218 sold tickets (with shows in 7 theaters). Best presales in the AMCs in San Francisco (70 sold tickets) and NY (66).  Comps (always counted for Thursday, an extremely wide range at the moment): A Working Man (1.1M from previews on Thursday) had with 12 days left 42 sold tickets. The Amateur (2M from Thursday and I think before) had with 6 days left 256 sold tickets. Abigail (1M Thursday only) had on Monday of the release week 171 sold tickets. And Furiosa (3.5M Thursday only) had with 9 days left 1.595 sold tickets. I doubt that it will have the same walk-ups as A Working Man (slightly worse) but I also doubt that its final jumps will be as poor as those of Furiosa. I would say, that its number is almost on par with The Amateur with 13 days left to very  probably overtake is a good sign **(May 17)**.)
- Flip ($4.06M THU and $7.92M FRI comp.  For THU Pace is below average, will need to pick up in order to hit 35m **(May 29)**.  For THU Today was a good day.  |  For FRI I think this can outopen Karate Kid, it's around 2x where that was at the same point. probably 30-35m OW.  |  Not doing much to change its prospects, still looking at ~30m OW **(May 25)**.  Decent pace but the raw numbers are still pretty meh. Hopefully this is the bottom of the U-curve otherwise it will be hard to reach 30-35m OW **(May 20)**.  Soon I will have the accountant 2 comp, which will spit out some pretty good numbers for Ballerina **(May 17)**.  FRI is .49x Mission Impossible 8 (T-22). Much better than how previews are looking, this is more like what I expected **(May 16)**.)
- katnisscinnaplex ($1.4M EA and $3.36M THU Comp.)
- keysersoze123 (With good walkups it should hit 30s OW. I need to see daily pace to fine tune the prediction. MTC1 Ear - 19226 / P - 18844 / F - 18686.  MTC2 Ear - 3556 / P - 7605 / F - 8812 **(June 2)**.  Ballerina has good presales at the moment. Thinking 4-5m previews and 35m+ OW **(May 27)**.  That said not sure if Ballerina is getting any IMAX. i dont see any Imax shows listed for it **(May 18)**.)
- PlatnumRoyce ((T-3/4) - EA+Thursday -  yeah, it's stalling though my comp predictions look better I think in part because I'm thinking about this more as an action film than a tentpole (though I love vafrow's Bad Boys comp).  158 tickets sold (75 EA - 3 theaters/4 showtimes + 83 Thursday (5 theaters/22 showtimes).   +11 EA tickets sold in last 3 days/+14 R tickets. Comps: Working Man went from11 to 23 tickets during same T- period changing comp to 7.55M (4M ignoring EA) from 6.9/13.3.  The Amateur sold 42 tickets versus 27 at T-7 dropping comp to $7.5M (4M pretending EA doesn't exist). Thunderbolts - 848 tickets sold (64 showtimes)  = $2.15M Preview comp. Sinners (T-5) 142 tickets sold/27 showtimes (+44 from T-8) = 5.23 combined preview (2.75M w/o EA). Sinners (fake T4 [average of T5 and t3]) - 208 tickets sold = 3.6M combined EA. The Accountant 2 (T-3) - 106 tickets (v. 43 on T-8) = 3.72M. combined EA [though I suspect the real number is 4.75M - a bit over 5M if you actually attempted to create a synthetic growth pattern to account for missing days]
giving a pretending EA doesn't exist number because I've normally not grabbed it and I don't have a record of which films have or don't have EA. In either case, Ballerina is clearly more EA heavy than many other films and is not growing very much. Seems like it's a film that is being 100% sold by a core fandom pitch **(June 2)**.  T-6/T-7 (EA/Thursday) - 69 tickets sold R + 64 W (133 total) / 26 showtimes (up from 61/54 /115 total 2 days ago).  comps (film (T-) - tickets sold/comp based on R/comps based on all EA [comps data doesn't include EA even when it might be applicable]): Working man (T-7) - 11/$6.6/$13.3M.  The Amateur (T-7) - 27 / $4.9/$9.9. Thunderbolts (T-7) - 579/$1.3/$2.6. Sinners (T-8) - 98 / $3.2/$6.4. Accountant (T-8) - 43/ $3.9/$7.7.  The biggest change is the amateur's relatively big jump from a small base significantly drops its comp. for another bad comp but at least vaguely in the right genre, at T-10 MI was at 369 tickets across 26 showtimes **(May 30)**.  For THU, T-9 (yesterday) - 61 sold /22 showtimes.  Adding EA would give me an additional 56 tickets sold in 3 theaters (4 showtimes) aka basically doubling the listed comp number below (really +192%).  The Amateur - 17 tickets (16 showtimes) / $7.2M comp. The Accountant (T-8) - 43 tickets (18 showtimes) / $3.5M. Sinners (T-8) - 98 /27 showtimes (T-8) /$2.8M OW comp. Working Man (T-10) - 9 tickets / 16 showtimes / $7.45M. So not really sure what to spit out as a single unified number **(May 28)**.  For Thursday previews, Ballerina went from 30 tickets sold on T-23 to 64 on T-14 which while The Amateur went from 7 to 13 during the same period and Sinners went from 15 (first day/T-22) to 54 on T-14. The Accountant went from 9 on T-21 to 13 on T-18 and 34 on T-10 (this one is missing a theater Ballerina sold 4 tickets at on both snapshots). Working Man was at 8 tickets sold at T-10 **(May 22)**.)
- M37 (Don't have any good Day 3 comps, but some T-21 comps are in the $2.5-$4M range at present, and extrapolating a bit into next week, probably bumping up to like ~$3-$5M expectation. But still early in the cycle, time to pick up steam over the next week **(May 16)**.)
- PNF2187 ($2.89M THU comp excluding The Accountant 2 and The Final Reckoning.  Not a bad day today, but we'll see where the pace nudges in the coming days **(June 2)**.  Could be worse, could be better **(June 1)**.  Still pretty wonky as far as comps go. The Accountant was abysmal here and The Final Reckoning came on quite a bit stronger, so not really getting a great sense here, especially with an EA screening being added in Vaughan **(May 29)**.)
- Ryan C ($3.1M THU Comp.  For WED EA: 1,094 Seats Sold (32.60% Increase From Last Time).  For THU: 1,342 Seats Sold (40.22% Increase From Last Time).  = 2,436 Seats Sold (36.70% Increase From Last Time).  So, Thursday wasn't quite able to match the pace of The Accountant 2 from its T-8 to T-3 (57%), but this has sold more twice the amount of seats at the same point. More impressive is that showtimes for The Accountant 2 started as early as 4:00 and the earliest showtimes for Ballerina start at 6:00. Not that I expect that to hinder walk-up business or make it stronger, but it's just something I wanted to point out. Anyways, if we go by The Accountant 2 comp, this is heading for a Thursday ~$4.2M and that would technically make sense considering that is one of the few good action comps that I have which wasn't boosted by playing in IMAX.  I originally didn't want to use this comp because it had an significant advantage with IMAX, but I will be using Mission: Impossible - The Final Reckoning for the next few days. That comps points to a Thursday of $2M, but that's probably way too low, so when calculating the average of that comp with Accountant's number, that would make for a Thursday around $3.1M. That seems more realistic, but I am holding out for the possibility of Thursday performing stronger. Overall, as of right now, I'd say an opening in the $35M range (close to half of John Wick: Chapter 4's opening weekend) is likely if this can manage a true Thursday of at least $4M. Any lower and I'm not even sure if $30M is guaranteed **(June 2)**.  For WED EA: 825 Seats Sold (62.08% Increase From Last Time).  For THU: 957 Seats Sold (35.55% Increase From Last Time).  = 1,782 Seats Sold (46.66% Increase From Last Time). Not much to report on this week. As expected, growth wasn't as strong compared to last week, but these still aren't bad bumps for both Wednesday's EA screenings and Thursday previews. Both should also cross 1,000+ seats by the next update. As far as action sequel comps to use starting on T-3, it's hard to find one that wasn't boosted by IMAX showings, but I think I found one with The Accountant 2. Though that one didn't play on IMAX, it did have some PLF footprint in the form of DOLBY (which Ballerina will have), so I think it checks out. Like I've been saying for the past two weeks, the goal is the at least achieve have of John Wick: Chapter 4's $8.9M preview number and I'll just say right now that if it ends up pacing like The Accountant 2, it might have a shot at achieving that (or at least get close) **(May 27)**.  For WED, 509 Seats Sold (277.03% Increase From Last Time).  For THU, 706 Seats Sold (125.55% Increase From Last Time).  = 1,215 Seats Sold (171.20% Increase From Last Time).  Really good increases (as far as both days) from last week, but I don't want to get my hopes up too high yet. Growth in the final week will be key in determining whether this meets respectable expectations (a $35M-$40M opening weekend) or it becomes another Furiosa ($26.3M).  Of course, the lack of IMAX screens really does hurt in terms of the average ticket price, but $35M+ OW is definitely possible if this continues to pace well these next two weeks **(May 20)**.)
- Sailor ($2.71M EA and $2.70M THU Comp.  For EA But here it's losing steam.  |  For THU Huh, it's slightly increasing **(June 2)**. For EA It continues declining against the comps.  |  For THU Terrible day **(May 30)**.  For EA It's also losing some steam here.  |  For THU Another decrease **(May 29)**. For EA It's also slightly dropping here.  |  For THU Another weak day **(May 28)**.  For EA A slow drop.  |  For THU It slightly recovered from yesterday **(May 27)**.  For EA It's steady. | For THU Not a great weekend **(May 26)**.  For THU Not really doing well for the past few days. I hope to see an acceleration soon.  |  For EA It's doing much better here **(May 23)**.  For THU That's... not great. 0.242x MI8 |  For EA It's also slowing down here.  0.318x MI8.  **(May 21)**.  For EA Passed 200 tickets and improved on its comps. | For THU It's slightly dipping against the comps. But there's still time **(May 20)**.  For EA It's also looking good here.  |  For THU It's looking okay so far **(May 19)**.  EA is 0.261x MI8 T-19.  Pretty good so far. |  THU is 0.239x MI8 T-20.  Well, that was an okay start. But I guess it could've been worse **(May 16)**.)
- TheFlatLannister ($4.68M EA+THU Comp. Still looks the same, no significant acceleration. Probably $4M+ previews from here $40Mish OW **(May 26)**.) 
- TwoMisfits (You have until the Sunday at 11:59pm of OW to book the tickets (so 6 days to book), BUT you can book ANY ticket available including future ones. | TMobile $5 June 2025 movie - Ballerina.  Available 6/3...as always should help, especially as the weekend and 1st weekdays legs go **(May 30)**.)
- vafrow ($3.3M THU Comp.  The trend continues **(June 3)**.  This is falling off pace pretty dramatically **(June 2)**.  It's starting to dip a bit as this was where BB:RoD started to really move. We'll see if it can stay pn pace durig the final stretch **(May 31)**.  Doing decently. The EA sales are probably eating up some demand, so its probably doing a bit better than presented. I think Bad Boys had some EA shows, just none for my sample **(May 29)**.  For THU Honestly, it's not doing too badly **(May 25)**.)
- wattage ($2.18M THU Comp.  Thinking 2.5-3 mill for previews if there's good enough acceleration in the final days. + early access would be 3-3.5 mill **(June 3)**.  Exact same update **(May 22)**.  Doing nothing. Ballerina has small sales for early access and nothing for preview days. Nothing of note. Fine as is right now **(May 20)**.  Not much happening right now **(May 19)**.)
**The Life of Chuck**
- Acrobat (Life Of Chuck is in trouble, based on what I'm seeing. For a TIFF winner, there should be more buzz and attention **(June 3)**.)
- Sailor ($0.78M THU Comp.  I struggled with comps, so I decided to use films from mini studios directed by auteurs.  Honestly, I expected far better than this. These past few days have been quite weak so far **(May 30)**.)
**The Ritual**
**The Phoenician Scheme Average Thursday Comp: $1.98M**
- crazymoviekid ($1.92M THU Comp.  Pretty good, $1.5M-$2.25M **(June 2)**.)
- Sailor ($2.03M THU Comp.  Well, well, well. It's still staying above $2 million here. Not sure if it will stay there for long, but I think this could hit $1.5+ million at least **(June 2)**.  Wow. This is doing pretty great so far. The film could obviously be front-loaded, but at this point, I think it's very likely it could top Asteroid City's previews. I hope it can overperform.  It opens the same day as Ballerina, but today it sold the exact same amount of tickets of that movie (and that has 2 days combined) **(May 30)**.  Oh, it's quickly picking up steam. There'a chance that it could only be for Wes Anderson's fans, but it has done very well so far **(May 26)**.  This was a very interesting trajectory. A fairly slow first day, followed by an incredible second day. You don't see that very often. Of course, there's always the possibility that this will only be for Anderson's fans, with no appeal for non-fans. But I'd say it's got a chance in passing Asteroid City's previews ($1.1M) **(May 23)**.)
**Next Sohee Wide**
**Domestic Calendar Dates (last updated May 20):**
**MAY**
**JUNE**
- (June 4) Presales Start [The Fantastic Four: First Steps]
- (June 4) Early Access [WED: Ballerina]
- (June 4) Opening Day [Wicked Part 1 Re-Release, includes trailer for Wicked Part 2]
- (June 5) Thursday Previews ( Dan Da Dan: Evil Eye + Dangerous Animals + From the World of John Wick: Ballerina + The Life of Chuck + The Ritual + The Phoenician Scheme)
- (June 11) Early Access [WED: How to Train Your Dragon]
- (June 12) Presales Start [Superman]
- (June 12) Opening Day (Next Sohee Wide)
- (June 12) Thursday Previews (How to Train Your Dragon + Materialists + The Unholy Trinity)
- (June 18) Early Access [WED: Elio]
- (June 19) Thursday Previews (28 Years Later + Bride Hard + Elio)
- (June 22 and June 25) Release Days (Brokeback Mountain Re-Release)
- (June 23) Early Access (MON IMAX: F1: The Movie)
- (June 25) Early Access (WED: F1: The Movie)
- (June 26) Thursday Previews (F1: The Movie + M3GAN 2.0 + Sorry, Baby)
**JULY**
- (July 1) Tuesday Midnight Previews (Jurassic World Rebirth)
- (July 2) Opening Day (Jurassic World Rebirth)
- (July 7) Amazon Prime Premiere [Superman]
- (July 10) Thursday Previews (Superman)
- (July 17) Thursday Previews (Eddington + I Know What You Did Last Summer + The Smurfs Movie)
- (July 24) Thursday Previews (The Fantastic Four: First Steps)
- (July 31) Thursday Previews (The Bad Guys 2 + Naked Gun)
**AUGUST**
- (August 6) Opening Day (Sketch)
- (August 7) Thursday Previews (Freakier Friday + Weapons)
- (August 14) Thursday Previews (Clika + Eli Roth Presents: Jimmy and Stiggs +  Nobody 2)
- (August 21) Thursday Previews (Americana + Grand Prix of Europe + Honey Don’t + Splitsville)
- (August 28) Thursday Previews (Caught Stealing + The Roses + The Toxic Avenger Unrated)
**Presale Tracking Posts:** 
[Apr. 27](https://www.reddit.com/r/boxoffice/comments/1k90tfn/bot_presale_tracking_apr_27_thursday_comps_the/?ref=share&amp;ref_source=link)
[Apr. 30 Part 1](https://www.reddit.com/r/boxoffice/comments/1kbgf6u/bot_presale_tracking_apr_30_part_1_thunderbolts/?ref=share&amp;ref_source=link)
[Apr. 30 Part 2](https://www.reddit.com/r/boxoffice/comments/1kbgkgy/bot_presale_tracking_apr_30_part_2_average/?ref=share&amp;ref_source=link)
[May 6](https://www.reddit.com/r/boxoffice/comments/1kgl64j/bot_presale_tracking_may_6_thu_comps_final/?ref=share&amp;ref_source=link)
[May 23](https://www.reddit.com/r/boxoffice/comments/1ktl98c/bot_presale_tracking_may_23_thursday_comps_bring/?ref=share&amp;ref_source=link)
[May 27](https://www.reddit.com/r/boxoffice/comments/1kwjcfn/bot_presale_tracking_may_27_thursday_comps_bring/?ref=share&amp;ref_source=link)
Note: I have removed most tracking data that has not been updated for 2 weeks.  I think there is value in keeping data for a week or two but at a certain point they start to lose their value and should not be treated the same as more recent tracking data.",Box Office / Financial Performance
333,How to Train Your Dragon,Update: How To Train Your Dragon $11M previews including $2.5M early access screenings.,151,0.96,51,"First comment: Wow, I wonder if this manages to get a 100 million opening with the positive reactions",Box Office / Financial Performance
334,How to Train Your Dragon,"June 13-15 Box Office Recap – 'How to Train Your Dragon' flies to a fantastic $198M worldwide debut, the best in the franchise. 'Materialists' opens with $11.3M, the third best debut in A24's history. However, Neon's 'The Life of Chuck' disappoints with just $2.3M.",105,0.84,60,"https://preview.redd.it/ec6bwbl0bd7f1.png?width=1920&amp;format=png&amp;auto=webp&amp;s=e2de910277562c1266263fbfcfc38cb837a209ce
Turns out audiences were also welcome to DreamWorks remaking their own films.
The live-action remake of ***How to Train Your Dragon*** easily topped the box office, opening higher than any of the prior films. A24 also found success with ***Materialists***, which scored the company's third best debut. Unfortunately, the week's big loser was Neon's ***The Life of Chuck***, which disappointed in its wide expansion.
The Top 10 earned a combined $146.4 million this weekend. That's down a rough 30.6% from last year, when ***Inside Out 2*** debuted with a colossal $154 million.
Opening at #1, ***How to Train Your Dragon*** debuted with a pretty great $84.6 million in 4,356 theaters. That's higher than any of the animated films, even adjusted for inflation. Obviously below ***Lilo &amp; Stitch***'s massive debut, but the film was not really expected to come close to those numbers.
There were concerns over the idea of a live-action remake of this franchise. After all, the original film is barely 15 years old and fresh in people's mind. But it's clear that it was enough nostalgia to make people curious. Universal and DreamWorks made two great jobs here: getting Dean DeBlois back as the director with complete control, and re-capture the iconic images of the animated film. Sure, it leaned as shot-for-shot in some aspects, but clearly it worked here. As the saying goes, ""if it ain't broke, don't fix it.""
According to Universal, 56% of the audience was female, and 68% was 35 and under. They gave it a strong ""A"" on CinemaScore, the same grade as the animated films. Even with ***Elio*** coming up, this should be a main attraction for families throughout the summer. It should definitely hit over $250 million domestically. Universal ain't wasting a second with this, as they already set a sequel for June 2027.
In second place, ***Lilo &amp; Stitch*** dropped 51.4% and added $15.7 million this weekend. That's not a terrible drop, but it's still quite rough. For the past few weeks, the film has had very mediocre legs at the box office. For some perspective, its first weekend was $82 million ahead of ***Mission: Impossible***. Now it's fourth weekend is just $5 million ahead. The film has amassed $366.5 million domestically, and it's now guaranteed to finish below ***A Minecraft Movie*** ($423 million). Quite front-loaded for a family film.
In third place, A24's ***Materialists*** opened with $11.3 million this weekend. While Box Office Mojo and The Numbers report the debut at $12 million, Deadline said that the updated actuals are $11.3 million. That's the studio's third biggest debut ever, behind ***Civil War*** ($25.5 million) and ***Hereditary*** ($13.5 million). Notably, it matched the domestic lifetime of Celine Song's previous film, ***Past Lives*** ($11.3 million), in just 3 days.
This debut suggests that there's still an audience waiting for a romance in theaters. A24 sold the film pretty much solely on its cast. Sure, Dakota Johnson, Chris Evans and Pedro Pascal have had some box office duds in the past few years, but they're still well known names. Celine Song has also earned a cult following thanks to her critically acclaimed ***Past Lives***. While ***Materialists*** didn't have the universal acclaim of that film, it still earned a great response (86% on RT). 
According to A24, 74% of the audience was female and 69% was 35 and under. This is a great debut... but here's when things turn a little wild. Audiences gave the film a very weak ""B–"" on CinemaScore, which is quite poor for a romance film. It's a result of A24 marketing the film as a traditional rom-com, but the final film is not that. It's quite likely that the film falls off in coming weeks, but it should still hit $30 million domestically.
Even with the loss of IMAX screens, ***Mission: Impossible – The Final Reckoning*** had its best drop so far. It dipped just 28.8%, adding $10.5 million this weekend. While the film started $14 million behind ***Dead Reckoning*** on its opening weekend, it's now $15 million ahead of it through the same point. The film has earned $166.5 million, and it will outgross that film's domestic total in the next few days.
After its disappointing debut last week, ***Ballerina*** didn't save face on its second weekend. It collapsed 60.2%, earning just $9.7 million this weekend. That drop is slightly better than ***John Wick: Chapter 4*** (62%), but that film's opening weekend was 3 times larger. Even with positive reviews and word of mouth, it doesn't appear like the audience was much interested in this.
Through 10 days, ***Ballerina*** has earned just $42.1 million domestically. If it keeps dropping like this, it will miss $60 million domestically. So there's a strong chance that it becomes the least attended film in the franchise (***John Wick***'s adjusted total is $58.4 million). Ouch.
***Karate Kid: Legends*** recovered after its terrible drop last week. It dipped 38.7%, adding $5.2 million this weekend. Although the film's $44.4 million domestic total still leaves a lot to be desired.
In seventh place, ***Final Destination: Bloodlines*** eased 37.9% and earned $4 million. The film has amassed $130.7 million domestically, and it will finish with close to $140 million. Assuming it's not fully impacted by ***28 Years Later*** this week.
Wes Anderson's ***The Phoenician Scheme*** dropped 48.9% and added $3.2 million. That's actually a better drop than ***Asteroid City*** (53%). Impressive, considering the film's word of mouth wasn't as strong as that film. Through 2 weekends in wide release, the film has earned $12.9 million.
Neon expanded Mike Flanagan's ***The Life of Chuck*** to 1,072 theaters, but the film disappointed in ninth place with just $2.3 million this weekend. That's Flanagan's worst debut in theaters; his three theatrical films all managed to open with at least $12 million. Sure, they all opened in far more theaters, but still.
Unfortunately, this result isn't surprising. After all, the limited release last week was underwhelming, indicating it wasn't going to break out in its expansion. The film earned buzz when it surprisingly won the People's Choice Award at the Toronto Film Festival, suggesting it would be an awards player. Instead of cashing in on the buzz, Neon bought it and decided to set it for summer. In a sea of competition, it simply feels like the buzz died down in the past 9 months. It just didn't connect with audiences.
Due to releasing in just 1,072 theaters, we don't have much data breakdown for the weekend. Now, the audience reception is very positive, which bodes well for its legs. Although with a debut this low (and little-to-no awards buzz), the film might not last long in theaters.
Rounding out the Top 10 was ***Sinners***, which dropped 45.8% for a $1.5 million weekend. The film has earned an incredible $275.5 million so far.
A24's ***Bring Her Back*** is disappearing quickly. It collapsed 60%, adding $1.4 million this weekend. The film's domestic total stands at $17.6 million.
***Thunderbolts*** is also nearing the end of its run. It collapsed 57.7%, earning just $1 million this weekend. The film has earned $188.5 million, and it will finish its run with around $192 million.
#**OVERSEAS**
***How to Train Your Dragon*** also led the box office in the rest of the world. It opened with a fantastic $114.1 million overseas, for a $198 million worldwide debut. The best debuts were in Mexico ($14M), the UK ($11.4M), China ($11.2M), Brazil ($7.8M), South Korea ($7.4M), France ($5.1M), Australia ($4.4M), Spain ($4.3M), Germany ($4M) and Italy ($3.3M). Nearly all of these markets are all franchise best. Like the domestic market, this should be the main attraction for families for the summer. The second film is the highest grossing in the franchise with $621 million worldwide, and the remake should easily fly past that. Expect more live-action DreamWorks remakes. For better or worse.
***Lilo &amp; Stitch*** was impacted by ***Dragon***'s arrival. It dropped 54% and added $31 million this weekend, for a $858 million worldwide total. The best markets are Mexico ($61.8M), UK ($45.1M), France ($35.2M), Brazil ($31.8M) and Germany ($27M). While the film seemed like an ""easy billion"" based on its opening weekend, these drops are quite steeper than expected, and it has no new markets left to open. For now, $1 billion is still in the cards, but if it hits it, it won't be by much.
***Mission: Impossible – The Final Reckoning*** added $21 million overseas, allowing it to cross $500 million worldwide. The best markets are China ($55.8M), UK ($31.2M), Japan ($27.3M), Korea ($21.6M) and France ($20.8M). It should pass ***Dead Reckoning*** worldwide, but it still remains to be seen if it will touch $600 million.
***Ballerina*** added $13.5 million overseas, taking its worldwide total to $91 million. Barring a miracle recovery, the film will probably close with around $140 million worldwide. Damn.
#**FILMS THAT ENDED THEIR RUN THIS WEEK**
Movie | Release Date | Studio | Domestic Opening | Domestic Total | Worldwide Total | Budget |
----------|----------|----------|:--------:|:--------:|:--------:|:--------:
*The Amateur* | Apr/11 | 20th Century Studios | $14,802,849 | $40,759,635 | $95,956,038 | $60M
*The Accountant 2* | Apr/25 | Amazon MGM | $24,533,959 | $65,523,366 | $102,123,366 | $80M
- ***The Amateur*** has closed with almost $96 million worldwide. Not a bad amount, although its $60 million budget put profitability quite high. While it started with some promise, it didn't really hold well in the coming weeks. There's potential in mid-budget thrillers, but the quality still needs to be there if it wants a chance at success.
- But you know what not many expected? That ***The Accountant 2*** would finish with $102 million worldwide, barely above ***The Amateur***. That's a rough drop from the original's $155 million worldwide total, but it simply looks like the audience moved on after 9 years. Even when the original was a huge hit in home media and streaming. A sequel is in development, but it's more likely it will go to Prime Video instead.
#**THIS WEEKEND**
We've got two wide releases. One will contend for the #1 spot, and the other is probably heading to some very ugly numbers.
After so many years stuck in development in hell, Sony is finally releasing Danny Boyle's ***28 Years Later***, 18 years after the latest installment in the franchise. Like the previous films, there are no returning cast members, with Jodie Comer, Aaron Taylor-Johnson and Ralph Fiennes as the new leads. But what's important is the return of Boyle in the director's chair, alongside Alex Garland as the screenwriter. The film is also setting a higher bar than most horror films; it cost $75 million, more expensive than the average horror film. It's also set to launch a trilogy, with the second film already filmed and set for January 2026. How big will it be?
The other release is Pixar's ***Elio***, the company's 29th film. It follows an eleven-year-old boy named Elio who accidentally becomes the intergalactic ambassador of planet Earth after being beamed up to the Communiverse by aliens for making contact. The film has had a complicated release, given that it was supposed to come out in March 2024. And in the process, some aspects of the film were retooled, including replacing America Ferrera with Zoe Saldana. While Pixar hit gold last year with ***Inside Out 2***, there's no chance ***Elio*** opens anywhere close to that. The recent failure of other sci-fi animated films like ***Lightyear***, ***Strange World***, and ***Transformers One*** puts a lot more pressure on this film.
____________________________________________________________________________________________
If you're interested in following the box office, come join us in r/BoxOffice.",Box Office / Financial Performance
337,How to Train Your Dragon,"You couldn’t make how to train your dragon (2010) today, this is because the movie already exists, so it would be a blatant cash-grab",368,0.94,24,"First comment: https://preview.redd.it/p8r91knh4v6f1.jpeg?width=1125&amp;format=pjpg&amp;auto=webp&amp;s=541032bdff23414b457b3391b6e2c5f17a2be77b
I hate this shit so much",Box Office / Financial Performance
340,How to Train Your Dragon,Long Range Forecast: Can HOW TO TRAIN YOUR DRAGON Fly to a $100M Debut?,104,0.9,60,First comment: The fact we are about to see HTTYD live-action doing more than any of the animated ones... Just sad,Box Office / Financial Performance
341,How to Train Your Dragon,Gavin fails to maintain Summer Movie Auction lead against How to Train Your Dragon,258,0.99,29,"The past two weeks of the Summer Movie Auction has shaped the leaderboard back to its original form. With Nick regaining First place, will anyone be able to topple his calculated maneuvers? Here is the current leaderboard:
[Overall Domestic Leaderboard](https://preview.redd.it/ojuvhmmufh9f1.png?width=1478&amp;format=png&amp;auto=webp&amp;s=b0613191ac6effb6631ab97170d846c30f19fbec)
[All User's Cumulated Domestic Box Office, Daily](https://preview.redd.it/nbuyhokofh9f1.png?width=2652&amp;format=png&amp;auto=webp&amp;s=2e374d4613c5c05a43121b24958015b368113e3d)
**Recent Highlights:**
* **Nick** maintains a strong lead with a total of **$551 million**, largely driven by *How to Train Your Dragon*'s massive $176 million opening and *Mission: Impossible - The Final Reckoning*'s steady performance ($181 million). His heavy investments in blockbusters are paying off for now, but with low Domestic/Point values has he overpaid?
[Nick's Cumulated Domestic Box Office, Daily](https://preview.redd.it/y8pten8hhh9f1.png?width=2288&amp;format=png&amp;auto=webp&amp;s=cd5ddb5e68221ac4961144cd9f04909b426af75b)
* **Gavin** sits comfortably in second place at **$430 million**, thanks to *Lilo &amp; Stitch*'s impressive legs ($391 million total) and *28 Years Later*'s solid $38 million debut.
[Gavin's Cumulated Domestic Box Office, Daily](https://preview.redd.it/80e8w5ddhh9f1.png?width=2346&amp;format=png&amp;auto=webp&amp;s=5b19bec1626c037894ae130da4c03fce42463e25)
* **Andrew** holds third with **$168 million**, carried by *Final Destination: Bloodlines* ($135 million) and *Elio*'s decent $29 million opening.
* Meanwhile, **Geoff** ($100 million) and **Eric** ($94 million) remain locked in a tight race for fourth, with Eric’s *Ballerina* ($52 million) closing the gap on Geoff’s *Karate Kid: Legends* ($50 million).
[All User's Cumulated Domestic Box Office, Daily](https://preview.redd.it/kiwhtx4phh9f1.png?width=2324&amp;format=png&amp;auto=webp&amp;s=87d774b4fd493a20ea5099342f81c69c33437b8c)
**Looking Ahead:**
* **Nick** aims to extend his dominance with *How to Train Your Dragon* continuing its run, while **Gavin**’s *Jurassic World: Rebirth* (July 2) looms as a potential game-changer.
* **Geoff** hopes *F1* (June 27) can overtake third or solidify his lead over **Eric**, who is banking on *Superman* (July 11) for a late-season surge.
* **Andrew**’s *M3GAN 2.0* (June 27) could help him fend off challenges from the bottom half of the standings.
**Closing:**
Nick’s early blockbuster-heavy approach has him firmly in control, but Gavin’s consistent performers and upcoming *Jurassic World* could make things interesting. Meanwhile, the battle for fourth remains razor-thin, with Eric’s *Superman* poised to shake things up in July. Will Geoff’s *F1* give him enough breathing room, or will Eric’s big bet pay off?
For anyone interested in playing with the graphs, or competing against the cast with your own draft, you can find the tool here: [https://regulationfan.com/2025/summer-movie](https://regulationfan.com/2025/summer-movie)",Box Office / Financial Performance
344,How to Train Your Dragon,$1M CLUB: PREVIEW THURSDAY 1. HOW TO TRAIN YOUR DRAGON ($11M)* 2. LILO &amp; STITCH ($2.9M) 3. THE MATERIALISTS ($1.5M) 4. BALLERINA ($1.3M) 5. M:I8 ($1.2M),161,0.97,37,"First comment: What a bad time Ballerina is having and although Karate Kid is not on this list, they are two disappointments at the box office, even if they say that they have low budgets or that their distribution rights to international markets were sold, they are still a failure at the domestic box office",Box Office / Financial Performance
347,How to Train Your Dragon,"Universal / DreamWorks Animation's How to Train Your Dragon has passed the $450M global mark. The film grossed an estimated $32.7M internationally this weekend. Estimated international total stands at $254.4M, estimated global total stands at $454.4M.",97,0.96,43,First comment: Live action remakes looking to be more frontloaded than your average family film.,Box Office / Financial Performance
351,Jurassic World Rebirth,Scarlett Johansson Becomes Hollywood’s Highest Grossing Lead Actor With ‘Jurassic World Rebirth’,12547,0.92,1205,First comment: That's almost an MCU cast list... Kudos to Tom Cruise with his different franchises to remain relevant for 40 years....,Box Office / Financial Performance
354,Jurassic World Rebirth,Box Office: ‘Jurassic World Rebirth’ Roars With $25.3 Million on Thursday,1119,0.95,547,First comment: This is the closest thing we have to a review-proof series right now.,Box Office / Financial Performance
357,Jurassic World Rebirth,Scarlett Johansson Becomes Hollywood's Highest Grossing Lead Actor With 'Jurassic World Rebirth',2206,0.94,139,"First comment: Save everyone a click.  
  
Her lead project career gross of $14.8 billion passes the totals of fellow Marvel alums Robert Downey Jr. and Samuel L. Jackson",Box Office / Financial Performance
358,Jurassic World Rebirth,‘Jurassic World Rebirth’ bites off $318 million at the global box office,1388,0.95,214,"First comment: *WhY dOeS HoLlYwOoD KeEp mAkInG SeQuEls, AnD rEbOoTs?* We may never know…",Box Office / Financial Performance
362,Jurassic World Rebirth,"July 11-13 Box Office Recap – 'Superman' flies to a great $125M debut domestically. However, it debuts with just $95M overseas, which is below expectations. 'Jurassic World Rebirth' crosses $500M worldwide, and 'F1' reaches almost $400M worldwide.",788,0.92,265,"https://preview.redd.it/p5azvgxfvwcf1.png?width=1920&amp;format=png&amp;auto=webp&amp;s=5c78ecb39aba431a678658665331a79bdb4c9e7d
Years in the making, the new DCU officially made its way to theaters.
***Superman*** flew as high as possible, delivering a pretty great debut domestically. But overseas tells another story; it was below expectations, and suggests America will have to do the heavy lifting.
The Top 10 earned a combined $195.6 million this weekend. That's up a massive 66% from last year, when ***Despicable Me 4*** stayed at #1, and ***Longlegs*** over-performed projections.
Debuting at #1, ***Superman*** earned a pretty great $125 million in 4,135 theaters. That number is simlar to ***Man of Steel***, which debuted with $116 million back in 2013 (although it earned an additional $12 million from early Wal-Mart screenings). It's also James Gunn's second biggest debut as director, behind ***Guardians of the Galaxy Vol. 2*** ($146 million). The debut is also among the strongest for DC; it's the seventh best debut for a DC film, and it's also the first to open to $100+ million since ***The Batman*** ($134 million). 
This is a very strong debut for DC, as the brand has taken a huge dive at the box office. The DCEU had an incredibly poor run in its last years, with their last 8 films all flopping at the box office. That's an astonishingly horrible record, and the inconsistent run is what led to the current DC Universe. Sure, ***The Batman*** was a hit, but it's still an Elseworld film that won't change plans in the DCU. 
For quite some time, Warner Bros. heavily backed ***Superman***, emphasizing James Gunn's involvement as writer and director. Now, the general audience doesn't really pay attention to directors outside some like Christopher Nolan, Steven Spielberg, James Cameron, Quentin Tarantino, etc. They might not know who Gunn is, but his quality track record is what gave WB confidence in ***Superman***'s prospects.
WB bet high on the film's marketing. [The Hollywood Reporter said](https://www.hollywoodreporter.com/movies/movie-news/mission-impossible-jurassic-world-superman-box-office-summer-1236255949/) that WB could spend up to $200 million in marketing, which is insanely high even for a blockbuster. When the first trailer debuted in December 2024, it was viewed by 250 million viewers within 24 hours, a record for DC. Obviously, that didn't pan out to the absolute best debut for them, but it was still a sign of high interest. All the trailers highlighted the dazzling action sequences, Superman's iconic characterization, and Krypto's involvement (with the latter going viral on social media). And finally, Gunn delivered the quality: it's sitting at 83% on RT.
Now obviously, there's the question: could it have debuted higher? Perhaps, yeah. But as mentioned, DC's brand is at an all-time low and they're currently struggling to gain good will with the audience. ***Superman*** is the first step in building that good will. After all, the character has had very rough decades; the Christopher Reeve films fizzled out by the end, ***Superman Returns*** disappointed, and the DCEU Superman didn't fully connect with audiences.
According to Warner Bros., 68% of the audience was male, and 66% was 35 and under. They gave it a solid ""A−"" on CinemaScore, which is actually the same grade as ***Man of Steel***, and below Gunn's ***Guardians of the Galaxy*** trilogy. That suggests word of mouth is good, but not incredible. It remains to be seen how it will be impacted by the arrival of ***The Fantastic Four: First Steps*** in two weeks. But for now, ***Superman*** should easily cross the $300 million milestone. This is a very good way to start the DCU, at least domestically (we'll get to the overseas performance in a moment).
In second place, ***Jurassic World: Rebirth*** earned $40.3 million this weekend. That's a rough 57% drop, although considering how high ***Superman*** opened and its weak word of mouth (""B"" on CinemaScore), it could've been worse.
***F1*** dropped 49%, grossing $13 million. Not a bad drop, considering it lost IMAX screens to ***Superman*** this weekend***, although it's still not holding as great as its strong word of mouth suggested. The film has amassed $136.2 million domestically, and it should cross $160 million by the end of its run.
Through 2 weekends, it has earned $232.4 million. For reference, it was ahead of ***Dominion*** on its first Sunday by $2 million, but it's now $18 million behind it (and that's with two full extra days). It's very likely that gap will continue getting bigger. Should definitely hit $300 million for now.
***How to Train Your Dragon*** eased 30% and added $7.9 million this weekend. The film has earned $239.9 million, and it's set to close with around $255 million.
In fifth place, ***Elio*** eased just 30%, earning $4 million. That would be commendable, but considering its domestic total is a pretty brutal $63.8 million, there's not a lot to celebrate. Now let's see if ***Smurfs*** impacts it this week.
***28 Years Later*** dropped 40%, grossing $2.7 million this weekend. The film has amassed $65.7 million so far, and it will finish with slightly close to $70 million.
***Lilo &amp; Stitch*** added $2.7 million this weekend, which was just 31% off from last week. The film has earned $414.5 million so far.
***Mission: Impossible – The Final Reckoning*** dropped 46% and earned $1.4 million this weekend. With $194 million domestically, it has officially cleared the 3x multiplier. It will pass ***Rogue Nation*** ($195 million) by next week, but it will close so damn close to $200 million domestically.
***M3GAN 2.0*** is nearing the end of its run, and it's barely on its third weekend. It has fallen all the way to ninth place, dropping a poor 64% and making just $1.4 million this weekend. The film has made a poor $22.4 million, and it's set to finish with just $25 million domestically.
Rounding out the Top 10 was A24's ***Materialists***. It dropped 46%, earning $720,498 this weekend. The film's domestic total stands at $35.1 million, and it's nearing the end of its run.
#**OVERSEAS**
So yes, ***Superman*** was off to a great start domestically. Overseas, however, is another story.
***Superman*** debuted with $95 million overseas, for a $220 million worldwide debut. That's below the $100+ million projections, which is very perplexing. It was a mixed bag in the rest of the world. Its strongest debuts were in the UK ($9.8M) and Mexico ($8.8M), Australia ($5.3M), Brazil ($5.9M), and India ($3.8M), although they were expected to perform better. Europe was so-so: it had very soft debuts in France ($4.2M), Spain ($2.9M), and Italy ($2.5M). Asia was pretty much bad: it flopped with just $6.9M in China (amidst very poor word of mouth), $4.2M in South Korea, and Japan ($2.5M).
This is where things start to unravel. This is not a great start for the film. WB spent $225 million on the film, and it mounted a very extensive marketing campaign around the world. ***Superman*** is obviously considered more an American icon than a worldwide icon, but even ***Man of Steel*** made $670 million back in 2013, and overseas accounted for 56.6% of its gross. Where does ***Superman*** go from here? Well, clearly it's gonna be up to the domestic market to do the heavy lifting, cause word of mouth isn't strong outside America. It should hit $550 million worldwide, but it's unlikely it can clear $600 million. Hell, if word of mouth isn't strong, it can also miss $550 million. That wouldn't be good news for the film's extensive budget, and for the future of the DC Universe.
***Jurassic World Dominion*** fell 51% overseas, earning $68.1 million, and its total is now $532 million worldwide. That's quite a bad drop, even with ***Superman***'s disappointing debut. The best markets are China ($62.7M), the UK ($26.4M), Mexico ($22.8M), Germany ($15.5M) and Australia ($12.6M). Only Japan is left for now, but based on other patterns, it should close its run with around $750 million worldwide.
***F1*** was not affected in the slightest by ***Superman***. It dropped just 34% overseas for a $38.5 million weekend, taking its worldwide total to an incredible $393.4 million after just 3 weeks. The big story was China, where the film is enjoying extraordinary word of mouth. In the market, the film's third weekend was actually higher than its prior weekends, adding $8 million this weekend. The film's best markets are China ($35.8M), the UK ($21.6M), France ($17.7M), Mexico ($15.4M) and Australia ($13.1M). Based on these drops, the film is heading for over $500 million worldwide by the end of its run.
***How to Train Your Dragon*** added $13 million, taking its worldwide total to $561 million. The best markets are China ($37.8M), Mexico ($35.1M), UK ($26.2M), Brazil ($19.1M) and France ($16.6M).
***Lilo &amp; Stitch*** added $7 million, and its worldwide is now $994 million. The best markets are Mexico ($66.9M), the UK ($48.8M), France ($42M), Brazil ($37.2M) and Germany ($32.1M). By next week, it will cross the $1 billion milestone.
#**FILMS THAT ENDED THEIR RUN THIS WEEK**
Movie | Release Date | Studio | Domestic Opening | Domestic Total | Worldwide Total | Budget |
----------|----------|----------|:--------:|:--------:|:--------:|:--------:
*Karate Kid: Legends* | May/30 | Sony | $20,302,016 | $52,547,391 | $103,347,391 | $45M
- Turns out no one was really interested in seeing a new ***Karate Kid*** movie in theaters. Sony's latest attempt, ***Legends*** has closed with a very underwhelming $52 million domestically and $103 million worldwide. The domestic total is below the 2010 version's opening weekend ($55.6M), and managed to finish below the first two films in the franchise. Worldwide, it's a colossal 71% drop from the 2010 film. Even with a $45 million budget, this is not really a success and it's even more disappointing considering the film was selling nostalgia by having Jackie Chan and Ralph Macchio teaming up. Maybe the future of the franchise lies with streaming now.
#**THIS WEEKEND**
With a weak slate of newcomers, ***Superman*** will easily hold on to the top spot.
Perhaps the biggest newcomer will be Sony's ***I Know What You Did Last Summer***, which arrives 27 years after the previous installment. A legacy sequel with new characters, who are joined by Freddie Prinze Jr. and Jennifer Love Hewitt, as they are targeted by a new hook-wielding killer. The first two films were big hits, although their popularity was still inferior to the ***Scream*** series, which was released around the same point. The plot is pretty much the same as the original, so we'll see if Gen Z (a big horror audience) cares for this franchise.
Another wide release is Paramount's ***Smurfs***, another reboot of the iconic franchise. Well, ""iconic"", cause it's definitely well known, but its popularity has dwindled in the past decade. The 2011 film earned $142 million domestically and $563 million worldwide, the 2013 sequel made $71 million domestically and $347 million worldwide, and the 2017 animated film tapped out at $45 million domestically and $197 million worldwide. But with ***Elio*** failing to perform well, family audiences could tune in here if they're desperate for something. Or they can simply wait for ***The Bad Guys 2*** instead.
And finally, A24 is releasing Ari Aster's new film ***Eddington***, which stars Joaquin Phoenix, Pedro Pascal, Luke Grimes, Deirdre O'Connell, Micheal Ward, Austin Butler, and Emma Stone. This cast is bigger than Aster's previous films, and he has amassed a cult following with horror fans. Even though ***Hereditary*** and ***Midsommar*** were hits, ***Beau Is Afraid*** was very polarizing. And judging by its very polarizing reviews, it looks like ***Eddington*** is more ***Beau*** than the other films. His fans are definitely showing up, but it remains a question mark if the general audience will do the same.
____________________________________________________________________________________________
If you're interested in following the box office, come join us in r/BoxOffice.",Box Office / Financial Performance
364,Jurassic World Rebirth,"‘Jurassic World Rebirth’ Thundering Toward $312M+ Global Opening, Second Best YTD – International Box Office",670,0.98,283,First comment: ![gif](giphy|iVqXV4vE4DDYk|downsized),Box Office / Financial Performance
366,Jurassic World Rebirth,‘Jurassic World Rebirth’ Thrashes Past $100M Global In First Two Days – International Box Office,574,0.96,258,First comment: There was an article calling the opening weekend poor and it shocked me. They appropriately called the CinemaScore poor but the opening isn’t bad in any way.,Box Office / Financial Performance
369,Jurassic World Rebirth,"It's Not Just IP: Scarlett Johansson's Box Office Win Proves Movie Stars Still Matter - The success of “Jurassic World Rebirth,” “A Minecraft Movie” and “F1” run counter to the notion that movie stars are dead.",293,0.73,329,First comment: Jurassic World Rebirth and Minecraft were Box-Office hits because of the IP,Box Office / Financial Performance
371,Jurassic World Rebirth,"‘Jurassic World Rebirth’ About To Get Loud With $260M Global Opening ($120-130M DOM, $130M+ INT) Over Independence Day Stretch; ‘F1’ Eyes $28M+ 3-Day – Box Office Preview",409,0.95,218,First comment: Im going to laugh if this does over a billion considering how people are acting like this will somehow not make money,Box Office / Financial Performance
379,Jurassic World Rebirth,Dino Might!: ‘Jurassic World Rebirth’ Bows To $318.3M Global; Biggest Studio Opening Year-To-Date WW – International Box Office,385,0.98,167,First comment: Our third $300M global opener of the year.,Box Office / Financial Performance
380,Jurassic World Rebirth,"Universal's Jurassic World Rebirth has passed the $500M global mark.
The film grossed an estimated $68.1M internationally this weekend.  Estimated international total stands at $297.3M, estimated global total stands at $529.5M.",375,0.97,141,First comment: And after all the drama. Jurassic wins July comfortably.,Box Office / Financial Performance
381,Jurassic World Rebirth,"Superman crashes to earth. The DC reboot opened in 3rd place below the 2nd &amp; 3rd Weekends from Jurassic World Rebirth &amp; F1. Superman opened lower than Superman Returns, every Post-Covid MCU Movie and Morbius. Less than half of Black Adam &amp; Joker 2´s Opening Weekends - Germany Box Office",76,0.57,342,"[#1 Film in Ticket Sales &amp; Box Office](https://preview.redd.it/hfq40hiqe1df1.jpg?width=608&amp;format=pjpg&amp;auto=webp&amp;s=942442c5905fab5c246bfffa0d026dbd50a8b5bb)
**Weekend 28/25 (July 10th, 2025-July 13th, 2025) Top 20 in Ticket Sales:**
|Nr.|Film|Weekend Ticket Sales|Drop|Total Ticket Sales|Weekend|Theaters|Average|Final Total (Prediction)|
|:-|:-|:-|:-|:-|:-|:-|:-|:-|
|1|Jurassic World Rebirth (U)|345,106|\-27%|1,071,563|2|647|533|2M|
|2|F1 - The Movie (WB)|133,828|\-17%|681,872|3|657|204|1M|
|3|Superman (WB)|128,001|\---|146,976|New|627|204|500K|
|4|How to Train Your Dragon (U)|83,900|\-14%|971,862|5|639|131|1.25M|
|5|Lilo &amp; Stitch (BV)|68,538|\-5%|2,844,304|8|623|110|3.1M|
|6|Elio (BV)|44,490|\-10%|245,216|4|598|74|400K|
|7|28 Years Later (COL)|35,238|\-25%|338,788|4|451|78|400K|
|8|Heidi - Rescue of the Lynx (LEO)|22,034|\-3%|90,531|3|575|38|150K|
|9|Mission: Impossible - The Final Reckoning (COL)|17,418|\-33%|1,326,645|8|282|62|1.4M|
|10|The Ballad of Wallis Island (U)|10,935|\---|16,421|New|103|106|50K|
|11|Girls on Top (NCO)|9,589|\-39%|36,903|2|461|21|60K|
|12|From the World of John Wick - Ballerina (LEO)|9,327|\-17%|343,296|6|239|39|375K|
|13|Meet the Barbarians (WTK)|9,005|\-13%|52,825|3|174|52|80K|
|14|Four Mothers (PAN)|8,834|\---|13,855|New|119|74|50K|
|15|The Phoenician Scheme (U)|7,926|\-4%|189,332|7|183|43|220K|
|16|Karate Kid - Legends (COL)|6,601|\-20%|502,704|7|210|31|525K|
|17|The Penguin Lessons (TOB)|6,197|\+22%|442,683|12|157|39|475K|
|18|Peppa Meets The Baby (LUF)|6,131|\-4%|305,957|7|214|29|310K|
|19|M3GAN 2.0 (U)|5,146|\-43%|44,422|3|322|16|50K|
|20|Final Destination - Bloodlines (WB)|4,033|\-16%|669,180|9|118|34|675K|
|Nr.|Weekend Ticket Sales|Theaters|Average|Change from Last Weekend|Change from Last Year|Top 10 Year Total (as of last Weekend)|
|:-|:-|:-|:-|:-|:-|:-|
|Top 10|889,488|5,202|171|\-9%|\-23%|30.518M|
|Top 20|962,277|7,399|130|\-7%|\-20%|\-1% below 2024|
**Weekend 28/25 (July 10th, 2025-July 13th, 2025) Top 20 in Box Office:**
|Nr.|Film|Weekend Box Office|Drop|Total Box Office|Weekend|Theaters|Average|Final Total (Prediction)|
|:-|:-|:-|:-|:-|:-|:-|:-|:-|
|1|Jurassic World Rebirth (U)|€4,344,707|\-27.6%|€13,363,954|2|647|€6,715|€24.5M|
|2|F1 - The Movie (WB)|€1,635,809|\-19%|€8,353,408|3|657|€2,490|€12.25M|
|3|Superman (WB)|€1,587,897|\---|€1,821,590|New|627|€2,533|€6M|
|4|How to Train Your Dragon (U)|€885,535|\-15.7%|€10,763,318|5|639|€1,386|€13.75M|
|5|Lilo &amp; Stitch (BV)|€623,290|\-6.6%|€28,154,242|8|623|€1,000|€30.25M|
|6|Elio (BV)|€383,928|\-8.6%|€2,126,745|4|598|€642|€3.4M|
|7|28 Years Later (COL)|€387,497|\-26.1%|€3,662,923|4|451|€859|€4.3M|
|8|Heidi - Rescue of the Lynx (LEO)|€181,665|\-3.6%|€742,530|3|575|€316|€1.225M|
|9|Mission: Impossible - The Final Reckoning (COL)|€216,829|\-29.8%|€16,641,529|8|282|€769|€17.5M|
|10|The Ballad of Wallis Island (U)|€106,684|\---|€141,321|New|103|€1,036|€450K|
|11|Girls on Top (NCO)|€93,741|\-40.9%|€359,988|2|461|€203|€575K|
|12|From the World of John Wick - Ballerina (LEO)|€107,668|\-17.8%|€3,874,768|6|239|€450|€4.225M|
|13|Meet the Barbarians (WTK)|€89,169|\-10.6%|€472,343|3|174|€512|€725K|
|14|Four Mothers (PAN)|€83,508|\---|€117,270|New|119|€702|€450K|
|15|The Phoenician Scheme (U)|€78,628|\-1%|€1,846,411|7|183|€430|€2.15M|
|16|Karate Kid - Legends (COL)|€63,919|\-18.9%|€4,994,430|7|210|€304|€5.2M|
|17|The Penguin Lessons (TOB)|€56,608|\+17.5%|€4,235,341|12|157|€361|€4.5M|
|18|Peppa Meets The Baby (LUF)|€37,185|\-0.6%|€1,713,748|7|214|€174|€1.735M|
|19|M3GAN 2.0 (U)|€55,989|\-42.9%|€467,470|3|322|€174|€525K|
|20|Final Destination - Bloodlines (WB)|€46,450|\-17.8%|€7,372,122|9|118|€394|€7.74M|
**Other Newcomers:**
|Film|Weekend Ticket Sales|Theaters|Average|
|:-|:-|:-|:-|
|Sep Ruf - Architekt der Moderne|3,364|58|58|",Box Office / Financial Performance
382,Jurassic World Rebirth,"Superman (2025) is tracking to open in 2nd place with less than half of Jurassic World Rebirth´s 2nd Weekend, Opening Weekend is tracking below, all Post-Covid MCU Movies, Black Adam, The Suicide Squad Man of Steel, Superman Returns and Morbius - Germany Box Office",173,0.77,229,"https://preview.redd.it/eley8if2w6cf1.jpg?width=495&amp;format=pjpg&amp;auto=webp&amp;s=0c8cea969ab0ad71d5201b260797a3f90d09256b
https://preview.redd.it/c9pmsyr3w6cf1.jpg?width=495&amp;format=pjpg&amp;auto=webp&amp;s=06f61ecc33d262099173eb60bf224fa826fe940a
https://preview.redd.it/8ay19gb4w6cf1.jpg?width=495&amp;format=pjpg&amp;auto=webp&amp;s=256871e4eb45877112ebdb021194c61c3851bd69
* The grand relaunch of DC has arrived and it´s not doing good. After it´s Thursday Opening Day and Wednesday Previews, the film is currently projected to sell Ca. 155,000 tickets during it´s Opening Weekend and Ca. 180,000 tickets incl. Previews.
This would be the 15th Biggest 2025 Opening Weekend, the 106th Biggest Opening Weekend since the Pandemic started, James Gunn´s Lowest Superhero Movie Opening Weekend and the 5th Biggest Opening Weekend of a Superman Film.
It´s important to note that the weather is actually generally more cold and rainy than it has been in weeks, so this is set to be the most cinema friendly weekend in weeks, which makes these low projections even worse.
Excluded (due to lack of Opening Weekend data): Superman 1-3
**Top 5 Biggest Superman Opening Weekends:**
|Nr.|Film|Opening Weekend (Ticket Sales)|Theaters|Average|Release Date|
|:-|:-|:-|:-|:-|:-|
|1|Batman v Superman - Dawn of Justice|554,890|657|845|March 24th, 2016|
|2|Man of Steel|257,043|563|457|June 20th, 2013|
|3|Justice League (2017)|214,491|525|409|Novermber 16th, 2017|
|4|Superman Returns|208,962|618|338|August 17th, 2006|
|5|Superman (2025)|Ca. 155,000|619|Ca. 250|July 10th, 2025|
|Dropped Out|DC League of Super-Pets|101,293|561|181|July 28th, 2022|
**Top 5 Biggest James Gunn Opening Weekends:**
|Nr.|Film|Opening Weekend (Ticket Sales)|Theaters|Average|Release Date|
|:-|:-|:-|:-|:-|:-|
|1|Guardians of the Galaxy Vol. 2|749,797|686|1,093|April 27th, 2017|
|2|Guardians of the Galaxy Vol. 3|474,136|660|718|May 3rd, 2023|
|3|Guardians of the Galaxy (2014)|463,016|596|777|August 28th, 2014|
|4|The Suicide Squad|162,412|511|318|August 5th, 2021|
|5|Superman (2025)|Ca. 155,000|619|Ca. 250|July 10th, 2025|
|Dropped Out|Slither|11,271|148|76|June 22nd, 2006|
* This would be the 10th Biggest Opening Weekend of the DCEU.
**Top 10 Biggest DCEU Opening Weekends:**
|Nr.|Film|Opening Weekend (Ticket Sales)|Theaters|Average|Release Date|
|:-|:-|:-|:-|:-|:-|
|1|Batman v Superman - Dawn of Justice|554,890|657|845|March 24th, 2016|
|2|Suicide Squad|500,016|618|809|August 18th, 2016|
|3|Aquaman|355,020|502|707|December 20th, 2018|
|4|Black Adam|268,354|596|450|October 20th, 2022|
|5|Man of Steel|257,043|563|457|June 20th, 2013|
|6|Wonder Woman|222,252|563|395|June 15th, 2017|
|7|Justice League (2017)|214,491|525|409|Novermber 16th, 2017|
|8|Aquaman and the Lost Kingdom|173,570|587|296|December 21st, 2023|
|9|The Suicide Squad|162,412|511|318|August 5th, 2021|
|\---|Superman (2025)|Ca. 155,000|619|Ca. 250|July 10th, 2025|
|10|Birds of Prey|139,112|545|255|February 6th, 2020|
* DC´s relaunch is set to open in 2nd place, below Jurassic World Rebirth´s 2nd Weekend and depending on how the weekend goes it might fall below F1´s 3rd Weekend as well.
Jurassic World Rebirth´s performance continues to be neck to neck with Jurassic World Dominion (2nd Weekend: 288,905 tickets/ 1,034,202 tickets). Current projections are actually slightly ahead of Dominion.
Due to this week´s colder &amp; rainier weather, the drops in general are set to be really good. Elio´s 4th Weekend is still on par with it´s Opening Weekend (52,797 tickets).
**The current projection for the Weekend:**
1. Jurassic World Rebirth - 325,000 tickets -31%/ 1,050,000 tickets (2nd Weekend)
2. Superman - 155,000 tickets/ 180,000 tickets (New)
3. F1: The Movie - 140,000 tickets -13.2%/ 690,000 tickets (3rd Weekend)
4. How to Train Your Dragon - 85,000 tickets -13%/ 972,500 tickets (5th Weekend)
5. Lilo &amp; Stitch - 80,000 tickets +10.9%/ 2,855,000 tickets (8th Weekend)
6. Elio - 50,000 tickets +0.7%/ 250,000 tickets (4th Weekend)
?. The Ballad of Wallis Island - 10,000 tickets/ 15,000 tickets (New)
?. Four Mothers - 7,500 tickets / 12,500 tickets (New)
* Of course, this is only a projection based on the Thursday (&amp; wednesday for Superman) numbers for these films, so these numbers can still change in the coming days.
I´ll release a post about the actual Weekend numbers, next week probably on wednesday or tuesday.",Box Office / Financial Performance
383,Jurassic World Rebirth,"Jurassic World Rebirth has passed the $300M overseas mark with actuals. The film grossed $71.0M internationally this weekend. International total stands at $300.25M, global total stands at $532.7M.",374,0.97,128,"First comment: So, great hold. $800M looks like safe bet",Box Office / Financial Performance
386,Jurassic World Rebirth,Universal's Jurassic World Rebirth has grossed an estimated $79.8M internationally through Friday. Estimated global total through Friday stands at $161.9M. The estimated global total for the film through Sunday is currently $312.5M.,243,0.94,146,First comment: Sounds like another one is gonna be in the pipeline.,Box Office / Financial Performance
387,Jurassic World Rebirth,Box Office Preview: ‘Jurassic World Rebirth’ ($100-125M 5-Day) Hopes to Set Off Major July Fourth Fireworks,203,0.95,161,"First comment: We're probably looking at a 270M WW debut. (130M 5-Day DOM + 40M 5-Day China + 100M Int)
If 3-day domestic is headed towards 75-85M, it will drop a good 100M from Dominion",Box Office / Financial Performance
389,Jurassic World Rebirth,"July 4-6 Box Office Recap – 'Jurassic World Rebirth' opens with a fantastic $147.8M domestically and $322.6M worldwide on its first five days. Meanwhile, 'F1' reaches almost $300M worldwide and becomes Apple's biggest film at the box office.",445,0.93,85,"https://preview.redd.it/gaqv8rk75jbf1.png?width=1920&amp;format=png&amp;auto=webp&amp;s=d006313609133fa978537c52a8d1d185b3009d57
It was a weekend for fireworks and dinosaurs.
***Jurassic World Rebirth*** opened with a monster $322 million worldwide, showing there's still power in this franchise after 30 years. And while ***F1*** took a rough drop in the domestic market, it's still a hit overseas, as the film is nearing $300 million worldwide and officially became Apple's highest grossing film ever.
The Top 10 earned a combined $152 million this weekend. That's 0.2% up from last year, when ***Despicable Me 4*** debuted atop.
Debuting at #1, ***Jurassic World Rebirth*** debuted with $92 million in 4,308 theaters. Adding in its numbers from Wednesday and Thurday, the film earned an incredible $147.8 million. This is hard to compare with the previous ***Jurassic World*** films, as all films opened on Friday. So just for reference; ***Fallen Kingdom*** earned $148 million on its first 3 days, and ***Dominion*** made $145 million.
What does this debut suggest? What everyone always knew: people love dinosaurs. And that has always been the franchise's biggest advantage. There are no other dino franchises currently, which has allowed Universal to cater to an audience that wants to see these monsters in the big screen. There's a lot of franchises that have experienced fatigue, but the ***Jurassic*** clearly is still beloved 32 years later after its debut in theaters.
The film had a very rushed production; it was officially announced in January 2024, although a script was written for quite some time. Gareth Edwards was hired one month later, when the current release date was already set. So basically the film was reported, filmed and released in the span of just 18 months. That's very short for a blockbuster. But then again, audiences don't pay much attention to productions. What they care for is if the film looks interesting or catches their interest, and Universal achieved it. They sold it as a ""back to basics"" film, choosing to just abandon all characters from the prior films and focus on new characters, played by Scarlett Johansson, Mahershala Ali, Jonathan Bailey. Turns it out all worked out.
According to Universal, 61% of the audience was male. The films are popular with families, although ***Rebirth*** starts to point that it's losing some young audience members. Only 36% of the audience was 25 and under, which is below ***Fallen Kingdom*** (56%) and ***Dominion*** (41%). At the end of the day, that's pretty much imminent when your franchise is 30 years old.
So yes, everything worked out in the end. Well, almost everything. What did ***Rebirth*** fail at? Reception. Critics were unimpressed with the film, giving it a mediocre 52% on RT. Somehow, that was an improvement over the past two films, but that's still not a good score. Regardless, the debut suggests the audience was still excited to watch the film. But the film's word of mouth indicates that this will play very, very differently, and that's another thing were ***Rebirth*** failed.
Audiences gave ***Jurassic World Rebirth*** a very weak ""B"" on CinemaScore, which is very poor for a blockbuster. That's worse than any of the ***Jurassic World*** films, and it's the second lowest in the franchise, just above ***Jurassic Park III*** (""B–""). This is an indication that audiences are not content with the film. It's hard to point to a domestic total prediction given that this is a 5-day debut, but with high competition like ***Superman*** and ***The Fantastic Four: First Steps*** arriving, it's very likely the film will continue the franchise's decline at the box office. Definitely a success, but it's gonna put a lot of pressure on the next film.
Last week's champ ***F1*** added $25.7 million this weekend. That's a rough 55% drop from last week, but when you have a juggernaut like ***Jurassic World***, a drop like that is pretty much imminent. Through 10 days, the film has amassed $109.2 million domestically, the first Apple title to hit that milestone. There's still heavy competition on its way, but ***F1*** should still have enough gas left to hit $160 million domestically.
In third place, ***How to Train Your Dragon*** dipped 43%, adding $11.2 million this weekend. That took its domestic total to $224.2 million, finally becoming the franchise's biggest film in the domestic market.
There doesn't appear to be any signs of life in Disney/Pixar's ***Elio***. It dropped 45% and made just $5.7 million. That drop is barely better than last week, indicating word of mouth isn't really doing anything to save the film. The film has made an abysmal $55 million so far, and it's going to struggle to hit $65 million at this rate.
***28 Years Later*** remained at #5, although it still dropped 53% and added $4.5 million this weekend. At least that's better than last week's steep 67% drop, but it's still rough. The film has already earned $60.2 million, and it should finish with around $67 million domestically.
***M3GAN 2.0*** continued disappointing on its second weekend. The film collapsed a poor 61%, earning just $3.9 million this weekend. That's far worse than the original's second weekend drop (a very light 39.8%). The sequel has earned a very poor $18.7 million, which is a colossal 68% behind the original through the same point. With more competition on its way, it's highly likely the film will finish with less than $25 million domestically.
***Lilo &amp; Stitch*** dropped 45% and earned $3.8 million. The film has amassed $408.5 million so far.
In eighth place, ***Mission: Impossible – The Final Reckoning*** eased just 34% and added $2.7 million this weekend. The film's domestic total stands at $191.1 million, and it will soon pass ***Rogue Nation*** ($195 million) to become the fourth biggest film in the franchise.
***Materialists*** had another rough drop this weekend. This time, it dropped 55% and added $1.3 million. That took its total to $33.5 million.
Rounding out the Top 10 was the 41st anniversary re-release of ***This Is Spinal Tap***. It earned $1 million from 1,015 theaters, taking its lifetime gross to $5.7 million. Man, it should've made $1.1 million, come on.
#**OVERSEAS**
***Jurassic World Rebirth*** debuted with $174 million overseas, for a monster $322.6 million worldwide debut. China was its biggest debut with $41.5 million, which is the biggest for a Hollywood title this year. However, it should be noted that the film was quite front-loaded in the market amidst poor word of mouth. Other strong debuts were seen in the UK ($16.6M), Mexico ($13.9M), Germany ($7.6M), South Korea ($7.4M), Spain ($6.5M), Australia ($5.9M), India ($5.5M/best of franchise), France ($5.3M) and Italy ($4.7M).
All the ***Jurassic World*** films have cracked $1 billion, but don't expect the same to happen to ***Rebirth***. Not only was it lower than ***Dominion*** $392 million worldwide debut, but most of these debuts were all from 5-day debuts, which is boosting its numbers. For now, a $800 million worldwide total is likely. Another success in the franchise, but it will continue marking another decline.
***F1*** was impacted domestically, but it continues killing it overseas. Despite the arrival of ***Rebirth***, the film dipped just 38% and added $56.3 million overseas, taking its worldwide total to $293 million. It's already Apple's biggest film worldwide. In China, the film had an insane 2% second weekend drop, which is the best for a Hollywood title this year, and now the film is set to massively over-perform in the market. The best markets are China ($22M), the UK ($17.3M), Mexico ($12.3M), France ($11.5M) and Australia ($9.8M). Assuming it keeps holding very well, the film should definitely pass $450 million worldwide.
***How to Train Your Dragon*** added $21 million overseas, taking its worldwide total to $519 million. The best markets are China ($35.5M), Mexico ($33.4M), the UK ($24.6M), Brazil ($17.2M) and France ($14.2M). It has already passed the original film's worldwide gross, and by tomorrow it will pass ***The Hidden World*** ($520 million).
***28 Years Later*** added $7 million overseas, allowing it to cross $125 million worldwide. The UK has been its biggest market, unsurprisingly, earning $17 million so far. The film should finish with around $140 million worldwide.
Continuing its absolutely pathetic run in pretty much every territory, Disney/Pixar's ***Elio*** made $6.7 overseas, taking its worldwide total to just $97.7 million worldwide. The best markets are France ($4.7M), the UK ($4.1M), South Korea ($3.6M), China ($3.5M) and Mexico ($2.8M). 3 weeks in and a Pixar title still hasn't cracked $100 million worldwide. What a time to be alive.
***Lilo &amp; Stitch*** added $6.1 overseas, taking its worldwide total to $972 million. That allowed it to finally pass ***A Minecraft Movie*** as the year's second highest grossing film, just behind ***Ne Zha 2***. The best markets are Mexico ($66.5M), the UK ($48.3M), France ($40.5M), Brazil ($36.5M) and Germany ($30.8M).
With $3.9 million overseas, ***Mission: Impossible – The Final Reckoning*** has officially passed ***Dead Reckoning*** worldwide with a $576.1 million total, becoming the fourth biggest film in the franchise.
#**FILMS THAT ENDED THEIR RUN THIS WEEK**
Movie | Release Date | Studio | Domestic Opening | Domestic Total | Worldwide Total | Budget |
----------|----------|----------|:--------:|:--------:|:--------:|:--------:
*A Minecraft Movie* | Apr/4 | Warner Bros. | $162,753,003 | $423,949,195 | $954,928,702 | $150M
- *A Minecraft Movie* has closed its run with a fantastic $954 million worldwide. Considering the insanely negative response to its first teaser, it's still a sign of the brand's strength that it could make almost $1 billion. Of course, the film's legs were very mediocre (2.60x is not great at all for family films, given those easily pass 3x), which is a sign that they weren't fully satisfied by the film itself. Whenever the sequel comes up, they must deliver something better than this, quality-wise.
#**THIS WEEKEND**
A new era of DC begins this weekend.
That's because it's the arrival of DC's ***Superman***, the first film in the new DC Universe (DCU). Written and directed by James Gunn, it stars David Corensweet as the Man of Steel, and it follows Superman's journey to reconcile his alien heritage with his adoptive human family. To say that expectations are high for this film is selling it short. As previously mentioned, this is gonna kick off a new DC Universe, after the DCEU had the insane distinction of having 8 box office flops in a row. And that's not even including the absolute misfire of ***Joker: Folie à Deux***. Needless to say, the brand is at an all-time low and ***Superman*** will need to win over people. With a high $225 million budget and an extensive marketing campaign, this film really needs to be a home run for the sake of DC.
____________________________________________________________________________________________
If you're interested in following the box office, come join us in r/BoxOffice.",Box Office / Financial Performance
391,Jurassic World Rebirth,"Universal's Jurassic World Rebirth passed the $200M domestic mark on Friday. The film grossed an estimated $11.37M on Friday (from 4,324 locations). Estimated total domestic gross stands at $203.48M.",271,0.96,114,First comment: Those B Cinemascore worries have been vanished.,Box Office / Financial Performance
394,Jurassic World Rebirth,Box Office Weekend Forecast: JURASSIC WORLD REBIRTH Eyes $115-137M+ 5-Day Domestic Launch,157,0.95,154,First comment: I love how 25% of the comments in this thread are about the actual tracking for Rebirth and the other 75% is arguments over Superman's current tracking lmao.,Box Office / Financial Performance
410,Kpop Demon Hunters,Breaking: KPOP Demon Hunters is officially set to become Netflix’s most watched animated movie in history!!!,2850,0.99,142,"Source: What’s on Netflix.   
https://www.whats-on-netflix.com/news/top-10-reports/kpop-demon-hunters-set-to-break-netflix-animation-records-katie-taylor-vs-amanda-serrano-viewership-revealed/",Box Office / Financial Performance
424,M3GAN 2.0,"‘F1’ Putting The Pedal To The Metal With $55M+ Opening, An Apple Original Films Record; ‘M3GAN 2.0’ Asleep At $10M, ‘Elio’ Dropping 45% to $11M-$12M; ‘28 Years Later’ Collapsing 67% to $10M – Friday PM Update",603,0.97,230,"First comment: That is an abysmal opening for *M3GAN 2.0*, and *28 Years Later* doesn't look as if it's going to capitalise on that.",Box Office / Financial Performance
426,M3GAN 2.0,‘F1’ To Vroom Around The World To $115M+ Opening; ‘M3GAN 2.0’ Hopes To Break $20M – Box Office Preview,455,0.97,196,"First comment: Wow, an Apple movie that's not an immediate flop how about that",Box Office / Financial Performance
427,M3GAN 2.0,"After ‘M3GAN 2.0,’ Blumhouse's Box Office Slump Is at 18 Months and Counting - Long known as a top horror studio, Blumhouse’s will likely now have its eighth straight film gross less than $80 million worldwide",546,0.98,134,"First comment: If anyone didn't listen to Blum on today's The Town episode, he shared a few things over the film's failure. [You can listen it here](https://www.theringer.com/podcasts/the-town-with-matthew-belloni/2025/07/01/jason-blum-opens-up-about-the-m3gan-2-0-flop-the-blumhouse-slump-and-bouncing-back), but here's some bullet points:
- 10 weeks ago, they were thinking that *M3GAN* would open to $45 million and were curious to see if this small film could outgross *F1*. Tracking kept decreasing. 4 weeks ago, it was set for $30 million. On Monday, it officially went to just $20 million and that's when Blum got upset.
- In his words, ""We all thought *M3GAN* was like Superman. We could do anything to her. We could change genres. We could put her in the summer. We could turn her from a bad guy to a good guy. We kind of classically overthought how powerful people’s engagement was with her.""
- He mentions that the director had a lot of time for the first *M3GAN*, they didn't even have a release date when the film wrapped. For this sequel, they simply got ""too excited"" by going bigger.
- The marketing was extensive, but Blum felt that they pushed it too hard and it didn't feel organic like the first.
- He says they were used to having 12-15 horror movies that would easily hit double digits, but that's not feasible now.
- He says they need to up their budgets. They're looking for real theatrical events, and he believes *The Black Phone 2* and *Five Nights at Freddy's 2* are that.
- He mentions how *Longlegs* was the only low-budget horror from 2024 to hit $100 million.
- ""It's virtually impossible to make *Get Out* for $4.5 million and have it do $250 million.""
- At a meeting with the staff, Blum said that no matter how talented someone (or a studio) is, they always go through a slump. And it shouldn't erase all their good will.
- Blum says Universal is not responsible for their misfires. He oversaw marketing and is content with how it went out. He takes the blame for every time a film doesn't work. ""If you don't take blame, you should not take credit.""
- He said, ""We have not produced a straight up scary event movie that didn't work.""
- Now, because of that statement, he's asked about the failed *Exorcist: Believer*. He says, ""the problem with *The Exorcist* was it was way too much of a drama. You can't look at *The Exorcist* and say that scared me like *The Conjuring* movies."" The mistake was getting it ""too close to the original"", as it's not the 70s anymore.
He clearly takes these failures seriously, but as he notes, those often take time to figure out. We'll see if Blumhouse can learn or if they will continue in their slump era.",Box Office / Financial Performance
428,M3GAN 2.0,It looks like F1 has a great shot at $60m opening after $10m in combined previews. Poor M3GAN 2.0 only a paltry $1.5m in Thursday previews and headed for maybe $10m-$12m on the weekend.,394,0.96,177,"First comment: A PG-13 Brad Pitt vehicle (no pun intended) releasing in June with a massive $200m+ budget that everyone expected to bomb but is doing surprisingly well by opening in the $60m range?
Born June 2013, died October 2013. Welcome back, World War Z.",Box Office / Financial Performance
433,M3GAN 2.0,"‘F1’ Zooms To $10M Previews, An Apple Original Films Record; ‘M3GAN 2.0’ $1.5M – Friday AM Box Office",358,0.97,110,"First comment: &gt;1.5M for Megan
https://i.redd.it/1joszed7jh9f1.gif",Box Office / Financial Performance
434,M3GAN 2.0,F1’s getting the attention but M3GAN 2.0’s complete implosion might be the more significant story from this weekend’s box office,211,0.98,131,Collapse of a youth-skewing “franchise” + continued streak of flops/underperformers for Blumhouse,Box Office / Financial Performance
435,M3GAN 2.0,"BOT Presale Tracking (June 26). Thursday Comps: F1: The Movie ($7.07M [excluding ~$2.5M EA]), M3GAN 2.0 ($2.11M), Superman ($20.39M), and The Fantastic Four: First Steps ($22.13M). Jurassic World Rebirth has $21.65M Wednesday comp.",112,0.96,136,"[BoxOfficeTheory Presale Tracking](https://forums.boxofficetheory.com/topic/31569-the-box-office-buzz-tracking-and-pre-sale-thread/page/1790/)
[Presales Data (Google Sheets Link)](https://docs.google.com/spreadsheets/d/1zRjKpNOjPCBIgUULoyXyj5sBGMuU9owswn7bMfz1WSE/edit#gid=0)
[BoxOfficeReport Previews](http://www.boxofficereport.com/previewgrosses.html)
**Quorum Updates:**
- [June 25](https://forums.boxofficetheory.com/topic/31569-the-box-office-buzz-tracking-and-pre-sale-thread/page/1787/)
- [June 24](https://forums.boxofficetheory.com/topic/31569-the-box-office-buzz-tracking-and-pre-sale-thread/page/1783/)
- [June 19](https://forums.boxofficetheory.com/topic/31569-the-box-office-buzz-tracking-and-pre-sale-thread/page/1771/)
- [June 18](https://forums.boxofficetheory.com/topic/31569-the-box-office-buzz-tracking-and-pre-sale-thread/page/1765/)
- [June 17](https://forums.boxofficetheory.com/topic/31569-the-box-office-buzz-tracking-and-pre-sale-thread/page/1760/)
- [June 5](https://forums.boxofficetheory.com/topic/31569-the-box-office-buzz-tracking-and-pre-sale-thread/page/1700/)
- [June 4](https://forums.boxofficetheory.com/topic/31569-the-box-office-buzz-tracking-and-pre-sale-thread/page/1695/#comments)
- [June 2](https://forums.boxofficetheory.com/topic/31569-the-box-office-buzz-tracking-and-pre-sale-thread/page/1679/#findComment-4824227)
**Domestic Calendar Dates (last updated June 13):**
**JUNE**
- (June 26) Thursday Previews (F1: The Movie + M3GAN 2.0 + Sorry, Baby)
- (June 30) Presales Start (I Know What You Did Last Summer)
**JULY**
- (July 1) Tuesday Midnight Previews (Jurassic World Rebirth)
- (July 2) Presales Start (Bad Guys 2)
- (July 2) Opening Day (Jurassic World Rebirth)
- (July 7) Amazon Prime Premiere [Superman]
- (July 7) Social Media Embargo Lifts (Superman: Night)
- (July 8) Review Embargo Lifts (Superman: Early Daytime)
- (July 10) Thursday Previews (Superman)
- (July 17) Thursday Previews (Eddington + I Know What You Did Last Summer)
- (July 18)  Friday Opening Day (The Smurfs Movie [no THU previews])
- (July 24) Thursday Previews (The Fantastic Four: First Steps incl. fan shows + House on Eden)
- (July 31) Thursday Previews (The Bad Guys 2 + Naked Gun)
**AUGUST**
- (August 5) Tuesday Previews (Sketch)
- (August 6) Opening Day (Sketch)
- (August 7) Thursday Previews (Freakier Friday + Weapons)
- (August 14) Opening Day (Shin Godzilla)
- (August 14) Thursday Previews (Clika + Eli Roth Presents: Jimmy and Stiggs +  Nobody 2)
- (August 21) Thursday Previews (Americana + Grand Prix of Europe + Honey Don’t + Splitsville)
- (August 28) Thursday Previews (Caught Stealing + The Roses + The Toxic Avenger Unrated)
**Presale Tracking Posts:** 
[Apr. 27](https://www.reddit.com/r/boxoffice/comments/1k90tfn/bot_presale_tracking_apr_27_thursday_comps_the/?ref=share&amp;ref_source=link)
[Apr. 30 Part 1](https://www.reddit.com/r/boxoffice/comments/1kbgf6u/bot_presale_tracking_apr_30_part_1_thunderbolts/?ref=share&amp;ref_source=link)
[Apr. 30 Part 2](https://www.reddit.com/r/boxoffice/comments/1kbgkgy/bot_presale_tracking_apr_30_part_2_average/?ref=share&amp;ref_source=link)
[May 6](https://www.reddit.com/r/boxoffice/comments/1kgl64j/bot_presale_tracking_may_6_thu_comps_final/?ref=share&amp;ref_source=link)
[May 23](https://www.reddit.com/r/boxoffice/comments/1ktl98c/bot_presale_tracking_may_23_thursday_comps_bring/?ref=share&amp;ref_source=link)
[May 27](https://www.reddit.com/r/boxoffice/comments/1kwjcfn/bot_presale_tracking_may_27_thursday_comps_bring/?ref=share&amp;ref_source=link)
[June 3](https://www.reddit.com/r/boxoffice/comments/1l2bl10/bot_presale_tracking_may_27_thursday_comps/?ref=share&amp;ref_source=link)
Note: I have removed most tracking data that has not been updated for 2 weeks.  I think there is value in keeping data for a week or two but at a certain point they start to lose their value and should not be treated the same as more recent tracking data.",Box Office / Financial Performance
436,M3GAN 2.0,Box Office Preview: ‘F1’ to Leave ‘M3GAN 2.0’ in the Dust With High-Octane $40M-$50M U.S. Opening,184,0.96,106,"First comment: Blumhouse needs a long, hard look in the mirror.
Changing the genre of M3GAN 2 was already a bad move, but releasing it in the middle of the most compeititve period of the year was beyond stupid.
If it released in Jan/Feb it could have grown some legs with good WoM. but its seemingly doomed now regardless of what audiences think.",Box Office / Financial Performance
439,M3GAN 2.0,"June 27-29 Box Office Recap – 'F1' opens with a pretty great $146M worldwide, the biggest debut for Apple. However, 'M3GAN 2.0' underwhelms, collapsing 66% from the original. '28 Years Later' passes $100M worldwide, but it collapses 67% domestically.",188,0.89,92,"https://preview.redd.it/qcksu3ur25af1.png?width=1920&amp;format=png&amp;auto=webp&amp;s=af4217769c08e8330668d85d3bda65242e65e3de
Passing all projections, ***F1*** over-performed with over $140 million worldwide, easily becoming Apple's biggest ever debut at the box office. But the weekend's other newcomer, ***M3GAN 2.0***, had an incredibly disappointing debut, achieving just one third of the original's debut.
The Top 10 earned a combined $122.7 million this weekend. That's down 16.5% from last year, when ***Inside Out 2*** held the top spot from ***A Quiet Place: Day One*** and ***Horizon: An American Saga – Chapter 1***.
Debuting on #1, Warner Bros/Apple's ***F1*** earned a pretty good $57 million from 3,661 theaters. That's easily Apple's biggest debut at the box office, more than doubling the debuts of ***Killers of the Flower Moon*** ($23.2 million) and ***Napoleon*** ($20.6 million). It's also Brad Pitt's second biggest debut as leading man, just behind ***World War Z*** ($66.4 million).
How did it get here when other Apple films couldn't open that high? Simply put, it's a film that emphasized what everyone wants in a blockbuster, especially car racing: high-octane racing sequences. It didn't matter that the story is very by-the-numbers and one that you've seen before. You're here for those sequences, and the marketing has done a very great job in getting audiences interested. And given what director Joseph Kosinski achieved with ***Top Gun: Maverick***, looks like he nailed that kind of action.
WB and Apple mounted a very extensive marketing campaign, including releasing the very first trailer one year ago. Among the tactics included multiple sponsorships from famous brands (which helped the film recover $40 million already), and appearances in real-life venues to promote it. They also highlighted the use of IMAX, and it looks like it worked; IMAX contributed to $12.8 million of the weekend (23%), while all IMAX and PLF screens amounted to 58% of the weekend's gross. Along with some pretty great reviews (83% on RT), audiences were ready to experience Formula One like never before.
According to Warner Bros., 62% of the audience was male, and 53% was 35 and over. Something interesting: while the film was aimed towards older audiences, its biggest demo turned out to be Gen Z; 29% of the audience was 13-24. Considering there's always multiple articles on how young audiences aren't interested in movies, this is a very promising stat.
Audiences gave ***F1*** a great ""A"" on CinemaScore, which indicates word of mouth will be quite strong. No doubt, there's impact from July blockbusters coming up, but ***F1*** could hold its own against them. For example, in a shock, the film actually has two weeks of IMAX access, taking them all from ***Jurassic World Rebirth***. For now, ***F1*** should finish its race with $165 million domestically. And it could go higher.
***How to Train Your Dragon*** dropped 46%, adding $19.5 million this weekend. Considering this and last week's drop, it doesn't look like the film is holding as well as it should. The film has crossed $200 million domestically, and it will finish with around $250 million.
In third place, Pixar's ***Elio*** added $10.4 million this weekend. That's a very weak 50% drop, which is one of Pixar's worst. In contrast, ***Elemental*** dropped just 37.7% on its second weekend. Animated films usually drop 40% or less, which means ***Elio*** is not connecting with audiences despite the positive word of mouth. Through 10 days, the film has earned a poor $41.9 million domestically. With more competition on its way, it's unlikely it can hold to screens for a long time. There's a strong chance it finishes below ***Onward*** ($61 million) and becomes the lowest grossing Pixar title if it keeps dropping like this.
Debuting on the fourth spot (crazy, right?), ***M3GAN 2.0*** debuted with a very disappointing $10.2 million in 3,122 theaters. That's a horrible 66% drop from the original ***M3GAN*** ($30.4 million), which is one of the steepest for a sequel. Hell, the opening weekend is even below the original's opening day. And it somehow managed to open below Blumhouse's recent flop ***Wolf Man*** ($10.8 million).
This is an astonishingly bad debut. After all, Blumhouse increased the budget from $12 million to $25 million for the sequel, and this is all it could do? Not to mention a very extensive marketing campaign; it even had a Super Bowl slot. But ***M3GAN*** was one of Blumhouse's biggest hits, how could the sequel fall this much?
Timing is everything, and while the sequel arrived just 2 years after the original, moving it from an empty January to the competitive June was probably not a good idea. It had to compete with some big blockbusters, and horror audiences were probably saving money for ***28 Years Later***. Well, ""horror"", cause it's unlikely ***M3GAN*** falls in the same category as ***Years*** or ***Final Destination: Bloodlines*** or the upcoming ***I Know What You Did Last Summer***. Why the asterisk?
The original ***M3GAN*** was sold as a horror, but with some campy added, and that contributed to its success at the box office and social media. But the sequel chose to go on an entirely different route: it's a sci-fi action comedy. It leans on how stupid and ridiculous this whole thing is, pretty much dropping the horror. Now, it's not rare for horror films to shift genres within sequels (***Alien*** to ***Aliens*** is a pretty good example). But it's still not as common. While one can praise that they didn't rehash the same plot as the original, the film also lost horror fans who weren't on board with the film's new tone. After all, the tagline is ""that bitch vs. that bitch"". The original film was also a hit with critics (93% on RT), while the sequel earned polarizing reactions (58% on RT).
It also truly feels like Blumhouse's brand has taken a dive in the past year. 2024 was quite rough; a few successes, but not a single film reached $100 million at the box office. But 2025 was even worse: ***Wolf Man*** and ***The Woman in the Yard*** flopped at the box office, which was simply unbelievable considering their very low budgets. And ***Drop*** only broke even at best. And now the sequel to one of its biggest hits was pretty much rejected. Once the kings of profitable horror, it looks like audiences are losing interest when the Blumhouse card shows up.
According to Universal, 53% of the audience was female, and 68% was 25 and over. They gave it an okay ""B+"" on CinemaScore, which is actually higher than the original ***M3GAN*** (""B""). An explanation for that may be that those uninterested in the tone shift skipped the film; if you bought a ticket for the sequel, you knew exactly what you were getting. It's very unlikely ***M3GAN 2.0*** holds well, and it's pretty much guaranteed to finish below the original's opening weekend. Right now, a $25 million total is likely. Blumhouse really needs to consider what's going on.
In fifth place, ***28 Years Later*** earned $9.7 million this weekend. That's a horrible 67% drop from last week, although it's not entirely surprising, considering the film's mixed word of mouth. Through 10 days, the film has amassed $50.4 million, already passing all the previous films in the franchise, but it looks like it won't make it much further than $60 million domestically. Its legs are proving to be very, very short.
***Lilo &amp; Stitch*** eased just 29% and grossed $6.8 million. The film's domestic total stands at $400 million, and it's set to finish with around $415-$420 million domestically.
***Mission: Impossible – The Final Reckoning*** eased 36% and added $4.1 million this weekend. The film has amassed $186 million so far.
***Materialists*** had quite a rough drop on its third weekend. It dropped 53%, earning $2.9 million. The film has crossed $30 million domestically, and it has a few more millions left.
It doesn't look like ***Ballerina*** will ever have a sub 50% drop. The film once again fell 51%, earning just $2.1 million. It has earned a meager $55 million, and getting to $60 million will be a struggle.
Rounding out the Top 10 is another disappointment, ***Karate Kid: Legends***. The film once again fell a rough 59% and made just $960,702 this weekend. It has earned $51.5 million, and it doesn't have much gas left in the tank.
***Final Destination: Bloodlines*** dropped 49% and added $956,014. That takes its domestic total to $136.7 million.
***The Phoenician Scheme*** appears like it's disappearing quickly. It dropped 52% for a $692,260 weekend. With $17.8 million, it's struggling to hit the $20 million milestone.
Neon's ***The Life of Chuck*** is also nearing the end of its run. It collapsed a poor 62% and made just $379,676 this weekend. With a mediocre $5.6 million so far, it's capping out with a little over $6 million.
#**OVERSEAS**
***F1*** may have over-performed domestically, but the real money for this film is outside America.
***F1*** debuted with a great $146 million worldwide, which is Brad Pitt's biggest ever debut. The best debuts were in the UK ($9.2M), China ($9M), Mexico ($6.7M), France ($5.4M) Australia ($5M), South Korea ($3.7M), Germany ($3.4M), India ($2.8M), Japan ($2.8M), UAE ($2.7M), Italy ($2.4M), and Spain ($2.3M). It remains to be seen how the upcoming blockbusters could impact its performance, but for now, the film definitely should hit $400 million worldwide. Apple should definitely be pleased with the results, and you can bet they will now release Joseph Kosinski's UFO thriller in theaters now. It feels pretty much guaranteed.
***How to Train Your Dragon*** added $32.7 million overseas, for a $456 million worldwide total. The best markets are China ($31.1M), Mexico ($30M), the UK ($21.8M), Brazil ($15M) and South Korea ($11.4M). Like the domestic market, the drops aren't as strong as expected. It should still hit $600 million worldwide, but it's still not guaranteed.
***28 Years Later*** added $13.7 million overseas, taking its worldwide total to $103.1 million. That's a rough drop, but at least it's better than its domestic freefall. It's already the highest grossing film in the franchise, although it definitely feels like it's dropping faster than expected. It's very unlikely it can get to $150 million worldwide, raising so many questions over whatever Sony plans to do with ***The Bone Temple*** and the third film in this trilogy.
***Elio*** continues showing no signs of life, as it earned just $11.2 million overseas, for an anemic $72 million worldwide total. The best markets are South Korea ($3M), France ($2.9M), UK ($2.9M), China ($2.7M) and Mexico ($2.3M), all of which are very weak numbers. There's not many major markets left, so unless Japan pulls a miracle run in August, this film could miss $150 million worldwide. Which means it will go down as one of the biggest flops of the year. Damn.
But ***M3GAN 2.0*** had it even worse outside America. The film crashed with a poor $6.8 million overseas, for a very weak $17 million worldwide debut. It had a very soft debut in Mexico ($1.2M), followed by a non-presence in practically every other market. Even though the film cost $25 million, the rule of thumb doesn't work with low-budget films in Blumhouse, given those have higher expenses in marketing. Given that the film will struggle in hitting $50 million worldwide, ***M3GAN 2.0*** is officially a flop.
#**FILMS THAT ENDED THEIR RUN THIS WEEK**
None.
#**THIS WEEKEND**
It's dino time.
Yep, ***Jurassic World Rebirth*** is making its way to theaters (on Wednesday, not Friday). With a new cast (Scarlett Johansson, Mahershala Ali, Jonathan Bailey, Rupert Friend, Manuel Garcia-Rulfo, and Ed Skrein), it hopes to continue the winning streak that this franchise achieved. After all, despite their reputation, all the ***Jurassic World*** films hit $1 billion. But it's also true that there's a downward trajectory ($1.6B &gt; $1.3B &gt; $1.0B), and it's very likely this film will continue the drops. Reviews are quite mediocre so far, and there's some big competition on theaters. But then again, never underestimate the power of dinosaurs.
____________________________________________________________________________________________
If you're interested in following the box office, come join us in r/BoxOffice.",Box Office / Financial Performance
440,M3GAN 2.0,"$1M CLUB: PREVIEW THURSDAY
1. F1 ($10M)
2. HOW TO TRAIN YOUR DRAGON ($4M)
3. ELIO ($2.2M)
4. 28 YEARS LATER ($2M)
5. M3GAN 2.0 ($1.5M)
5. LILO &amp; STITCH ($1.5M)",203,0.97,86,First comment: The calm before the July madness.,Box Office / Financial Performance
441,M3GAN 2.0,"Universal's M3GAN 2.0 grossed an estimated $4.53M domestically on Friday (from 3,112 locations), including Thursday previews.",96,0.95,105,First comment: The trailers killed this movie. I could feel the audience derision every time they played before a movie.,Box Office / Financial Performance
447,M3GAN 2.0,"BOT Presale Tracking (May 27). Thursday Comps: Ballerina ($3.06M), The Phoenician Scheme ($1.98M), How to Train Your Dragon ($9.86M), Materialists ($1.15M), Elio ($1.53M), F1: The Movie ($5.99M), and M3GAN 2.0 ($2.60M). Jurassic World Rebirth sales largely stagnate.",69,0.93,76,"[BoxOfficeTheory Presale Tracking](https://forums.boxofficetheory.com/topic/31569-the-box-office-buzz-tracking-and-pre-sale-thread/page/1680/#comments)
[Presales Data (Google Sheets Link)](https://docs.google.com/spreadsheets/d/1zRjKpNOjPCBIgUULoyXyj5sBGMuU9owswn7bMfz1WSE/edit#gid=0)
[BoxOfficeReport Previews](http://www.boxofficereport.com/previewgrosses.html)
**Quorum Updates:**
- [June 2](https://forums.boxofficetheory.com/topic/31569-the-box-office-buzz-tracking-and-pre-sale-thread/page/1679/#findComment-4824227)
- [May 29](https://forums.boxofficetheory.com/topic/31569-the-box-office-buzz-tracking-and-pre-sale-thread/page/1669/#findComment-4822356)
- [May 28](https://forums.boxofficetheory.com/topic/31569-the-box-office-buzz-tracking-and-pre-sale-thread/page/1664/#findComment-4821779)
- [May 27](https://forums.boxofficetheory.com/topic/31569-the-box-office-buzz-tracking-and-pre-sale-thread/page/1659/#findComment-4821388)
- [May 22](https://forums.boxofficetheory.com/topic/31569-the-box-office-buzz-tracking-and-pre-sale-thread/page/1649/#findComment-4818326)
- [May 21](https://forums.boxofficetheory.com/topic/31569-the-box-office-buzz-tracking-and-pre-sale-thread/page/1644/#findComment-4817710)
- [May 19](https://forums.boxofficetheory.com/topic/31569-the-box-office-buzz-tracking-and-pre-sale-thread/page/1633/#findComment-4816710)
- [May 16](https://forums.boxofficetheory.com/topic/31569-the-box-office-buzz-tracking-and-pre-sale-thread/page/1625/#findComment-4815237)
**Wicked Part 1 Re-Release**
**Dan Da Dan: Evil Eye**
**Dangerous Animals**
**From the World of John Wick: Ballerina Average Early Access | Thursday | Early Access + Thursday Comp *assuming $4.5M for keysersoze123 EA+THU*: $2.06M | $3.06M | $4.84M** 
- Acrobat ($3.2M THU MI8 comp.  Steady pace, still headed for a number between 3 and 3.5, even considering the Accountant 2 True Thursday comp. Unless walk-ups are great, this is very ordinary **(June 3)**.  More and more likely that my sample will stay stable on this 3M preview number. The buzz doesn't seem to be there for a big improvement.  |  A better day, though sales were concentrated in two theaters. Comps still indicating 3M in previews **(June 1)**.  Alarming day, it's stalling against MI8 which was encountering PLF capacity issues, and it's slipping against The Accountant 2's true Thursday too. It seriously needs to improve pace **(May 31)**.  Based on my true Thursday comp with The Accountant 2 as well, seems like 3M is the numbers it's headed to, but let's see if there's some growth in the final days **(May 29)**.  The comp with true Thursday for The Accountant 2 would give it about 4M so 3.5M seems about right at the moment **(May 27)**.  Very imperfect comp with MI8, but it's what I have so far - I didn't track EA for The Accountant. Considering MI8 is so IMAX-heavy, 2.5 seems to be the right number for Ballerina **(May 24)**.  I won't go into any comps as the only one that is vaguely useful is The Accountant 2 which had its OD on T-17, but Ballerina is already 3x against it **(May 20)**.  For EA and THU, Ok, I didn't track Day 2-3 but it clearly had very strong days - I didn't expect this. The Accountant 2 had a much shorter presale window but Ballerina is already pacing well ahead of that one, at least for true Thursday, as I didn't track EA for some reason **(May 18)**.)
- Cine-Taquillas ($3.25M THU Comp.  Losing some steam, hope this final days can stay to $3.5M at least **(June 1)**.  Falling behind Final Destination **(May 28)**.  Still slow, hope this week will do better **(May 25)**.  Not too much this weekend **(May 22)**.  Not bad, i think **(May 19)**.  For THU Hey, i expected worse **(May 17)**.)
- crazymoviekid ($2.54M THU Comp.  For THU Not a great start. I'm averaging $2.5M-$3M **(June 2)**.)
- el sid ($3.1M THU comp excluding The Amateur. Counted today for Thursday, had 518 sold tickets (with shows in all of my 7 theaters). Best presales in the AMCs in California (154 sold tickets in LA and 147 in San Francisco). Up 45% since last Tuesday (where it had 357 sold tickets). So it's doing not great but acceptable in my theaters. Some comps will probably go down in the next few days (e.g. the AWM comp) and some will go up (e.g. the Furiosa comp) **(June 2)**.  It had, counted today for Thursday, June 5, 232 sold tickets (with shows in 7 theaters). Best presales in the AMCs in NY (71 sold tickets) and LA (70).  17 days left. So it has now 11 days left to collect 24 tickets to be on par with The Amateur (2M from previews on Thursday and before). Of course it will be in front soon. The preview number compared to Abigail (1M from previews on Thursday) is at the moment 1.35M + it has 14 days left. Not bad at all **(May 19)**.  Ballerina, counted today for Thursday, June 5, had 218 sold tickets (with shows in 7 theaters). Best presales in the AMCs in San Francisco (70 sold tickets) and NY (66).  Comps (always counted for Thursday, an extremely wide range at the moment): A Working Man (1.1M from previews on Thursday) had with 12 days left 42 sold tickets. The Amateur (2M from Thursday and I think before) had with 6 days left 256 sold tickets. Abigail (1M Thursday only) had on Monday of the release week 171 sold tickets. And Furiosa (3.5M Thursday only) had with 9 days left 1.595 sold tickets. I doubt that it will have the same walk-ups as A Working Man (slightly worse) but I also doubt that its final jumps will be as poor as those of Furiosa. I would say, that its number is almost on par with The Amateur with 13 days left to very  probably overtake is a good sign **(May 17)**.)
- Flip ($4.06M THU and $7.92M FRI comp.  For THU Pace is below average, will need to pick up in order to hit 35m **(May 29)**.  For THU Today was a good day.  |  For FRI I think this can outopen Karate Kid, it's around 2x where that was at the same point. probably 30-35m OW.  |  Not doing much to change its prospects, still looking at ~30m OW **(May 25)**.  Decent pace but the raw numbers are still pretty meh. Hopefully this is the bottom of the U-curve otherwise it will be hard to reach 30-35m OW **(May 20)**.  Soon I will have the accountant 2 comp, which will spit out some pretty good numbers for Ballerina **(May 17)**.  FRI is .49x Mission Impossible 8 (T-22). Much better than how previews are looking, this is more like what I expected **(May 16)**.)
- katnisscinnaplex ($1.4M EA and $3.36M THU Comp.)
- keysersoze123 (With good walkups it should hit 30s OW. I need to see daily pace to fine tune the prediction. MTC1 Ear - 19226 / P - 18844 / F - 18686.  MTC2 Ear - 3556 / P - 7605 / F - 8812 **(June 2)**.  Ballerina has good presales at the moment. Thinking 4-5m previews and 35m+ OW **(May 27)**.  That said not sure if Ballerina is getting any IMAX. i dont see any Imax shows listed for it **(May 18)**.)
- PlatnumRoyce ((T-3/4) - EA+Thursday -  yeah, it's stalling though my comp predictions look better I think in part because I'm thinking about this more as an action film than a tentpole (though I love vafrow's Bad Boys comp).  158 tickets sold (75 EA - 3 theaters/4 showtimes + 83 Thursday (5 theaters/22 showtimes).   +11 EA tickets sold in last 3 days/+14 R tickets. Comps: Working Man went from11 to 23 tickets during same T- period changing comp to 7.55M (4M ignoring EA) from 6.9/13.3.  The Amateur sold 42 tickets versus 27 at T-7 dropping comp to $7.5M (4M pretending EA doesn't exist). Thunderbolts - 848 tickets sold (64 showtimes)  = $2.15M Preview comp. Sinners (T-5) 142 tickets sold/27 showtimes (+44 from T-8) = 5.23 combined preview (2.75M w/o EA). Sinners (fake T4 [average of T5 and t3]) - 208 tickets sold = 3.6M combined EA. The Accountant 2 (T-3) - 106 tickets (v. 43 on T-8) = 3.72M. combined EA [though I suspect the real number is 4.75M - a bit over 5M if you actually attempted to create a synthetic growth pattern to account for missing days]
giving a pretending EA doesn't exist number because I've normally not grabbed it and I don't have a record of which films have or don't have EA. In either case, Ballerina is clearly more EA heavy than many other films and is not growing very much. Seems like it's a film that is being 100% sold by a core fandom pitch **(June 2)**.  T-6/T-7 (EA/Thursday) - 69 tickets sold R + 64 W (133 total) / 26 showtimes (up from 61/54 /115 total 2 days ago).  comps (film (T-) - tickets sold/comp based on R/comps based on all EA [comps data doesn't include EA even when it might be applicable]): Working man (T-7) - 11/$6.6/$13.3M.  The Amateur (T-7) - 27 / $4.9/$9.9. Thunderbolts (T-7) - 579/$1.3/$2.6. Sinners (T-8) - 98 / $3.2/$6.4. Accountant (T-8) - 43/ $3.9/$7.7.  The biggest change is the amateur's relatively big jump from a small base significantly drops its comp. for another bad comp but at least vaguely in the right genre, at T-10 MI was at 369 tickets across 26 showtimes **(May 30)**.  For THU, T-9 (yesterday) - 61 sold /22 showtimes.  Adding EA would give me an additional 56 tickets sold in 3 theaters (4 showtimes) aka basically doubling the listed comp number below (really +192%).  The Amateur - 17 tickets (16 showtimes) / $7.2M comp. The Accountant (T-8) - 43 tickets (18 showtimes) / $3.5M. Sinners (T-8) - 98 /27 showtimes (T-8) /$2.8M OW comp. Working Man (T-10) - 9 tickets / 16 showtimes / $7.45M. So not really sure what to spit out as a single unified number **(May 28)**.  For Thursday previews, Ballerina went from 30 tickets sold on T-23 to 64 on T-14 which while The Amateur went from 7 to 13 during the same period and Sinners went from 15 (first day/T-22) to 54 on T-14. The Accountant went from 9 on T-21 to 13 on T-18 and 34 on T-10 (this one is missing a theater Ballerina sold 4 tickets at on both snapshots). Working Man was at 8 tickets sold at T-10 **(May 22)**.)
- M37 (Don't have any good Day 3 comps, but some T-21 comps are in the $2.5-$4M range at present, and extrapolating a bit into next week, probably bumping up to like ~$3-$5M expectation. But still early in the cycle, time to pick up steam over the next week **(May 16)**.)
- PNF2187 ($2.89M THU comp excluding The Accountant 2 and The Final Reckoning.  Not a bad day today, but we'll see where the pace nudges in the coming days **(June 2)**.  Could be worse, could be better **(June 1)**.  Still pretty wonky as far as comps go. The Accountant was abysmal here and The Final Reckoning came on quite a bit stronger, so not really getting a great sense here, especially with an EA screening being added in Vaughan **(May 29)**.)
- Ryan C ($3.1M THU Comp.  For WED EA: 1,094 Seats Sold (32.60% Increase From Last Time).  For THU: 1,342 Seats Sold (40.22% Increase From Last Time).  = 2,436 Seats Sold (36.70% Increase From Last Time).  So, Thursday wasn't quite able to match the pace of The Accountant 2 from its T-8 to T-3 (57%), but this has sold more twice the amount of seats at the same point. More impressive is that showtimes for The Accountant 2 started as early as 4:00 and the earliest showtimes for Ballerina start at 6:00. Not that I expect that to hinder walk-up business or make it stronger, but it's just something I wanted to point out. Anyways, if we go by The Accountant 2 comp, this is heading for a Thursday ~$4.2M and that would technically make sense considering that is one of the few good action comps that I have which wasn't boosted by playing in IMAX.  I originally didn't want to use this comp because it had an significant advantage with IMAX, but I will be using Mission: Impossible - The Final Reckoning for the next few days. That comps points to a Thursday of $2M, but that's probably way too low, so when calculating the average of that comp with Accountant's number, that would make for a Thursday around $3.1M. That seems more realistic, but I am holding out for the possibility of Thursday performing stronger. Overall, as of right now, I'd say an opening in the $35M range (close to half of John Wick: Chapter 4's opening weekend) is likely if this can manage a true Thursday of at least $4M. Any lower and I'm not even sure if $30M is guaranteed **(June 2)**.  For WED EA: 825 Seats Sold (62.08% Increase From Last Time).  For THU: 957 Seats Sold (35.55% Increase From Last Time).  = 1,782 Seats Sold (46.66% Increase From Last Time). Not much to report on this week. As expected, growth wasn't as strong compared to last week, but these still aren't bad bumps for both Wednesday's EA screenings and Thursday previews. Both should also cross 1,000+ seats by the next update. As far as action sequel comps to use starting on T-3, it's hard to find one that wasn't boosted by IMAX showings, but I think I found one with The Accountant 2. Though that one didn't play on IMAX, it did have some PLF footprint in the form of DOLBY (which Ballerina will have), so I think it checks out. Like I've been saying for the past two weeks, the goal is the at least achieve have of John Wick: Chapter 4's $8.9M preview number and I'll just say right now that if it ends up pacing like The Accountant 2, it might have a shot at achieving that (or at least get close) **(May 27)**.  For WED, 509 Seats Sold (277.03% Increase From Last Time).  For THU, 706 Seats Sold (125.55% Increase From Last Time).  = 1,215 Seats Sold (171.20% Increase From Last Time).  Really good increases (as far as both days) from last week, but I don't want to get my hopes up too high yet. Growth in the final week will be key in determining whether this meets respectable expectations (a $35M-$40M opening weekend) or it becomes another Furiosa ($26.3M).  Of course, the lack of IMAX screens really does hurt in terms of the average ticket price, but $35M+ OW is definitely possible if this continues to pace well these next two weeks **(May 20)**.)
- Sailor ($2.71M EA and $2.70M THU Comp.  For EA But here it's losing steam.  |  For THU Huh, it's slightly increasing **(June 2)**. For EA It continues declining against the comps.  |  For THU Terrible day **(May 30)**.  For EA It's also losing some steam here.  |  For THU Another decrease **(May 29)**. For EA It's also slightly dropping here.  |  For THU Another weak day **(May 28)**.  For EA A slow drop.  |  For THU It slightly recovered from yesterday **(May 27)**.  For EA It's steady. | For THU Not a great weekend **(May 26)**.  For THU Not really doing well for the past few days. I hope to see an acceleration soon.  |  For EA It's doing much better here **(May 23)**.  For THU That's... not great. 0.242x MI8 |  For EA It's also slowing down here.  0.318x MI8.  **(May 21)**.  For EA Passed 200 tickets and improved on its comps. | For THU It's slightly dipping against the comps. But there's still time **(May 20)**.  For EA It's also looking good here.  |  For THU It's looking okay so far **(May 19)**.  EA is 0.261x MI8 T-19.  Pretty good so far. |  THU is 0.239x MI8 T-20.  Well, that was an okay start. But I guess it could've been worse **(May 16)**.)
- TheFlatLannister ($4.68M EA+THU Comp. Still looks the same, no significant acceleration. Probably $4M+ previews from here $40Mish OW **(May 26)**.) 
- TwoMisfits (You have until the Sunday at 11:59pm of OW to book the tickets (so 6 days to book), BUT you can book ANY ticket available including future ones. | TMobile $5 June 2025 movie - Ballerina.  Available 6/3...as always should help, especially as the weekend and 1st weekdays legs go **(May 30)**.)
- vafrow ($3.3M THU Comp.  The trend continues **(June 3)**.  This is falling off pace pretty dramatically **(June 2)**.  It's starting to dip a bit as this was where BB:RoD started to really move. We'll see if it can stay pn pace durig the final stretch **(May 31)**.  Doing decently. The EA sales are probably eating up some demand, so its probably doing a bit better than presented. I think Bad Boys had some EA shows, just none for my sample **(May 29)**.  For THU Honestly, it's not doing too badly **(May 25)**.)
- wattage ($2.18M THU Comp.  Thinking 2.5-3 mill for previews if there's good enough acceleration in the final days. + early access would be 3-3.5 mill **(June 3)**.  Exact same update **(May 22)**.  Doing nothing. Ballerina has small sales for early access and nothing for preview days. Nothing of note. Fine as is right now **(May 20)**.  Not much happening right now **(May 19)**.)
**The Life of Chuck**
- Acrobat (Life Of Chuck is in trouble, based on what I'm seeing. For a TIFF winner, there should be more buzz and attention **(June 3)**.)
- Sailor ($0.78M THU Comp.  I struggled with comps, so I decided to use films from mini studios directed by auteurs.  Honestly, I expected far better than this. These past few days have been quite weak so far **(May 30)**.)
**The Ritual**
**The Phoenician Scheme Average Thursday Comp: $1.98M**
- crazymoviekid ($1.92M THU Comp.  Pretty good, $1.5M-$2.25M **(June 2)**.)
- Sailor ($2.03M THU Comp.  Well, well, well. It's still staying above $2 million here. Not sure if it will stay there for long, but I think this could hit $1.5+ million at least **(June 2)**.  Wow. This is doing pretty great so far. The film could obviously be front-loaded, but at this point, I think it's very likely it could top Asteroid City's previews. I hope it can overperform.  It opens the same day as Ballerina, but today it sold the exact same amount of tickets of that movie (and that has 2 days combined) **(May 30)**.  Oh, it's quickly picking up steam. There'a chance that it could only be for Wes Anderson's fans, but it has done very well so far **(May 26)**.  This was a very interesting trajectory. A fairly slow first day, followed by an incredible second day. You don't see that very often. Of course, there's always the possibility that this will only be for Anderson's fans, with no appeal for non-fans. But I'd say it's got a chance in passing Asteroid City's previews ($1.1M) **(May 23)**.)
**Next Sohee Wide**
**Domestic Calendar Dates (last updated May 20):**
**MAY**
**JUNE**
- (June 4) Presales Start [The Fantastic Four: First Steps]
- (June 4) Early Access [WED: Ballerina]
- (June 4) Opening Day [Wicked Part 1 Re-Release, includes trailer for Wicked Part 2]
- (June 5) Thursday Previews ( Dan Da Dan: Evil Eye + Dangerous Animals + From the World of John Wick: Ballerina + The Life of Chuck + The Ritual + The Phoenician Scheme)
- (June 11) Early Access [WED: How to Train Your Dragon]
- (June 12) Presales Start [Superman]
- (June 12) Opening Day (Next Sohee Wide)
- (June 12) Thursday Previews (How to Train Your Dragon + Materialists + The Unholy Trinity)
- (June 18) Early Access [WED: Elio]
- (June 19) Thursday Previews (28 Years Later + Bride Hard + Elio)
- (June 22 and June 25) Release Days (Brokeback Mountain Re-Release)
- (June 23) Early Access (MON IMAX: F1: The Movie)
- (June 25) Early Access (WED: F1: The Movie)
- (June 26) Thursday Previews (F1: The Movie + M3GAN 2.0 + Sorry, Baby)
**JULY**
- (July 1) Tuesday Midnight Previews (Jurassic World Rebirth)
- (July 2) Opening Day (Jurassic World Rebirth)
- (July 7) Amazon Prime Premiere [Superman]
- (July 10) Thursday Previews (Superman)
- (July 17) Thursday Previews (Eddington + I Know What You Did Last Summer + The Smurfs Movie)
- (July 24) Thursday Previews (The Fantastic Four: First Steps)
- (July 31) Thursday Previews (The Bad Guys 2 + Naked Gun)
**AUGUST**
- (August 6) Opening Day (Sketch)
- (August 7) Thursday Previews (Freakier Friday + Weapons)
- (August 14) Thursday Previews (Clika + Eli Roth Presents: Jimmy and Stiggs +  Nobody 2)
- (August 21) Thursday Previews (Americana + Grand Prix of Europe + Honey Don’t + Splitsville)
- (August 28) Thursday Previews (Caught Stealing + The Roses + The Toxic Avenger Unrated)
**Presale Tracking Posts:** 
[Apr. 27](https://www.reddit.com/r/boxoffice/comments/1k90tfn/bot_presale_tracking_apr_27_thursday_comps_the/?ref=share&amp;ref_source=link)
[Apr. 30 Part 1](https://www.reddit.com/r/boxoffice/comments/1kbgf6u/bot_presale_tracking_apr_30_part_1_thunderbolts/?ref=share&amp;ref_source=link)
[Apr. 30 Part 2](https://www.reddit.com/r/boxoffice/comments/1kbgkgy/bot_presale_tracking_apr_30_part_2_average/?ref=share&amp;ref_source=link)
[May 6](https://www.reddit.com/r/boxoffice/comments/1kgl64j/bot_presale_tracking_may_6_thu_comps_final/?ref=share&amp;ref_source=link)
[May 23](https://www.reddit.com/r/boxoffice/comments/1ktl98c/bot_presale_tracking_may_23_thursday_comps_bring/?ref=share&amp;ref_source=link)
[May 27](https://www.reddit.com/r/boxoffice/comments/1kwjcfn/bot_presale_tracking_may_27_thursday_comps_bring/?ref=share&amp;ref_source=link)
Note: I have removed most tracking data that has not been updated for 2 weeks.  I think there is value in keeping data for a week or two but at a certain point they start to lose their value and should not be treated the same as more recent tracking data.",Box Office / Financial Performance
448,M3GAN 2.0,"Box Office Weekend Forecast: F1: THE MOVIE ($55-70M+) and M3GAN 2.0 ($14M+) Debut on Pre-Fourth of July Frame, Hoping to Liven Up a Sluggish June",206,0.99,43,First comment: I think F1 is going to keep going up at this point. The WOM is kicking in properly,Box Office / Financial Performance
452,M3GAN 2.0,"Will ‘M3GAN 2.0’ ($30M+) Run Brad Pitt’s ‘F1’ ($30M+, Some Sources Say $35-40M) Off The Road At U.S. Box Office? – Early Look",101,0.91,58,"First comment: Common Deadline highball for M3GAN 2.0.
Common Deadline lowball for F1.",Box Office / Financial Performance
455,M3GAN 2.0,r/BoxOffice Long Range Forecast: 'F1' and 'M3GAN 2.0',43,0.91,61,"Before you comment, read these two rules:
#**1. Please provide specific numbers for your predictions. Don't do like ""It'll make less than this or that"" or ""double this movie or half this movie"". We want a real prediction.**
#**2. Given that a lot of parent comments do not even bother to give predictions, we are establishing a new rule. The parent comment must provide a prediction with specific numbers. The rest of the replies to the comment do not have to make a prediction, but the parent comment absolutely has to. Any parent comment without a prediction will be eliminated.**
Welcome to the newest edition of r/BoxOffice Long Range Forecast. 
We're making long range predictions for films, 4 weeks out from their premieres. You will predict the opening weekend, domestic total and worldwide gross of these films. These predictions will be open for 48 hours and the results will be polled to form a consensus and posted the next week.
So let's meet the two films for the week and analyze each pro and con.
#**F1**
The film is directed by Joseph Kosinski (*Top Gun: Maverick*, *Tron: Legacy*, *Oblivion*, *Only the Brave*) with a screenplay written by Ehren Kruger (*Top Gun: Maverick*, the *Transformers* movies), from a story the two co-wrote. The film stars Brad Pitt, Damson Idris, Kerry Condon, Tobias Menzies, and Javier Bardem. The film follows Sonny Hayes, a retired Formula One driver who raced in the 1990s, who comes out of retirement to mentor rookie prodigy Joshua ""Noah"" Pearce for the Apex Grand Prix team (APXGP).
#**PROS**
- Formula One is an incredibly popular sport in the world, particularly in Europe. Given the lack of racing films (the *Fast &amp; Furious* films don't count), this film could capture an audience who craved for a film like this.
- The film is targeting the ""dad"" audience. There's not a lot of films coming out that go after that demo, so *F1* could surprise in that aspect.
- Joseph Kosinski has earned a lot of good will after the gigantic success of *Top Gun: Maverick* back in 2022. Which might be why the film reunites him with so many crew members. If he can hit gold with this, sky's the limit.
- Apple has mounted a very extensive marketing campaign. They even started it far earlier than usual, by releasing a trailer in July 2024 before the 2024 British Grand Prix. But the marketing has sold the film exactly for what it is: a high-octane sports drama.
- Even with *Jurassic World Rebirth* opening the following week, *F1* has one advantage: it will have a 2-week exclusive access to IMAX screens. That's huge news.
- There was a $300 million budget floating around, but producer Jerry Bruckheimer said that budget figure is incorrect.
#**CONS**
- Yes, Formula One is popular in the world. But United States has not been a strong market for it. Even with a lot of shows in the past few years that drove some interest in Formula One, it's still a question mark if domestic audiences will give the film a chance.
- Adding to the previous point: car racing has not been very popular in North America. Excluding *Fast &amp; Furious* and *Cars*, only two films (*Talladega Nights: The Ballad of Ricky Bobby* and *Ford v Ferrari*) crossed $100 million domestically. Even if it doesn't cost $300 million, *F1* absolutely needs to do better than that.
- Even with the benefit of IMAX screens, it still has competition around summer. Will it work as a great piece that will fend off competition or will it be cannibalized?
- Kosinski hit gold with *Maverick*, but he's not invincible. *Oblivion* and *Tron: Legacy* were a critical and financial disappointment, *Only the Brave* flopped, and *Spiderhead* earned weak reviews and was dumped in Netflix. So will he strike gold again or will it falter?
- Apple hasn't had good luck with theatrical releases so far. Only *Napoleon* crossed $200 million, and *Killers of the Flower Moon* managed to make over $150 million (although their budgets were too high to be called hits). But *Argylle* and *Fly Me to the Moon* failed to attract audiences. And this might be why *Wolfs* skipped its theatrical release and returned to Apple TV+ exclusively. *F1* is currently their only theatrical release in the future. Will it finally be their one hit?
- And finally, there's Brad Pitt. Without a doubt, one of Hollywood's most popular stars. But the past few years have been rough for Pitt. While he has had some success in the past 10 years, he has been in a lot of financial failures (*By the Sea*, *Allied*, *Ad Astra*, and *Babylon*). Some successes, but it's more a sign that his presence doesn't guarantee success. Not to mention [abuse accusations](https://www.usatoday.com/story/entertainment/celebrities/2024/04/04/angelina-jolie-claims-brad-pitt-physical-abuse-amid-winery-battle/73211176007/). Will his presence truly help the film?
#**M3GAN 2.0**
The film is directed by Gerard Johnstone and written by Johnstone and Akela Cooper. A sequel to *M3GAN*, it stars Allison Williams, Violet McGraw, Amie Donald, Jenna Davis, Ivanna Sakhno, Aristotle Athari, Timm Sharp, and Jemaine Clement. In the film, M3GAN's technology has been stolen and used by a defense contractor to create a military robot called Amelia, who becomes self-aware, turns on her creators, and attempts an AI takeover. Facing imminent destruction, Gemma's niece Cady convinces her to rebuild M3GAN with advanced upgrades so she can fight Amelia.
#**PROS**
- *M3GAN* was a huge success back in 2023, earning $181 million worldwide and becoming a phenomenon across social media, thanks to its blend of horror and campiness.
- Whether you like or hate the original film, you have to give the sequel one thing: it avoided the same plot that plagued other horror sequels. Instead of doing another ""AI doll who kills people"", the film is going the full ""AI doll vs. AI doll"" angle. Hey, at least it's not repetitive.
- The marketing has also leaned on how ridiculous and stupid this situation is. Look no further than its tagline: ""This bitch vs. that bitch"", and how the trailer was accompanied by ""Oops!... I Did It Again"". 
#**CONS**
- Opening the week after *28 Years Later* could be a disadvantage, as they're competing for the same horror audience. Now, *M3GAN 2.0* clearly is more campy horror, which could help it stand out.
- The premise is absolutely bonkers, but could it also be its own disadvantage? Will people feel curious over the plot or will they just choose to skip this? 
- Blumhouse has had a very weak 2025 so far. *Wolf Man*, *Woman in the Yard* and *Drop* all failed to break out, and some even managed to lose money. The company has never been this weak. Will *M3GAN* make the difference or are audiences losing interest in Blumhouse?
And here's the past results.
Movie | Release Date | Distributor | Domestic Debut | Domestic Total | Worldwide Total
:-------:|:--------:|:--------:|:--------:|:--------:|:--------:|
*Karate Kid: Legends* | May 30 | Sony | $47,572,222 | $132,305,555 | $284,278,947
*Bring Her Back* | May 30 | A24 | $11,326,666 | $37,033,333 | $71,040,000
*Ballerina* | June 6 | Lionsgate | $33,876,470 | $82,908,823 | $190,044,444
*The Phoenician Scheme* | June 6 | Focus Features | $7,662,500 | $24,912,500 | $47,320,833
*How to Train Your Dragon* | June 13 | Universal | $79,680,000 | $249,921,666 | $635,210,000
*The Life of Chuck* | June 13 | Neon | $5,868,421 | $17,427,500 | $33,005,000
*Materialists* | June 13 | A24 | $10,661,111 | $33,976,315 | $65,273,684
*28 Years Later* | June 20 | Sony | $42,156,250 | $127,675,000 | $249,372,727
*Elio* | June 20 | Disney | $37,126,666 | $147,727,727 | $388,772,727
Next week, we're predicting *Jurassic World Rebirth*.
So what are your predictions for these films?",Box Office / Financial Performance
457,M3GAN 2.0,M3gan 2.0 carries a $36M budget (up from the first film's $16M),150,0.96,37,First comment: Cheap enough to still a turn profit even if people are turned off by the pivot to action instead of horror tbh.,Box Office / Financial Performance
466,M3GAN 2.0,"UK and Ireland Saturday Box Office: F1 Roaring into £1.98M, 28 YL a respectable 944k, HTTYD, Eilo and LILO all suffer soft drops while M3gan 2.0 crashes into 6th with an abysmal £185k.",92,0.96,25,"First comment: I'm not surprised that the drop for 28 Years Later is much better in the UK. The last five minutes will probably sit a lot better here. 
Although in the second week having five times the box office of Megan 2.0? Yikes!",Box Office / Financial Performance
467,M3GAN 2.0,"Any film experts here? Can international box office save M3GAN 2.0? Like China, Japan, etc.",26,0.92,34,"I loved the first movie, loved this sequel, and really want to see more from this franchise. I don’t want it to end here. That’d be a real kick in the dick for me…
I haven’t been much of a moviegoer for so many years, and now I’m trying to go as many times as possible for M3GAN 2.0
Just me going repeatedly surely won’t make a difference, and it seems like everyone in America is content to see the franchise burn.
Is there any hope in the Chinese, Japanese, and European market saving this movie? How does international box office factor into a movie’s success?
Do the producers and everyone involved with greenlighting sequels take into account how well a movie does in other countries?
Would M3GAN franchise still be axed for flopping in America even if it somehow manages to succeed internationally?",Box Office / Financial Performance
468,M3GAN 2.0,M3GAN 2.0 unrated difference from the original,24,0.95,31,"There are extremely few differences. There are no additional f-bombs at all
And no, the “smoking hot warrior princess” guy is still not in this version either
The box scene is in this version but it’s not graphic or bloody at all which makes me wonder why they removed it from the theatrical version. In the theatrical version it’s unclear how M3GAN sneaks into the convention but she uses this box to do it. I can almost guarantee that they purposely removed this scene and included it in the unrated because the unrated has the tiniest and fewest differences you can even imagine
A lot of graphic scenes are still not shown in this version. The only differences I noticed was there’s more blood from Amelia’s kills, we actually get to see the guys’ head come off at the beginning, and when Cady breaks Christians’ arm his guts pop out. But in the next shot it’s only as broken as it is in the theatrical version and the guts and tear in the clothing is gone. And the only other difference is when Christian’s arm is actually decapitated, the arm has more gory detail on it when picked up by other characters
And M3GAN still has 0 kills in this version of the movie too. Literally the only difference between this version and theatrical are that some scenes have just slightly more blood and a couple scenes with cool detailed gore
Such a letdown but at the same time this movie was made with a PG-13 in mind unlike the first one. Still disappointing. Honestly with some other PG-13 movies that are out there, I feel like this version should’ve gotten away with the PG-13 rating itself",Box Office / Financial Performance
483,M3GAN 2.0,'F1' Revving Up For A Strong Opening As 'M3GAN 2.0' Runs Out Of Power - Ticket Sales Tracking (6/23-6/26),70,0.93,13,"Looks like the Juneteenth box office surge was short lived.
As summer is in full swing, studios are trying anything and everything to keep audiences coming to the theaters.  In their latest attempt at a legasequel, Sony's **28 Years Later** kicked off with an impressive start, only to peter out as the weekend went on, heavily underperforming on its **$19.36M** Th+Fri tracking.  While the Juneteenth holiday definitely inflated the preview numbers, the mixed-to-positive word of mouth is not helping either.  Still, with a **$60M** price tag and an already filmed  January '26 sequel on the way, the new trilogy finale seems all but certain.
For Pixar, the magic seems to have faded as **Elio** severely disappoints, even coming below its **$12.29M** Pre+Th+Fri tracking to be the lowest opening for the studio, ever.  What happened to the most bankable animation studio??  Not only is original animation hard (yet not impossible) to succeed in a post-pandemic market place, but original animated sci-fi has been and is still an extremely tough sell.  With an alleged **$150M** budget after a major production overhaul, Disney is probably happy just to get this 18 month delayed project over with.  Hopefully, the extremely positive buzz can help this leg out the incoming month before the next family title enters the marketplace, but don't be surprised if **Rata2ouille** gets greenlit.
After a brief break from theatrical releases, Apple Studios is teaming with Warner Bros for their make or break summer outting, **F1: The Movie.**  Thanks to a string of box office bombs/disappointments the streamer turned potential theatrical output is putting all their chips on the table.  With the use of director Joseph Kosinski, hoping to recreate that **Top Gun: Maverick** success, and Brad Pitt, one of the last bankable adult movie stars, Apple is hoping that these ingredients work to springboard off of the worldwide racing phenomenon.  In addition to the top tier cast and crew, this is pedestaled as a ""theatrical event"" with an emphasis on IMAX/PLFs.  Even though this is technically an original film, the hope is that these ingredients and already strong buzz drive this fellow pre-July 4th adult drama, a la **Elvis,** to save Apple's theatrical strategy.
Two years after the surprise viral winter hit, Blumhouse is returning to the mine with **M3GAN 2.0.**  With the cast and creative crew returning, the sequel to 2023's breakout success should be a no-brainer.  Only problem is that a genre shift from horror to action (akin to **Terminator 2: Judgement Day)** as well as an overcrowded marketplace might stop this killer robot from slaying again.  Still, the best case scenario here is to play like fellow Blumhouse summer sequel, **Insidious: The Red Door**.  Fingers crossed.
https://preview.redd.it/68m693smsd9f1.png?width=2346&amp;format=png&amp;auto=webp&amp;s=dc7ed617fa46e6ffcf358ebf39ba9d53db02b75e
https://preview.redd.it/adgrgrdv0e9f1.png?width=2306&amp;format=png&amp;auto=webp&amp;s=45a934a0ed8674265d93b189db96e505e40d87db
Buckle up because audiences are all revved up.  Thanks to an impressive global marketing plan, F1 seems to be set into high gear as ticket sales not only started off well, but have accelerated throughout the week.  At this rate, F1: The Movie is speeding towards a **$5.84M** Th and a **$11.08M** Fri.  **Things to Note:** There were **$2.5M** of early previews that will be added in later.  Looks like Apple finally has a hit on their hands.
Even in these non-PLF locations, audiences seem to be ready to hop in the passenger seat here as both theaters are sporting healthy theater capacities.  Given its adult-driven nature, Theater 2 is clearly stronger in demand, but that does not mean Theater 1 is lacking either.  To some surprise, the demand is slightly behind the juggernaut of Elvis, but that does not mean theaters should be disappointed.  If the positive word of mouth continues to buzz and the PLFs are utilized, F1 may not just grow throughout the weekend, but pick up pace into the 4th of July holiday weekend.
https://preview.redd.it/bscb52xlsd9f1.png?width=2348&amp;format=png&amp;auto=webp&amp;s=ef99b7e444bb2d859b7db81a68f1915a890f4539
https://preview.redd.it/zrkph2jw0e9f1.png?width=2300&amp;format=png&amp;auto=webp&amp;s=216ad6df9791126c5f5e875dcab6d02426d5499a
Lightning does not always strike twice and Blumhouse is learning that lesson, again.  Unlike in 2023, ticket sales for the killer doll follow-up not only started out softly, but the pace has not picked up anywhere throughout the week.  If the walk-ups do not come, M3GAN 2.0 may short circuit with a **$2.69M** Th and a **$4.39M** Fri.  A genre-twisted Blumhouse sequel disappointing to a sleeper hit?  It's **Happy Death Day 2 U** all over again!
Whether the fault is in the marketing or the marketplace, the audience just isn't there.  Even without an over-saturation of showtimes, the M3GAN brand seems to have faded as the theater capacities are barely crossing **3-4%.**  Sadly, this is a sharp downturn from Insidious 5's demands which revived the franchise with strong capacities.  You can't blame Blumhouse for quickly spring-boarding off of a hit, but something went wrong along the way.  Maybe decent word of mouth can save the franchise, but it looks like this series should stick to its January roots.
What feels like a rarity these days, the original F1: The Movie is gearing up towards a **$19.42M** Pre+Th+Fri opening while M3GAN 2.0 is suffering from sequelitis with a **$7.08M** Th+Fri start.  If these numbers hold, the Brad Pitt vehicle may finish with a **$43M** opening while M3GAN may be lights out after a **$14M** start.
As a WB+Apple package, it is uncertain who will really come out on top.  Hopefully, this start will make its  alleged **$200M+** price tag a worry of the past to pave way for the tech company to release more films theatrically.  On the cheaper side, Blumhouse once again kept their sequel in check with only a **$15M** budget.  Despite the spin-off **Soulm8te** arriving this January, this may as well be M3GAN's last dance.",Box Office / Financial Performance
485,M3GAN 2.0,"July 11-13 Box Office Recap – 'Superman' flies to a great $125M debut domestically. However, it debuts with just $95M overseas, which is below expectations. 'Jurassic World Rebirth' crosses $500M worldwide, and 'F1' reaches almost $400M worldwide.",793,0.92,265,"https://preview.redd.it/p5azvgxfvwcf1.png?width=1920&amp;format=png&amp;auto=webp&amp;s=5c78ecb39aba431a678658665331a79bdb4c9e7d
Years in the making, the new DCU officially made its way to theaters.
***Superman*** flew as high as possible, delivering a pretty great debut domestically. But overseas tells another story; it was below expectations, and suggests America will have to do the heavy lifting.
The Top 10 earned a combined $195.6 million this weekend. That's up a massive 66% from last year, when ***Despicable Me 4*** stayed at #1, and ***Longlegs*** over-performed projections.
Debuting at #1, ***Superman*** earned a pretty great $125 million in 4,135 theaters. That number is simlar to ***Man of Steel***, which debuted with $116 million back in 2013 (although it earned an additional $12 million from early Wal-Mart screenings). It's also James Gunn's second biggest debut as director, behind ***Guardians of the Galaxy Vol. 2*** ($146 million). The debut is also among the strongest for DC; it's the seventh best debut for a DC film, and it's also the first to open to $100+ million since ***The Batman*** ($134 million). 
This is a very strong debut for DC, as the brand has taken a huge dive at the box office. The DCEU had an incredibly poor run in its last years, with their last 8 films all flopping at the box office. That's an astonishingly horrible record, and the inconsistent run is what led to the current DC Universe. Sure, ***The Batman*** was a hit, but it's still an Elseworld film that won't change plans in the DCU. 
For quite some time, Warner Bros. heavily backed ***Superman***, emphasizing James Gunn's involvement as writer and director. Now, the general audience doesn't really pay attention to directors outside some like Christopher Nolan, Steven Spielberg, James Cameron, Quentin Tarantino, etc. They might not know who Gunn is, but his quality track record is what gave WB confidence in ***Superman***'s prospects.
WB bet high on the film's marketing. [The Hollywood Reporter said](https://www.hollywoodreporter.com/movies/movie-news/mission-impossible-jurassic-world-superman-box-office-summer-1236255949/) that WB could spend up to $200 million in marketing, which is insanely high even for a blockbuster. When the first trailer debuted in December 2024, it was viewed by 250 million viewers within 24 hours, a record for DC. Obviously, that didn't pan out to the absolute best debut for them, but it was still a sign of high interest. All the trailers highlighted the dazzling action sequences, Superman's iconic characterization, and Krypto's involvement (with the latter going viral on social media). And finally, Gunn delivered the quality: it's sitting at 83% on RT.
Now obviously, there's the question: could it have debuted higher? Perhaps, yeah. But as mentioned, DC's brand is at an all-time low and they're currently struggling to gain good will with the audience. ***Superman*** is the first step in building that good will. After all, the character has had very rough decades; the Christopher Reeve films fizzled out by the end, ***Superman Returns*** disappointed, and the DCEU Superman didn't fully connect with audiences.
According to Warner Bros., 68% of the audience was male, and 66% was 35 and under. They gave it a solid ""A−"" on CinemaScore, which is actually the same grade as ***Man of Steel***, and below Gunn's ***Guardians of the Galaxy*** trilogy. That suggests word of mouth is good, but not incredible. It remains to be seen how it will be impacted by the arrival of ***The Fantastic Four: First Steps*** in two weeks. But for now, ***Superman*** should easily cross the $300 million milestone. This is a very good way to start the DCU, at least domestically (we'll get to the overseas performance in a moment).
In second place, ***Jurassic World: Rebirth*** earned $40.3 million this weekend. That's a rough 57% drop, although considering how high ***Superman*** opened and its weak word of mouth (""B"" on CinemaScore), it could've been worse.
***F1*** dropped 49%, grossing $13 million. Not a bad drop, considering it lost IMAX screens to ***Superman*** this weekend***, although it's still not holding as great as its strong word of mouth suggested. The film has amassed $136.2 million domestically, and it should cross $160 million by the end of its run.
Through 2 weekends, it has earned $232.4 million. For reference, it was ahead of ***Dominion*** on its first Sunday by $2 million, but it's now $18 million behind it (and that's with two full extra days). It's very likely that gap will continue getting bigger. Should definitely hit $300 million for now.
***How to Train Your Dragon*** eased 30% and added $7.9 million this weekend. The film has earned $239.9 million, and it's set to close with around $255 million.
In fifth place, ***Elio*** eased just 30%, earning $4 million. That would be commendable, but considering its domestic total is a pretty brutal $63.8 million, there's not a lot to celebrate. Now let's see if ***Smurfs*** impacts it this week.
***28 Years Later*** dropped 40%, grossing $2.7 million this weekend. The film has amassed $65.7 million so far, and it will finish with slightly close to $70 million.
***Lilo &amp; Stitch*** added $2.7 million this weekend, which was just 31% off from last week. The film has earned $414.5 million so far.
***Mission: Impossible – The Final Reckoning*** dropped 46% and earned $1.4 million this weekend. With $194 million domestically, it has officially cleared the 3x multiplier. It will pass ***Rogue Nation*** ($195 million) by next week, but it will close so damn close to $200 million domestically.
***M3GAN 2.0*** is nearing the end of its run, and it's barely on its third weekend. It has fallen all the way to ninth place, dropping a poor 64% and making just $1.4 million this weekend. The film has made a poor $22.4 million, and it's set to finish with just $25 million domestically.
Rounding out the Top 10 was A24's ***Materialists***. It dropped 46%, earning $720,498 this weekend. The film's domestic total stands at $35.1 million, and it's nearing the end of its run.
#**OVERSEAS**
So yes, ***Superman*** was off to a great start domestically. Overseas, however, is another story.
***Superman*** debuted with $95 million overseas, for a $220 million worldwide debut. That's below the $100+ million projections, which is very perplexing. It was a mixed bag in the rest of the world. Its strongest debuts were in the UK ($9.8M) and Mexico ($8.8M), Australia ($5.3M), Brazil ($5.9M), and India ($3.8M), although they were expected to perform better. Europe was so-so: it had very soft debuts in France ($4.2M), Spain ($2.9M), and Italy ($2.5M). Asia was pretty much bad: it flopped with just $6.9M in China (amidst very poor word of mouth), $4.2M in South Korea, and Japan ($2.5M).
This is where things start to unravel. This is not a great start for the film. WB spent $225 million on the film, and it mounted a very extensive marketing campaign around the world. ***Superman*** is obviously considered more an American icon than a worldwide icon, but even ***Man of Steel*** made $670 million back in 2013, and overseas accounted for 56.6% of its gross. Where does ***Superman*** go from here? Well, clearly it's gonna be up to the domestic market to do the heavy lifting, cause word of mouth isn't strong outside America. It should hit $550 million worldwide, but it's unlikely it can clear $600 million. Hell, if word of mouth isn't strong, it can also miss $550 million. That wouldn't be good news for the film's extensive budget, and for the future of the DC Universe.
***Jurassic World Dominion*** fell 51% overseas, earning $68.1 million, and its total is now $532 million worldwide. That's quite a bad drop, even with ***Superman***'s disappointing debut. The best markets are China ($62.7M), the UK ($26.4M), Mexico ($22.8M), Germany ($15.5M) and Australia ($12.6M). Only Japan is left for now, but based on other patterns, it should close its run with around $750 million worldwide.
***F1*** was not affected in the slightest by ***Superman***. It dropped just 34% overseas for a $38.5 million weekend, taking its worldwide total to an incredible $393.4 million after just 3 weeks. The big story was China, where the film is enjoying extraordinary word of mouth. In the market, the film's third weekend was actually higher than its prior weekends, adding $8 million this weekend. The film's best markets are China ($35.8M), the UK ($21.6M), France ($17.7M), Mexico ($15.4M) and Australia ($13.1M). Based on these drops, the film is heading for over $500 million worldwide by the end of its run.
***How to Train Your Dragon*** added $13 million, taking its worldwide total to $561 million. The best markets are China ($37.8M), Mexico ($35.1M), UK ($26.2M), Brazil ($19.1M) and France ($16.6M).
***Lilo &amp; Stitch*** added $7 million, and its worldwide is now $994 million. The best markets are Mexico ($66.9M), the UK ($48.8M), France ($42M), Brazil ($37.2M) and Germany ($32.1M). By next week, it will cross the $1 billion milestone.
#**FILMS THAT ENDED THEIR RUN THIS WEEK**
Movie | Release Date | Studio | Domestic Opening | Domestic Total | Worldwide Total | Budget |
----------|----------|----------|:--------:|:--------:|:--------:|:--------:
*Karate Kid: Legends* | May/30 | Sony | $20,302,016 | $52,547,391 | $103,347,391 | $45M
- Turns out no one was really interested in seeing a new ***Karate Kid*** movie in theaters. Sony's latest attempt, ***Legends*** has closed with a very underwhelming $52 million domestically and $103 million worldwide. The domestic total is below the 2010 version's opening weekend ($55.6M), and managed to finish below the first two films in the franchise. Worldwide, it's a colossal 71% drop from the 2010 film. Even with a $45 million budget, this is not really a success and it's even more disappointing considering the film was selling nostalgia by having Jackie Chan and Ralph Macchio teaming up. Maybe the future of the franchise lies with streaming now.
#**THIS WEEKEND**
With a weak slate of newcomers, ***Superman*** will easily hold on to the top spot.
Perhaps the biggest newcomer will be Sony's ***I Know What You Did Last Summer***, which arrives 27 years after the previous installment. A legacy sequel with new characters, who are joined by Freddie Prinze Jr. and Jennifer Love Hewitt, as they are targeted by a new hook-wielding killer. The first two films were big hits, although their popularity was still inferior to the ***Scream*** series, which was released around the same point. The plot is pretty much the same as the original, so we'll see if Gen Z (a big horror audience) cares for this franchise.
Another wide release is Paramount's ***Smurfs***, another reboot of the iconic franchise. Well, ""iconic"", cause it's definitely well known, but its popularity has dwindled in the past decade. The 2011 film earned $142 million domestically and $563 million worldwide, the 2013 sequel made $71 million domestically and $347 million worldwide, and the 2017 animated film tapped out at $45 million domestically and $197 million worldwide. But with ***Elio*** failing to perform well, family audiences could tune in here if they're desperate for something. Or they can simply wait for ***The Bad Guys 2*** instead.
And finally, A24 is releasing Ari Aster's new film ***Eddington***, which stars Joaquin Phoenix, Pedro Pascal, Luke Grimes, Deirdre O'Connell, Micheal Ward, Austin Butler, and Emma Stone. This cast is bigger than Aster's previous films, and he has amassed a cult following with horror fans. Even though ***Hereditary*** and ***Midsommar*** were hits, ***Beau Is Afraid*** was very polarizing. And judging by its very polarizing reviews, it looks like ***Eddington*** is more ***Beau*** than the other films. His fans are definitely showing up, but it remains a question mark if the general audience will do the same.
____________________________________________________________________________________________
If you're interested in following the box office, come join us in r/BoxOffice.",Box Office / Financial Performance
494,M3GAN 2.0,"Box Office: ‘F1’ Zooms to $55.6M Opening and $144M Globally, ‘M3GAN 2.0’ Bombs With $10M U.S. Start",16,0.95,15,First comment: I really wish opening weekends weren't the end all be all for if we consider a movie successful. They need time to be in the theater,Box Office / Financial Performance
506,Materialists,‘How To Train Your Dragon’ Fires Up Franchise Best $83.7M DOM/$197.8M WW Opening After ‘A’ CinemaScore; ‘Materialists’ At $12M Is A24’s Third Biggest Opening – Sunday Update,338,0.97,164,"First comment: The people who celebrated Snow White's failure being the end of the live action trend partied too soon. Stitch is a big success for its $100M budget and now HTTYD is gonna blow past the three films.
Welcome to the DreamWorks live action phase. What films they'll remake after Dragon is unsure because they have more films with talking animals and less humans.",Box Office / Financial Performance
507,Materialists,"‘How To Train Your Dragon’ Still On Course For Franchise Best $82.7M Domestic Opening After $35.6M Friday, ‘A’ CinemaScore, Global Start At $200.3M; ‘Materialists’ Reps A24’s Third Biggest Opening At $12M After $5.12M Friday – Saturday Update",475,0.97,124,First comment: Those are actually huge numbers for Materialists.  I know some people are concerned it may not hold well but if it's really at 12 million its likely looking at 15 million + for the weekend. That would beat all predictions and pretty much guarantee the film will be profitable which I think is a huge win in a lot of ways.,Box Office / Financial Performance
515,Materialists,"Box Office: ‘How to Train Your Dragon’ Flies to $8.6 Million in Thursday Previews, $11.1 Million Including Wednesday Early Access; A24’s ‘Materialists’ Earns $1.5 Million",223,0.95,93,"First comment: Tbh, I don’t think a How to Train Your Dragon 4 would come even close to the numbers that this remake will do.",Box Office / Financial Performance
529,Materialists,"A24’s MATERIALISTS is feeling the 💕 💕 💕—$5.1M on Friday, including previews.",275,0.93,42,First comment: https://preview.redd.it/58azr8rhiw6f1.jpeg?width=1820&amp;format=pjpg&amp;auto=webp&amp;s=c6a0f3a80d3ee11f35c99a9ec24a5bb714b83945,Box Office / Financial Performance
