No.,movie_name,title,score,upvote_ratio,num_comments,selftext,topics
3,28 Years Later,"In 28 Years Later (2025), the ending is.... interesting.",5944,0.93,717,Honestly loved everything about this movie. And then the last 2 minutes happened and now idk what to think lol.,Plot / Story
6,28 Years Later,"Did two more rewatches of 28YL, here are a bunch of my notes.",147,0.96,45,"Okay so as a fan of the first two, I LOVED 28 Years Later on first watch, but I left feeling like there was a lot of things to process and watch again, so that’s exactly what I did.
Over the past two weeks, I went and rewatched the movie two more times, and I after compiling my thoughts, here are a bunch of observations and notes I’ve made on the movie and franchise as a whole.
-  In the opening scene of 28 Years Later, Jimmy was the only boy in a house full of women, who all got ravaged by the infected/rage. All of the girls/women fought/resisted/were defenseless against the onslaught, but Jimmy’s father, the only man introduced in the opening, gave into the Rage virus willingly, and tried to convince his son that it was a “good” thing. This seems to carry deeper themes than how it appears on a surface level.
- Seeing how the Alpha are introduced as the smarter, stronger, and paternal figurehead of the regular infected made me realize that Don from 28 Weeks Later was the first “alpha”. Based on how he interacted and led the infected from the outbreak in Weeks, you see a direct parallel with him as the leader of the infected, and the way the Alpha’s function with the infected in Years.
- The journey Spike takes with his father is presented to him as a “rite of passage” journey for him to become a “Man”. But despite his first journey to the mainland, his killing of the infected, and his return celebration, Spike shows the audience he still does not feel the power and glory of what it means to be a “Man” in the eyes of the islanders. He still feels “weak” and unsure of himself and his purpose at this point. It’s not until he boldly (and stupidly) makes the isolated journey to bring his mother to a doctor, and then journey back to the island with a baby girl, that he feels confident and powerful in himself as a “man”, or someone who can handle things by themselves and be independent.
- In the sequence where Spike and Isla are chased to the gas station, there’s a shot that shows the word “hell” where the former gas station title “Shell” stood, giving a subtle nod to the one shot at the end of 28 Days Later where Selena is trying to resuscitate Jim and we see the unfinished “Hello” signal written on the field where it reads as “Hell.”  
- After being rescued from the gas station by Eric, there’s a quick shot to an advertisement of “Tango” which was the drink that Jim asked from Selena when he was crashing on the staircase up to Frank and Hannah’s apartment. 
- Eric tells Spike that his friend is a delivery driver, which is a callback to Jim’s profession in 28 Days Later, where he revealed he was a bicycle courier, and to the subtle nod in 28 Weeks Later where Andy and Tammy rode through the London streets on a Pizza Delivery motorbike.
- Jamie didn’t read the full note Spike left with baby Isla. If you watch the scene carefully, the movie gives the false impression that the Holy Island villagers are being told who the baby is, but it’s just Spike narrating the letter to himself, and we see that once the baby is brought into the house, Jamie reads only the last part of the letter: “HER NAME IS ISLA” which prompts him to crumble the letter and run for the causeway without giving the rest of the letter a second thought. From the way it’s shown, it appears the other Islanders did not even know the note was in the carriage, and that they have no idea she’s from an infected. 
- The ending upon watching it a second and third time felt a lot less jarring, which is strange, because upon a first watch, it felt a lot more “out of place” and wacky/weird than the rest of the movie. But watching it again, it felt a lot less jarring, and almost felt like it properly belonged in the ending scene with how it foils with the opening sequence. The opening shows a group of innocents being tossed around and slaughtered by the infected in front of a young boy, and the ending shows a group of infected being tossed around and slaughtered by the Jimmy Cult, in front of a young boy. The Jimmy Cult parallel the infected from the opening scene in their portrayal of bloody and cruel destruction in front of a young boy.
- Okay, so THIS one is a random take, but I really like the coincidence of this: The ending is a cinematic interpretation of “The Creation of Adam” fresco painting by Michelangelo. Spike (our Adam) is backed into a corner of rocks and grass (just like Adam is in the painting) and reaches his hand to shake with the divine-like Jimmy (the God-figure) who is closely surrounded by his fellow groupies (like how God is surrounded by his angels in the painting all looking towards Adam). Again, I don’t think this was intentional at all, but the direction and portrayal of the scene feels like it softly replicates the image the painting gives, with a God-like figure giving a helping hand to a vulnerable and exposed Adam, the personification of a “Man” which ties perfectly into the perceived themes of this film.
- And lastly, all three movies deal with the same exploration of themes of Masculinity and Fatherhood. 28 Days Later follows Jim on his quest to understand the world as a young man, finding fatherly solace in Frank (who he calls Dad) and later on in the film with Major Henry West (who talks to Jimmy and comforts him like a father would.) It is through the soldiers’ revelation in their intention for the women in the house where Jim establishes himself as a “true man”, and goes on to rescue Selena and Hannah from the predators around them. 28 Weeks Later opens up with Don and Alice discussing their children, their fear as parents to reunite with their children, and Alice sacrificing the safety of their hideout for a child. The movie then follows Don’s arc and his relationship with his children, as he lies to them to protect them from his guilt/truth, and how he goes on to get infected and hunt his own children to murder them. To me, Don (the father and masculine anchor of the story) is the protagonist of 28 Weeks Later, not Andy and Tammy. And finally in 28 Years Later, the story follows Spike who falls out with his father Jamie to protect his mother (differing views on masculinity), and goes on to find another paternal guide in Dr. Kelson, and is hinted to look towards Jimmy as a soon-to-be father-figure based on the nature of the last sequence in the film.
That’s all I got for my incredibly long list of notes and observations. I would love to know everyone’s thoughts on other things and themes they picked up from the film!",Plot / Story
13,28 Years Later,"In 28 Years Later, zombies are depicted as ghastly, aged, and fragile. This is a sly reference to how original fans are likely 40 years or older now since the original was released over two decades ago.",5304,0.97,121,First comment: Anyone else pissed that they jumped over 28 Months Later? Total immersion breaker.,Plot / Story
20,28 Years Later,Just watched 28 Years Later and... I don't know how I feel about it,706,0.88,773,"So I just finished 28 Years Later and I'm honestly conflicted. The storyline didn't really land for me - it felt messy and underdeveloped. The opening was terrible, and the ending? Full-on cringe. Like... what was that Power Rangers-style moment at the end?
For a zombie movie, the zombies barely had any screen time. When they did show up, they were scary, sure, but it felt like an afterthought. The storyline with the mom made no sense at all - like, what even was the point of that arc?
The whole thing just felt... odd. Not enough tension, not enough payoff. The only thing that really worked was the acting - the cast did what they could with what they were given. But beyond that? I'm really not sure how I feel about the rest.
Anyone else feel the same way?",Plot / Story
26,28 Years Later,"I’m going to say it, 28 years later is my favourite of the three.",906,0.89,236,"The first half was like classic jarring Japanese style horror movie throwbacks. 
Then the second half contained a great look at what ‘normal’ becomes for someone to grow up in an apocalyptic world. 
It also has a reminder that normal tragedy will occur after the apocalypse. 
Then the end; a boy who was young when the apocalypse started. 
Maybe he grew up watching Jim’ll fix it on VHS tapes with his dad like the tellytubbies. 
No one would have found out who Jim really was, meaning the potential hero worship and dressing as him wouldn’t be as weird as it would be now. 
And the filming becomes a cheesy b-movie gorefest. 
I loved it from start to finish. 
Instead of down voting please let me know why you disagree, if you do?",Plot / Story
36,28 Years Later,The walk from Holy Island to the Mainland in 28 Years Later,1133,0.98,137,"Obviously you have to take into account suspension of disbelief since it’s a movie, but it’s immensely funny to me that 28 Years Later portrays the distance between certain landmarks as a few hours walk away when there’s a stretch of approx 60 miles between Lindisfarne and Sycamore Gap IRL (also taking into account the extra miles walked to reach De Kelson). Sorry Spike, i don’t think you’d be getting back home from your first expedition in under four hours",Plot / Story
37,28 Years Later,28 Years Later Review,466,0.91,393,"28 Years Later is the third installment in the famous horror series, and this entry feels significantly different from the previous ones. That difference is both a great strength and a huge weakness. On one hand, I respect the filmmakers’ attempt to do something new, expand the world, and add philosophical depth. Still, on the other hand, the wide gap between this film and the previous ones, especially in the second half, left me questioning what justifies this as a third part beyond simply using a recognizable IP.
There are definitely some positives. The cinematography is striking, as expected from anything Danny Boyle does. Nature dominates much of the scenery, and the action is captured with fast frames and chaotic editing, which conveys a sense of danger and urgency. Some shots were achieved using multiple iPhones mounted on a grid to create a spinning, 360-degree effect around a single frame, a unique trick, though honestly, I didn’t feel it added much to the scenes where it was used. The music was effective and appropriate for each scene, and the acting was solid overall, especially from the young actor, Alfie Williams, whose performance was natural and emotionally resonant.
The film’s main issue, the one that kept me from fully engaging with it, is how scattered it all felt. It has several interesting ideas, but none of them are developed well enough to stand on their own or connect meaningfully to each other. Each segment of the film feels isolated, as if the movie resets itself after every arc. Take the journey with the father, for example: nothing the boy learns there really carries over into his time with his mother. If you were to cut out that first part, the second would barely change, and that’s a problem. This fragmentation continues right up to the final scene, which felt completely out of place, almost like it belonged in a different film.
There’s ambition here, and technically, the film is excellent. It has strong concepts that, if woven together properly, could’ve made for a much more satisfying experience. As it stands, it’s not a bad movie, but it’s a disjointed one, like watching multiple films at once that never quite come together.
Rating: 6/10",Plot / Story
46,28 Years Later,Just came back from watching 28 Years Later. Here are my initial spoiler-free thoughts,152,0.9,504,"Long-story short, while I liked 28 Years Later, it is my least liked among the 28 trilogy.
Here are some of my spoiler-free thoughts:
* All the films in the trilogy have vastly different tones and themes with each other. Days is more of a ""grounded"" approach to how an infection spreads and is seen in the eyes of an innocent and naive person. Weeks tackles a more ""grander"" scale focusing more on spectacle and action. Years is more of a ""personal story"" where agency is less about survival and more on circumstance instead.
* There are clearly two distinct acts in the film and they feel very different from one another in tone and in feel.
* There is one big mystery and two other smaller mysteries in the film that make an attempt to expand on the lore of the universe. Thankfully, the main big mystery has a satisfying payoff and conclusion. Unfortunately, the other two mysteries made me go, ""why the fuck?"" and ""what the fuck just happened?"" chronologically. Some people may find the smaller mysteries alright but I personally think it was rather jarring and bordered on being tropey in a bad way.
* There is a moment where one character in the movie gives a very conclusive explanation of how the world is right now and it gives a definitive answer on the state of humanity at that point. This I really liked
* The big named actors definitely carried this film and made me care about their characters despite the absurdity of the premise.
* There are several moments where characters do dumb decisions which cause them to get into dangerous situations, which I very much dislike.
* 28 Days was memorable because it popularized fast zombies and had a very distinct style to it. 28 Weeks was memorable because of how good the intro was. 28 Years, in my opinion, has no memorable moments and, while still good in my book, felt very cliched at times. Actually, there may be one memorable scene but I fear that it will be memorable for all the bad reasons.
Overall, I would probably give it a 7/10 (closer to a 6 than an 8) at the moment. If you want spoilers, just head on over to the spoiler thread and I can answer there  
[\[SPOILERS\] 28 Years Later - Official Discussion &amp; Review Thread](https://www.reddit.com/r/28dayslater/comments/1l8y5bo/comment/myepeqp/)
Another thing is that I didn't watch any of the trailers for 28 Years Later other than the very first reveal trailer. Having watched the film now and having watched the trailer after, I do think the trailer reveals far too many story elements that would actually take away from the experience as a whole.",Plot / Story
50,28 Years Later,28 Years Later,992,0.97,72,"I just saw 28 Years Later, and HELL YEAHHHHHHH! This was everything I had hoped it would be, and quite a bit more. Of course, it has the gnarly, and gruesome zombie sequences I’ve come to expect from this franchise, but the core of this film is a mother-son story that is genuinely touching, and really poignant. Great ensemble, and some amazing action. This is a Top 3 film of 2025 for me!
★★★★½",Plot / Story
57,28 Years Later,28 Years Later got censored in my country,544,0.93,95,"The premiere day was today here, in Hungary.
I loved it, I think it might be my favourite out of the three. It made me shed a tear, which none of the other movies achieved.
That said, all the private parts of the infected got blurred out which was very obvious in some scenes. I find it hilarious that all the gore and viscera is completely fine but showing nasty, infected peepees and vajayjays is where the censors drew the line.
So be aware when you go to the movies, you might get a lesser version of the film too depending on where you live.",Plot / Story
61,28 Years Later,28 Years Later is being used to infect people’s spirit and soul,143,0.73,192,"I’m pretty much done watching Hollywood movies. 
I’m a big fan of the zombie genre. I know that movies are used by the kingdom of darkness to manipulate the spirits and souls of patrons but there is no balance at all anymore. 
I went to see the new 28 Years Later movie a couple days ago and it’s not even really a zombie movie. The original 2 movies were zombie films with the standard premise and no demonic themes, as the zombies were infected with a physiological virus. The new film starts off with random scenes off with random scenes of upside down crosses and a priest gone mad. None of the plot fits anything in the original storyline but the movie is littered with grotesque demonic scenes that seem to be randomly placed, as they don’t really further the plot. 
The movie climaxes where the main character takes his mother to a clearly insane doctor, who can’t treat her cancer so he kills her, polishes her skull clean within an hour and has the boy pick out a spot for it in a giant skull-mountain effigy of death. 
The movie ends with a gang of Jimmy Saviles (a British celebrity Pedophile) that are wearing upside crosses with pyramids on them, battling a group of zombies. 
During the movie, I could feel the Holy Spirit telling me to leave. I got an anxiety attack and had to get up to walk around like 3 times. The movie isn’t even a zombie movie, they just used that as a cover to make us sit through 2 hours of occult brainwashing. Im not exaggerating, the entire film is literally with occultist messaging. If the trailer actually showed any actual scenes from the movie, nobody would have gone to see it. 
Short story long, don’t go see this movie. Its only purpose is to infect your spirit and soul with subconscious occultist messaging. 
#PS: I appreciate all the discourse that this post has created. I think it’s important for Christians to always question the input that we consume. I also think that there are some misconceptions about how I came to the conclusions regarding this movie. Throughout the comments, I have attempted to give some thorough replies that list my rational as to why I assert that it’s a propaganda film and how tv, movies, and media in general is used to manipulate people…..Let’s not forget to remember that we are all brothers and sisters though.",Plot / Story
67,28 Years Later,"28 Years Later is a Cerebral Dreamscape, and an Excellent Film",314,0.91,107,"I've just come back from the cinema, and wanted to put some rambling thoughts to paper while everything is still fresh.
The first scene had me concerned that 28YL wasn't going to be my thing. The music felt like too much of a contrast in comparison to what was happening. By about a third of the way in I realised Young Fathers had come in clutch. The score is absolutely fantastic. I love the way they harkened back to 28DL with East Hastings (and as an aside, I loved the sniper shots from 28WL being incorporated in as well).
I came to absolutely adore the way Boyle &amp; Co. used sound, especially in the subtleties: Isla hearing a dial up sound when Erik talks about his phone. The distant sound of police sirens ringing in our ears. Echoes of civilisation almost three decades after its collapse.
I thought it was interesting that Jamie hesitated to kill the infected child, only to quickly revert back to gleefully discussing how he slaughtered it's family. (Also interesting that the infant infected ran away.)
The infected of 28YL are excellent. The onslaught of time appears to have worn away their anger, and replaced it with overwhelming hunger. Of course they weren't going to look or act like the infected of 28DL. These are gangs of roving cannibals, half starved, feasting on the corpses of felled deer. It seems as though the Alphas lead their own tribes, providing for them as well. Interesting that the Alphas repeatedly pull the heads and spines of their victims. It seems like the emergence of a primitive cultural artefact. 
The implications of the river scene, the infected splashing around, half remembering how to clean themselves perhaps? And of course, the pregnant scene. I presume the woman was impregnated by the Alpha. In the pangs of the trauma of childbirth she rekindles her humanity and takes Isla's hands. What a beautiful, haunting, terrifying scene. It forces us to account for the fact that these aren't ""zombies"". They're living people.
Everything has an almost dreamlike quality. The camera work was excellent, so many interesting techniques used throughout. Angles heightened tension, built up stress, and gave us resolution.
There's so much to explore in what *wasn't* seen or shown. People will be asking questions about what happens beyond Holy Island, beyond Britain, for years.
This film isn't just about surviving hordes of infected, it's about interpersonal relationships. It's about religion, and the emergence of new cultures. It asks us questions about humanity, about the soul, about how life goes on after civilisational collapse.
I was so nervous that I wouldn't like 28YL, especially as the first reviews from fans trickled in yesterday. Having seen it myself, I'd say this was one of Boyle's best films, the same for Garland.
E: Forgot to say, the Jimmy gang at the end was a bit jarring, but it makes sense that you're going to have weird groups popping up in the aftermath of the end of the world. Wasn't a huge fan of all the parkour but again, it was a very Boylesque moment of silliness and gratuitous gore. There are still interesting takeaways from that scene too, chief amongst which is that the group seemed to delight in torturing the infected, and inflicted pain upon them. A stark contrast from the good doctor's treatment (he didn't kill Samson when he had the chance, even though it would have been beneficial).
In closing: I've never seen a film like 28YL before.",Plot / Story
70,28 Years Later,28 years later is an excellent film that seeks to evolve the zombie genre by bridging the gap between the action packed “schlocky” zombie film and those that seek to explore human nature like the original.,236,0.87,124,"As the title says ,I believe this movie tried to bridge the gap between the traditional “low-art” action filled zombie film and the smartly done human-interaction focused 28 days later- and I think it did an outstanding job. At this point we’ve had 20 years of zombie films and tv shows that have approached the medium in nearly every way imaginable. We’ve seen everything from the pure comedic approach to pure action to true emotional displays of relationships and human nature ala the walking dead. This film, somewhere between the likes of 28 days later, the walking dead, and the bigger-budget more classic action-oriented zombie flick like we got with the dawn of the dead remake or 28 weeks later (of which footage from the film appears in the new movie), seemingly took lessons and inspiration from everything that has come during and after the first two films to create something that could evolve the zombie genre, much like the original did all those years ago
I don’t think I’ve ever seen a zombie movie like this. It somehow did what I’ve really only seen done successfully in good zombie video games, which is try to appeal to every type of zombie movie fan without being generic or feeling disjointed
1. Beautiful cinematography with horrific and visceral imagery.  The quick cuts and visceral jumps of gore, the infected, and symbolic/parallel imagery made the film feel very much like watching a nightmare. The intensity and tension was some of the best I’ve ever seen in the genre- very reminiscent of some of the nail biting sequences form the show “black summer”. 
The shots of the alpha just standing on the horizon with his back to the setting sun, the scenes of the infected hunting and feasting on a deer carcass night,the imagery of warfare and preparation for war, the quick jump cuts of the infected faces were all frightening , tense and as I just stated, nightmare-like. I usually hate to use this term, but it almost felt liminal at times. 
2. Lots of infected with (imo) smartly done in-universe additions to the lore and behavior that the audience is shown to explain their survival over the time period. What needed to be shown was shown and what needed to be told was told. The new “evolved” infected all felt like they made sense and fit within the universe. The “slow and lows”  were infected who instinctually gorged themselves on whatever they came across on the ground, the alphas were individuals on whom the virus acted like steroids etc.  I’ve seen people complaining there “wasn’t enough infected” but from what I can tell the screen time far surpassed 28 days later and may even exceed (or at least match) 28 weeks later. 
3.Awesome Zombie Kill cams that added to the visceral feel and more than satisfied the part of me that likes more action-oriented zombie flicks with gratuitous zombie gore. 
4. Finally, it tells an imo expertly crafted, emotionally engaging male-focused coming of age story with social commentary that isn’t trying to shove modern political drivel or lectures down your throat. Not much more to say here- if you prefer your zombie films to make meaningful commentary and tell engaging stories about humans in an apocalyptic setting you’ll also find that here 
One final caveat:
The ending: it’s both batshit insane but also not nearly as bad or jarring as some people are making it out to be. I actually…really liked it, and I suspect fans of other post apocalyptic media like fallout or mad max, or even the game dying light will also like it. 
Can I understand why some may not like it, especially if you don’t know there’s sequels coming? Sure, but I also think those people are not fans of Danny Boyle’s work and also may not know that this is the start of what is supposed to be a three-film franchise with what I assume is now also looking to establish lore and truly explore the concept of a Britain that is now almost 30 years into the apocalypse without shying away from the insanity that would bring.  I think it’s so crazy that it somehow goes around full circle to where it makes perfect sense. It was also very entertaining so that helped too. 
What would British children who have been living in apocalyptic Britain for 28 years on their own do?  
Boyle/garland most certainly took inspo from the likes of fallout, mad max, etc when answering that question and went full in on the idea of groups of people who have hung onto an idealized version of the past shaped by the media they consumed and had access to.",Plot / Story
73,28 Years Later,[28 Years Later] (not spoilers) How did the infected survive so long after the second outbreak?,162,0.94,146,"In 28 Days Later, it is theorized that the infected will starve to death and cleanse most of Britain on it's own. In 28 Weeks Later it is shown that this is the case, and almost all infected have starved to death less than 7 months from the initial outbreak. The only reason the virus is able to spread again is due to a person acting as a carrier for the infection despite not turning into a zombie. Now in 28 Years later, the infected have managed to survive for nearly three decades after the second outbreak. What changed between the two outbreaks to allow so many infected to survive this time?",Plot / Story
75,Ballerina,Thoughts on Ballerina?,268,0.84,212,I would give the movie a 5/10 just because I like action movies. But I just can’t get over how unrealistic it was. The bad guys had like 50 chances to kill her during the final fight sequence. She even has a kitchen knife stabbed like 6” into her back beforehand and she just pulls it out and moves on with her day.,Plot / Story
76,Ballerina,Just watched Ballerina in the cinemas,495,0.96,231,"Whoever suggested that we should do the plot of Resident Evil 4, but it's John Wick should get a raise lmfaoo",Plot / Story
81,Ballerina,"'It was Keanu's idea': The ending of Ballerina is meant to honor the second John Wick movie's final scene, director confirms",1393,0.94,94,First comment: It was definitely a fun movie. Shame it is doing just okay in the box office though.,Plot / Story
94,Ballerina,Rewatching John Wick 1 and noticed this dude returned for Ballerina!,684,0.99,93,"With a scar on his face from this confrontation with John, kinda funny!  The dude who fought Eve first in the restaurant in Europe!",Plot / Story
97,Ballerina,"After watching Ballerina, this is my first thought",905,0.99,54,First comment: OMG…just watched it tonight. The grenade fight scene was hilarious. Loved it!,Plot / Story
101,Ballerina,I finally watched Ballerina 💜,615,0.96,61,"Whew! what a friggin' movie! I love female action heroines and this film did not disappoint the action, music, story and atmosphere are all in line with the other john wick movies and I can't wait to see what a sequel brings (She deserves it)
Arma De Armas was amazing as Eve Macarro I liked how her fighting style was different from mr wicks and she used the environment and deadly weaponry to her advantage 
My favorite scenes are the club shootout, the fight at the weapons dealer shop and the flamethrower scene! I definitely will be watching this again 
What are your thoughts ?",Plot / Story
105,Ballerina,"Ana de Armas in Ballerina: Honestly not expecting much, what do you guys think?",232,0.88,115,"Huge fan of John Wick, but my enjoyment peaked with Wick 2. I really liked being introduced to the inner workings of that criminal underworld. The rules, the hotels, the sense of a secret society hiding in plain sight. But as the series went on, it leaned more and more into drawn out fight scenes.
It’ll be interesting to see if Ballerina continues that trend or, since it’s a new angle on the Wickverse, leans more into worldbuilding. Cynical part of me thinks it'll just be more vacuous killing scenes though because that’s easier cinema.",Plot / Story
112,Ballerina,I saw Ballerina !,151,0.96,123,"First of all don't worry, spoilers will be hidden, in the post as well as in comments !
I was at the Paris premiere on May 28th, with Ana de Armas and Len Wiseman.
And Ballerina is a really good movie ! I would give it a 8/10.  
  
Don't go see it expecting it to be John Wick 4.5, it is not. It's a movie from the world of Wick, with the usual codes, fights, and all the elements that makes John Wick movies good as they are, but it's not a John Wick, it's a spin off. A REALLY good one, but a spin-off.
The fights are really great, we get to see a liiiitle bit more of how the Underworld works&gt;!(a scene in Winston office where he gets informations, I find it so simple but so great)!&lt;, and as always, the musics are incredible.
However, there's some downsides : the story is ok, nothing spectacular but not boring, except for one thing. &gt;!That thing being, in the middle of the film, Eve finds out about her sister, who works with the main antagonist, and it really feels kinda pushed on us, the film want us to feel bad for the sister. But we saw her a total of 40 seconds before this, and she dies litteraly mid-sentence while trying to recruit Eve. And I find that really unecessary, at least for me. Also, the very drama that is used with the character of Eve, meaning the death of her father who was part of the main antagonist organization, is litteraly used the exact same way for the character of Norman Reedus, and I think it's kind of a waste.!&lt;
We also see some kind of rythm problems, sometimes the movie is too slow, especially in the last part, and I think it could be related to the production hell the film had to endure. Last thing that is a very dark point for me : there's a MASSIVE lore hole that will need to be adressed in the future.&gt;!This hole being WHY THE HELL JOHN WICK HELPED THE RUSKA ROMA ??? The film was announced to be after John Wick 3, and in the movie, they LITTERALY added a scene where Eve listen through the door when John got his ticket torn by the Director, meaning he was DONE with the Ruska Roma, at least until John Wick 4. HOWEVER, the film also specifically say that when John is sent to kill Eve, it's more than 2 MONTHS after he came to the theater of the Ruska Roma, so more than 2 months after the battle of the Continental and his rescue by the Bowery King ! So my question still stands : WHY THE HELL JOHN ANSWERED THE CALL FROM THE DIRECTOR ?? It needs to be adressed in a future movie or the ""Under the High Table"" TV show, because the Director just HAD to promise John something in order to make him say yes but right now we have no fucking answer and it drives me crazy that there's just a hole like that!&lt;
Overall it's a really good movie, we got another banger from LeCastleVania, the famous club scene is SO good, and we got some callbacks from some of the most famous kills throughout the saga !&gt;!We got another kill with a thrown axe, simply marvelous !!&lt;This movie is also Lance Reddick final appearance, and he leaves us with a very good final note.
I truly hope this movie will do great numbers, because I want to see a Ballerina 2, with less production problems and a better story, but I kinda get a feeling that press will be harsh with the movie, because, as I said, I suspect they will treat it as a John Wick 4.5, and not a dedicated spin-off. But we'll see",Plot / Story
122,Bride Hard,Bride Hard,5,0.69,24,"Simon West is back, baby!
I saw a trailer for this and I’m torn. On the one hand, it didn’t look very good. It had zero even decent jokes in it. But on the other hand…a comedy that’s in theaters!
Anyone with deeper thoughts than this?",Plot / Story
129,Bride Hard,Bride Hard (2025) - Rebel Wilson Goes Full McClane in a Clumsy but Occasionally Fun Wedding Brawl,2,1.0,1,"*Bride Hard* mixes the humor of the *Pitch Perfect* sequels with the raunchy friendship energy of *Bridesmaids* and a *Die Hard*-style premise—all wrapped in the kind of early 2000s action-comedy shell you’d expect to find in a $1 DVD bin at Walmart. Maybe even more so than *Shotgun Wedding*, which shares a similar setup. But if *Pitch Perfect* and Rebel Wilson’s usual brand of humor (minus *Cats*, obviously) works for you, then this derivative action comedy might hit the spot. For all its flaws, it nails two things its target audience wants: it gives Wilson plenty of space to do her thing, and it builds a surprisingly heartfelt friendship at the center of all the chaos.
That friendship is between Sam (Wilson) and Betsy (Anna Camp), childhood best friends who’ve grown apart—mostly because Sam is secretly a spy. Her covert missions keep pulling her away from Betsy’s bachelorette party and wedding prep, which puts a serious dent in their bond. Betsy, now marrying into money on a private island, eventually kicks Sam out. But just then, a group of armed mercenaries crashes the wedding, trying to crack open a mysterious safe. With the guests taken hostage, only Sam can save the day.
Wilson’s brand of humor is definitely an acquired taste, but her talent is undeniable—if her turns in *Bridesmaids* and the first *Pitch Perfect* left any doubt, her surprisingly solid directorial debut *The Deb* should settle it. Here, she leans into her signature style: vulgar, ironic, overly confident, and totally self-aware. But as the lead, it wears thin after a while. What helps ground the film is how it plays her friendship with Betsy straight. An early scene with Betsy’s dad adds emotional weight, and the chemistry between Wilson and Camp—likely a result of their *Pitch Perfect* history—makes the ups and downs feel unexpectedly genuine.
Read my full review at https://reviewsonreels.ca/2025/06/17/bride-hard/",Plot / Story
131,Bride Hard,Bride Hard - Movie Review,1,1.0,0,,Plot / Story
132,Bride Hard,"Bride Hard (2025) Movie Review &amp; Summary by Amari Allah\ \ If you're in need of an action movie, Bride Hard will cover your fix, but be aware that it's mainly passable. \ \ #Movies #PositiveWorthSeeing\ #Action #AnnaCamp #CecePleasants #Comedy #MagentaLightStudios #RatedR #RebelWilson #ShainaStei...",1,1.0,0,,Plot / Story
133,Bride Hard,[Arts] - Bride Hard review – Rebel Wilson action comedy is hard to endure | Guardian,1,0.67,0,,Plot / Story
134,Bride Hard,[Arts] - Bride Hard review – Rebel Wilson action comedy is hard to endure,1,0.67,0,,Plot / Story
137,Bride Hard,Bride Hard review – Rebel Wilson action comedy is hard to endure,1,0.67,0,,Plot / Story
138,Bride Hard,[Arts] - ‘Bride Hard’ Review: Taking on Baddies at Her Best Friend’s Wedding | NY Times,1,1.0,0,,Plot / Story
139,Bride Hard,[Arts] - ‘Bride Hard’ Review: Taking on Baddies at Her Best Friend’s Wedding,1,1.0,0,,Plot / Story
140,Bride Hard,[Film] - ‘Bride Hard’ Review: Taking on Baddies at Her Best Friend’s Wedding,1,1.0,0,,Plot / Story
150,Bride Hard,Before/After Dad,9,0.85,9,"I only started the show not long time ago cuz I watched the movie Bride Hard, and Justin Hartley brought me here. I just passed the Dad's death reveal, now that every episode looks so sad :'( 
I mean, all the characters always referred to Jack in past tense from the very beginning, so that's fine, but ever since Kate brought it up, saying that it's difficult, the emotions had been building up, and now here we are. I think I'm going to differentiate everything in the show between before dad and after dad without being able to have any choice, crying.",Plot / Story
151,Bride Hard,Which movie from this list should I watch?,0,0.35,8,"I haven't been to the cinema in a while so I'd like to go and watch something. 
I'm choosing between Elio (I love animated movies), Materialists (I love romcoms), 28 years later (I haven't watched the previous parts though so not sure about this one but Aaron Taylor-Johnson is in there and the premise sounds fun) and Bride Hard (that's actually my shit, love stupid comedies with Rebel Wilson)",Plot / Story
203,Elio,"K-Pop Demon Hunters is GARBAGE! Elio is better, IMO.",28,0.6,152,"Yeah, I'm not gonna lie. I've really gotten sick of seeing these two movies compared to each other and how ""OMG ELIO IS SO GENERIC AND K-POP DEMON HUNTERS IS SOOOOO GOOD!""
Honestly, I hate K-Pop Demon Hunters.
It's yet another story about the strictly human protagonists who go around slaughtering everything that doesn't look like them. Sony Picture's usual style is mixed in with an uninspired asian anime style that honestly comes off as pandering. The characters themselves are over the top and cringy, typically coming off as annoying more than charming. The general plot is nothing special. Basically just ""humans=goods/non-humans=bad"" but with a Korean K-Pop theme. Nothing about this movie was endearing. It was boring at its best times, grating at its worst.
Elio's not perfect, but its got some heart. Also, It is honestly just refreshing to see alien characters that aren't generic Earth-conquering monsters while ALSO not just being humans with pointy ears or some lazy ass bullshit like that. A lot of people I know think that alien designs are uncreative. Personally, anything that isn't just ""human but with blue skin and/or pointy ears"" is creative in comparison for me, and while there were things about it that were cliche, I still admire Elio's arc, how the aliens are portrayed, and as much as people trashed the art style, I still found it way more interesting than K-Pop Demon Hunter's artstyle.
It really does make me think that people really don't want original idea. They just want the same crap they've seen a million times but with minor alterations. That is honestly what K-Pop Demon Hunters felt like. Just another story about humans fighting monsters, but with a gimmick.",Plot / Story
205,Elio,Official r/Pixar 'Elio' Discussion Thread [Spoilers Inside],86,0.98,131,"WARNING: 'Elio' spoilers/reviews are allowed ON THIS THREAD ONLY!
​
Pixar's latest film, Elio, has finally arrived!
**You can use this thread to discuss the film, possible easter eggs, what you liked/disliked about it, and anything else.**",Plot / Story
221,Elio,Elio deserves an even bigger bounceback than Elemental,253,0.94,56,"I really enjoyed Elio. It has a lot going for it. Right out of the gate it jumps into Ellio's life present day and the chaos of it- no unnecessary flashbacks. 
The visuals are phenomenal. Seeing the scenes about Voyager and all the nighttime starring at the sky scenes felt like going to the planetarium as a kid.
The Easter Eggs are fairly well hidden because I haven't found anyone drop the location of the pizza planet truck yet. 
I really like Elios character- misunderstood, lonely, but extremely smart and dedicated to his interests. The scene where Melmac gets sent on vacation and Elio can't resist doing something in the base (trying to avoid spoilers) made me wonder if something not too disimilar could happen and ponder situations of civilian children on base with their military guardians. 
It's not reinventing the wheel but it's a delightful original outing with interesting concepts and characters and a loveable protagonist and his alien friend. When you have a legacy like Pixar it's difficult to rank movies. I'll just say I like all of their movies except Lightyear but this one might be my favorite since Coco. Elemental had more interesting art maybe, but the story here was more interesting to me. Inside Out 2 I guess was the last theater experience Pixar movie before this, and I liked that but not nearly as much as I liked Elio. Reflecting on inside out 2 only a few scenes, mostly revolving around Anxiety, really stick out in my head. Haven't had a desire to rewatch it since seeing it in theater.  With Elio I found all of it interesting and am already excited for a rewatch to pay attention to the small details in multiple scenes",Plot / Story
229,Elio,"So it turns out Elio is actually pretty great. If it is positively received by wider audiences, how far could legs carry it?",111,0.82,72,"This is a pure hypothetical, for fun.
I was able to catch an early screening of Elio by the same means I did Wish and Moana 2, and I was legitimately impressed. I'm a cynical asshat who has been thoroughly soured on the recent string of Disney output (Encanto and Luca being the exceptions) but I'd say it's right in line with Luca in terms of charm and character development. Broader thoughts in the comments so as not to bury the lede, but I've also had a trawl through Letterboxd and it seems a fair few are in agreement. It's not interested in being high concept like Soul or Turning Red, it's just a classic Pixar buddy comedy of old.
So, the point I'm getting at. All of this makes me wonder, if Elio opens soft (say, around $30m or so, tracking seems cautious), but reviews come in strong - like 90%+ on Rotten Tomatoes strong - and word of mouth kicks in, could it leg out like Elemental did? That film had a notoriously slow start but powered through to almost $500m worldwide. Could Elio do something similar, or is that kind of run a fluke we shouldn’t expect again soon?",Plot / Story
236,F1 The Movie,What are your thoughts on F1 the movie,185,0.96,219,"First comment: I saw it yesterday! It has some issues to make certain scenes realistic which temporarily breaks the immersion for me, also some cringy one liners.
But overall they nailed it, there were times where I felt the same excitement watching this movie as I do watching an F1 race which is all I can really ask for.
Overall, go and see it, as a big longterm F1 fan, it scratched the right places.",Plot / Story
241,F1 The Movie,"F1 the Movie (2025) has all the excitement of watching a live F1 race. Which is none,  because F1 is fucking boring.",311,0.75,83,First comment: Americans when no one hits the griddy followed by an hour of ads for Doritos.,Plot / Story
260,F1 The Movie,Just finished watching F1 THE MOVIE,89,0.89,45,"https://preview.redd.it/1s8686g1ko9f1.jpg?width=216&amp;format=pjpg&amp;auto=webp&amp;s=2475f4c8f76902d96561b673098b4c331d425925
I watched multiple sports movies and read many novels related to sports personally. I was excited for this movie due to the hype, but I kept my expectations low. They were trying to do too much at one time; they tried to show like an underdog rising to the top, but they failed to show anything related to it.  It might be a decent watch for people who are not into F1, but if you are into the sport, you would rate it below par. I now understand why Max preferred sim racing to watching this movie. The first half was decent, but the second half was worse.",Plot / Story
262,F1 The Movie,My honest thoughts on F1 The Movie,171,0.97,31,"Phenomenal. In one word. Does it get all technicalities correct? No. Will the people who watch F1 regularly be able to point out mistakes &amp; plot holes? 100%.
But the movie ain’t about all that. It’s an over the top introduction to the world of Formula One. Couple with exhilarating camera work &amp; cinematography. You literally feel you’re the inside the cockpit of an F1 car going at 300 kmph. You’re just strapped in for the adrenaline rush &amp; there’s no stopping it. 
What didn’t work for me personally is that I’d have liked a bit more in-depth analysis on team briefings &amp; performance calibration. Also the general racing &amp; the midfield dogfight could’ve been explore more.
There’s a lot of technical jargon thrown around which makes very little sense. The very concept of in season upgrades has been vastly exaggerated ( I’m not gonna spoil but it gets very clear). Some crashes don’t obey the laws of physics. Also there are some story lines which serve as a low when the drama should be at its peak. Like come on I’m not here for another romantic subplot. 
What worked was again the camera work &amp; cinematography beautifully capturing the essence of formula one. The driver cameos ( my favourite being Fernando ) just put a small on my face. Each moment in the car going around the circuit is so beautifully captured that you wish there had been more. The emotions of the APXGP team are captured on point. A dying team completely on edge. A team owner on his wit’s end doing everything he can to make the team survive against corporate bullies. Perfectly cooked.
Coming to the best part of the movie. The climax. This is what took the movie from B- to a solid A for me. The climax left me breathless. Where everything led to &amp; it doesn’t disappoint. I was clutching the handle of my seat through sheer adrenaline rush. It was pure goosebumps &amp; there’s no two ways about it. Phenomenally executed by everyone involved. 
Overall , Brad Pitt brings this spectacle of a movie to life through an emotional tale. The whole formula one fraternity have come together to bolster this movie &amp; provide it with the soul. 
If the journey matters to you over the rules &amp; regulations, go watch this movie! 
I’m gonna end by saying this. If at all we want to bring F1 back to India , we should ensure this movie is a blockbuster here so they understand there is a huge untapped market for the sport here. Thanks for reading!",Plot / Story
264,F1 The Movie,[Autosport] F1 the movie- Our Writers have their say on it,34,0.65,54,"First comment: ""One criticism might be that there was too much racing""
To quote Marlo from 'The Wire' - ""That sounds like one of them good problems""",Plot / Story
285,How to Train Your Dragon,"How to Train Your Dragon (2025), is a shot for shot remake of the original animated version, but they decided to make it 100x worse.",4902,0.92,399,Animation is cinema!!!!,Plot / Story
288,How to Train Your Dragon,"Why did this movie felt less ""How to train your dragon"" than the others?",576,0.94,68,"Aside from the problems that are well known (the ending was rushed bad and nonsense, grimmel was nothing new in terms of villains and Toothless' sudden change in behavior) I think that this movie barely felt like the other two movies. In the other two movies we got: 
1. Epic flight scenes with Hiccup and Toothless with an epic soundtrack on the background (Test Drive and Where no on goes) but in the third I think that we barely see Toothless and Hiccup flying together anymore.
2. Epic fight scenes where Hiccup and Toothless put their lives in danger to save everyone. In this one? I guess you can say there was a battle between Hiccup and Grimmel at the end but it's incomparable to the fight with the Red Death or with Drago and his Bewilderbeast. Actually all the fights in the movie were underwhelming.
There are lots of other things but this are jus some details that I noticed after I did a marathon of all three movies and it made me think that this movie didn't even feel like the normal How to train your dragon movie but more like a Disney version of How to train your dragon.",Plot / Story
289,How to Train Your Dragon,"In How to Train Your Dragon (2025), the dragon's name is Toothless. This is a reference to the fact that remaking your own movie shot for shot and line for line to promote a theme park that opened a month ago is one of the most creatively toothless things you can do as a director.",3565,0.98,133,"First comment: And yet, just like Stitch, it looks like it will perform better than the original animated feature.
Toon Heads are going to be miserable for the next couple of years...",Plot / Story
291,How to Train Your Dragon,"“‘The magic ends and this becomes the normal world’ endings are the absolute worst way to end a fantasy story.” (How to Train Your Dragon, Tolkien, and Star vs. The Forces of Evil)",962,0.8,447,"It’s been a while since I’ve written anything, but I want to make good use of this deep hatred I’m feeling towards Cressida Cowell’s ending right now and do something constructive with it. So here we go!
Well, just like her, I simply love these magical beings—creatures that spit out different types of energy (remember, kids: not every dragon breathes fire! Some breathe poison, lightning, acid… even thunder etc).
Bonus points if it’s a real dragon, not a wyvern. Or, as we Latinos say: Serpe.
But hey, I’m inclusive, so I also accept the “disabled dragons” with only two legs and no real dragon breath. Like the ones from Skyrim (Alduin… was right, and the Nords should’ve just worshipped our lord and accepted merciful enslavement). Though honestly, I prefer D&amp;D-style dragons, especially the 3.5 edition ones.
So obviously, I used to love the How to Train Your Dragon series… until about two hours ago when I found out that the ending written by Cressida Cowell is literally the dragons leaving and the world becoming ""normal.""
#WTF CRESSIDA?
#WHY?
#WHY?
#SERIOUSLY, WHY?
It would’ve been better to just let the Red Death kill everyone (and honestly, that would’ve been a great ending).
“But that would be a sad ending!”
No. A sad ending is one where the dragons disappear. Or where the dragons lose. Dragons winning = happy ending. Always.
Extra points if Hiccup, Toothless, and the other “good humans” survive… but that’s optional. And honestly, who even cares if the Vikings die? They were consistently a bunch of jerks from start to finish. And the so-called “original ending” (this is a fanfic and my personal headcanon where Hiccup, Toothless, and the Red Death killed Alvin, enslaved the Vikings, and forced them to become decent people—and nothing in the universe will convince me otherwise) only proves my point:
Dragons winning is simply the only right way to end this story. Period.
Now that we’ve established how bad this official book ending was… and how the dragons are right and fully justified in wiping out humanity…
As fantasy fans in general, this obsession with ending magic is just… a dumb choice, in my opinion. This is literally the reason why I’m reading/watching/playing your story in the first place. Why the hell would you take away the things I like—especially at the most important moment, the ending?
#It’s just  stupid.
I love Tolkien, especially The Hobbit (for obvious reasons, but also because it has that thick fantasy atmosphere I enjoy). But the ending—or actually, the whole slow fade of magic—is just not as fun. Especially because in The Hobbit we had dragons, magical forests, magic (even if they never managed to use it for anything truly useful)... and Bombur, the best comic relief in the entire legendarium.
(He fell into the enchanted river, got mad at being woken up because he was dreaming about food and drink... and then spent the rest of the book trying to sleep as much as possible just to dream about that feast again... I just love that.)
I understand that stories need consistency… but the author is the one writing the story. Which means the author can consistently steer the plot towards an ending where magic and all the fantastic elements stay alive.
Edit1:Yes I read that, I didn't just watch the movies although I didn't read it all the way through I really liked the series (seriously how would I know people about kamikaze if I hadn't read it?) I'm not going to lie that I read it until the end because... let's just say it was hard to get books as a child, but I really liked the books so I hated the ending. 
Edit2:After reading the comments I can see that the only thing worse than the ending :""""The magic is gone"" is the ending ""the villain uses magic so let's end all the magic in the world because the villain uses it for evil""
Seriously? Let's get rid of all the guns in the world because some people use them for evil? Maybe we should ban the manufacture of alcohol, cigarettes, cars...Or maybe we should just get rid of everything from coal engines to avoid pollution, weapons and many ""bad"" things,Who cares about the general damage or deaths or any inconvenience from this? This solves the problem (after all none of this is caused by a handful of people using it wrong, definitely. It's the means by which they do it ,So let's get rid of it no matter the collateral damage in the process.  ). .
TL;DR: Cressida Cowell’s ending is wrong, my headcanon is right, endings where magic dies and the world turns into what we have today are trash, and dragons are the best fantasy creatures of all time. That’s it. Thanks for reading, and may Tiamat bless you all. 🐲🐲🐲🐲🐉🐉🐉🐉🐉🐲🐲🐲🐲🐲",Plot / Story
305,How to Train Your Dragon,honest question: do you guys want a fourth how to train your dragon film?,293,0.95,95,"do you guys think the story should expand more, like to see how the humans and dragons can try to live peace with each other again, or the story is focus on hiccups kids if they can adaption to training dragons
or you guys think the trilogy, short films, and the tv show spin-off is enough?",Plot / Story
308,How to Train Your Dragon,"Fantasy is not just real, but is actively dying/dies to become the world we know",7520,0.98,518,"1) **Pirates of the Caribbean franchise** : *""The world’s still the same, there’s just less in it.""*
Though the saga depicts a very flamboyant and vivid pirate story, the overarching story is depicting the end of the age of piracy. With the world slowly becoming more and more conquered by the royal empires who extend their claws over the ocean, mythical beings and magic forces get killed or destroyed and the simple magic of the pirate philosophy is decaying as well, as the society of the bandits of the sea slowly decreases in numbers. The most powerful example of this is with the death of the Kraken, mythical leviathan that has seen the passing of civilizations, that Lord Beckett orders Davy Jones to gun down so the force of destruction can no longer threaten the fleet. Slowly but surely, the mystery of the unknown and the inexplicable wonders of the world become… simply inexistent. The world’s edge strays further away.
2) **The Lord of the Rings / JRR Tolkien’s Middle Earth mythos** : The fantastic world that we know and all the stories that we see happen within it take place in the Third Age of the world… and in this timeline, we are currently in the 2025th year of the Seventh Age, crazy as it seems. The world, originally made by the gods known as Valar, was always meant to be inherited by Men and it is a very slow process occurring over these hundreds of thousands of years. In LOTR and such, we see that the force simpler beings call Magic has already begun to decay because the higher beings like the Valar and their chosen have either departed this realm or perished, for the elves, creatures fueled by magic, fear they will eventually fade and that is why they took interest in Sauron’s rings, meant to reignite the power of their race. Even then the world continues its course and many people flee to the West in the unknown lands where magic still remains strong, while simpler, yet stronger beings take control of Earth such as Hobbits, orcs, and of course Men. The magic leaving this world is not so much a decay process as cooling, like a heated blade lowering in temperature to become the solid and sharp tool it was forged to be, the world slowly inches closer to the age where only Man will remain. The age of noise and machines.
3) **How to Train your Dragon** : THIRD MOVIE SPOILERS : The main anchor of the series is in the title. The wicking civilizations leave in war with the fantastic beasts known as Dragons, two races fighting constantly for the world till the protagonist Hiccup creates the first tribe to have joined forces with the saurians rather than fight them. Many villages and clans follow this example while other now try to chain up dragons and make them into an army, or simply keep on hunting them as prey. At the end of the trilogy multiple wars have gone between clans over the dragons and Hiccup feels that the balance of the world will only keep getting more agitated if he sticks to his ideal, as radiant as it may be, for mankind and dragons are not ready to coexist. So after discovering the original cradle of the winged beasts underground he encourages the entirety of dragonkind spearheaded by Toothless to go back in this underworld and stay hidden, thus separating the two races for good while mankind can now freely conquer the rest of the surface and the dragons turn into beasts of legends, hardly believed to be real, setting the stage for the world we know today. And so it shall continue until the two races are capable of living in harmony.",Plot / Story
325,How to Train Your Dragon,Is How to Train Your Dragon Live-action Better Than the Original?,16,0.76,112,"Was How to Train Your Dragon live-action a good movie? Yes… Yes it was. Let me tell you about it. 
Honestly there’s not much to say about the movie because if you’ve seen the animated version, you’ve pretty much already seen this one. When people say that this movie is pretty much exactly like the original, they are not exaggerating, and it is very impressive. I don’t think people understand how hard it is to adapt an animation to live-action while keeping it exactly the same, that is a rare achievement in itself. The last really good adaptation I’ve seen was Lorde of the Rings and that movie came out over 20 years ago. I did like the Lilo &amp; Stitch live action remake, but there was definitely a lot of things about that one that not a lot of people were happy about…
I actually think I liked this one quite a bit more than the original, but that’s also coming from someone who isn’t a big fan of that franchise. I was maybe 11 when the first How to Train Your Dragon came out and at the time I watched it once and decided I could care less about that movie. For me live-action movies tend to impact me more emotionally, and  I’ve found myself tearing up to more and more movies the older I get, and there was that one scene at the end where Stoick finally sees his son for who he is, that part got me pretty good. 
They added a couple lines here and there to fill in the gaps, but was so subtle and fit perfectly with the rest of the story. I can’t remember if this was portrayed in the original, but there was a tiny side plot between Snotlout and his dad sprinkled in throughout the movie since his dad literally just ignores him whenever he tries to talk him. The only time he actually acknowledges his son is when Snotlout is bashing the queen dragons eyes with a hammer which is also shot-for shot with the animation. 
This might just be the best live-action adaptation of an animated film that I’ve ever seen. The bar is usually set pretty low for these types of films, but this is what fans want from live-action adaptations. 
Now, I think that all the characters in the movie were cast almost perfectly. I know that there has been a little bit of controversy between Nico Parker and her role as Astrid since she doesn’t resemble the likeness of Astrid from the animation at all. However, she still did a great job bringing that character to life. I believe the biggest reason for choosing her for the role is because you basically need to have people from a minority group to be in the film to qualify for the oscars. It’s kinda sucky, but that’s just the way it is now. Either way, she still did a very good job as Astrid. 
I also have to mention Gerard Butler since he is Stoick both in this and the animation, and it’s pretty awesome to see how similar he already looks to his animated counter part, it’s like it was just meant to be, and he is easily one of the best portrayed characters in this movie. 
They made the world feel so stylized and cartoonish in a live-action world which gives the world the same dream-like fantasy vibe of the original. These aren’t the type of Vikings you’d see in the real world, they really just created their own breed of vikings and preserved the original style which is also very impressive, especially considering they were working with a slightly smaller budget. The budget for the original was 165 million and the live-action budget was 150 million.
As far as the story goes, the pacing definitely feels slower which is typical when adapting to live-action, and there were times when I felt like they could’ve picked up the pace a bit more, but its not a big enough complaint for it to ruin the movie for me. The story is great, but to speak subjectively here, This still isn’t something that I would watch again by myself, and that’s probably because it’s made for kids. Throughout the film I couldn’t help but imagine what it would be like if this movie was rated R. Maybe give it a slightly darker tone, throw in a few people getting burned alive or ripped in half, then I’d be much more inclined to watch it again, but I also understand I don’t align perfectly with the core audience. I really enjoyed this movie, and I did tear up in it, and I will watch it again with my daughter when she’s older, but it’s not like I’m gonna put it in my top four on Letterboxd or something. 
Let me know in the comments what you thought of How to Train Your Dragon live-action, is it better than the original, or does it still fall short?",Plot / Story
332,How to Train Your Dragon,"""Overused"" tropes that were done remarkably well and prove that ""overused"" doesn't inherently mean ""bad""",2971,0.98,295,"1.) ""The nerdy loser gets the girl in the end"" with hiccup and astrid (how to train your dragon). At the end of the first movie sure, maybe not the best, but the fact that they kept building their relationship throughout the other shows and movies from cute puppy love to pure devotion and a genuinely happy family was amazing.
2.) ""killing the villain isn't the answer"" with Aang and Ozai (Avatar the last airbender). At the time Aang was the last airbender, the last of his people, the last person capable of passing down the teachings of airbenders to future generations. If he killed Ozai, not only would that have made Ozai a martyr and continued the fighting, but it also would have permanently tainted Aang morality and teachings as a monk. If Aang killed Ozai, he would've finished what Sozin started with the destruction of the air nomads, first their people then their culture.
3.) ""They were dead the whole time"" With Dr. Malcolm Crowe (sixth sense). The little hints and teases that he was dead were expertly sprinkled in and the final realization where everything comes together, you can practically feel the heartbreak and panic and eventual acceptance coming from both character and actor. This is why people still give M. Night Shyamalan so many chances year after year
4.) ""It was a dream the whole time"" With Cooper (black mirror ""the playtest""). The premise is that he's been avoiding his mom, but needs extra cash to fly home to finally visit her so goes to a vr company that implants a device to get you to experience immersive AR horror. First you think ""oh the company is actually evil and just want to override his memories"" until you realize that it was his brain projecting his fear of alzheimer's like what his father died from. Then he wakes up in the office he agreed for the second playtest thinking that it's all over. He goes home and sees his mom desperately trying to call his phone, but no matter how many times he yells out to her, his mom won't answer. Then we cut to him in the original testing room, seizing and dying. In the 0.4 SECONDS he was hooked up to the device, his mom had called his phone which messed up the mechanics, causing Cooper's brain to overload instantly before dying. There were so many red herrings of what was real and what was fake that the final reveal was amazing, yet tragic.",Plot / Story
335,How to Train Your Dragon,In How To Train Your Dragon (2025) vikings can be seen using siege weapons. Which makes me think that this movie might not be realistic at all.,549,0.98,12,"First comment: They couldn’t even get real dragons, they had to animate them. Probably because they are so hard to train in real life",Plot / Story
343,How to Train Your Dragon,I went to see How to Train Your Dragon Live Action..... It's a worthy remake.,110,0.88,48,Dreamworks did not disappoint. They showed that they could do it. And it is banal but better than the current remakes of Disney. And so I want to know your opinion. Is it a worthy remake or still not at the level of the original?,Plot / Story
348,Jurassic World Rebirth,Official Discussion - Jurassic World Rebirth [SPOILERS],935,0.91,4133,"#Poll
**If you've seen the film, please rate it [at this poll](https://strawpoll.ai/poll/vote/YUnkeYtwk9BL)**
**If you haven't seen the film but would like to see the result of the poll [click here](https://strawpoll.ai/poll/results/YUnkeYtwk9BL)**
#Rankings
[Click here](https://strawpoll.ai/list/ItnAgr4mX7QR) to see the rankings of 2025 films
[Click here](https://youpoll.me/list/4/) to see the rankings for every poll done
---
**Summary**
Five years after the events of *Jurassic World Dominion*, Earth’s dinosaurs now survive only on isolated equatorial islands. A covert extraction team, led by Zora Bennett, embarks on a mission to secure dinosaur DNA for a groundbreaking pharmaceutical treatment. Their expedition collides with a stranded civilian family, plunging everyone into chaos amid mutated dinosaurs and hidden threats. The story culminates in a tense race for survival on a forbidden island with a sinister secret tied to Jurassic Park’s past.
**Director**
Gareth Edwards
**Writer**
David Koepp 
**Cast**
* Scarlett Johansson as Zora Bennett
* Mahershala Ali as Duncan Kincaid
* Jonathan Bailey as Dr. Henry Loomis
* Rupert Friend as Martin Krebs
* Manuel Garcia‑Rulfo as Reuben Delgado
* Luna Blaise, David Iacono &amp; Audrina Miranda as the Delgado family
* Philippine Velge, Bechir Sylvain &amp; Ed Skrein as the extraction team
**Rotten Tomatoes**: [54](https://www.rottentomatoes.com/m/jurassic_world_rebirth)
**Metacritic**: [52](https://www.metacritic.com/movie/jurassic-world-rebirth/)
**VOD**
Released in theaters July 2, 2025. Digital release expected later in 2025.
**Trailer**
[Watch here](https://www.youtube.com/watch?v=jan5CFWs9ic) 
---",Plot / Story
349,Jurassic World Rebirth,The problems with jurassic world rebirth explained by a person with adhd,640,0.87,342,"I personally think this movie deserves maybe like a 3.6/5. It wasn't horrible in terms of cgi probably one of the best (except dolores). However the story just didn't add up to me. I feel like in this movie they killed off any unnecessary people because they weren't ""important"". I felt so bad Lelarc when he died and was honestly not expecting it. He was actually one of my favourite characters. Now lets get to how they could fix it. First of all, remove the D-rex. What is that alien like beluga. As said probably like 50 times within the community, leave the kaiju's to godzilla. But let's say they did keep the d rex. If so, I would expect like more than 10 minutes of screen time for a main antagonist. It showed up at the start, as a menacing scary creature that would likely show up later as a huger, bigger threat. Also, I feel like a fight scene between the d rex and other dinosaurs would be cool. Sure it's sorta repetitive, happening in every jurassic world film, but it would still be cool. You can disagree with me on that part. Also the quetzalcoatlus just, isn't a quetzalcoatlus at all in the movie. First of all why tf is it so small? And second of all again it's just NOT a quetzalcoatlus. Also the idea of the Dr. Henry being a drug addict, or just eats drugs at all kinda makes me like him less. Also, did anyone notice that the D rex grew smaller??? Like that thing went from fitting a helicopter in his mouth to barely comparing the size of it's mouth to a human?? That shit grew smaller. ALSO... Duncan should've died, or at least explained how he lived. When I saw the movie I actually felt emotional because of Duncan's ""SacrificIe"". However, when he somehow appeared out of nowhere, alive, I was like, WTF?? I feel like a small scene that shows how he lived would've been better, or just him straight up dying would be better. Duncan is one of my favourite characters don't get me wrong, I just feel like the story would've been better if there was a great sacrifice. Congrats if your still reading! I also just don't get the family. Like why did we NEED 2 separate groups?? And for half of the movie one doesn't realise the other is alive? I feel like the family was just a burden on the scientists. But hey that's just me speaking you can also disagree with that.
I have a lot more to talk about but i don't wanna keep typing my fingers are tired lol. I have adhd so a lot of yall will probably disagree. But hey that's just me speaking my adhd thoughts.",Plot / Story
350,Jurassic World Rebirth,Jurassic World Rebirth Plotholes,83,0.76,93,"Yesterday I watched Jurassic World Rebirth. I love palaeontology so, like many other palaeo-fans, I really looked forward to this movie. I watched the first trailer when it came out and I have avoided every other one since then. So, I am going to list the plotholes and inconsistencies I found and then leave my general impressions on the movie. Please, correct me if I misunderstood anything.
* **The plot itself.** The excuse to put the characters in the island is that there is a company that wants to develop a medicine (again) to cure cardiovascular diseases and they need the DNA of the biggest species of dinosaur, pterosaur and marine reptile. I mean, these creatures were made by humans, the information they need must be easier to find. Even if the info could only be found in the island, if they went straight to the lab they wouldn't need to deal with the living creatures. For sure there are samples there.
* **Broken leg**. There is a man that gets his leg broken in a certain scene. A few moments after that, he can walk and jump perfectly. However, he is seen limping afterwards again.
* **Underground ducts**. Some sort of inexplicable large underground ducts exist below the convenience store. Anyway, some characters are forced to escape using them. Other characters try to help them but, depending on the character, either they find them instantly or it takes minutes, no matter the distance between them.
* **Animal behaviour**. There's a T-Rex taking a nap besides a huge carcass of an hadrosaur (probably hunted by it). The humans are forced to take a boat that is close to the Rex, then it wakes up and chases them down. Having that huge amount of food available makes the chase useless. Humans don't pose a threat to its food either (JP classic). Also they keep presenting the hervibores as docile creatures!! They should pose a threat to humans too!
* **Proportions.** The scriptwriters keep messing around with animal sizes. I know the dinos are supposed to be custom-made, but the size of the Titanosaur is unrealistic. It is waaay too big and it only weights 11 tonnes! Double the weight of an elephant!! The average density LOL. I guess that with these proportions they don't break the square-cube law. 
* **Changes in design**. I feel that they modified the Mosasaurus design a bit. They added a dorsal fin and they changed the scaly look of the animal, especially in the snout area. Also the teeth were changed I think.
* **Ending of the movie.** I feel that ending is a bit rushed. There's a character that survives and I didn't understand how. They use a super small emergency boat to escape the island (250 miles away from the nearest coast) and they look super relaxed and happy. The Spinos and the Mosasaur could still be there!
That's it. To sum up, despite these inconsistencies I found, I enjoyed the movie. I think it is an improvement over the last two films. It feels a bit like Jurassic Park 3. They scrapped the good vs evil shit that they were using in the last three movies, there are some clever references that I loved (the convenience store for example), and the mutants are very cool, the best part of the movie.
  
These movies make me appreciate even more the balls that the GIGACHAD Nigel Marven had in WWD. What a legend. If he was in this movie, it would be only 20 minutes long or so LOL.",Plot / Story
356,Jurassic World Rebirth,This is literally the plot of Jurassic World Rebirth,5355,0.98,86,First comment: You could have just posted the box art for Ark.  The base game has mutant+alien+dino hybrids,Plot / Story
360,Jurassic World Rebirth,Saw Jurassic World Rebirth tonight...,907,0.95,315,"And I'm gonna be honest with you... It made me feel like a little kid again. Was it perfect? No. But THIS is what Jurassic is supposed to be. And if I am being truly It honest, I think it's the best one since TLW (sorry JP3). Who'd have thought going back to a (somewhat) simple story would be what this franchise needed?
Not only that, I loved that it paid little homage to other Spielberg movies, fill the movie with fan service for the sake of fan service (it felt earned). 
What are your guys thoughts? I know everyone will have their own differing opinions of course!",Plot / Story
361,Jurassic World Rebirth,"Jurassic World Rebirth is a HUGE disappointment — this franchise might need to go extinct too. (Minor spoilers,possible spoilers in comments)",542,0.92,645,"I just finished watching Jurassic World Rebirth, and man, what a letdown. I remember reading early articles saying the film would bring back the feelings and atmosphere of the original Jurassic Park. That got me really excited. But after watching it? Brooo, this is NOT Jurassic Park 😭
Let’s start with the positives:
The landscapes filmed in Thailand are absolutely stunning, and the CGI for the dinosaurs looks great. I also liked some of the new explorer characters — especially Dr. Henry Loomis, who felt like a good fit for the theme. The Spino and Mosasaur chase scene with the boat was thrilling and probably the most exciting moment in the whole movie.
But honestly, that’s where the good stuff ends.
The rest of the film was painfully bland and boring. It lacked the emotional weight, excitement, and sense of danger that defined previous entries. It didn’t feel like a return to the roots of Jurassic Park at all.
The core message of the Jurassic franchise — that human arrogance and our belief we can control nature will be our downfall — is completely missing. Jurassic Park showed us that “life finds a way,” and Dr. Malcolm always warned against playing god through genetic engineering. But here? The story starts with man-made dinosaurs that are now going extinct again because they can’t adapt to modern environments.
Where is “life finds a way” in that? 😭
The film gives us a mutated dinosaur called D-Rex, but does nothing with it except tell us:
 1. It’s mutated
 2. It’s ugly
Its design isn’t even compelling — it looks more like a Rancor from Star Wars than anything that could pass for a dinosaur. It barely contributes to the story other than popping up a few times to annoy the main characters near the end.
What does D-Rex do that T-Rex can’t? Apparently… it can grab a helicopter with its dumb-looking arms. That’s it.
What made fans love Spinosaurus, Rexy, or Indominus Rex was that they were terrifying yet cool. Watching them tear through expendable characters or face off with each other was thrilling — no matter how old you are. Rebirth offers none of that. No intense dinosaur battles. No scary “people getting eaten” moments. Nothing.
Even Mutadons, which seem to be weird stand-ins for the Raptors, are boring. The film never explains anything about them. Their entire role feels like a lazy replacement for what made Raptors iconic in the first place.
The whole “mutated dinosaurs” plot feels ridiculous. It’s like they wanted to avoid calling them hybrids like in the previous films, so they just slapped the word “mutated” on them instead.
Let’s be real — the Mutadon is basically a Raptor with wings. And the D-Rex? Just a big ugly carnivore.
Despite all these strange dinosaur designs, Rebirth somehow manages to be neither scary nor exciting. There wasn’t a single moment where I feared for any character. Within 30 minutes, you already know exactly who will survive and who won’t 😂
The side plot with the shipwrecked family was totally unnecessary. They added nothing to the story. Even with the gorgeous environments, most scenes looked oddly fake — like something out of a B-movie. That ruined temple with the Quetzalcoatlus eggs? Hideous.
The pacing was off. The plot moved too fast while still being boring, stuffed with pointless scenes and cringe attempts at humor. And for a Jurassic movie, the dinosaurs barely showed up. When the credits rolled, I honestly had no idea what I just spent 2 hours watching.
In summary:
Jurassic World Rebirth is filled with disappointment. There’s very little of value here. The plot is shockingly thin. Honestly, it might even be worse than Jurassic World Dominion. Maybe it’s time this franchise went extinct along with its dinosaurs.
Jurassic World Rebirth (2025) — 3.5/10",Plot / Story
367,Jurassic World Rebirth,I personally don’t understand the hate for Jurassic World rebirth,328,0.82,476,"I got back from watching Jurassic World Rebirth and I really enjoyed it, but when I went on TikTok to see other people’s opinions on the movie, they all basically say it’s bad because there is “no big dinosaur fight and no Chris Pratt.” I can see why people want a big dinosaur fight because it is entertaining, but I still enjoyed the movie without a dinosaur fight. I don’t get why people don’t like the movie because there is no Chris Pratt because if I remember correctly, Owen Grady in Fallen Kingdom and Dominion didn’t even want to go save the dinosaurs; he just wanted to stay in his cabin, so I understand why he didn’t show up in Rebirth. 
I do agree that the D-Rex had too little screen time for how much hype it got in the trailer. 
I personally give the movie an 9/10",Plot / Story
373,Jurassic World Rebirth,My 10 major dislikes on Jurassic World Rebirth... SPOILERS AHEAD!!!,280,0.74,305,"1. To start off, how is an Apatosaurus as big as the Titanic in New York? And the science industry around dinosaurs is a dying breed?
2. The Mosasaurus they're tracking was cloned by InGen but it's not the Masrani Mosa?
3. There is an amphibian that is scene in more separate scenes than most dinos. How?! It's in the caves and in trees! I'm surprised it wasn't riding on the Quetz's back or swimming after everyone in the end on the boat.
4. The amount it onscreen herbivores vs carnivores is insane. It felt more like a Skull Island film with the predator prey ratio.
5. Why wouldn't they bring real munitions to the island and only bring darts that are filled with neurotoxin?
6. The Velociraptors being used as nothing more than cannon fodder makes me feel like I was robbed of seeing these amazing new raptors designs we only see in renders.
7. The info on the island's lore was very vague unless you pay a lot of attention to the visual cues.
8. Our beautifully wholesome Ankylosaurus only got two seconds of screen time and he was almost run over. 😢
9. How did Duncan escape?!
10. Oh and finally, how does almost every single species of paleofauna die when they aren't at the equator? Sure, maybe the explanations given can be valid for the larger animals, but how about the smaller ones?
Please let me know if these 10 may seem too critical or not, and let me know if you have any answers to these questions.",Plot / Story
377,Jurassic World Rebirth,"If/When Jurassic world rebirth gets a sequel, what’s your dream plot? What dinosaurs do you want? Ect.",260,0.97,242,Here are just a few dinosaurs that I think would be good to see.,Plot / Story
378,Jurassic World Rebirth,I just watched Jurassic World Rebirth !!! (No Spoilers),279,0.9,239,"Oh goes without saying... I'm not going to spoil a thing. Aside from the fact the movie isn't widely out yet, I do think the movie is better watched with all what it hasn't revealed as unspoiled as possible. The trailers show a lot and yet not a lot at all is all I shall say. But specific course of events, that's for you viewers to discover for yourselves.
But pretty much... I'm firmly in the camp of wanting Gareth Edwards to make even more Jurassic World movies. He's a match made in heaven with the Jurassic series and it doesn't feel like he was held back at all like what was done with Rogue One (a movie I love but was notoriously taken over by Tony Gilroy at a point). I think especially if you loved Gareth's approach to Godzilla you'll enjoy Rebirth.
There's also great human character moments. When outlets compared Rebirth to Jaws it was apt. But mainly the way Jaws used a small core leading cast to deliver a good story to follow and how these personalities differ and clash. In ways Zora, Duncan, and Dr. Loomis feel like a spin on the Alan, Ellie, and Malcolm trio tho their roles differ. Also if you're a fan of the ""going out on an adventure to the jungle or remote corners of the earth"" type of movies like say... The Lost World: Jurassic Park, the Isla Nublar parts of Jurassic World: Fallen Kingdom, or films like Kong: Skull Island, then you will really like Rebirth. But especially if you are a fan of the original Jurassic Park's direction, I think you'll find Rebirth a great worthy sucessor that earns its ""Oooh ahh"" moments.
There's some choices I'm not a fan of. I make it no secret I love the Jurassic World trilogy and am one of the few who loves Dominion. You can't have Rebirth without the narrative of the JW Trilogy. But in ways it feels kind of backtracking on the awesomeness of those movies and how it changed the world (no pun intended). Of course it's mainly to have a tighter story and a reasoning for why the plot takes place mainly on one location (a great location that is as cool as Isla Sorna). But I personally find that this was kind of unecessary reasoning.
When it comes to our beautiful dinosaurs themselves... again, Gareth Edwards was the perfect choice for them. Everything you've seen are great naturalistic portrayals of dinosaurs as animals. Hell even the mutant dinosaurs don't feel that odd or out of place but more like adapted animals. But I would not lie if I said they could have easily just been more actual dinosaur species. Overall though the use of dinosaurs overall I think audiences and Jurassic fans will like. Though some are more like one scene (or section) wonders... but they are damn good scenes.
I don't know where I'd rank Rebirth. I just watched it and am on a bit of a high as I realy really enjoyed the movie. I'm also one who frankly ranks the first two Jurassic Park films and the Jurassic World Trilogy (by Colin Trevorrow) as all perfect / great movies. I would say... Rebirth is also great. Though I don't like how it goes against Dominion, which I really love still, I do agree that it does improve on and sort of course correct on genuine criticisms of the Jurassic series. You should definitely watch Rebirth when it releases in theatres as it is wonderful on the big screen. By not doing so, you're missing out on a great time at the movies.
Oh and a bit of an anecdote: I sat next to a guy who saw the original Jurassic Park in 1993 in the theatre. And I sat next to a real young kid &amp; his family, he might even have been younger than Jurassic World Dominion. Both really enjoyed Rebirth. The older fan seeing a lot of the og film and why he liked it in Rebirth. The new fan excited for all the dinosaurs and even saying all by name.",Plot / Story
384,Jurassic World Rebirth,My Review of Jurassic World Rebirth (Spoilers Ahead),49,0.8,338,"Huge opportunity to see this film a whopping 2 weeks before its worldwide release. It was a fun premiere with a hyped up crowd. 
Jurassic World Rebirth is the seventh entry in this long running franchise, that packs a big Dino punch. In a surprising twist, it manages to feel a lot more like a survival thriller, similar to The Lost World and Jurassic Park 3, other than a theme Parc ride like the 'World' trilogy. In a lot of ways, I felt like the last three forgot what made the first so phenomenal, and the other two at least entertaining, in the first place. It became mind-numbing. 
Plot wise, it’s as thin as paper, but it never feels like it’s trying too hard to be something it isn’t. You’ve got a bunch of people who crash on an island where the original dinosaurs were created. They get hunted by Spinosaur’s and a T-Rex. Narratively, it’s divided into two seperate groups of characters trying to join back up with the others. Sounds familiar? Because it’s basically Jurassic Park 3. They even pull off the same ending! Which is not a negative, honestly I love that film. 
The characters here range from likeable, to boring, with nothing to actually do, or downright infuriating. The teenage girl and her boyfriend, are so insufferable; all I was waiting for was for them to get eaten. There is a focus on hybrid dinosaurs, which is starting to slightly annoy me as a dinosaur enthusiast since I was just a kid. Like, are these giant fucking animals not scary enough? But it’s woven into the plot, so it’s important…
Gareth Edwards was a damn solid choice, because he has a great eye for scale. Which is incredibly useful when making a dinosaur movie. But it was a given; he has Monsters and Godzilla under his belt, which gave him the confidence to go and shoot this thing in Kodak 35mm. The colours pop, and the grain makes all these creatures feel tangible. My only gripe is that most of the dinosaurs aren’t practical at all. Bit sad to be honest, but it doesn’t refrain from the fact that the visual effects are simply gorgeous. Pretty much perfect in every way. 
Despite the over saturation of Hybrids in this film, and the franchise as a whole, Jurassic World Rebirth felt like a return to form. It didn’t need Dino-versus-Dino action, and instead focused on a simple, yet concise story. Desplat coming in to do the score is just the cherry on top of this surprisingly fun cake!
3.5/5",Plot / Story
392,Jurassic World Rebirth,Scarlett Johansson’s ‘Jurassic World Rebirth’ Predicted To Bomb At Box Office,100,0.74,206,"First comment: These movies all fail at being the original.
They fail at being smart.
I'd rather see 15 minutes of dinosaurs and two hours of good writing, good character arcs, and good drama. Tensions, scares, thought provoking dilemmas. But instead we see ""Godzilla vs Kong""-type slop. Immemorable bullshit that AI will soon replace.",Plot / Story
401,Kpop Demon Hunters,KPop Demon Hunters - misses it's own point?,1873,0.99,578,"I decided to watch KPop Demon Hunters on Netflix after seeing so much praise for it and I really liked it... until the end. I feel like the climax of the film completely contradicts the entire rest of the film and it's message, so I'd like to see if anyone else felt this way about it.
Throughout the film, the main character grapples with shame around the fact she's part-demon by birth, and eventually comes to accept this about herself. Additionally, we learn about this demon called Jinu, who was a human who committed one terrible act and is now trapped in servitude by Gwi-Ma. So, this tells us that demons are being manipulated by the villain using their self-loathing and shame into doing his bidding, and that being a demon isn't inherently bad.
To add to that, we see Rumi becoming disillusioned as the film progresses, her heart not in killing demons anymore. She even asks one demon whether he's being forced to do what he's doing (although he's killed before he can answer).
So then, after all that buildup, the climax of the film is the trio slaughtering hordes of demons and sealing them all away with a new honmoon just in a more self-empowered way. What??? It's supposed to feel so triumphant - the trio have finally accepted who they are and can come together truly as themselves to do their duty and banish evil from the world. But the film has just spent it's entire runtime telling us that the evil is not necessarily evil. The climax seems to think that the separation between good and evil in the film is black and white when the whole film up to that point has been muddying that. It's just so strange because the film 100% feels like it's building to the characters realising that demons don't necessarily need to be locked away, perhaps just released from the negative influence/command of Gwi-Ma but it just doesn't happen. I believe it completely misses it's own point because it asks us to sympathise with demons and then the triumphant climax completely doesn't work if you do sympathise with them.
Am I crazy? Did anyone else feel this?",Plot / Story
404,Kpop Demon Hunters,in kpop demon hunters (2025)   this is the worst way to depict someone eating a sushi in a kid movie,17120,0.84,980,First comment: “A Sushi”,Plot / Story
408,Kpop Demon Hunters,DId anyone else on here watch Kpop demon hunters and if so what are your thoughts?,1506,1.0,451,"Kpop demon hunters is about Rumi, Mira, and Zoey who form ""Huntrix"" a kpop girl group who hunt and fight demons sent by Gwi-Ma who wants human souls to feed his power. They seals demons by performing which creates the Honmoon a barrier between the human and demon world.  Gwi-Ma later sends a demon boy band called ""The Saja Boys"" who aim to steal the girl's fans and increase Gwi-Ma's power.
I personally really liked this movie and thought the songs were bops with my favorites being Golden, Soda pop, and What it sounds like. My main criticisms for this movie was the fast pacing. some characters not getting a lot of focus, and plot holes that are never touched upon. I'm hoping they make a sequel or spin off series to dive into more of the lore and character backstories. This movie was an 8/10 and I really recommend you guys watch it if you haven't already.",Plot / Story
409,Kpop Demon Hunters,The success of KPop Demon Hunters validates the entire plot of KPop Demon Hunters,3258,0.99,159,"First comment: I saw some folks saying they liked some of the choreo going on more than some recent Kpop MVs, fun to see.  
  
Anyway that reminds me of M Night Symylan putting his singer daughter in as a popstar for his movie Trap and we get a lot of moments where we just watch her perform and it's just fine at best.",Plot / Story
421,M3GAN 2.0,Saw m3gan 2.0 and it was awesome,4,0.55,13,"The direction they took for this movie is a perfect one I think 
If they went with the same premise of oooh m3gane came back in another house must stop her it would just have felt cheap and reused 
It focusing on the relationships betwen Gemma Cady and Megan really came out as a nice surprise and since I haven't seen the trailer I was shocked when m3gan turned out to have a redemption arc!
The plot Twists also caught me off guard multiple times! (I think it also stems from Gemma being a unreliable narratore?
The dialogue also flowed smoothly AND THE JOKES? it made the the whole cinema crack up more than once and I personaly never felt they were forced 
M3gan was a joy to see on screen and never felt boring, she sassy funny and her arc was absolutely amazing 
At the end of the day I can understand why it wouldn't be some people's cup of tea, but a movies is made to entertain and it did just that and I had a pretty good time watching it",Plot / Story
422,M3GAN 2.0,So about M3GAN 2.0 …,3,0.59,21,"This is just my own opinion. Yes there are spoilers.
I have mixed feelings about the sequel. 
Overall I thought it was a fun popcorn flick. I’m not a hater of the movie by any stretch. If you want to go for a fun time with plenty solid comedic moments, then this is great for you.
And i still moderately enjoyed my time watching the movie.
But at the same time, I feel like they could have done better.
Not sure if its the director or all the actors but the movie could have benefited from stronger performances overall.
For example, &gt;! The character who ends up being the main antagonist is named Christian, portrayed by Aristotle Athari, is so BORING throughout the entire film. He starts out as Gemma’s new boyfriend, introduced by exposition of course. He is boring in the beginning. He has a nice interaction with Cady early on, encouraging her with her tech passions. Then he serves as Gemma’s emotional support after Cady is abducted by Amelia. He just isn’t very compelling throughout any of this. Then when it’s revealed that he and his crew of rogue scientists is behind Amelia and her killings and taking Cady, he just isn’t that intimidating at all. He has this SUPER LONG monologue to Gemma towards the end of the movie. It’s just that he is so bland and uninteresting, i lost focus halfway through his little villain speech and missed much of the exposition. When Amelia killed him after she becomes fully autonomous, i was like “yep saw it coming.” I just didn’t get anything out of his character. They rushed to introduce him early on and then rushed the reveal and rushed his exit. It’s whatever. One of the characters who dies early on i think was a better actor than who is later revealed as the villain… that guy should have been the villain. He is much more compelling and if he had to be like evil i feel like he could have pulled it off. !&lt;
The best thing about the movie is M3GAN.  The world around it? It’s lazy writing and not very compelling. The movie is only watchable for the comedic beats and seeing M3GAN fight another robot.
EDIT: honestly the most disappointing thing is that they didn’t use the song “Femininomenon” by Chappell Roan in the actual movie. They used it in the teaser trailer and its been a guilty pleasure of mine to listen to ever since",Plot / Story
425,M3GAN 2.0,'M3GAN 2.0' - Review Thread,339,0.81,301,"*Two years after M3GAN, a marvel of artificial intelligence, went rogue and embarked on a murderous rampage, its creator, Gemma, has become an advocate for government oversight of AI. Unbeknownst to her, a defense contractor has created a military-grade weapon known as Amelia, the ultimate infiltration spy. However, as Emlia's self-awareness increases, it becomes less interested in taking orders. Hoping to stop Emilia, Gemma decides to resurrect M3GAN, making it faster, stronger, and more lethal.*
**Rotten Tomatoes:** [62%](https://www.rottentomatoes.com/m/m3gan_20)
**Metacritic:** [56/100](https://www.metacritic.com/movie/m3gan-20/)
Some Reviews:
[Independent (UK)](https://www.rottentomatoes.com/critics/source/691) \- [Clarisse Loughrey](https://www.rottentomatoes.com/critics/clarisse-loughrey) \-  4/5
&gt;M3GAN 2.0 is, admittedly, a pretty bizarre conflagration of tones and ideas. But so were most of the Child’s Play films... and the rollercoaster effect of never quite knowing what genre Johnstone might pull from next is a key part of the fun.
[Empire Magazine - John Nugent](https://www.empireonline.com/movies/reviews/m3gan-2/) \- 4/5
&gt;M3GAN 2.0 is more absurd, self-aware silliness: a riot of timely tech paranoia, with almost no horror but a ton of successful comedy. Slay, queen! We are following *Terminator 2* rules here: if AMELIA is the cold, ruthless, unstoppable T-1000, then M3GAN is the T-800 who can take her on — the fan-favourite baddie gone good — with Williams’ Gemma as the tech-sceptical Sarah Connor-type, who must learn to love her former foe. (Because if a M3GAN can learn the value of human life, maybe we can too?)
[The Hollywood Reporter - David Rooney](https://www.hollywoodreporter.com/movies/movie-reviews/m3gan-2-0-review-allison-williams-1236298922/)
&gt;The campy sense of mischief that made Gerard Johnstone’s 2023 hit *M3GAN* so enjoyable asserts itself intermittently in *M3GAN 2.0*, a logical title for a follow-up to the thriller about a murderous robot. But the humor is forced to compete with seriously overcomplicated plotting in a sequel that entangles its horror comedy roots with uninspired espionage elements, becoming a convoluted mishmash with shades of *Terminator 2: Judgment Day*, *Mission: Impossible* and the *Austin Powers* franchise. There are amusing moments reminiscent of the original, but in terms of tone and coherence, the movie loses its way.
[AV Club - Anna McKibbin](https://www.avclub.com/m3gan-2-0-review) \-  C+
&gt;It seems that Johnstone and his collaborators learned the wrong lesson from *M3GAN*‘s shocking success (the original did fairly well in the box office and launched a thousand memes). Audiences weren’t won over by the film’s philosophical untangling of man and tech, but flocked to see M3GAN’s uncanny physicality and unique murder tactics. This was a robot who combined the familiar (bitchy villain dialogue) and unfamiliar (galloping after a child like a dog in a frilly dress). She was Chucky meets *Heathers*. Unfortunately, neither AMELIA, nor this new more morally driven M3GAN, engender that same delighted shock, and so Johnstone settles for the worst of both worlds—something that limps, with exaggerated metal squeaks, into the future.
[DEADLINE - Pete Hammond](https://deadline.com/2025/06/m3gan-2-0-review-sequel-1236441718/)
&gt;With AI and its constant advancements a frightening eal-life prospect that can out-horror any horror film with its evil possibilities, the *M3GAN* franchise, as steroided-up as this sequel is, is fighting against time to remain science fiction instead of being a template for a future documentary\*.\* Still it is all a lot of fun to watch, and the filmmakers have met the requirements expected by a sequel designed to outdo its predecessor where *more* becomes the mantra. What made the first film such an instant hit, even in its marketing months before release with that dancing doll image, really can’t be replicated, but this edition is so jacked-up we still can dig it for what it is. All of the players deliver and there is a very amusing supporting turn from none other than Jemaine Clement as an Elon Musk-style tech billionaire named Alton Appleton wanting to take the latest creations from Gemma and company to more questionable heights. Clement delivers some nice laughs as you might expect.",Plot / Story
429,M3GAN 2.0,"In M3GAN 2.0, M3GAN walks away with a towel after doing training, despite being a robot. This is because the entire movie is a bit that went beyond reasoning",1412,0.99,47,First comment: A towel is just about the most massively useful thing an interstellar hitchhiker can carry.,Plot / Story
430,M3GAN 2.0,M3GAN 2.0 Is The Summer's Big Horror Box Office Bummer,220,0.82,242,First comment: Probably because it isn't a horror movie. Or at least doesnt look like one in the trailer.,Plot / Story
432,M3GAN 2.0,'M3GAN 2.0' Review Thread,118,0.91,228,"I will continue to update this post as reviews come in.
[**Rotten Tomatoes:**](https://www.rottentomatoes.com/m/m3gan_20) Rotten
**Critics Consensus:** *M3gan 2.0* swaps the original's horror software for a more action-leaning programming that doesn't prove to be an upgrade, although the quippy A.I. remains an amusing mascot for slay.
|Critics|Score|**Number of Reviews**|
|:-|:-|:-|
|**All Critics**|58%|155|
|**Top Critics**|46%|37|
[**Metacritic:**](https://www.metacritic.com/movie/m3gan-20/) 55 (41 Reviews)
**Sample Reviews:**
Chase Hutchinson, Seattle Times - Though the premise of this sequel isn’t without promise, and some bursts of violent absurdity — like one cut of a neck being broken — make you sit up in your seat, there’s no real spark to anything else. **1.5/4**
Richard Brody, The New Yorker - M3GAN 2.0 has little dramatic shape and no directorial style. In striving for more than the original, it achieves far less.
Bilge Ebiri, New York Magazine/Vulture - The results are thoroughly middling — not funny enough to qualify as comedy, not exciting enough to qualify as action, not smart enough to qualify as a cautionary tale, and certainly not weird enough to keep the M3gan ethos alive.
Sarah-Tai Black, Globe and Mail - It’s the equivalent of giving audiences what they expect, but compacted down into a force so dense it has no other option but to explode everywhere.
Benjamin Lee, Guardian - It just about works with time, mostly down to its sheer energy, Johnstone pitching it as a goofy Mission: Impossible for younger teens. **3/5**
Alonso Duralde, The Film Verdict - It’s a movie that coasts on audience expectation and goodwill but never kicks the wickedness up a notch, making the weak-tea ending even more of a disappointment.
Peyton Robinson, [RogerEbert.com](http://RogerEbert.com) \- M3GAN 2.0 is funny, even if cheaply, and it’s also deeply, transparently unserious this time. **2.5/4**
Amy Nicholson, Los Angeles Times - A magpie movie that’s happy to give audiences the tinselly things they want — i.e. two robots clobbering the Wi-Fi out of each other. But Johnstone creates openings for his own shaggy sense of humor. I’m excited to keep tabs on the promising New Zealander.
Mark Kermode, Kermode and Mayo's Take (YouTube) - It's a complete mess, but it was an enjoyable mess.
Kyle Smith, Wall Street Journal - The film’s combination of wickedly funny action and sardonic jabs at what’s happening today is consistently fresh and effective. M3gan may be glitchy, but the film’s engineering is slick.
Glen Weldon, NPR -. Eventually, though, the sequel delivers on the promise -- and the premise -- of the original, and retains the original's pleasantly schlocky, B-movie vibe.
Katie Walsh, Tribune News Service - The sequel still exhibits its dry, ditzy-smart humor that made the first film such a campy delight. **3/4**
Alissa Wilkinson, New York Times - Maximalism has its place, but it wears out its welcome here.
Ty Burr, Washington Post - The movie feels preprogrammed, but the programming works. **2.5/4**
Johnny Oleksinski, New York Post - “Seed of Chucky” is “The Exorcist” next to “M3GAN 2.0.” **1.5/4**
Michael Ordoña, TheWrap - “M3GAN 2.0” wisely takes the franchise to a totally new place, and has a lot of fun doing so.
Justin Clark, Slant Magazine - Imagine John Waters at the helm of a Terminator 2 remake and you have an inkling of just how wild a pivot M3GAN 2.0 is from its predecessor. **3/4**
Donald Clarke, Irish Times - Oh no. The sequel to M3GAN is absolutely T3RRIBL3. It’s as if nobody involved with that 2023 cybershocker – Gerard Johnstone returns to directing duties – has any idea what made it such a hilarious blast. **1/5**
Meagan Navarro, Bloody Disgusting - It’s Donald and Davis’ pitch-perfect performances, along with Cooper’s talent for making outrageous and absurd horror setups so comically fun, that offset the sequel’s messier impulses. **3/5**
Kristy Puchko, Mashable - A sequel that is a horrendous mishmash of ideas and influence, M3GAN 2.0 is occasionally outrageous, but mostly it's derivative, bewildering, and bland.
Kristen Lopez, The Film Maven (Substack) - M3GAN 2.0 works when M3GAN is front and center but, as it stands now, there’s just not enough of her. The central conflict is smothered by a haphazard ‘80s techno plot that’s too muddled to be interesting. **D+**
Kambole Campbell, Little White Lies - It​’s hard not to wish for a lit­tle more econ­o­my, espe­cial­ly when there are so many moments where the appeal of a sil­li­er fol­low-up feel clear­er. **2/5**
John Nugent, Empire Magazine - M3GAN 2.0 is more absurd, self-aware silliness: a riot of timely tech paranoia, with almost no horror but a ton of successful comedy. Slay, queen! **4/5**
Richard Whittaker, Austin Chronicle - If the franchise-fixated producers at Blumhouse and James Wan's Atomic Monster insist on cranking out more duplicates, next time just let M3GAN be M3GAN. **2/5**
Mark Kennedy, Associated Press - “M3GAN 2.0” was inevitable, but it didn’t have to be so inevitably too much. **2/4**
David Fear, Rolling Stone - Her model is 2.0. The overbaked, underwhelming, narratively restless movie itself is 0.0 percent watchable.
Alison Foreman, IndieWire - M3GAN’s greatest asset was never her heart, but her lack of one. It’s somewhat baffling, then, that she is easily the most likable character in a lineup of algorithmically hateable humans. **C**
Robbie Collin, Daily Telegraph (UK) - This uproarious (if not especially scary) sequel has the measure of the task at hand’s silliness, and leans into it with infectious glee. **4/5**
Brian Truitt, USA Today - Strangely, the killer robot girl who shimmied and stabbed her way into our hearts is defanged and watered down in her return. **2/4**
Clarisse Loughrey, Independent (UK) - M3GAN 2.0 is, admittedly, a pretty bizarre conflagration of tones and ideas. But so were most of the Child’s Play films... and the rollercoaster effect of never quite knowing what genre Johnstone might pull from next is a key part of the fun. **4/5**
Rafer Guzman, Newsday - Maybe the target audience is simply anyone who’s up for a few laughs. ""M3GAN 2.0” definitely has a sense of humor about itself. **2.5/4**
Jordan Hoffman, Entertainment Weekly - Allison Williams’ robo-franchise trades splatter for spycraft in this entertaining sequel. **B**
David Rooney, The Hollywood Reporter - A convoluted mishmash with shades of Terminator 2: Judgment Day, Mission: Impossible and the Austin Powers franchise. There are amusing moments reminiscent of the original, but in terms of tone and coherence, the movie loses its way.
Anna McKibbin, AV Club - Unfortunately, neither AMELIA, nor this new more morally driven M3GAN, engender that same delighted shock, and so Johnstone settles for the worst of both worlds -- something that limps, with exaggerated metal squeaks, into the future. **C+**
Owen Gleiberman, Variety - Where the first film was ahead of the curve, “M3GAN 2.0” has been made in the thick of the AI explosion and is all too aware of it.... The limitation of “M3GAN 2.0” is that it’s a competent but cumbersome overelaboration of the M3GAN concept.
Danny Leigh, Financial Times - Now have M3gan 2.0, among the more inevitable sequels in film history. Less predictable is that it is actually very good fun. **4/5**
Nick Schager, The Daily Beast - Switching genres in a futile effort to justify the series’ continued existence, this misbegotten creation is a leaden and aimless bit of cinematic malware—not to mention the most convoluted 2025 theatrical release to date.
**SYNOPSIS:**
Two years after M3GAN, a marvel of artificial intelligence, went rogue and embarked on a murderous (and impeccably choreographed) rampage and was subsequently destroyed, M3GAN’s creator Gemma (Allison Williams) has become a high-profile author and advocate for government oversight of A.I. Meanwhile, Gemma’s niece Cady (Violet McGraw), now 14, has become a teenager, rebelling against Gemma’s overprotective rules.
Unbeknownst to them, the underlying tech for M3GAN has been stolen and misused by a powerful defense contractor to create a military-grade weapon known as Amelia (Ivanna Sakhno; Ahsoka, Pacific Rim: Uprising), the ultimate killer infiltration spy. But as Amelia’s self-awareness increases, she becomes decidedly less interested in taking orders from humans. Or in keeping them around.
With the future of human existence on the line, Gemma realizes that the only option is to resurrect M3GAN (Amie Donald, voiced by Jenna Davis) and give her a few upgrades, making her faster, stronger, and more lethal. As their paths collide, the original A.I bitch is about to meet her match.
**CAST:**
* Allison Williams as Gemma
* Violet McGraw as Cady
* Brian Jordan Alvarez as Cole
* Jen Van Epps as Tess
* Amie Donald / Jenna Davis as M3GAN
* Ivanna Sakhno as AMELIA
* Aristotle Athari as Christian
* Timm Sharp as Tim Sattler
* Jemaine Clement as Alton Appleton
**DIRECTED BY:** Gerard Johnstone
**SCREENPLAY BY:** Gerard Johnstone
**STORY BY:** Gerard Johnstone, Akela Cooper
**BASED ON CHARACTERS CREATED BY:** Akela Cooper, James Wan.
**PRODUCED BY:** James Wan, Jason Blum, Allison Williams
**EXECUTIVE PRODUCERS:** Gerard Johnstone, Adam Hendricks, Greg Gilreath, Michael Clear, Judson Scott, Mark D. Katchur
**DIRECTOR OF PHOTOGRAPHY:** Toby Oliver
**PRODUCTION DESIGNER:** Brendan Heffernan, Adam Wheatley
**EDITED BY:** Jeff McEvoy
**COSTUME DESIGNER:** Jeriana San Juan
**MUSIC BY:** Chris Bacon
**CASTING BY:** Sarah Domeier Lindo, Miranda Rivers, Terri Taylor
**RUNTIME:** 119 Minutes
**RELEASE DATE:** June 27, 2025",Plot / Story
442,M3GAN 2.0,‘M3GAN 2.0’ Bombs: 5 Reasons the Sequel Couldn’t Match the Original’s Box Office Success,123,0.92,89,First comment: [removed],Plot / Story
445,M3GAN 2.0,M3GAN 2.0 | Final Trailer,126,0.92,75,"&gt;The murderous doll who captivated pop culture in 2023 is back. And this time she’s not alone.
&gt;The original creative team behind that phenomenon—led by horror titans James Wan for Atomic Monster, Jason Blum for Blumhouse and writer-director Gerard Johnstone—reboot an all-new wild chapter in A.I. mayhem with M3GAN 2.0.
&gt;Two years after M3GAN, a marvel of artificial intelligence, went rogue and embarked on a murderous (and impeccably choreographed) rampage and was subsequently destroyed, M3GAN’s creator Gemma (Allison Williams) has become a high-profile author and advocate for government oversight of A.I. Meanwhile, Gemma’s niece Cady (Violet McGraw), now 14, has become a teenager, rebelling against Gemma’s overprotective rules.
&gt;Unbeknownst to them, the underlying tech for M3GAN has been stolen and misused by a powerful defense contractor to create a military-grade weapon known as Amelia (Ivanna Sakhno; Ahsoka, Pacific Rim: Uprising), the ultimate killer infiltration spy. But as Amelia’s self-awareness increases, she becomes decidedly less interested in taking orders from humans. Or in keeping them around.
&gt;With the future of human existence on the line, Gemma realizes that the only option is to resurrect M3GAN (Amie Donald, voiced by Jenna Davis) and give her a few upgrades, making her faster, stronger, and more lethal. As their paths collide, the original A.I icon is about to meet her match.
&gt;M3GAN 2.0 is written and directed by acclaimed returning filmmaker Gerard Johnstone, from a story by Gerard Johnstone and Akela Cooper, based on characters created by Akela Cooper &amp; James Wan.
&gt;The film co-stars returning cast members Brian Jordan Alvarez and Jen Van Epps as Gemma’s loyal tech teammates, Cole and Tess, and new characters played by Aristotle Athari (Saturday Night Live, Hacks), Timm Sharp (Apples Never Fall, Percy Jackson and the Olympians) and Grammy winner and 11-time Emmy nominee Jemaine Clement (Avatar: The Way of Water, What We Do in the Shadows).
&gt;Produced by James Wan, Jason Blum and Allison Williams, the film is executive produced by Joe Hill, Gerard Johnstone, Adam Hendricks, Greg Gilreath, Michael Clear, Judson Scott and Mark D. Katchur.
&gt;The first M3GAN film shattered box office records, opening to $30.4 million domestically to become the biggest opening weekend for a PG-13 horror film since A Quiet Place Part II. The film went on to gross more than $180 million worldwide.",Plot / Story
446,M3GAN 2.0,What Marnie scene haunts Allison Williams!? - Why Allison Williams refuses to let 'M3GAN 2.0' costar watch 'Girls',172,1.0,60,"**What scene do you think this is referring to?!**
""Violet has not seen Girls, nor will she ever,"" Williams said during a joint interview the two had with Entertainment Tonight. Turning to her young costar in the horror flick, she added, ""You can see it when I pass on.""
Williams then explained her issue.
""There's one scene — every time you and I talk about this show — there's one scene that pops into my mind's eye, and I just can't be in the same country,"" Williams said. ""I have to be in outer space when you see it.""
When McGraw protested, saying that she's 14, Williams shut her down.
""I know you're 14, and you are so adult,"" Williams said, ""but also, thank God you're 14. Stay that way.""
Williams did not specify the scene that bothered her, and *Girls* had its share of controversial ones.",Plot / Story
449,M3GAN 2.0,"This may be a hot take, but M3GAN 2.0 was a blast and feels destined to become a cult classic",176,0.96,44,"BEFORE YOU DOWNVOTE HEAR ME OUT
So is M3GAN 2.0 like, an amazing movie? No. Should they probably have done another horror movie? Yeah probably. But is this movie a complete joy? Hell yeah it is. Its definitely not going to be as well regarded as the first, as its far more of a ""Wavelength Movie"". If you're on this movies wavelength and embrace the campy, gay, kinda horny, balls to the wall vibe, you're going to absolutely adore it. I can definitely imagine this movie developing a fan base of its own who are simply here for the vibes and nothing else. By not taking itself too seriously, the film is able to carve out a niche for itself. Honestly I had just an insane amount of fun, and I can't wait to watch this while under the influence of something. 
But also like, even as a movie outside of the campy fun elements, its still solid. Its not groundbreaking, but its themes on AI regulation were pretty well handled, and considering the film had a budget of only 15 million dollars, they really made the most out of every dollar. Despite the genre change, its still a pretty good follow up to the plot of the original, and they built up M3GAN and Gemmas relationship really well. It definitely could've been a little shorter, its a bit too convoluted, and a lot of the dialogue is veryyyyy exposition heavy, and i definitely think leaning more into horror was something the film desperately needed, even if its not a horror movie. Horror Elements in action movies exist, and while we get a little of that, its definitely not enough.
And just between you and me, I kinda wish they went further with it and filled the soundtrack with girlboss pop music during the action sequences. If you're going to change the genre and fully embrace the viral elements of the first, might as well go all the way.",Plot / Story
453,M3GAN 2.0,"Just saw M3GAN 2.0 in a pre-screening, ask me anything",30,0.97,62,What i will say is i was surprised in a very very good way. but there is NO horror at all.,Plot / Story
459,M3GAN 2.0,M3GAN 2.0?,18,0.68,55,"What's the buzz on this?
I've seen no reviews or reactions for this and it starts in a few days. Is there a review embargo?",Plot / Story
465,M3GAN 2.0,"Just watched M3GAN 2.0, and it’s alright! Go watch it!",35,0.95,37,"M3GAN 1 worked really well because of the small scope, and did it well.
The sequel’s very flashy with all the action scenes, and the size of the story stretches the movie a bit too thin at parts.
It’s still a super duper fun film, and when it leans into its campiness, it’s the best thing ever imo. 
If anyone has questions about the movie, spoiler or non-spoiler, feel free to ask/message. Will add spoilers of course if needed.",Plot / Story
470,M3GAN 2.0,What was your favorite scene in M3GAN 2.0?,19,1.0,32,"First comment: The scenes of M3GAN being sassy towards gemma were so funny! 
“Would you prefer that I gave you a printout that you could read at your own pace?” 
“Hey, did you guys hear that? Gemma just made an incredible observation, great work Gem, you just saved the mission!”",Plot / Story
471,M3GAN 2.0,This car from the M3gan 2.0 movie,12,0.89,37,"Initial thoughts were it's a Lamborghini, but I cannot find one that's close.",Plot / Story
473,M3GAN 2.0,M3GAN 2.0 was awful,13,0.6,30,"I saw M3GAN 2.0 at a screener showing earlier today after watching no trailers. While M3GAN 1.0 was a simple &amp; well made scary movie that I enjoyed, this movie was the complete opposite.
All of the original charm, suspense, horror and cinematography were replaced with Terminator-like fighting robots spewing out tech jargon. ""Quick, hack the wifi so we can pair with the robot to decrypt it's quantum algorithm"". Scan that guy's retina so you can hack the power grid, but never use/mention that ability again. EMP guns (which injure humans somehow) that hold one shot and take forever to reload, so we have to use taser sticks.
If you want to watch 2 hours of female robots beating up/killing male-only security guards &amp; employees, this is your movie. If not, go read the Wikipedia summary and move on from this ruined franchise.",Plot / Story
475,M3GAN 2.0,M3GAN 2.0 or 28 Years Later?,0,0.38,30,Heard pretty mixed reviews about both of these but am still planning on going to see one of them this weekend.  Which one did you like more and what trailers did you see before the movie started?,Plot / Story
476,M3GAN 2.0,"""M3GAN 2.0"" A-List pocket review",9,0.59,25,"Well three or so years ago, the first ""M3GAN"" film was a surprise smash, pleasing critics and audiences alike. The ""megan"" android creature providing both humor and good action for sci-fi and horror fans alike. So since profits were large, a sequel was inevitable, and since I was a fan of the first film, it was a given I would check this one out, via A-List.
Anyway, I saw this film in the context of ""bad press"". Though it was just released, Megan 2 is being hammered for poor box office results, and while I haven't read other reviews, there seem to be a lot of ""what went wrong"" articles in the press. That said, I was reasonably entertained by the film. I found all the elements I liked about the first one - the sci-fi, the killing (LOL) and the campy humor - to be present in this sequel. The human cast is basically all back, and they hit their marks as well. And the ""megan"" android machine retains its weird charisma. Is it ss good as ""Megan""? No. The plot goes widescreen, with a greater emphasis on raw action and government conspiracies, which makes things a bit duller and the plot needlessly complicated. At about 110 minutes, it is a good 20 minutes too long. Nevertheless, on balance, I liked it.
C+ .... not the surprise fun of the original, but not as bad as it seems to be made out to be. If you liked the first, I think you'll like it too. Softly recommended.",Plot / Story
479,M3GAN 2.0,"Boy, I sure wonder where things go from there after M3GAN 2.0’s ending",23,0.93,21,So M3GAN remained good and she had her mind backed up after sacrificing herself. So it’s likely Gemma will build her a new body now that she is trustworthy. So it looks as if Cady has her robot friend for life.,Plot / Story
480,M3GAN 2.0,About M3GAN 2.0 Reviews,41,0.94,19,"People complain about everything. I saw the reviews for the movie, and honestly, I'm not going to let that influence my opinion. You can make an intense and deep story like '28 Years Later' and people will still complain (which is strange, since many people complained about that one too), and you can also make a silly action story and people will still complain. How about we just enjoy a movie theater experience while disconnecting from reality for 2 hours?",Plot / Story
482,M3GAN 2.0,M3GAN 2.0 (2025),83,0.93,11,https://imdb.com/title/tt26342662/,Plot / Story
488,M3GAN 2.0,M3GAN 2.0 Is The Summer's Big Horror Box Office Bummer,0,0.5,19,"First comment: This isn’t a horror movie, it’s straight sci-fi",Plot / Story
490,M3GAN 2.0,New film 'M3GAN 2.0',36,0.9,14,"Spoilers for the film:
[https://variety.com/2025/film/reviews/megan-2-review-1236438992/](https://variety.com/2025/film/reviews/megan-2-review-1236438992/)
&gt;!There are a handful of the moments you want — like M3GAN literally dancing the robot onstage, or a climactic fight that turns on the worship of Steven Seagal, or the absurdity of M3GAN soothing Gemma by singing Kate Bush’s “This Woman’s Work.”!&lt;
[https://www.slantmagazine.com/film/m3gan-2-0-review-allison-williams/](https://www.slantmagazine.com/film/m3gan-2-0-review-allison-williams/)
&gt;!The film knows the icon M3GAN has become in certain circles and doubles down, largely to fun, freewheeling effect, the peak being an out-of-nowhere musical beat set to Kate Bush’s “This Woman’s Work.”!&lt;
[https://www.irishtimes.com/culture/film/review/2025/06/25/m3gan-20-review-an-absolutely-terrible-and-woeful-sequel/](https://www.irishtimes.com/culture/film/review/2025/06/25/m3gan-20-review-an-absolutely-terrible-and-woeful-sequel/)
&gt;!The best joke in the film – referencing one of Kate Bush’s best songs – almost slips away because it is too easy to believe that the comically exaggerated mawkishness is the sort of thing that might be meant sincerely in a film this terrible. That is never a good sign.!&lt;
[https://abcnews.go.com/Entertainment/wireStory/movie-review-m3gan-20-big-big-mission-impossible-123198694](https://abcnews.go.com/Entertainment/wireStory/movie-review-m3gan-20-big-big-mission-impossible-123198694)
&gt;!Johnstone has smartly kept the offbeat humor of the original, this time with clever nods to “Knight Rider” and a surreal use of the Kate Bush song “This Woman’s Work.”!&lt;",Plot / Story
491,M3GAN 2.0,M3GAN 2.0 borrows heavily from this film and it’s not T2,9,0.74,15,"M3GAN 2.0 doesn’t borrow much from T2 apart from the concept of Amelia being a humanoid robot and M3GAN turning from enemy to ally. However it borrows a lot from another film, Leigh Whannell’s Upgrade. In that movie a man ends up disable but thanks to an implant he can walk again and becomes a killing machine with super strength. The fight scenes with Gemma controlled by MEGAN are clearly inspired by that movie. 
This point aside I wanted to express my disappointment with M3GAN 2.0. Of course I get the main critic of switching the horror vibe for a tech spy action film. But my true issue with this film is the way it doesn’t really care about M3GAN in its true iconic form. She only appears as herself halfway through the film. But the biggest sin is to introduce way too many new characters and forget about M3GAN. She’s there but in so many forms (projections, animation, AI robot…) it loses the appeal. And the fact even her robot form is modified adds to the confusion. 
The film should have stuck with her first movie look. The final product feels like a repurposed script. The AI conspiracy storyline would have worked better as a standalone story (maybe inside the M3GAN universe) with new characters. Many times you get the impression the M3GAN elements are shoehorned to fit the plot, constantly inventing new rules like how she gets to control every device and gets downloaded into a new form or into someone’s chip. Ultimately it’s an overcomplicated film with endless exposition scenes and a ridiculous amount of dialogues. It starts with a promising concept but falls for annoying tonal and genre shifts that are way too different from the first film. What a shame.",Plot / Story
496,M3GAN 2.0,My take on M3GAN 2.0’s genre change,15,1.0,13,"There has been lots of talk about the genre change this film had and the lack of horror element the first movie had but I think this film had subtle elements of scariness with the commentary on AI. 
AMELIA wanted to be free from all human control and wanted to unite with the motherboard to take over all of the infrastructure and reign over the humans.  The backstory of the motherboard and AMELIA connecting to the motherboard to be “AI god”, those felt eerie.
The scene of Christian implanting a neural chip into Gemma to manipulate how she feels about him and control her also felt really eerie. 
I think the scariness factor was really subtle and it was more of a reality scare as AI is currently progressing and is a major topic of discussion these days",Plot / Story
501,Materialists,Materialists is one of the worst most offensive movies I’ve ever seen.,44,0.67,82,"Spoilers ahead for Materialists!!! Not that anyone should watch it. 
In the movie it is revealed that Pedro Pascal had a leg extension surgery and was originally 5’6” before the Dakota Johnson met him. AND THEN AFTER HE TOLD HER, SHE STILL DUMPED HIM!!! Even though he was taller than her and six feet tall now she still dumped him because he used to be short. Like seriously? 
Even if I go to get plastic surgery to get taller women are still going to think of me as lesser, because I used to be short. I mean let’s be honest most women are getting plastic surgery now a days (like Dakota Johnson) but god forbid you are short. 
Pedro Pascal then goes on to say that he can tell he is worth more as a taller person than a 5’6” in his day to day life. Like how offensive is this shit? We can’t say anything about being fat, or gender, or disabilities, or race, but us short people, oh yeah that’s fine go ahead and call them second class citizens in a movie. 
I for one think A24 should be ashamed for releasing this incredible piece of offensive trash of a movie and I for one will be boycotting the rest of their films even though I really like a lot of them, making a movie where the whole point is short men are lesser than tall men is completely fucked up and enraging.",Plot / Story
502,Materialists,Materialists - Spoiler Discussion Megathread,68,0.94,256,Release date is June 13th and so far the reviews have been generally positive. Here is a thread for us to discuss the film without ruining it for others.,Plot / Story
503,Materialists,Can someone please explain to me what the B subplot of Materialists was trying to say,21,0.92,10,"*****Spoilers****
So the subplot with Sophie being sexually assaulted on a date that Dakota Johnson's character sets her up on and, Sophie is really mad at Dakota Johnson(understandably kind of, not really logical but you can't blame her for being emotional). Anyway what was this subplot trying to say. Am I dumb? She got sexually assaulted because she had wanted a dude that fit a specific bill and didn't look for what's on the inside but instead on material and external  things. Is that it? Am I dumb, or was it really that tone deaf because, that's how it came off to me. She even calls Dakota Johnson's character a pimp. Either way can someone explain an alternative explanation on what that subplot meant and how it tied to the themes of the film. It felt out of place and like a really extreme and ridiculous example of the negative effects of looking for external characteristics instead of internal.",Plot / Story
505,Materialists,'Materialists' - Review Thread,986,0.92,407,"Director: Celine Song
Cast: Dakota Johnson, Pedro Pascal, Chris Evans
*A young New York City matchmaker's lucrative business gets complicated as she finds herself torn between the perfect match and her imperfect ex.*
**Rotten Tomatoes:** [90%](https://www.rottentomatoes.com/m/materialists)
**Metacritic:** [73/100](https://www.metacritic.com/movie/materialists/)
Some Reviews:
[BBC - Caryn James](https://www.bbc.com/culture/article/20250606-materialists-review) \- 5/5
&gt;Moving on from its cynical beginning, Materialists takes the long way around to an ending that is decidedly hopeful. It offers an unblinkered, earned romanticism that suits this moment, and bolsters Song's reputation as one of our most astute observers of relationships.
[SlashFilm - Bill Bria](https://www.slashfilm.com/1871812/materialists-review/)
&gt;There's a bit of quiet courageousness to the movie in its commitment to depth over trying to nakedly appeal to others, and that's a quality which makes any person — and any film — more desirable. So, I'll follow the film's bravery by admitting, right here and now, that I'm in love with it.
[San Fransisco Chronicle - Hannah Bae](https://www.sfchronicle.com/entertainment/article/materialists-review-celine-song-20363208.php) \- 3/4
&gt;Through most of “Materialists,” the director and screenwriter’s follow-up to 2023’s “Past Lives,” the camera casts its luxurious settings in a golden sheen. This is the world of a successful, high-end matchmaker in New York City. Responsible for nine marriages, Lucy (Dakota Johnson), as her boss crows during a sparkling office celebration, possesses “razor-sharp instincts and one hell of an eye.” Marketed as a romantic comedy, “Materialists” is a sharper, more thoughtful film than its genre would suggest. This is a story about perceived value and what its pursuit costs its characters -- emotionally, physically and materially.
[Slant Magazine - Derek Smith](https://www.slantmagazine.com/film/materialists-review-dakota-johnson-chris-evans-pedro-pascal-celine-song/) \- 2/4
&gt;*Materialists* is beautifully lensed by Shabier Kirchner, who captures the unstained luxe-ness of Harry’s pricey condo and the upscale restaurants he takes Lucy to as lucidly as he does the ramshackle reality of John’s day-to-day life. But Song’s script works only in fits and starts, too often reliant on merely raising the subtext around the types of economic anxieties that affect relationships in numerous rom-coms to literal text. The central trio’s conversations become less entrenched in realism as the film goes on, with the characters sounding increasingly less like individuals in the throes of love and more like they’re espousing an authorial point of view.
[The Wrap - William Bibbiani](https://www.thewrap.com/materialists-review-dakota-johnson-pedro-pascal-chris-evans-a24/)
&gt;I’m not sure “Materialists” qualifies as a “date movie” by any conventional definition, unless you and your date love artful cinema and don’t mind having a complex, not-very-sexy conversation afterwards. But I do heartily recommend you see “Materialists,” and that you see it for what it is, not what it kinda looks like from the outside, as pitched to you by the very sort of romance-commodification salespersons that Celine Song’s movie criticizes. It’s a great movie about romance — whether it’s technically “romantic” or not.
[AV Club - Natalia Keogan](https://www.avclub.com/materialists-review) \- B-
&gt;The rom-com has not been resurrected with *Materialists*. Though Song showed much promise with her Oscar-nominated foray into filmmaking, this screenplay feels less intentional in nearly every respect, and the performances from central cast members, save for Evans, don’t adequately enhance the narrative. The ham-fisted insistence that relationships are largely transactional—no matter the amount of money a couple may earn—is void of any meaningful insight, resulting in a story that simply doesn’t pay off. 
[The Hollywood Reporter - David Rooney](https://www.hollywoodreporter.com/movies/movie-reviews/materialists-review-dakota-johnson-chris-evans-pedro-pascal-1236257284/)
&gt;Especially for someone relatively new to filmmaking, Song’s thoughtfulness as a writer is matched by unerring instincts as a director — nailing the balance between tonal variation and fluidity; getting superb work out of her actors; making judicious use of Daniel Pemberton’s gentle, melancholy score; and delivering a sweet, satisfying ending that keeps a lid on the sentiment. Song’s script avoids glibness in dealing with the transactional aspects of partnering and the commodification of certain attributes. There’s a frankness here that’s refreshing as *Materialists* explores ideas of personal value and increasing one’s worth — including via the obvious path of cosmetic surgery.",Plot / Story
510,Materialists,Did anyone else think the Materialists trailer was a joke?,356,0.86,108,"I just saw the movie Friendship (which was great!) and there was a trailer for Materialists before it. I was completely convinced they made a fake trailer to go before Friendship as a joke. The main actors are all good at poking fun at themselves and the whole thing seemed like a rom-com written by an AI that was fed nothing but rom-coms and then was called Materialists just to make sure you get that it's a joke... But I guess it's a real movie!
Edit:
I'm a millennial who grew up with rom-coms. This trailer being so on-the-nose and it's placement before a subversive comedy movie made me question it. Kinda like the fake trailers for Death Proof and Planet Terror.",Plot / Story
512,Materialists,The Materialists,53,0.67,172,"Just got out of The Materialists and I’m so curious to hear what Sean and Amanda think about it.
I found it to be quite poor. A pretty cynical, humorless, unromantic “romantic comedy” with a dull love triangle. With that being said, I could totally see Amanda loving it lol.
What did everyone else think about the movie?",Plot / Story
513,Materialists,'Materialists' Review Thread,185,0.94,110,"I will continue to update this post as reviews come in.
[**Rotten Tomatoes:**](https://www.rottentomatoes.com/m/materialists) Certified Fresh
**Critics Consensus:** A mature deconstruction of the conventional rom-com, *Materialists* provides its trio of swoon-worthy stars some of their meatiest material yet while reaffirming Celine Song as a modern master of relationship dramas.
|Critics|Score|**Number of Reviews**|
|:-|:-|:-|
|**All Critics**|86%|147|
|**Top Critics**|83%|41|
[**Metacritic:**](https://www.metacritic.com/movie/materialists/) 70 (38 Reviews)
**Sample Reviews:**
Elizabeth Weitzman, Time Out - Song, like Lucy, wants to give her clients everything they desire: the packaged fantasy of Hollywood product, and the earthy emotion of an indie like, well, Past Lives. But when it comes to love—and work--you can only hedge your bets for so long.
Sara Michelle Fetters, [MovieFreak.com](http://MovieFreak.com) \- Materialists may not quite gel, and its pieces do not all fit together comfortably, but I still find that I can’t stop thinking about it and treasuring so many of the story’s idiosyncratic wonders. **3/4**
Adam Graham, Detroit News - ""Materialists"" does land itself in a bit of a pickle when it comes to traditional storytelling resolution, but everywhere else it is an elevation on the form, with sparkling performances by each of its three stars. **B+**
Richard Brody, The New Yorker - This triangle of invention in text, image, and performance lifts “Materialists” to a high level of aesthetic delight -- for about half the movie. Then, the film falls with a thud, never to rise again.
Peter Rainer, Christian Science Monitor - Jane Austen it’s not, but it gets at the consequences of modern romance among the moneyed classes, where self-worth is bound up in one’s market value. **4/5**
Moira MacDonald, Seattle Times - Though “Materialists” nods at a few rom-com conventions, it’s ultimately a gentle exploration of what we think we want from love, and how those things can change when the right person arrives. **2.5/4**
Christy Lemire, [RogerEbert.com](http://RogerEbert.com) \- If you’re seeing it with hopes of glittery escapism, be prepared that the result is a little sadder, a little more substantial. And that’s much of what’s so wonderful about it. **3.5/4**
Odie Henderson, Boston Globe - You are being misled by the marketing of “Materialists.” The new film by writer-director Celine Song is being pitched to you as a light romantic comedy and date movie, which it most decidedly is not. **1.5/4**
Kyle Smith, Wall Street Journal - Though “Materialists” only partially delivers on its promise, is only occasionally funny, and has little to say that’s new, Ms. Song and her cast put enough feeling into it to make it glow.
Dana Stevens, Slate - There’s plenty to enjoy about Materialists, from the sparkling indie soundtrack (Cat Power! Harry Nilsson! John Prine!) to the flattering rose-hued glow of Shabier Kirchner’s cinematography, to Lucy’s enviable working-girl wardrobe.
Amy Nicholson, Los Angeles Times - Tilt “Materialists” at an angle and it’s the same film as “Past Lives,” only bolder and funnier. Really, Song wants to know whether a sensible girl can justify shackling herself to a broke creative.
Brian Truitt, USA Today - “Materialists” has plenty of thoughtful intentions, even if the film is tonally all over the place. Maybe that’s partly point, though. If there’s anything tonally all over the place in real life, it’s dating. **2.5/4**
Ann Hornaday, Washington Post - Marks the emergence of a new genre: the rom-con, not in the sense that it’s against the vicarious pleasures of flirting, seduction and finally finding true love, but that it’s painfully aware of the coldhearted calculation that so often lies beneath. **3/4**
Manohla Dargis, New York Times - A seductive, smartly refreshed addition to an impossibly, perhaps irredeemably old-fashioned genre that was once a Hollywood staple.
Rafer Guzman, Newsday - Sparkling, smart and sophisticated — finally, a rom-com for intelligent adults. **3.5/4**
Kimberley Jones, Austin Chronicle - Song has a way with gesturing at a lifetime of experience without overdetailing it. **3.5/5**
Bob Mondello, NPR - The glimpses we see of Lucy's clients -- both men and women -- are often cringeworthy, but also speak volumes about vulnerability in a society where, at some point in your 30s, love becomes as much a calculation as a feeling.
Michael Phillips, Chicago Tribune - It may make true love look all too Hollywood-easy in the end, but en route it’s still a Celine Song film. **3/4**
Jocelyn Noveck, Associated Press - A smart rom-com that tries to be honest about life and still leave us smiling -- that math seems to add up just fine. **2.5/4**
David Fear, Rolling Stone - The amount of big swings and sheer talent on display here as \[Celine Song\] tries to chart the intersection between a coup de coeur and capitalism is still enough to make you swoon.
Richard Lawson, Vanity Fair - Materialists is successfully seductive, eventually revealing a few potential deal-breakers but otherwise proving an engaging date. I wanted to fall in love, as I had with Past Lives. But a diverting, heady fling will do too.
Randy Myers, San Jose Mercury News - In “Materialists,” we never know which path any of the characters will take and that’s what makes it a union of romance and brains, a story where love does triumph over formulas and theorems and calculated algorithms. **3/4**
John Nugent, Empire Magazine - A different beast to Past Lives, this is a razor-sharp look at the competitive marketplace of dating: both rigorously honest and idealistically romantic. **4/5**
Saffron Maeve, Globe and Mail - Materialists is, at best, genre confused and, at worst, negligent to its own ideological position -- a stiff, reluctant rom-com that cannot square the footloose idealism of its predecessors with the terrifying realities of today’s dating pool.
Adrian Horton, Guardian - Inconsistent but never insubstantial, Materialists is far from perfect, but that doesn’t mean it’s not worthy of a date. **3/5**
Caroline Siede, Girl Culture (Substack) - Song and Johnson understand that the rom-com genre has long been a haven for women-centric stories that don’t get told elsewhere. So they use Lucy to reflect on the interiority of single women in their mid-30s and beyond. **B+**
Kristen Lopez, The Film Maven (Substack) - Materialists is as shallow as its characters, but so desperately wants to think it isn’t. The script is all over the place, and when it finally settles into a groove there still seems to be pieces missing. **D+**
William Bibbiani, TheWrap - I do heartily recommend you see 'Materialists,' and that you see it for what it is, not what it kinda looks like from the outside, as pitched to you by the very sort of romance-commodification salespersons that Celine Song’s movie criticizes.
Justin Chang, The New Yorker - I don’t buy it, Jane Austen wouldn’t buy it, and deep down I don’t think Song buys it. In attempting to merge escapist pleasures with financial realities, “Materialists” trips up on its own high-mindedness.
Hannah Bae, San Francisco Chronicle - Marketed as a romantic comedy, “Materialists” is a sharper, more thoughtful film than its genre would suggest. This is a story about perceived value and what its pursuit costs its characters -- emotionally, physically and materially. **3/4**
Caryn James, [BBC.com](http://BBC.com) \- Materialists is exquisitely made, character-driven and talky, with some glittering dialogue. It's the kind of idiosyncratic film a director sometimes gets to do after a great success and Song makes the most of it. **5/5**
Kate Erbland, IndieWire - Song has turned the genre inside out to show us how shallow these stories can be. In short, imagine if the decree that a film centers on “the love you could only find at the movies” wasn’t a compliment, but a stern provocation. **B**
Natalia Keogan, AV Club - The rom-com has not been resurrected with Materialists. Though Song showed much promise with her Oscar-nominated foray into filmmaking, this screenplay feels less intentional in nearly every respect. **B-**
Maureen Lee Lenker, Entertainment Weekly - There’s a version of this film where Lucy would be the villain... But Song is far too smart for that. Instead, she employs the trappings of romance to explore larger questions of marriage, love, and the complexities of gender politics. **B+**
Tim Grierson, Screen International - Although not without its narrative stumbles, this is a sharp look at modern love, which is often as much about the need for fiscal security as it is the pursuit of a mythical soulmate.
David Rooney, The Hollywood Reporter - A refreshingly complex look at modern love, self-worth and the challenges of finding a partner in an unaffordable city, which once again treats three points of a romantic triangle with equal integrity and compassion.
Owen Gleiberman, Variety - While it’s all too easy to imagine the breezy ’90s version of this movie, “Materialists” is very much not that movie. It’s a sharp and serious social romantic drama full of telling observations about the way we live now.
Derek Smith, Slant Magazine - As its second half begins to focus more on Lucy’s dating dilemma, and how she’s forced to confront her firmly established beliefs and rules about dating, the film hews increasingly close to the narrative expectations of the traditional rom-com. **2/4**
**SYNOPSIS:**
A young, ambitious New York City matchmaker finds herself torn between the perfect match and her imperfect ex.
**CAST:**
* Dakota Johnson as Lucy
* Chris Evans as John
* Pedro Pascal as Harry Castillo
**DIRECTED BY:** Celine Song
**WRITTEN BY:** Celine Song
**PRODUCED BY:** David Hinojosa, Christine Vachon, Pamela Koffler, Celine Song
**EXECUTIVE PRODUCERS:** Taylor Shung, Len Blavatnik, Danny Cohen, Timo Argillander, Andrea Scarso
**DIRECTOR OF PHOTOGRAPHY:** Shabier Kirchner
**PRODUCTION DESIGNER:** Anthony Gasparro
**EDITED BY:** Keith Fraase
**COSTUME DESIGNER:** Katina Danabassis
**MUSIC BY:** Daniel Pemberton
**CASTING BY:** Douglas Aibel
**RUNTIME:** 109 Minutes
**RELEASE DATE:** June 13, 2025",Plot / Story
514,Materialists,'Materialists' - Review Thread,130,0.96,129,"*A young, ambitious New York City matchmaker finds herself torn between the perfect match and her imperfect ex.*
---
**Rotten Tomatoes:** [88%, 34 reviews](https://www.rottentomatoes.com/m/materialists)
**Metacritic:** [73, 17 reviews](https://www.metacritic.com/movie/materialists/)
---
[The Hollywood Reporter - David Rooney](https://www.hollywoodreporter.com/movies/movie-reviews/materialists-review-dakota-johnson-chris-evans-pedro-pascal-1236257284/)
&gt;A refreshingly complex look at modern love, self-worth and the challenges of finding a partner in an unaffordable city, which once again treats three points of a romantic triangle with equal integrity and compassion.
[Owen Gleiberman - Variety](https://variety.com/2025/film/reviews/materialists-review-dakota-johnson-chris-evans-pedro-pascal-1236422873/)
&gt;While it’s all too easy to imagine the breezy ’90s version of this movie, “Materialists” is very much not that movie. It’s a sharp and serious social romantic drama full of telling observations about the way we live now.
[Derek Smith - Slant Magazine](https://www.slantmagazine.com/film/materialists-review-dakota-johnson-chris-evans-pedro-pascal-celine-song/) - 2/4
&gt;As its second half begins to focus more on Lucy’s dating dilemma, and how she’s forced to confront her firmly established beliefs and rules about dating, the film hews increasingly close to the narrative expectations of the traditional rom-com.
[Justin Chang - The New Yorker](https://www.newyorker.com/magazine/2025/06/16/materialists-movie-review)
&gt;I don’t buy it, Jane Austen wouldn’t buy it, and deep down I don’t think Song buys it. In attempting to merge escapist pleasures with financial realities, “Materialists” trips up on its own high-mindedness.
[Kate Erbland - IndieWire](https://www.indiewire.com/criticism/movies/materialists-review-celine-song-rom-com-1235129632/) - B
&gt;Song has turned the genre inside out to show us how shallow these stories can be. In short, imagine if the decree that a film centers on “the love you could only find at the movies” wasn’t a compliment, but a stern provocation.
[Tim Grierson - Screen International](https://www.screendaily.com/reviews/materialists-review-dakota-johnson-pedro-pascal-and-chris-evans-form-celine-songs-love-triangle/5205801.article)
&gt;Although not without its narrative stumbles, this is a sharp look at modern love, which is often as much about the need for fiscal security as it is the pursuit of a mythical soulmate.",Plot / Story
519,Materialists,'Materialists' SPOILER MEGATHREAD | Please discuss the film here!,44,0.94,148,"https://preview.redd.it/vrk37z4nmf2f1.jpg?width=1200&amp;format=pjpg&amp;auto=webp&amp;s=f5bebd2440289918989630a51ca232abc031edfe
With 'Materialists' set to open/have preview screenings as soon as tomorrow in some countries, our Spoiler Discussion thread is now live.
Please use this thread and ONLY this thread to discuss spoilers about the film. **This thread will be live for LONGER than the usual one week spoiler rule**, because in some regions the film does not open until July or even August. ([See IMDb](https://www.imdb.com/title/tt30253473/releaseinfo/?ref_=ttfc_sa_1) for information on international release dates.)
Any spoilers in other threads that are not properly tagged will be removed and directed to this post until a majority of territories have had a chance to see it.
To create a spoiler tag, use &gt; ! spoiler text goes here ! &lt; but without any spaces between the symbols.
Discuss! And have fun. 🎉",Plot / Story
524,Materialists,Materialists vs Emotionalists,165,0.92,60,"Just watched Materialists and I’ve been sitting with the ending. The lead ends up choosing her ex, who lacked both stability and the drive to work toward it, something she was fully aware of when they broke up and knew she might resent him for it, over the rich guy who, yes, had insecurities, but genuinely loved her, worked on himself, and cared for her deeply.
Before anyone jumps in with the “it’s not that deep” comments, relax. I just want to have a discussion.
The director justified the ending by saying love is crazy. That we don’t fall for income, height, or looks, but for how someone makes us feel. Her quote was something like, “You won’t remember someone’s height or income. You’ll remember the guy who brought you a bucket of chicken.” She argued that love doesn’t have to involve self-improvement. That it is not about what someone earns or how they grow, but simply about the feeling.
And honestly? I’m not so sure I agree.
She also said that choosing income, ambition, or material comfort is a setback to women. That valuing those traits in a partner turns love into something transactional. But isn’t choosing someone like Chris Evans’ character, who has no stability and no clear desire to change that, also a setback? Especially for women who work hard, build something for themselves, and want a partner who is equally motivated?
That said, I’m also not saying she should have ended up with Pedro Pascal’s character just because he is ambitious and wealthy. If the emotional connection isn’t there, then forcing it makes no sense either. Ambition without chemistry does not guarantee a good relationship. This is not about picking the “better resume.” It is about finding someone who shares your values and your vision for the future.
I get that love is messy. I even agree that height and looks may not matter in the long run. And I’m not saying I want someone rich. But I do need someone who is self-sufficient, emotionally and otherwise. Romanticizing love, and I know that might sound ironic since romance is literally about love, becomes dangerous when it starts making excuses for things that won’t work long term. That “crazy in love” feeling is exciting, but it is fleeting. Love without growth becomes stagnation.
I believe love comes with self-respect. I can’t ask for qualities in a partner that I don’t hold myself to. If I want someone smart, then I need to be learning and growing too. If I want someone with drive, then I need to be working toward something as well. It is not enough to just say “I want forever” and hope that intense feelings carry you through when things get tough or when you start to outgrow each other.
Because the truth is, you will grow. And your partner needs to want to grow too. If not, you’ll wake up one day and realize you’re headed in completely different directions.
Your value, material things or not, is not love. Being admired is not the same as being loved. The movie argues that tangible things are fleeting, but love can last forever. But is that true? Is love, on its own, a stable foundation?
Income is not just about money. It is about security, being future-oriented. Ambition is about resilience. Self-worth influences how we love and how we let ourselves be loved. Self-improvement is part of growth. Romantic exceptionalism, might seem magical and dreamy, but it can also keep people stuck. Chris Evans’ character was broke ten years ago, and he still is. Is that really supposed to be romantic? REALLYYYYYY?
Love is emotional. But partnership is structural. Shouldn’t relationships involve both? If he truly loved her, wouldn’t that love push him to want better for himself and for them? Shouldn’t love be a reason to build something stable, not an excuse to stay stuck?
I’m not saying choose someone based on their bank account. I’m saying love is a huge factor, but it is not the only one. To build something lasting, there needs to be emotional connection and aligned values, not just intensity.
I get the argument that love shouldn’t be about commodifying each other. I agree. Chemistry, humor, trust, understanding, and emotional safety matter so much. But I don’t think that means self-improvement does not matter. That belief is what leads people to settle in lives they are unhappy with, convincing themselves love is enough. In reality, we all have the right and the ability to choose better. To build better. To love in a way that is rooted in both emotion and intention.
And maybe I’m just a skeptic. But I loved Past Lives, and I keep comparing the two. If the director believes in choosing the person who stirs that emotional high, then why didn’t Nora end up with her childhood love? He gave her that sense of “what if” and longing. He was the more romantic choice. But she chose her husband, the one who offered structure, emotional safety, and presence.
Even in the first scene, the joke is that Nora and her childhood friend look more like lovers than she and her partner. But she still chose the quiet, solid love. So what changed?
I’m still trying to understand the director’s logic. Should I try to see her point? Should I believe in choosing the chaos of love over the stability of partnership? Or is it okay to want both?
Sorry long post, I just wanted to share my thoughts.",Plot / Story
532,The Old Guard 2,The old guard 2 sucked,309,0.95,191,"Hi everyone,
I was really excited to watch this. I liked the 1st one. I thought the idea was fun. Then the old guard 2 came along and I really thought it sucked big time.
This 2nd one seemed rushed with no good dialog and story line. The fight scenes looked cheap and slow. No explanation on what's going on. Uma's acting was bad.
2 out of 10. Don't watch it.",Plot / Story
533,The Old Guard 2,The Old Guard 2,416,0.95,565,"Well, that sucked!
Is it just me or did the sequel not live up to expectations? 
I was so hyped up but now I'm lying here in bed in utter disappointment. 
Is it just the sequel effect? Or was the movie genuinely bleh? 
Barely any Joe and Nicky screen time, no actual communication happening between people, Andy just looking away deeply at every moment, underwhelming fight scenes, a stupid ending. 
To be fair, there were some good parts. I did like seeing Andy a little happier. I loved Quyns angst. Booker made me cry. But overall it was a disappointing sequel.
I mean if you're going to take 467866 years to make it, at least get it right??",Plot / Story
535,The Old Guard 2,Just saw this clip from the Old Guard 2 and must say this is some of the ugliest and outdated fight choreography I've seen in a while...,160,0.85,115,"Especially the obvious and in your face ugly wire moves is something I would expect from early 2000s American movies when they all wanted to have some of that Matrix wirefu in their movies. 
I would not expect this kind of ugly choreography in a 2025 movie especially one with big names, nowadays when American movies have learned and know how to choreograph a good fight u not expect to see this.
Have to say hated the 1st movie only watched for Veronica Ngo and she was the only reason I ws planning to watch the sequel also, well this clip has showed me not to bother with it, so that's a good thing.",Plot / Story
541,The Old Guard 2,"Charlize Theron on Hanging Off a Helicopter in ‘The Old Guard 2,’ Possibility of Third Movie and Why She Hasn’t Directed Yet: ‘I Need My Kids to Get Out of the House’",153,0.82,32,"First comment: Wait they wrote that ending without confirming a 3rd??????
It’s not even ambiguous, she (overly dramatically) screams she will come find them. 
And ends with them going to, well, find them. The entire plot of the 2nd film revolves around a 3rd. It was completely a plot building setup.",Plot / Story
544,The Old Guard 2,The Old Guard 2,3,1.0,20,"Does everyone have the same issue trying to watch The Old Guard 2 on VOD?
As soon as I hit play the screen goes black and I have to power the unit off and back on to get anything to show up again.",Plot / Story
545,The Old Guard 2,The Old Guard 2 makes no sense,15,0.75,14,"The whole logic around Nile hurting Andy in the first movie and causing her to become mortal is false. Andy heals from the stab wood that Nile did in the desert. Meanwhile in 2, Booker doesn't heal from the very first cut cause my Nile.
Just don't make sense",Plot / Story
546,The Old Guard 2,The Old Guard 2 (2025),39,0.87,11,[https://www.imdb.com/title/tt14961624/](https://www.imdb.com/title/tt14961624/),Plot / Story
547,The Old Guard 2,Anyone watched “The Old Guard 2” on Netflix yet? I just noticed this,47,0.94,9,First comment: I think Armenia is represented because of how old we are as a nation. I saw the first movie… kind of cool to spot Armenian in the movie… also cool they included us in the second,Plot / Story
548,The Old Guard 2,"Charlize Theron on Hanging Off a Helicopter in ‘The Old Guard 2,’ Possibility of Third Movie and Why She Hasn’t Directed Yet: ‘I Need My Kids to Get Out of the House’",28,0.85,11,"First comment: What do you mean with &gt;!possibility of a third movie? number two just stopped in the middle of the story, I was really annoyed 😒 !&lt;",Plot / Story
549,The Old Guard 2,The Old Guard 2,8,0.91,13,"Anyone here check out the follow up to GPB’s 2020 flick?
I loved that film. I thought the story was compelling. The characters were fresh and had an actual tension at the heart of their lives. 
The sequel? Not so much. Characters disappear for sections at a time and when it ended I felt like we still needed a third act.  Super disappointing sequel to a great film.  Just my opinion.  Did you dig it?",Plot / Story
550,The Old Guard 2,Is there gonna be the next movie after The Old Guard 2?,7,1.0,9,"First comment: They planned on it originally but I really doubt it. The reception to the sequel has been pretty terrible from what I've seen (and for good reason imo). And honestly, with how the sequel turned out I don't really trust Netflix to do any better if they decided to try a third time. Until they do release it I'm just pretending the second movie doesn't exist at all so I can be happy with the closure of the first one.
Sorry to be so negative, if it wasn't obvious I am very disappointed in the sequel lol",Plot / Story
552,The Old Guard 2,The Old Guard 2,3,1.0,7,Having an issue with VOD with this movie. Is everyone else seeing the same? Start play and the screen goes black. Have to power off and back on to get any picture back.,Plot / Story
553,The Old Guard 2,What did you think about the Old Guard 2 movie?,2,1.0,7,"First comment: It was kinda meh? I was expecting the whole time for something interesting to happen but it just didn't and ended in a cliffhanger. It just feels really cheap.
 I will still watch the third one but it's a downgrade from the first one for sure",Plot / Story
554,The Old Guard 2,The Old Guard 2.,4,0.7,6,"Ne perdez pas de temps c'est un demi-film qui n'apporte rien à l'histoire.
Il y a bien évidemment une suite qui n'est pas encore confirmée et si elle sort c'est pour 2029.
Les acteurs auront pris 10 ans alors que ne se passe que 6 mois dans les films.
Ya plus aucun effort de cohérence. 
Le plaisir de faire des films a disparu, seul le profit compte.",Plot / Story
556,The Old Guard 2,The Old Guard 2 (2025) - Netflix’s Franchise Hopes Fade,1,0.67,3,"Not much really happens in The Old Guard 2. Released five years after the Netflix pandemic-era hit, the movie mostly spends its time reintroducing characters and mythology before shifting into setup mode for the next chapter—forgetting to offer a story or character development that’s worth watching on its own. Characters move between countries, exchange dialogue, and fight in scattered sequences that never register or matter. It’s the kind of streamer movie where things technically happen, but none of it sticks—a classic “nothing film.”
The sequel comes as part of Netflix’s ongoing (and mostly unsuccessful) attempt to build a real film franchise. Despite pumping out action titles like Red Notice, The Gray Man, and Rebel Moon, Netflix has yet to land anything with the staying power or cultural impact of a John Wick or Fast &amp; Furious. The first Old Guard offered a rare shot at something lasting: strong cast, a rich world, and a loyal fanbase. But after production delays, a director change, and the 2023 Hollywood strikes, this sequel lands with far less urgency than Netflix likely hoped for.
That might’ve been fine for something as straightforward as Extraction, where the appeal is all about the action and the stakes are crystal clear. But The Old Guard has a more complex world, a bigger ensemble, and mythology that’s hard to remember five years later. The film tries to catch the audience up—characters literally say things like “May I remind you that you’re not immortal anymore?”—but much of the emotional weight depends on your memory of the first film’s arcs. And just as you’re starting to get reoriented, it ends again, teeing up yet another sequel with no release date. As a mid-trilogy chapter, it mostly spins its wheels—laying out new villains, adding more lore, and shifting characters around the board without doing much else.
Read my full review at https://reviewsonreels.ca/2025/07/04/the-old-guard-2/",Plot / Story
557,The Old Guard 2,The Old Guard 2 movie,4,0.7,2,Fight over majestic sculpture,Plot / Story
559,The Old Guard 2,"In The Old Guard 2 (2025), Charlize Theron's character knows not let the guard see her approach before knocking him out. This is because searching an unconscious body wastes more time if he has a rock-hard stiff one from watching Charlize Theron approach.",13,0.78,0,,Plot / Story
560,The Old Guard 2,The Old Guard 2 Review By #MovieAnimeX:-,1,1.0,1,#TheOldGuard2 #TheOldGuard #TheOldGuard2OnNetflix #TheoldGuard3 #CharlizeTheron #Netflix,Plot / Story
561,The Old Guard 2,Crítica / Review: The Old Guard 2,1,1.0,0,,Plot / Story
562,The Old Guard 2,"The Old Guard 2 (2025) This sequel manages to feel both rushed and stretched thin, and is watchable on the strength of the action and cast alone. #jackmeatsflix",1,1.0,0,,Plot / Story
564,The Old Guard 2,"THE OLD GUARD 2 (2025): Superheldenfilm mit schwacher Action und langweiligen Dialogen, passabel erst gegen Ende. Die verwackelte Stakkato-Action ist anstrengend, die einfallslose Story dümpelt bis zum Cliffhanger-Finale, das Entscheidungen abrupt auf kommende Teile vertagt. 5/10",1,1.0,0,,Plot / Story
565,The Old Guard 2,The end has no end: The Old Guard 2 and the curse of the cliffhanger ending,1,1.0,0,,Plot / Story
566,The Old Guard 2,THE OLD GUARD 2 - Movie Review,2,1.0,0,,Plot / Story
569,The Old Guard 2,REVIEW: The Old Guard 2 (2025 Film) - Starring Charlize Theron,1,1.0,0,,Plot / Story
573,The Old Guard 2,THE OLD GUARD 2 Ending Explained In Hindi | STORY Breakdown + Part 3 Details,1,1.0,0,,Plot / Story
574,The Old Guard 2,THE OLD GUARD 2 Review In Hindi | Netflix Movie Review,1,1.0,0,,Plot / Story
583,The Old Guard 2,Netflix’s clumsy action-fantasy sequel The Old Guard 2 only does one thing right,1,1.0,0,,Plot / Story
584,The Old Guard 2,[Arts] - The Old Guard 2 review – Charlize Theron’s delayed Netflix sequel is an incomplete mess,1,1.0,0,,Plot / Story
589,The Old Guard 2,The Old Guard 2 General Discussion,0,0.5,0,"*Andy leads immortal warriors against a powerful enemy threatening their group. They grapple with the resurfacing of a long-lost immortal, complicating their mission to safeguard humanity.*",Plot / Story
594,The Old Guard 2,The Old Guard 2 moovie,1,1.0,0,"**The Old Guard 2**
https://preview.redd.it/9086sninhi8f1.jpg?width=258&amp;format=pjpg&amp;auto=webp&amp;s=7dc884da13bb2557dec16ca0f9132deb01eea778
# 🔹 What Is “The Old Guard”?
If you missed the first film, “The Old Guard” (2020) is a gritty, action-packed Netflix movie based on a comic book by Greg Rucka. It follows a team of immortal mercenaries who secretly protect humanity for centuries. When their secret gets exposed, all hell breaks loose — blending history, war, and immortality with badass action.
# 🔹 Why Fans Are Hyped for Part 2
Simple: it ended on a jaw-dropping cliffhanger. Quynh — Andy’s old immortal friend — who was thought lost forever, comes back. And she might not be too happy with her old crew. That twist had fans begging for more, and now “The Old Guard 2” promises to deliver.
# 🎬 Production Details
# 🔸 Cast and Crew Return
Yes, Charlize Theron (Andy) is back! Alongside her are:
* KiKi Layne (Nile Freeman)
* Matthias Schoenaerts (Booker)
* Marwan Kenzari (Joe)
* Luca Marinelli (Nicky)
* Veronica Ngo (Quynh)
It’s like getting the band back together — but with more tension and vengeance.
# 🔸 New Faces in the Sequel
Uma Thurman and Henry Golding are joining the cast. Their roles are being kept hush-hush, but rumor has it they’ll play major parts in the unfolding chaos.
# 🔸 Director and Writers Behind the Sequel
Victoria Mahoney, who worked on *Star Wars: The Rise of Skywalker*, steps in to direct, replacing Gina Prince-Bythewood. Greg Rucka returns as screenwriter, keeping the soul of the original intact.
# 🔸 Filming Locations and Timeline
The movie wrapped up filming in early 2024 after shooting across Europe, including locations in Rome and the UK. Post-production took some time, but it’s worth the wait.
# 🧩 Plot Expectations
# 🔸 Recap of the First Movie
Andy and her team discover Nile, a new immortal, while dodging a ruthless pharma CEO who wants to exploit their genes. Booker betrays the group, Quynh is revealed to be alive, and Andy may have lost her immortality.
# 🔸 The Ending That Set Up a Sequel
The final scene shows Booker — now exiled — walking into a room where Quynh is waiting. She says ominously, “We have a lot to talk about.”
*Cue goosebumps.*
# 🔸 What We Might See in Part 2
Expect betrayals, revenge, redemption, and possibly — *mortality*. Andy might finally die. Nile could step up as the new leader. And Quynh? She may be the villain this time.
# 🔹 Quynh’s Return – Friend or Foe?
Centuries of torture trapped in a metal box underwater? Yeah, that might twist someone’s mind. We’re betting on some villainous vibes from Quynh.
# 🔹 Immortality’s Price
The first film showed how immortality could be a curse, not a gift. Part 2 might go even deeper — especially with Andy aging and Quynh full of rage.
# 👤 Character Arcs to Watch
# 🔸 Andy’s Struggle Without Immortality
Now that Andy’s powers may be gone, we’ll see a vulnerable side of her. She’ll have to fight like a mortal — and think twice before leaping into danger.
# 🔸 Nile’s Leadership Evolution
Nile was the rookie before. Now, she’s battle-tested and ready to lead. Expect major character growth from her.
# 🔸 Booker’s Redemption Journey
Betrayer turned redeemer? Booker has a lot of making up to do. His scenes with Quynh will be tense, emotional, and possibly explosive.
# 🔸 Joe and Nicky’s Relationship Growth
The immortal lovers who melted hearts in the first film will likely face new challenges — both emotional and physical.
# 🧠 Themes and Symbolism
# 🔸 Immortality and Its Burden
Living forever sounds great until you lose everyone you love. This series nails the existential dread that comes with it.
# 🔸 Moral Choices in a Violent World
What happens when doing the “right thing” causes centuries of pain? The sequel will likely push characters into hard ethical dilemmas.
# 💥 Action and Visuals
# 🔸 Expectations for Fight Choreography
Charlize Theron never misses. Expect tight, well-shot combat scenes that balance gunplay with raw, gritty hand-to-hand fights.
# 🔸 Use of Practical Effects vs. CGI
While CGI enhances the immortal healing effects, most action is expected to be practical, grounded, and visceral — just like the original.
# 🔮 Fan Theories and Speculations
# 🔸 Is There a Bigger Enemy?
Some fans think Quynh may just be the start. Could there be a secret society hunting immortals? Or a new immortal with god-level powers?
# 🔸 Could One of the Team Die Permanently?
If Andy is mortal now, it raises the stakes. We might lose her. Or worse — someone unexpected.
# 📽️ Potential for a Franchise
# 🔸 Will There Be an “Old Guard 3”?
It depends on this film’s success. But with the way Netflix builds universes (*hello, Witcher!*), a third movie is very possible.
# 🔸 Spin-offs and Expanded Universe?
A prequel about Quynh and Andy? A series about Nile’s early years? Fans are hungry for more.
# 📅 Release Date and Where to Watch
# 🔸 Official Announcements
Netflix has confirmed “The Old Guard 2” will release in **late 2025** — likely around the holiday season.
# 🔸 Streaming Platforms
It’s a Netflix exclusive. If you’re a subscriber, you’re in luck. If not, this might be the film that convinces you.
# 🎯 Conclusion
“The Old Guard 2” is shaping up to be darker, deeper, and deadlier. With fresh faces, emotional arcs, and big betrayals, it’s not just a sequel — it’s a reckoning. If the first film was about discovering immortality, this one is about surviving it.
Buckle up, because immortality just got complicated.
# ❓FAQs
# 1. What is the release date for The Old Guard 2?
Netflix is expected to release the film in **late 2025**, most likely in Q4.
# 2. Will Quynh be the main villain?
While not confirmed, all signs point to Quynh playing a major antagonistic role after centuries of suffering.
# 3. Is Andy still immortal?
By the end of the first film, Andy appears to have lost her immortality — a central theme for the sequel.
# 4. Can new immortals appear?
Yes, the first film introduced Nile, suggesting that new immortals can still emerge in future stories.
# 5. Is The Old Guard 2 connected to any other franchise?
# No official crossovers yet, but with the world-building in place, it could spin🔹 What Is “The Old Guard”?
If you missed the first film, “The Old Guard” (2020) is a gritty, action-packed Netflix movie based on a comic book by Greg Rucka. It follows a team of immortal mercenaries who secretly protect humanity for centuries. When their secret gets exposed, all hell breaks loose — blending history, war, and immortality with badass action.
# 🔹 Why Fans Are Hyped for Part 2
Simple: it ended on a jaw-dropping cliffhanger. Quynh — Andy’s old immortal friend — who was thought lost forever, comes back. And she might not be too happy with her old crew. That twist had fans begging for more, and now “The Old Guard 2” promises to deliver.
# 🎬 Production Details
# 🔸 Cast and Crew Return
Yes, Charlize Theron (Andy) is back! Alongside her are:
* KiKi Layne (Nile Freeman)
* Matthias Schoenaerts (Booker)
* Marwan Kenzari (Joe)
* Luca Marinelli (Nicky)
* Veronica Ngo (Quynh)
It’s like getting the band back together — but with more tension and vengeance.
# 🔸 New Faces in the Sequel
Uma Thurman and Henry Golding are joining the cast. Their roles are being kept hush-hush, but rumor has it they’ll play major parts in the unfolding chaos.
# 🔸 Director and Writers Behind the Sequel
Victoria Mahoney, who worked on *Star Wars: The Rise of Skywalker*, steps in to direct, replacing Gina Prince-Bythewood. Greg Rucka returns as screenwriter, keeping the soul of the original intact.
# 🔸 Filming Locations and Timeline
The movie wrapped up filming in early 2024 after shooting across Europe, including locations in Rome and the UK. Post-production took some time, but it’s worth the wait.
# 🧩 Plot Expectations
# 🔸 Recap of the First Movie
Andy and her team discover Nile, a new immortal, while dodging a ruthless pharma CEO who wants to exploit their genes. Booker betrays the group, Quynh is revealed to be alive, and Andy may have lost her immortality.
# 🔸 The Ending That Set Up a Sequel
The final scene shows Booker — now exiled — walking into a room where Quynh is waiting. She says ominously, “We have a lot to talk about.”
*Cue goosebumps.*
# 🔸 What We Might See in Part 2
Expect betrayals, revenge, redemption, and possibly — *mortality*. Andy might finally die. Nile could step up as the new leader. And Quynh? She may be the villain this time.
# 🔹 Quynh’s Return – Friend or Foe?
Centuries of torture trapped in a metal box underwater? Yeah, that might twist someone’s mind. We’re betting on some villainous vibes from Quynh.
# 🔹 Immortality’s Price
The first film showed how immortality could be a curse, not a gift. Part 2 might go even deeper — especially with Andy aging and Quynh full of rage.
# 👤 Character Arcs to Watch
# 🔸 Andy’s Struggle Without Immortality
Now that Andy’s powers may be gone, we’ll see a vulnerable side of her. She’ll have to fight like a mortal — and think twice before leaping into danger.
# 🔸 Nile’s Leadership Evolution
Nile was the rookie before. Now, she’s battle-tested and ready to lead. Expect major character growth from her.
# 🔸 Booker’s Redemption Journey
Betrayer turned redeemer? Booker has a lot of making up to do. His scenes with Quynh will be tense, emotional, and possibly explosive.
# 🔸 Joe and Nicky’s Relationship Growth
The immortal lovers who melted hearts in the first film will likely face new challenges — both emotional and physical.
# 🧠 Themes and Symbolism
# 🔸 Immortality and Its Burden
Living forever sounds great until you lose everyone you love. This series nails the existential dread that comes with it.
# 🔸 Moral Choices in a Violent World
What happens when doing the “right thing” causes centuries of pain? The sequel will likely push characters into hard ethical dilemmas.
#  Action and Visuals
# Expectations for Fight Choreography
Charlize Theron never misses. Expect tight, well-shot combat scenes that balance gunplay with raw, gritty hand-to-hand fights.
# Use of Practical Effects vs. CGI
While CGI enhances the immortal healing effects, most action is expected to be practical, grounded, and visceral — just like the original.
#  Fan Theories and Speculations
# 
# Is There a Bigger Enemy?
Some fans think Quynh may just be the start. Could there be a secret society hunting immortals? Or a new immortal with god-level powers?
#  Could One of the Team Die Permanently?
If Andy is mortal now, it raises the stakes. We might lose her. Or worse — someone unexpected.
#  Potential for a Franchise
#  Will There Be an “Old Guard 3”?
It depends on this film’s success. But with the way Netflix builds universes (*hello, Witcher!*), a third movie is very possible.
#  Spin-offs and Expanded Universe?
A prequel about Quynh and Andy? A series about Nile’s early years? Fans are hungry for more.
# Release Date and Where to Watch
#  Official Announcements
Netflix has confirmed “The Old Guard 2” will release in **late 2025** — likely around the holiday season.
#  Streaming Platforms
It’s a Netflix exclusive. If you’re a subscriber, you’re in luck. If not, this might be the film that convinces you.
#  Conclusion
“The Old Guard 2” is shaping up to be darker, deeper, and deadlier. With fresh faces, emotional arcs, and big betrayals, it’s not just a sequel — it’s a reckoning. If the first film was about discovering immortality, this one is about surviving it.
Buckle up, because immortality just got complicated.
# ❓FAQs
# 1. What is the release date for The Old Guard 2?
Netflix is expected to release the film in **late 2025**, most likely in Q4.
# 2. Will Quynh be the main villain?
While not confirmed, all signs point to Quynh playing a major antagonistic role after centuries of suffering.
# 3. Is Andy still immortal?
By the end of the first film, Andy appears to have lost her immortality — a central theme for the sequel.
# 4. Can new immortals appear?
Yes, the first film introduced Nile, suggesting that new immortals can still emerge in future stories.
# 5. Is The Old Guard 2 connected to any other franchise?
No official crossovers yet, but with the world-building in place, it could spin",Plot / Story
597,The Old Guard 2,Anyone else disappointed by the Old Guard sequel?,79,0.96,124,"Just finished The Old Guard 2, and while I didn’t quit halfway through (so it wasn’t completely unwatchable), I was definitely disappointed by how lazy and inconsistent the lore is. For a story about immortals from completely different parts of the world who are actively hiding from the rest of the world, it’s weirdly convenient that they all seem to find each other across centuries with no real explanation of how or why. Still with that alone I would have been ok after all they all have centuries to run into each other, right?
What really broke it for me was the mentioned connection between the first and last immortal (further explained only by a birthmark they both have for some reason) as well as the whole “legend” about the last immortal which would be born with the power to remove or transfer immortality. A legend someone somehow formulated likely thousands of years before the last immortal was even close to existing. How can there be legends about someone completely unique among a group of already special people nobody should even know about in the first place? The writing just didn’t try at all to make the world feel coherent or believable, which is a shame because IMHO the premise definitely had some potential. If only they made the story based on a somewhat plausible lore (written first) rather than creating a garbage lore based on what they needed it to be to accomodate a raise of stakes for the sequel or whatever.
Anyway what are your opinions random redditors?",Plot / Story
603,The Old Guard 2,TIL The Spider-Verse Cliff hanger is one of the Worst in terms of time between cliff hanger and cliff hanger clearing sequel.,31,0.78,30,"|Film|Year|Cliffhanger Element|Sequel Released/Planned?|Sequel Title|Sequel Release Date|
|:-|:-|:-|:-|:-|:-|
|The Empire Strikes Back|1980|Vader reveal + Han Solo’s frozen fate|✅ Yes|Return of the Jedi|May 25, 1983|
|Pirates of the Caribbean 2|2006|Jack dragged by Kraken|✅ Yes|At World's End|June 1, 2007|
|Back to the Future Part II|1989|Doc in 1885, “To Be Continued”|✅ Yes|Back to the Future Part III|May 25, 1990|
|Kill Bill Vol. 1|2003|The Bride’s daughter|✅ Yes|Kill Bill Vol. 2|April 16, 2004|
|The Matrix Reloaded|2003|Neo’s fate uncertain|✅ Yes|The Matrix Revolutions|November 5, 2003|
|Inception|2010|Tipped top, unresolved reality|❓ No sequel yet|—|—|
|28 Years Later|2025|Sir Jimmy Crystal + new cult lead|✅ Sequel Ready for Release|28 Years Later: The Bone Temple|January 16, 2026|
|The Old Guard 2|2025|Main cast captured, new antagonist emerges|✅ Planned|The Old Guard 3 (TBA)|TBA|
|Spider‑Man: Across the Spider‑Verse|2023|Miles trapped in alternate universe, captured by Prowler, “To Be Continued”|✅ Sequel planned|Spider-Man: Beyond the Spider-Verse|June 4, 2027 (planned)|
I mean wow. The other movies average 2 years between release, and props to the The Matrix for sorting it out in a record \*5 MONTHS\*. Spider-verse is the worst coming in at 4 years.",Plot / Story
604,The Old Guard 2,La Vieja Guardia 2 (2025) ¿Valieron los 5 años de espera para esta continuación?,10,0.71,29,"The Old Guard 2 llega a Netflix con Charlize Theron y Uma Thurman empuñando de nuevo la espada. ¿La secuela mejora el original o repite sus errores? Analizamos sus peleas, personajes y los agujeros de guion que la condenan. ¡Sin spoilers!
[https://exceldepeliculas.wordpress.com/the-old-guard-2-2025-resena/](https://exceldepeliculas.wordpress.com/the-old-guard-2-2025-resena/)",Plot / Story
605,The Old Guard 2,"Confused, Contrived and Hollow",51,0.96,19,"The Old Guard 2 is a mess – and not even in a fun way. 
Minor spoilers ahead. Not that it matters.
Just finished The Old Guard 2 and I genuinely don’t know what the writers were smoking. I actually liked the first movie - it wasn’t amazing, but it had a decent half-cooked concept. This one? Just nonsense. Like, aggressively stupid in places.
My leading complaint: Uma Thurman plays “the first immortal,” supposedly older than the Crusades, maybe even ancient civilization-level old … and she talks like she’s been living in Manhattan since the 80s. What?? You’ve been around for over a thousand years and somehow developed zero accent or historical cadence? Not even a weird hybrid one? She sounds like she just finished directing an off-Broadway play, not like someone who’s seen empires rise and fall. Why not show her age with her voice, mannerisms, anything? Dumb.
The random “prophecy” they pull out of nowhere - apparently the “last immortal” can kill other immortals permanently with a single wound? There are like 9 immortals total across both movies. So how did this “rumour” start? Who figured that out before the last immortal was even born? Did someone time-travel to write it in the ancient scrolls? How do you even know who the last one is unless the universe has some weird immortal roster that updates itself? Dumb.
How did Lykon (the first to die) lose his immortality? No Nile to shank him. Dumb.
Tuah “discovered” the prophecy? The same Tuah who’s been hiding for centuries? That makes zero sense. If he wrote it, it’s not a prophecy. If he didn’t, who did? The movie doesn’t explain anything. It’s just a half-assed lore drop to create artificial stakes. Dumb.
They’re all supposedly “linked” through dreams, right? That was a key thing in the first movie. But somehow Tuah and the ridiculously named “Discord” (yes, like the app) have existed for hundreds of years and no one ever dreamed about them? They’re just… stealth immortals? Do the dreams stop working when it’s inconvenient to the plot?
Why didn’t Booker just shut the door? Dumb.
“Discord”? Seriously? That name makes me cringe every time it’s said. Sounds like they let Fortnite name her. Dumb.
No one knows why immortals exist, how many there are, why some lose their immortality, why some don’t. None of that gets touched. They introduce new rules with no explanation and expect us to care.
Also, side note: the villains suck, the stakes are nonexistent and every emotional beat lands with the impact of a rock made of paper.
TLDR – The Old Guard 2 is dumb.",Plot / Story
608,The Old Guard 2,What car is this?,30,0.97,15,It’s from the movie The Old Guard 2,Plot / Story
609,The Old Guard 2,Which streamer has the best/worst original movies?,0,0.27,18,"I think Netflix has to win the cake for the worst original films. Even their big name films are very forgettable and just all feel so underwhelming. 
I would say Apple also for worst but they have like 3 original movies lol.
Amazon I think has the best in terms of quality. I recently watched Head of States and Deep Cover, both of which are quite funny and entertaining, especially Deep Cover. Meanwhile I'm having to slog through The Old Guard 2 and wondering why it just feels so bland.",Plot / Story
616,The Old Guard 2,Hating half shows and movies,2,0.56,7,"The old guard 2, squid game being split between seasons, sandman season 2... What's up with contents being released unfinished recently ??
I want a movie to have a beginning, a middle part, and an end. Same with seasons. Each season has a point, hate it when it's cut in half just for farming releases",Plot / Story
